<?xml version = '1.0' encoding = 'UTF-8'?>
<Module version="122010300" xmlns="http://xmlns.oracle.com/Forms">
   <FormModule Name="ABOUTSYS" ValidationUnit="Default" FirstNavigationBlockName="BLOCK1" HorizontalToolbarCanvas=" " ConsoleWindow="MAIN_FORM_WINDOW" MenuModule="" MenuRole="" CursorMode="Open" InitializeMenu="" Use3dControls="false" RuntimeComp="5.0" DirtyInfo="true" MouseNavigationLimit="Form" SavepointMode="true">
      <Coordinate CharacterCellWidth="7" RealUnit="Point" DefaultFontScaling="false" CharacterCellHeight="16" CoordinateSystem="Real"/>
      <Alert Name="STANDARD_ALERT" Button1Label="OK" VisualAttributeName="DEFAULT" Button2Label="" DefaultAlertButton="Button 1" AlertStyle="Note"/>
      <Alert Name="WARNING_ALERT" Button1Label="OK" VisualAttributeName="DEFAULT" Button2Label="" DefaultAlertButton="Button 1" AlertStyle="Caution"/>
      <Alert Name="ERROR_ALERT" Button1Label="OK" VisualAttributeName="DEFAULT" Button2Label="" DefaultAlertButton="Button 1" AlertStyle="Stop"/>
      <Block Name="BLOCK1" NextNavigationBlockName="BLOCK1" RecordsBufferedCount="0" RecordsDisplayCount="1" RecordsFetchedCount="1" EnforcedColumnSecurity="false" InsertAllowed="true" EnforcedPrimaryKey="false" RecordOrientation="Vertical" UpdateAllowed="true" DMLDataName="" DeleteAllowed="true" QueryDataSourceName="" DirtyInfo="true" VisualAttributeName="DEFAULT" KeyMode="Unique" PreviousNavigationBlockName="BLOCK1" DatabaseBlock="false" QueryDataSourceType="None" QueryAllowed="true" LockMode="Immediate" DMLDataType="None" NavigationStyle="Same Record" ShowScrollbar="false">
         <Item Name="DUMMY" DirtyInfo="true" TabPageName="" Width="1" CanvasName="LICENSE_CANVAS" Height="1"/>
         <Item Name="DSP_TITLE" Justification="Start" TabPageName="" Width="279" MaximumLength="30" ItemType="Display Item" BackColor="white" XPosition="105" FontName="Arial" YPosition="3" DatabaseItem="false" Bevel="None" FontSize="1800" FontStyle="Plain" DirtyInfo="true" FontWeight="Bold" FontSpacing="Normal" ForegroundColor="darkcyan" CanvasName="CNV_CONTENT" Height="23"/>
         <Item Name="HOSPITAL_NAME" ShowHorizontalScrollbar="false" Justification="Center" Width="540" FillPattern="transparent" MaximumLength="80" ItemType="Display Item" InitializeValue="Illegal Copy" BackColor="white" CompressionQuality="None" XPosition="80" FontName="Arial" YPosition="47" DatabaseItem="false" Bevel="None" FontSize="1400" FontStyle="Plain" DirtyInfo="true" FontWeight="Extrabold" FontSpacing="Normal" ForegroundColor="top blue" CanvasName="LICENSE_CANVAS" ShowVerticalScrollbar="false" Height="20"/>
         <Item Name="LICENSE_NO" ShowHorizontalScrollbar="false" Justification="Center" Width="223" FillPattern="transparent" MaximumLength="80" ItemType="Display Item" InitializeValue="Illegal Copy" BackColor="white" CompressionQuality="None" XPosition="239" FontName="Arial" YPosition="106" DatabaseItem="false" Bevel="None" FontSize="1400" FontStyle="Plain" DirtyInfo="true" FontWeight="Bold" FontSpacing="Normal" ForegroundColor="top blue" CanvasName="LICENSE_CANVAS" ShowVerticalScrollbar="false" Height="20"/>
         <Item Name="DBS_LOG_BTN" ShowHorizontalScrollbar="false" Justification="Start" DistanceBetweenRecords="0" Width="106" FillPattern="transparent" MaximumLength="80" ItemType="Display Item" DataType="Char" CompressionQuality="None" XPosition="15" YPosition="220" DatabaseItem="false" PrimaryKey="false" Bevel="None" DirtyInfo="true" VisualAttributeName="WEB_TEXT_BUTTON" CanvasName="LICENSE_CANVAS" Visible="true" ShowVerticalScrollbar="false" Height="14">
            <Trigger Name="WHEN-MOUSE-CLICK" DirtyInfo="true" TriggerText="--&amp;#10;-- Date&#x9;&#x9;By&#x9;&#x9;Change&amp;#10;-- 12/8/1998&#x9;Simon&#x9;&#x9;CReation&amp;#10;do_key('list_values');"/>
         </Item>
         <Item Name="SYS_EVENTS_BTN" ShowHorizontalScrollbar="false" Justification="Start" DistanceBetweenRecords="0" Width="106" FillPattern="transparent" MaximumLength="80" ItemType="Display Item" DataType="Char" CompressionQuality="None" XPosition="297" YPosition="220" DatabaseItem="false" PrimaryKey="false" Bevel="None" DirtyInfo="true" VisualAttributeName="WEB_TEXT_BUTTON" CanvasName="LICENSE_CANVAS" Visible="true" ShowVerticalScrollbar="false" Height="14" LovName="SYS_EVENTS_LOG">
            <Trigger Name="WHEN-MOUSE-CLICK" DirtyInfo="true" TriggerText="--&amp;#10;-- Date&#x9;&#x9;By&#x9;&#x9;Change&amp;#10;-- 12/8/1998&#x9;Simon&#x9;&#x9;CReation&amp;#10;&amp;#10;DECLARE&amp;#10;  v_ret&#x9;&#x9;Boolean;&amp;#10;BEGIN&amp;#10;  v_ret := show_lov('SYS_EVENTS_LOG');&amp;#10;END;"/>
         </Item>
         <Item Name="PB_OK" ValidateFromList="false" LovXPosition="0" Justification="Center" LovYPosition="0" ListStyle="Poplist" Width="36" MaximumLength="30" WrapStyle="Word" AutoSkip="false" CompressionQuality="None" XPosition="589" YPosition="220" DatabaseItem="false" Bevel="None" AutoHint="false" MouseNavigate="true" CanvasName="LICENSE_CANVAS" MultiLine="false" CaseInsensitiveQuery="false" KeyboardNavigable="true" CaseRestriction="Mixed" CheckBoxOtherValues="Not Allowed" OtherValues="OK" PrimaryKey="false" DirtyInfo="true" DefaultButton="false" QueryAllowed="true" Visible="true" QueryLength="30" DisplayQuality="High" EditXPosition="0" EditYPosition="0" Enabled="true" DistanceBetweenRecords="0" FillPattern="transparent" FixedLength="false" Required="false" Height="14" ConcealData="false" SizingStyle="Crop" ShowHorizontalScrollbar="false" Iconic="true" IconFilename="cancel36" InsertAllowed="true" ItemType="Display Item" DataType="Char" UpdateAllowed="true" UpdateIfNull="false" KeepCursorPosition="false" VisualAttributeName="WEB_TEXT_BUTTON" Label="OK" LockRecord="false" ShowVerticalScrollbar="false" LovName="">
            <Trigger Name="WHEN-MOUSE-CLICK" DirtyInfo="true" TriggerText="oasis_exit_form;"/>
         </Item>
         <Trigger Name="KEY-LISTVAL" TriggerText="&amp;#10;DECLARE&amp;#10;  v_ret&#x9;&#x9;Boolean;&amp;#10;BEGIN&amp;#10;&amp;#10;  v_ret := show_lov('DB_SCRIPT_LOG');&amp;#10;&amp;#10;END;"/>
      </Block>
      <Block Name="CONTROL" DirtyInfo="true" ScrollbarWidth="14" ScrollbarLength="135">
         <Item Name="TIMEOUT" DatabaseItem="false" DirtyInfo="true" TabPageName="" Width="1" CanvasName="LICENSE_CANVAS" ImplementationClass="com.capula.eoasis.Timeout" Height="1"/>
      </Block>
      <Block Name="TEXT" RecordsBufferedCount="0" RecordsDisplayCount="1" RecordsFetchedCount="0" WhereClause="" EnforcedPrimaryKey="false" RecordOrientation="Vertical" NavigationStyle="Same Record" ShowScrollbar="false" NextNavigationBlockName="" EnforcedColumnSecurity="false" InsertAllowed="true" UpdateAllowed="true" DMLDataName="" DeleteAllowed="true" QueryDataSourceName="" DirtyInfo="true" VisualAttributeName="DEFAULT" KeyMode="Unique" PreviousNavigationBlockName="" DatabaseBlock="false" QueryDataSourceType="None" QueryAllowed="true" LockMode="Immediate" DMLDataType="None">
         <Item Name="CONTROL_ITEM" ValidateFromList="false" LovXPosition="0" Justification="Left" LovYPosition="0" ListStyle="Poplist" Width="10" MaximumLength="30" WrapStyle="Word" AutoSkip="false" BackColor="white" CompressionQuality="None" XPosition="260" YPosition="314" DatabaseItem="false" Bevel="Plain" AutoHint="false" MouseNavigate="true" MultiLine="false" CaseInsensitiveQuery="false" KeyboardNavigable="true" CaseRestriction="Mixed" CheckBoxOtherValues="Not Allowed" Comment="This item is created as a hidden enterable field to allow the query on this block to operate" PrimaryKey="false" DirtyInfo="true" DefaultButton="false" QueryAllowed="true" Visible="true" QueryLength="30" DisplayQuality="High" EditXPosition="0" EditYPosition="0" Enabled="true" DistanceBetweenRecords="0" FillPattern="transparent" FixedLength="false" Required="false" FontName="Fixedsys" FontSize="900" FontStyle="Plain" FontWeight="Demilight" FontSpacing="Normal" ForegroundColor="black" Height="14" ConcealData="false" SizingStyle="Crop" ShowHorizontalScrollbar="false" Iconic="false" InsertAllowed="true" ItemType="Text Item" CopyValueFromItem="" DataType="Char" UpdateAllowed="true" UpdateIfNull="false" KeepCursorPosition="false" LockRecord="false" ShowVerticalScrollbar="false" LovName=""/>
         <Item Name="FUNCTION_ID" ValidateFromList="false" LovXPosition="0" Justification="Left" LovYPosition="0" ListStyle="Poplist" Width="36" MaximumLength="6" WrapStyle="Word" AutoSkip="false" CompressionQuality="None" XPosition="108" YPosition="35" DatabaseItem="true" Bevel="Plain" AutoHint="false" MouseNavigate="true" MultiLine="false" CaseInsensitiveQuery="false" KeyboardNavigable="true" CaseRestriction="Mixed" CheckBoxOtherValues="Not Allowed" PrimaryKey="false" DirtyInfo="true" DefaultButton="false" QueryAllowed="true" Visible="true" QueryLength="6" DisplayQuality="High" EditXPosition="0" EditYPosition="0" Enabled="true" DistanceBetweenRecords="4364" FixedLength="false" Required="true" Height="14" ConcealData="false" Hint="Enter value for : FUNCTION_ID" SizingStyle="Crop" ShowHorizontalScrollbar="false" Iconic="false" InsertAllowed="true" ItemType="Text Item" DataType="Number" UpdateAllowed="true" UpdateIfNull="false" KeepCursorPosition="false" VisualAttributeName="DEFAULT" Label="Function Id" LockRecord="false" ShowVerticalScrollbar="false" LovName=""/>
         <Item Name="LANGUAGE_ID" ValidateFromList="false" LovXPosition="0" Justification="Left" LovYPosition="0" ListStyle="Poplist" Width="24" MaximumLength="4" WrapStyle="Word" AutoSkip="false" CompressionQuality="None" XPosition="576" YPosition="35" DatabaseItem="true" Bevel="Plain" AutoHint="false" MouseNavigate="true" MultiLine="false" CaseInsensitiveQuery="false" KeyboardNavigable="true" CaseRestriction="Mixed" CheckBoxOtherValues="Not Allowed" PrimaryKey="false" DirtyInfo="true" DefaultButton="false" QueryAllowed="true" Visible="true" QueryLength="4" DisplayQuality="High" EditXPosition="0" EditYPosition="0" Enabled="true" DistanceBetweenRecords="4364" FixedLength="false" Required="true" Height="14" ConcealData="false" Hint="Enter value for : LANGUAGE_ID" SizingStyle="Crop" ShowHorizontalScrollbar="false" Iconic="false" InsertAllowed="true" ItemType="Text Item" DataType="Number" UpdateAllowed="true" UpdateIfNull="false" KeepCursorPosition="false" VisualAttributeName="DEFAULT" Label="Language Id" LockRecord="false" ShowVerticalScrollbar="false" LovName=""/>
         <Item Name="BPT_2" ValidateFromList="false" LovXPosition="0" Justification="Right" LovYPosition="0" ListStyle="Poplist" Width="120" MaximumLength="80" WrapStyle="Word" AutoSkip="false" CompressionQuality="None" XPosition="10" YPosition="40" DatabaseItem="true" Bevel="None" AutoHint="false" MouseNavigate="true" MultiLine="false" CaseInsensitiveQuery="false" KeyboardNavigable="true" CaseRestriction="Mixed" CheckBoxOtherValues="Not Allowed" PrimaryKey="false" DirtyInfo="true" DefaultButton="false" QueryAllowed="true" Visible="true" QueryLength="80" DisplayQuality="High" EditXPosition="0" EditYPosition="0" Enabled="true" DistanceBetweenRecords="4364" FixedLength="false" Required="false" Height="16" ConcealData="false" SizingStyle="Crop" ShowHorizontalScrollbar="false" Iconic="false" InsertAllowed="true" ItemType="Display Item" CopyValueFromItem="" DataType="Char" UpdateAllowed="true" UpdateIfNull="false" KeepCursorPosition="false" LockRecord="false" ShowVerticalScrollbar="false" LovName=""/>
         <Item Name="BPT_3" ValidateFromList="false" LovXPosition="0" Justification="Right" LovYPosition="0" ListStyle="Poplist" Width="90" MaximumLength="80" WrapStyle="Word" AutoSkip="false" CompressionQuality="None" XPosition="10" YPosition="30" DatabaseItem="true" Bevel="None" AutoHint="false" MouseNavigate="true" MultiLine="false" CaseInsensitiveQuery="false" KeyboardNavigable="true" CaseRestriction="Mixed" CheckBoxOtherValues="Not Allowed" PrimaryKey="false" DirtyInfo="true" DefaultButton="false" QueryAllowed="true" Visible="true" QueryLength="80" DisplayQuality="High" EditXPosition="0" EditYPosition="0" Enabled="true" DistanceBetweenRecords="4364" FixedLength="false" Required="false" Height="17" ConcealData="false" SizingStyle="Crop" ShowHorizontalScrollbar="false" Iconic="false" InsertAllowed="true" ItemType="Display Item" CopyValueFromItem="" DataType="Char" UpdateAllowed="true" UpdateIfNull="false" KeepCursorPosition="false" LockRecord="false" ShowVerticalScrollbar="false" LovName=""/>
         <Item Name="BPT_4" ValidateFromList="false" LovXPosition="0" Justification="Right" LovYPosition="0" ListStyle="Poplist" Width="90" MaximumLength="80" WrapStyle="Word" AutoSkip="false" CompressionQuality="None" XPosition="10" YPosition="70" DatabaseItem="true" Bevel="None" AutoHint="false" MouseNavigate="true" MultiLine="false" CaseInsensitiveQuery="false" KeyboardNavigable="true" CaseRestriction="Mixed" CheckBoxOtherValues="Not Allowed" PrimaryKey="false" DirtyInfo="true" DefaultButton="false" QueryAllowed="true" Visible="true" QueryLength="80" DisplayQuality="High" EditXPosition="0" EditYPosition="0" Enabled="true" DistanceBetweenRecords="4364" FixedLength="false" Required="false" Height="17" ConcealData="false" SizingStyle="Crop" ShowHorizontalScrollbar="false" Iconic="false" InsertAllowed="true" ItemType="Display Item" CopyValueFromItem="" DataType="Char" UpdateAllowed="true" UpdateIfNull="false" KeepCursorPosition="false" LockRecord="false" ShowVerticalScrollbar="false" LovName=""/>
         <Item Name="BPT_5" ValidateFromList="false" LovXPosition="0" Justification="Left" LovYPosition="0" ListStyle="Poplist" Width="360" MaximumLength="80" WrapStyle="Word" AutoSkip="false" CompressionQuality="None" XPosition="108" YPosition="138" DatabaseItem="true" Bevel="None" AutoHint="false" MouseNavigate="true" MultiLine="false" CaseInsensitiveQuery="false" KeyboardNavigable="true" CaseRestriction="Mixed" CheckBoxOtherValues="Not Allowed" PrimaryKey="false" DirtyInfo="true" DefaultButton="false" QueryAllowed="true" Visible="true" QueryLength="80" DisplayQuality="High" EditXPosition="0" EditYPosition="0" Enabled="true" DistanceBetweenRecords="4364" FixedLength="false" Required="false" Height="17" ConcealData="false" SizingStyle="Crop" ShowHorizontalScrollbar="false" Iconic="false" InsertAllowed="true" ItemType="Display Item" CopyValueFromItem="" DataType="Char" UpdateAllowed="true" UpdateIfNull="false" KeepCursorPosition="false" LockRecord="false" ShowVerticalScrollbar="false" LovName=""/>
         <Item Name="BPT_6" Justification="Start" TabPageName="" DistanceBetweenRecords="0" Width="137" FillPattern="transparent" MaximumLength="80" DataType="Char" ParentModule="ABOUTSYS" XPosition="13" ParentModuleType="12" YPosition="24" DatabaseItem="false" PrimaryKey="false" ParentName="SECTION_TITLE_CLASS" DirtyInfo="true" CanvasName="LICENSE_CANVAS" Visible="true" ParentType="29"/>
         <Item Name="BPT_7" Justification="Start" TabPageName="" DistanceBetweenRecords="0" Width="137" FillPattern="transparent" MaximumLength="80" DataType="Char" ParentModule="ABOUTSYS" XPosition="13" ParentModuleType="12" YPosition="82" DatabaseItem="false" PrimaryKey="false" ParentName="SECTION_TITLE_CLASS" DirtyInfo="true" CanvasName="LICENSE_CANVAS" Visible="true" ParentType="29"/>
         <Item Name="DSP_BREADCRUMB" Justification="Start" TabPageName="" Width="278" MaximumLength="4000" ItemType="Display Item" BackColor="white" XPosition="95" FontName="Arial" YPosition="4" DatabaseItem="false" Bevel="None" FontSize="1000" FontStyle="Italic" DirtyInfo="true" FontWeight="Bold" FontSpacing="Normal" ForegroundColor="darkcyan" CanvasName="CNV_HIDE" Visible="false" Height="15"/>
      </Block>
      <Canvas Name="TOOLBAR_CANVAS" ViewportXPositionOnCanvas="0" ViewportYPositionOnCanvas="0" CanvasType="Horizontal Toolbar" Width="768" WindowName="MAIN_FORM_WINDOW" BackColor="patient_live_blue" Bevel="None" DirtyInfo="true" Visible="true" Height="64" ViewportHeight="324" ViewportWidth="540" RaiseOnEnter="true">
         <Graphics Name="LINE334" InternalLineWidth="228" Width="755" EdgeForegroundColor="gray16" EdgePattern="solid" JoinStyle="Bevel" BackColor="gray12" XPosition="0" YPosition="62" Bevel="None" DirtyInfo="true" GraphicsType="Line" HorizontalMargin="8" ScrollbarWidth="15" VerticalMargin="16" HorizontalObjectOffset="15" Height="0" StartPromptOffset="8"/>
      </Canvas>
      <Canvas Name="LICENSE_CANVAS" ViewportXPositionOnCanvas="0" ViewportYPositionOnCanvas="0" ShowHorizontalScrollbar="false" Width="640" WindowName="MAIN_FORM_WINDOW" BackColor="white" ParentModule="ABOUTSYS" ParentModuleType="12" ParentName="STACKED_CANVAS_CLASS" Bevel="None" DirtyInfo="true" ParentType="29" ShowVerticalScrollbar="false" Height="240" ViewportHeight="240" ViewportXPosition="95" ViewportWidth="640" ViewportYPosition="45" RaiseOnEnter="false">
         <Graphics Name="SECTION_LINE1" InternalLineWidth="113" Width="612" EdgeForegroundColor="gray16" EdgePattern="solid" JoinStyle="Bevel" BackColor="gray16" XPosition="13" YPosition="37" Bevel="None" DirtyInfo="true" ForegroundColor="white" GraphicsType="Line" HorizontalMargin="7" ScrollbarWidth="14" VerticalMargin="14" HorizontalObjectOffset="14" Height="0" StartPromptOffset="7"/>
         <Graphics Name="SECTION_NUMBER1" Width="13" EdgeForegroundColor="gray16" FillPattern="none" EdgePattern="none" JoinStyle="Bevel" BackColor="Side Green" XPosition="632" WrapText="false" YPosition="23" BoundingBoxScalable="false" Bevel="None" HorizontalOrigin="Right" HorizontalJustification="Center" ForegroundColor="darkcyan" GraphicsFontWeight="Bold" GraphicsFontSpacing="Normal" GraphicsType="Text" ScrollbarWidth="14" Height="11" GraphicsFontName="Arial" GraphicsFontSize="1000" GraphicsFontStyle="0" GraphicsText="1" DirtyInfo="true" GraphicsFontColor="white" GraphicsFontColorCode="1" HorizontalMargin="7" VerticalMargin="14" HorizontalObjectOffset="14" StartPromptOffset="7">
            <CompoundText Name="CMPTXT207">
               <TextSegment Name="TEXTSTR208" FontName="Arial" FontSize="1000" FontStyle="Plain" DirtyInfo="true" FontWeight="Bold" FontSpacing="Normal" ForegroundColor="white" Text="1"/>
            </CompoundText>
         </Graphics>
         <Graphics Name="GRAPHIC299" InternalLineWidth="113" Width="610" EdgeForegroundColor="gray16" EdgePattern="solid" JoinStyle="Bevel" BackColor="Line Green" XPosition="13" YPosition="95" Bevel="None" DirtyInfo="true" ForegroundColor="white" GraphicsType="Line" HorizontalMargin="7" ScrollbarWidth="14" VerticalMargin="14" HorizontalObjectOffset="14" Height="0" StartPromptOffset="7"/>
         <Graphics Name="GRAPHIC301" Width="13" FillPattern="none" EdgePattern="none" JoinStyle="Bevel" BackColor="Side Green" XPosition="632" WrapText="false" YPosition="81" BoundingBoxScalable="false" Bevel="None" HorizontalOrigin="Right" HorizontalJustification="Center" ForegroundColor="darkcyan" GraphicsFontWeight="Bold" GraphicsFontSpacing="Normal" GraphicsType="Text" ScrollbarWidth="14" Height="11" GraphicsFontName="Arial" GraphicsFontSize="1000" GraphicsFontStyle="0" GraphicsText="2" DirtyInfo="true" GraphicsFontColor="white" GraphicsFontColorCode="1" HorizontalMargin="7" VerticalMargin="14" HorizontalObjectOffset="14" StartPromptOffset="7">
            <CompoundText Name="CMPTXT207">
               <TextSegment Name="TEXTSTR208" FontName="Arial" FontSize="1000" FontStyle="Plain" DirtyInfo="true" FontWeight="Bold" FontSpacing="Normal" ForegroundColor="white" Text="2"/>
            </CompoundText>
         </Graphics>
         <Graphics Name="RECT333" InternalLineWidth="1" Width="611" ParentModule="ABOUTSYS" XPosition="14" ParentModuleType="12" YPosition="219" ParentName="BACKGROUND_LINK_BOX_CLASS" DirtyInfo="true" GraphicsType="Rectangle" HorizontalMargin="8" ScrollbarWidth="15" VerticalMargin="16" HorizontalObjectOffset="15" ParentType="29" Height="16" StartPromptOffset="8"/>
      </Canvas>
      <Canvas Name="CNV_CONTENT" BackColor="white" Bevel="None" DirtyInfo="true" ForegroundColor="black" Width="745" WindowName="MAIN_FORM_WINDOW" Height="410" ViewportHeight="324" ViewportWidth="540" RaiseOnEnter="false"/>
      <Canvas Name="CNV_HIDE" Bevel="None" Width="800" Visible="false" WindowName="WND_HIDE" Height="410" ViewportHeight="324" ViewportWidth="540"/>
      <Canvas Name="C_BASE" ViewportXPositionOnCanvas="0" ViewportYPositionOnCanvas="0" ShowHorizontalScrollbar="false" CanvasType="Stacked" Width="95" WindowName="MAIN_FORM_WINDOW" Bevel="None" DirtyInfo="true" VisualAttributeName="MENU_CANVAS_VA" ForegroundColor="white" Visible="true" ShowVerticalScrollbar="false" Height="498" ViewportHeight="500" ViewportXPosition="0" ViewportWidth="95" ViewportYPosition="0" RaiseOnEnter="true"/>
      <ModuleParameter Name="P_TEMPLATE" Comment="Used by ABOUT_FORM window, the template used to create this form" ParameterInitializeValue="TEMPLATE_V10"/>
      <ModuleParameter Name="P_RELEASE" DirtyInfo="true" ParameterInitializeValue="V2016.2.0"/>
      <ModuleParameter Name="P_HOSPITAL_ID" DirtyInfo="true" ParameterDataType="Number"/>
      <ModuleParameter Name="P_VERSION" DirtyInfo="true" Comment="Used by ABOUT_FORM window, the form version, update after each update" ParameterInitializeValue="1"/>
      <ModuleParameter Name="P_DATE" DirtyInfo="true" Comment="Used by ABOUT_FORM window, the date the form was last updated, update after each update" ParameterInitializeValue="05-Aug-2016"/>
      <ModuleParameter Name="API_VERSION" ParameterInitializeValue="V2.2"/>
      <ModuleParameter Name="P_BREADCRUMB"/>
      <LOV Name="DB_SCRIPT_LOG" XPosition="25" YPosition="25" DirtyInfo="true" Title="Database Scripts that have been run" Width="700" RecordGroupName="DB_SCRIPT_LOG" Height="440">
         <LOVColumnMapping Name="DBS_SCRIPT" ReturnItem="" DirtyInfo="true" Title="DB Script" DisplayWidth="70"/>
         <LOVColumnMapping Name="AMEND_BY_USER" ReturnItem="" DirtyInfo="true" Title="Run By" DisplayWidth="150"/>
         <LOVColumnMapping Name="RUN_DATE" ReturnItem="" DirtyInfo="true" Title="Date Run" DisplayWidth="50"/>
         <LOVColumnMapping Name="FREE_TEXT" ReturnItem="" DirtyInfo="true" Title="Free_Text" DisplayWidth="486"/>
      </LOV>
      <LOV Name="SYS_EVENTS_LOG" XPosition="25" YPosition="25" DirtyInfo="true" AutoPosition="false" Title="List of System events" Width="700" RecordGroupName="SYS_EVENTS_LOG" Height="440">
         <LOVColumnMapping Name="OASIS_SYSTEM_EVENTS_LOG_ID" ReturnItem="" DirtyInfo="true" Title="Events Id" DisplayWidth="45"/>
         <LOVColumnMapping Name="USER_NAME" ReturnItem="" DirtyInfo="true" Title="Username" DisplayWidth="110"/>
         <LOVColumnMapping Name="MACHINE_NAME" ReturnItem="" DirtyInfo="true" Title="Machine name" DisplayWidth="75"/>
         <LOVColumnMapping Name="EVENT_DATE" ReturnItem="" DirtyInfo="true" Title="Event date" DisplayWidth="90"/>
         <LOVColumnMapping Name="EVENT_TEXT" ReturnItem="" DirtyInfo="true" Title="Event" DisplayWidth="565"/>
      </LOV>
      <Menu Name="BOILER_PLATE" DirtyInfo="true">
         <MenuItem Name="CHANGE_PROMPT" DirtyInfo="true" Label="Change Prompt" MenuItemCode="message('Change Boilerplate prompt');pause;"/>
      </Menu>
      <ProgramUnit Name="RIP_HCI_UPGRADE" ProgramUnitText="PACKAGE rip_HCI_UPGRADE IS&amp;#10;  &amp;#10;  -- Global is used for both applications. Used to show the current maximised toolbar. Do not set&amp;#10;  -- a default value if not required&amp;#10;  g_toolbar_canvas   &#x9;&#x9;VARCHAR2(2000) := 'FUNCTIONS';&amp;#10;  &amp;#10;  -- Global Table Type declaration used to store all bottom menu options&amp;#10;  TYPE rt_menu_record IS RECORD &amp;#10;         (col_menu_option       VARCHAR2(100));&amp;#10;                          &#x9;&amp;#10;  TYPE tt_max_table IS TABLE OF rt_menu_record INDEX BY BINARY_INTEGER;&amp;#10;  &amp;#10;  g_max_table   tt_max_table;&amp;#10;  &amp;#10;  -- Global storing the current position in pl/sql table to store menu options within&amp;#10;  g_current_position NUMBER(10) := 1;&amp;#10;  &amp;#10;  -- Used to store the directory where the images will be loaded from&amp;#10;  g_image_directory  VARCHAR2(2000);&amp;#10;&amp;#10;    -------------------------------------------------------------------------------------------------------------  &amp;#10;  &amp;#10;&amp;#10;  -- Procedure to initialise all images to be displayed on the form&amp;#10;  PROCEDURE pr_initialise_images;&amp;#10;  &amp;#10;   -- Procedure to show the correct toolbar canvas when an item on toolbar is selected&amp;#10;  PROCEDURE pr_show_toolbar_canvas;&amp;#10;   &amp;#10;  -- Procedure to minimise all toolbar options&amp;#10;  PROCEDURE pr_hide_all_toolbar_canvas;&amp;#10;  &amp;#10;  -- Procedure used for when an item is clicked on the left hand toolbar (Used on maximise Buttons)&amp;#10;  PROCEDURE pr_mouse_click_maximise;&amp;#10;  &amp;#10;  -- Procedure used to minimise all meu options (used on minimise buttons)&amp;#10;  PROCEDURE pr_mouse_click_minimise;&amp;#10;  &amp;#10;  -- Generic left toolbar when mouse leave&amp;#10;  PROCEDURE pr_lt_when_mouse_leave;&amp;#10;  &amp;#10;  -- Generic left toolbar when mouse enter&amp;#10;  PROCEDURE pr_lt_when_mouse_enter;&amp;#10;  &amp;#10;  -- Item level when mouse enter&amp;#10;  PROCEDURE pr_item_when_mouse_enter;&amp;#10;  &amp;#10;  -- Item level when mouse leave&amp;#10;  PROCEDURE pr_item_when_mouse_leave;&amp;#10;  &amp;#10;  -- Procedure to obtain the user name of the current user&amp;#10;  PROCEDURE pr_get_user_name;&amp;#10;  &amp;#10;  PROCEDURE pr_menu_options;&amp;#10;  &amp;#10;  PROCEDURE pr_clear_max_canvases;&amp;#10;  &amp;#10;  -- Procedure that is called to populate pl/sql table with options to be shown in the bottom sections&amp;#10;  PROCEDURE pr_set_max_canvases (p_menu_option IN  VARCHAR2);&amp;#10;  &amp;#10;  -- Procedure used to take values stored in pl/sql table and populate the relevant item for the bottom section&amp;#10;  PROCEDURE pr_set_menu_options;&amp;#10;  &amp;#10;  PROCEDURE enable_disable_item( p_item_name IN VARCHAR2, p_enable IN BOOLEAN );&amp;#10;  &amp;#10;END;" ProgramUnitType="Package Spec"/>
      <ProgramUnit Name="RIP_HCI_UPGRADE" ProgramUnitText="PACKAGE BODY rip_hci_upgrade IS&amp;#10;  --&amp;#10;  PROCEDURE pr_initialise_images IS&amp;#10;    --&amp;#10;    current_form    varchar2(20);&amp;#10;    --&amp;#10;  BEGIN&amp;#10;    --&amp;#10;    --  Show the last menu&amp;#10;    --&amp;#10;&#x9;&#x9;default_value('Z','GLOBAL.CALLING_MENU');&#x9;&amp;#10;&#x9;&#x9;&amp;#10;&#x9;&#x9;if name_in ('GLOBAL.CALLING_MENU') in ('Z', 'OASIS') then &amp;#10;&#x9;&#x9;  -- display default menu&amp;#10;&#x9;&#x9;  oasis_menu.show_default_menu;&amp;#10;&#x9;&#x9;else&amp;#10;&#x9;&#x9;  oasis_menu.show_navigation_menu;&amp;#10;&#x9;&#x9;end if;&amp;#10;    --&amp;#10;  &#x9;-- Get the directory where the images are stored&amp;#10;  &#x9;--&amp;#10;  &#x9;DEFAULT_VALUE('1', 'GLOBAL.HOSPITAL_ID');&amp;#10;  &#x9;hci_upgrade.g_image_directory  := oasis_package.get_default('WEBOASIS_IMAGE_DIR', name_in('global.hospital_id'));&amp;#10;    --&amp;#10;&#x9;&#x9;-- Set path taken to screen&amp;#10;&#x9;&#x9;--&amp;#10;    current_form := lower(GET_APPLICATION_PROPERTY(CURRENT_FORM_NAME));&amp;#10;    --&amp;#10;    IF ( name_in ('parameter.p_breadcrumb') IS NULL ) THEN&amp;#10;    &#x9;copy ('Browsing : oasis > ' || current_form, 'TEXT.DSP_BREADCRUMB');&amp;#10;      --:text.dsp_breadcrumb    := 'Browsing : oasis > ' || current_form;&amp;#10;    ELSE&amp;#10;    &#x9;copy (name_in('parameter.p_breadcrumb') || ' > ' || current_form, 'TEXT.DSP_BREADCRUMB');&amp;#10;      --:text.dsp_breadcrumb    := :parameter.p_breadcrumb || ' > ' || current_form;&amp;#10;    END IF;&amp;#10;    --&amp;#10;    -- Procedure based on :global.user_id that populates the users first name and family name&amp;#10;    -- and displays on the top of the left hand toolbar canvas&amp;#10;    --&amp;#10;    hci_upgrade.pr_get_user_name;&amp;#10;    IF NOT id_null (find_canvas('C_BASE')) THEN &amp;#10;    &#x9;SHOW_VIEW('C_BASE');&amp;#10;    END IF;&amp;#10;    --&amp;#10;    -- Standard code to set the patient name if the patient id exists in the form&amp;#10;    --&amp;#10;    IF NOT id_null(find_item ('TITLES.PATIENT_NAME_M')) THEN&amp;#10;    &#x9;-- sp 29/9/2004 - TITLES.PATIENT_NAME_M field exists in the form &amp;#10;    &amp;#10;    &#x9;DEFAULT_VALUE(NULL, 'GLOBAL.PATIENT_ID');&amp;#10;    &amp;#10;    &#x9;IF name_in('GLOBAL.patient_id') IS NOT NULL THEN&amp;#10;    &#x9;&#x9;&amp;#10;      &#x9;copy (&amp;#10;        &#x9;&#x9;SUBSTR(    oaspas_package.get_crn( :GLOBAL.patient_id )&amp;#10;                || ' '&amp;#10;                || oaspas_package.get_pat_name( :GLOBAL.patient_id )&amp;#10;              , 1&amp;#10;              , 80),&amp;#10;              'TITLES.PATIENT_NAME_M' &amp;#10;         );&amp;#10;         &amp;#10;      END IF;   &amp;#10;         &amp;#10;    END IF;&amp;#10;    --&amp;#10;    pr_menu_options;&amp;#10;    --&amp;#10;  END pr_initialise_images;&amp;#10;  -------------------------------------------------------------------------------------------------------------&amp;#10;  PROCEDURE pr_show_toolbar_canvas IS&amp;#10;    --&amp;#10;    l_canvas   VARCHAR2( 50 );&amp;#10;    --&amp;#10;  BEGIN&amp;#10;    --&amp;#10;    -- Obtain prompt show in image clicked and show the relevant canvas / block&amp;#10;    --&amp;#10;    l_canvas := GET_ITEM_PROPERTY( :SYSTEM.trigger_item, prompt_text );&amp;#10;    --&amp;#10;    -- goto the correct block/canvas for the image clicked&amp;#10;    --&amp;#10;    GO_BLOCK( 'LT_' || l_canvas );&amp;#10;    SHOW_VIEW( 'C_' || l_canvas );&amp;#10;    --&amp;#10;    -- Set global canvas to equal the current canvas maximised&amp;#10;    --&amp;#10;    g_toolbar_canvas    := l_canvas;&amp;#10;    --&amp;#10;  END pr_show_toolbar_canvas;&amp;#10;  -------------------------------------------------------------------------------------------------------------&amp;#10;  PROCEDURE pr_hide_all_toolbar_canvas IS&amp;#10;  --&amp;#10;  BEGIN&amp;#10;    --&amp;#10;    -- Hide current maximised canvas and return to default main toolbar&amp;#10;    --&amp;#10;    HIDE_VIEW( 'C_FUNCTIONS' );&amp;#10;    GO_BLOCK( 'LT_TOOLBAR_MAIN' );&amp;#10;    --&amp;#10;    -- Reset global canvas and there is none currently shown&amp;#10;    --&amp;#10;    g_toolbar_canvas    := NULL;&amp;#10;    --&amp;#10;  END pr_hide_all_toolbar_canvas;&amp;#10;-------------------------------------------------------------------------------------------------------------&amp;#10;  PROCEDURE pr_mouse_click_maximise IS&amp;#10;    --&amp;#10;  BEGIN&amp;#10;    --&amp;#10;    IF SUBSTR( :SYSTEM.trigger_item, INSTR( :SYSTEM.trigger_item, '.' ) + 1 ) LIKE 'IMG_MAX%' THEN&amp;#10;      --&amp;#10;      -- Ensure the prompt is returned to its existing colour and not the hoverover colour&amp;#10;      --&amp;#10;      SET_ITEM_PROPERTY( :SYSTEM.trigger_item, prompt_foreground_color, 'r0g128b128' );&amp;#10;      --&amp;#10;      -- Show the toolbar canvas and re-populate the bottom section with the required&amp;#10;      -- menu options&amp;#10;      --&amp;#10;      hci_upgrade.pr_show_toolbar_canvas;&amp;#10;      --&amp;#10;      hci_upgrade.pr_menu_options;&amp;#10;      --&amp;#10;    END IF;&amp;#10;    --&amp;#10;  END pr_mouse_click_maximise;&amp;#10;  -------------------------------------------------------------------------------------------------------------&amp;#10;  PROCEDURE pr_mouse_click_minimise IS&amp;#10;    --&amp;#10;  BEGIN&amp;#10;    --&amp;#10;    IF SUBSTR( :SYSTEM.trigger_item, INSTR( :SYSTEM.trigger_item, '.' ) + 1 ) LIKE 'IMG%' THEN&amp;#10;      --&amp;#10;      -- Hide any of the maximiised toolbar canvased and re-populate the bottom section with the required&amp;#10;      -- menu options&amp;#10;      --&amp;#10;      hci_upgrade.pr_hide_all_toolbar_canvas;&amp;#10;      --&amp;#10;      hci_upgrade.pr_menu_options;&amp;#10;      --&amp;#10;    END IF;&amp;#10;    --&amp;#10;  END pr_mouse_click_minimise;&amp;#10;  -------------------------------------------------------------------------------------------------------------&amp;#10;  PROCEDURE pr_lt_when_mouse_leave IS&amp;#10;    --&amp;#10;  BEGIN&amp;#10;    --&amp;#10;    SET_APPLICATION_PROPERTY( cursor_style, win_api.getresource( 'ARROW' ) );&amp;#10;    IF SUBSTR( :SYSTEM.trigger_item, INSTR( :SYSTEM.trigger_item, '.' ) + 1 ) LIKE 'IMG_MAX%' THEN&amp;#10;      --&amp;#10;      -- Check if the maximised canvas is the same as the button to be pressed (eg: minimise)&amp;#10;      --&amp;#10;      IF :SYSTEM.mouse_canvas = 'C_'|| SUBSTR( :SYSTEM.trigger_item, INSTR( :SYSTEM.trigger_item, '.' ) + 5 ) THEN&amp;#10;        --&amp;#10;        -- ReSet the rollover image and text colour for client server applications for the minimise button&amp;#10;        --&amp;#10;        READ_IMAGE_FILE( hci_upgrade.g_image_directory || 'minimise.jpg', 'jpg', :SYSTEM.trigger_item );&amp;#10;        SET_ITEM_PROPERTY( :SYSTEM.trigger_item, prompt_foreground_color, 'r0g128b128' );&amp;#10;        --&amp;#10;      ELSE&amp;#10;        --&amp;#10;        -- ReSet the rollover image and text colour for client server applications for the maximise button&amp;#10;        --&amp;#10;        READ_IMAGE_FILE( hci_upgrade.g_image_directory || 'maximise.jpg', 'jpg', :SYSTEM.trigger_item );&amp;#10;        SET_ITEM_PROPERTY( :SYSTEM.trigger_item, prompt_foreground_color, 'r0g128b128' );&amp;#10;        --&amp;#10;      END IF;&amp;#10;      --&amp;#10;    ELSE&amp;#10;      --&amp;#10;      -- ReSet the rollover text for just the menu options&amp;#10;      --&amp;#10;      SET_ITEM_PROPERTY( :SYSTEM.trigger_item, foreground_color, 'r0g128b128' );&amp;#10;      --&amp;#10;    END IF;&amp;#10;    --&amp;#10;  END pr_lt_when_mouse_leave;&amp;#10;  -------------------------------------------------------------------------------------------------------------&amp;#10;  PROCEDURE pr_lt_when_mouse_enter IS&amp;#10;    --&amp;#10;  BEGIN&amp;#10;    --&amp;#10;    SET_APPLICATION_PROPERTY( cursor_style, win_api.getresource( 'HAND_PNT' ) );&amp;#10;    IF SUBSTR( :SYSTEM.trigger_item, INSTR( :SYSTEM.trigger_item, '.' ) + 1 ) LIKE 'IMG_MAX%' THEN&amp;#10;      IF :SYSTEM.mouse_canvas = 'C_'|| SUBSTR( :SYSTEM.trigger_item, INSTR( :SYSTEM.trigger_item, '.' ) + 5 ) THEN&amp;#10;        --&amp;#10;        -- Set the rollover image and text colour for client server applications for the minimise button&amp;#10;        --&amp;#10;        READ_IMAGE_FILE( hci_upgrade.g_image_directory || 'minimise_sel.jpg', 'jpg', :SYSTEM.trigger_item );&amp;#10;        SET_ITEM_PROPERTY( :SYSTEM.trigger_item, prompt_foreground_color, 'r255g128b30' );&amp;#10;        --&amp;#10;      ELSE&amp;#10;        --&amp;#10;        -- Set the rollover image and text colour for client server applications for the maximise button&amp;#10;        --&amp;#10;        READ_IMAGE_FILE( hci_upgrade.g_image_directory || 'maximise_sel.jpg', 'jpg', :SYSTEM.trigger_item );&amp;#10;        SET_ITEM_PROPERTY( :SYSTEM.trigger_item, prompt_foreground_color, 'r255g128b30' );&amp;#10;        --&amp;#10;      END IF;&amp;#10;      --&amp;#10;    ELSE&amp;#10;      --&amp;#10;      -- Set the rollover text for just the menu options&amp;#10;      --&amp;#10;      SET_ITEM_PROPERTY( :SYSTEM.trigger_item, foreground_color, 'r255g128b30' );&amp;#10;      --&amp;#10;    END IF;&amp;#10;    --&amp;#10;  END pr_lt_when_mouse_enter;&amp;#10;  -------------------------------------------------------------------------------------------------------------  &amp;#10;  PROCEDURE pr_item_when_mouse_enter IS&amp;#10;    --&amp;#10;  BEGIN&amp;#10;    --&amp;#10;    SET_APPLICATION_PROPERTY( cursor_style, win_api.getresource( 'HAND_PNT' ) );&amp;#10;    SET_ITEM_PROPERTY( :SYSTEM.trigger_item, foreground_color, 'r255g128b30' );&amp;#10;    --&amp;#10;  END pr_item_when_mouse_enter;&amp;#10;  -------------------------------------------------------------------------------------------------------------&amp;#10;  PROCEDURE pr_item_when_mouse_leave IS&amp;#10;    --&amp;#10;  BEGIN&amp;#10;    --&amp;#10;    SET_APPLICATION_PROPERTY( cursor_style, win_api.getresource( 'ARROW' ) );&amp;#10;    SET_ITEM_PROPERTY( :SYSTEM.trigger_item, foreground_color, 'r0g128b128' );&amp;#10;    --&amp;#10;  END pr_item_when_mouse_leave;&amp;#10;  -------------------------------------------------------------------------------------------------------------&amp;#10;  PROCEDURE pr_get_user_name IS&amp;#10;    --&amp;#10;    -- Obtain the first name and surname of user&amp;#10;    --&amp;#10;    l_first_name    maps006.first_name%TYPE;&amp;#10;    l_family_name   maps006.family_name%TYPE;&amp;#10;    --&amp;#10;    CURSOR cu_user IS&amp;#10;      SELECT INITCAP( first_name ), INITCAP( family_name )&amp;#10;      FROM   maps006&amp;#10;      WHERE  user_id = :GLOBAL.user_id;&amp;#10;    --&amp;#10;  BEGIN&amp;#10;    --&amp;#10;    OPEN cu_user;&amp;#10;    FETCH cu_user INTO  l_first_name, l_family_name;&amp;#10;    CLOSE cu_user;&amp;#10;    --&amp;#10;    -- Set the prompt of the display items for the user name shown on left toolbar canvas&amp;#10;    --&amp;#10;    SET_ITEM_PROPERTY( 'LT_TOOLBAR_MAIN.DSP_FIRST_NAME', prompt_text, l_first_name );&amp;#10;    SET_ITEM_PROPERTY( 'LT_TOOLBAR_MAIN.DSP_FAMILY_NAME', prompt_text, l_family_name );&amp;#10;    --&amp;#10;  END pr_get_user_name;&amp;#10;-------------------------------------------------------------------------------------------------------------&amp;#10;  PROCEDURE pr_menu_options IS&amp;#10;    --&amp;#10;  BEGIN&amp;#10;    --&amp;#10;    -- Clear the table so bottom options can be repopulated&amp;#10;    --&amp;#10;    pr_clear_max_canvases;&amp;#10;    --&amp;#10;    -- Decides if the button pressed was any of the maximise / minimise buttons&amp;#10;    --&amp;#10;    IF SUBSTR( :SYSTEM.trigger_item, INSTR( :SYSTEM.trigger_item, '.' ) + 1 ) LIKE 'IMG_MAX%' OR&amp;#10;       SUBSTR( :SYSTEM.trigger_item, INSTR( :SYSTEM.trigger_item, '.' ) + 1 ) LIKE 'BT_CAT%' OR&amp;#10;       g_toolbar_canvas IS NOT NULL THEN&amp;#10;      --&amp;#10;      IF GET_ITEM_PROPERTY( SUBSTR( :SYSTEM.trigger_item, INSTR( :SYSTEM.trigger_item, '.' ) + 1 ), prompt_text ) = 'Functions' OR&amp;#10;         g_toolbar_canvas = 'FUNCTIONS' THEN&amp;#10;        --&amp;#10;        -- Options shown when the Functions canvas is maximised&amp;#10;        --&amp;#10;        NULL;&amp;#10;        --&amp;#10;      ELSE&amp;#10;        --&amp;#10;        hci_upgrade.pr_set_max_canvases( 'Functions' );&amp;#10;        --&amp;#10;      END IF;&amp;#10;      --&amp;#10;    ELSE&amp;#10;      --&amp;#10;      -- Shown when all the canvases are minimised&amp;#10;      --&amp;#10;      hci_upgrade.pr_set_max_canvases( 'Functions' );&amp;#10;      --&amp;#10;    END IF;&amp;#10;    --&amp;#10;    pr_set_menu_options;&amp;#10;    --&amp;#10;  END pr_menu_options;&amp;#10;-------------------------------------------------------------------------------------------------------------&amp;#10;  PROCEDURE pr_clear_max_canvases IS&amp;#10;    --&amp;#10;    row_index       PLS_INTEGER;&amp;#10;    l_destination   VARCHAR2( 100 );&amp;#10;    l_line          VARCHAR2( 100 );&amp;#10;    l_menu_option   VARCHAR2( 100 );&amp;#10;    l_image         VARCHAR2( 100 );&amp;#10;    --&amp;#10;  BEGIN&amp;#10;    --&amp;#10;    -- For each record in the global table set the image it was stored in to non visible.&amp;#10;    --&amp;#10;    FOR i IN 1 .. g_max_table.COUNT LOOP&amp;#10;      --&amp;#10;      -- Menu option image to set the prompt for&amp;#10;      --&amp;#10;      l_destination    := 'LT_TOOLBAR_MAIN.IMG_MAX_CATEGORY_' || i;&amp;#10;      l_menu_option    := g_max_table( i ).col_menu_option;&amp;#10;      SET_ITEM_PROPERTY( l_destination, visible, property_false );&amp;#10;      --&amp;#10;    END LOOP;&amp;#10;    --&amp;#10;    -- Clear the global table and rest the current position&amp;#10;    --&amp;#10;    g_max_table.DELETE;&amp;#10;    --&amp;#10;    g_current_position    := 1;&amp;#10;    --&amp;#10;  END pr_clear_max_canvases;&amp;#10;  -------------------------------------------------------------------------------------------------------------&amp;#10;  PROCEDURE pr_set_max_canvases( p_menu_option IN VARCHAR2 ) IS&amp;#10;    --&amp;#10;  BEGIN&amp;#10;    --&amp;#10;    -- Populate the global table with the value passed in for the menu option to to stored. Stored in the&amp;#10;    -- position determined by global&amp;#10;    --&amp;#10;    g_max_table( g_current_position ).col_menu_option    := p_menu_option;&amp;#10;    --&amp;#10;    -- Increment global so next menu option is stored in next field in table&amp;#10;    --&amp;#10;    g_current_position := g_current_position + 1;&amp;#10;    --&amp;#10;  END pr_set_max_canvases;&amp;#10;  -------------------------------------------------------------------------------------------------------------&amp;#10;  PROCEDURE pr_set_menu_options IS&amp;#10;    --&amp;#10;    row_index       PLS_INTEGER;&amp;#10;    l_destination   VARCHAR2( 100 );&amp;#10;    l_menu_option   VARCHAR2( 100 );&amp;#10;    l_image         VARCHAR2( 100 );&amp;#10;    --&amp;#10;  BEGIN&amp;#10;    --&amp;#10;    -- For each record in the global table, populate the various images and set their properties.&amp;#10;    -- Position in table determines the image the menu option stored in&amp;#10;    --&amp;#10;    FOR i IN 1 .. g_max_table.COUNT LOOP&amp;#10;      --&amp;#10;      -- Menu option image to set the prompt for&amp;#10;      --&amp;#10;      l_destination    := 'LT_TOOLBAR_MAIN.IMG_MAX_CATEGORY_' || i;&amp;#10;      l_menu_option    := g_max_table( i ).col_menu_option;&amp;#10;      --&amp;#10;      -- Set the images for the correct items required&amp;#10;      --&amp;#10;      READ_IMAGE_FILE( hci_upgrade.g_image_directory || 'maximise.bmp', 'bmp', l_destination );&amp;#10;      --&amp;#10;      -- Enable and make visible options required.&amp;#10;      --&amp;#10;      SET_ITEM_PROPERTY( l_destination, visible, property_true );&amp;#10;      SET_ITEM_PROPERTY( l_destination, enabled, property_true );&amp;#10;      --&amp;#10;      -- Prompt of the image is used to store the menu option header&amp;#10;      --&amp;#10;      SET_ITEM_PROPERTY( l_destination, prompt_text, l_menu_option );&amp;#10;      --&amp;#10;    END LOOP;&amp;#10;    --&amp;#10;  END pr_set_menu_options;&amp;#10;  -------------------------------------------------------------------------------------------------------------&amp;#10;  PROCEDURE enable_disable_item( p_item_name IN VARCHAR2, p_enable IN BOOLEAN ) IS&amp;#10;    --&amp;#10;  BEGIN&amp;#10;    --&amp;#10;    IF ( p_enable ) THEN&amp;#10;      COPY( 'Y', p_item_name || '_ENABLE' );&amp;#10;    ELSE&amp;#10;      COPY( 'N', p_item_name || '_ENABLE' );&amp;#10;    END IF;&amp;#10;    --&amp;#10;  END;&amp;#10;  -------------------------------------------------------------------------------------------------------------&amp;#10;END;&amp;#10;&amp;#10;" ProgramUnitType="Package Body"/>
      <PropertyClass Name="BACKGROUND_LINK_BOX_CLASS" ParentModule="PAS_CUI" ParentModuleType="25" ParentName="BACKGROUND_LINK_BOX_CLASS" ParentFilename="PAS_CUI.olb" DirtyInfo="true" ParentType="29"/>
      <PropertyClass Name="FORM_TITLE_CLASS" ParentModule="PAS_CUI" ParentModuleType="25" ParentName="FORM_TITLE_CLASS" ParentFilename="PAS_CUI.olb" DirtyInfo="true" ParentType="29"/>
      <PropertyClass Name="SECTION_TITLE_CLASS" ParentModule="PAS_CUI" ParentModuleType="25" ParentName="SECTION_TITLE_CLASS" ParentFilename="PAS_CUI.olb" DirtyInfo="true" ParentType="29"/>
      <PropertyClass Name="STACKED_CANVAS_CLASS" ParentModule="PAS_OLD" ParentModuleType="25" ParentName="STACKED_CANVAS_CLASS" ParentFilename="PAS_OLD.olb" DirtyInfo="true" ParentType="29"/>
      <RecordGroup Name="DB_SCRIPT_LOG" DirtyInfo="true" RecordGroupFetchSize="0" RecordGroupQuery="select dbs_script, amend_by_user, to_char(amend_last_date,:global.date_mask) run_date, free_text from oasis_dbs_script_log order by amend_last_date desc" RecordGroupType="Query">
         <RecordGroupColumn Name="DBS_SCRIPT" ColumnDataType="Character" MaximumLength="10"/>
         <RecordGroupColumn Name="AMEND_BY_USER" ColumnDataType="Character" MaximumLength="30"/>
         <RecordGroupColumn Name="RUN_DATE" ColumnDataType="Character" MaximumLength="75"/>
         <RecordGroupColumn Name="FREE_TEXT" ColumnDataType="Character" MaximumLength="80"/>
      </RecordGroup>
      <RecordGroup Name="SYS_EVENTS_LOG" DirtyInfo="true" RecordGroupFetchSize="100" RecordGroupQuery="SELECT ose.oasis_system_events_log_id, map.user_name, ose.machine_name, to_char(ose.amend_last_date,'DD-Mon-YYYY HH24:MI') event_date, ose.event_text&amp;#10;FROM oasis_system_events_log ose,&amp;#10;     maps006 map&amp;#10;WHERE map.user_id = ose.user_id&amp;#10;AND TRUNC(ose.amend_last_date) >= (TRUNC(SYSDATE) - 30)&amp;#10;ORDER BY ose.amend_last_date desc" RecordGroupType="Query">
         <RecordGroupColumn Name="OASIS_SYSTEM_EVENTS_LOG_ID" DirtyInfo="true" ColumnDataType="Number" MaximumLength="23" DataLengthSemantics="Null"/>
         <RecordGroupColumn Name="USER_NAME" DirtyInfo="true" ColumnDataType="Character" MaximumLength="64" DataLengthSemantics="BYTE"/>
         <RecordGroupColumn Name="MACHINE_NAME" DirtyInfo="true" ColumnDataType="Character" MaximumLength="1000" DataLengthSemantics="BYTE"/>
         <RecordGroupColumn Name="EVENT_DATE" DirtyInfo="true" ColumnDataType="Character" MaximumLength="17" DataLengthSemantics="BYTE"/>
         <RecordGroupColumn Name="EVENT_TEXT" DirtyInfo="true" ColumnDataType="Character" MaximumLength="2000" DataLengthSemantics="BYTE"/>
      </RecordGroup>
      <Trigger Name="WHEN-IMAGE-ACTIVATED" DirtyInfo="true" FireInQuery="true" TriggerText="/* This trigger prevents image activation and resizing */&amp;#10;begin&amp;#10;  raise form_trigger_failure;&amp;#10;end;" DisplayInKeyboardHelp="false"/>
      <Trigger Name="WHEN-WINDOW-CLOSED" DirtyInfo="true" FireInQuery="true" TriggerText="/* This trigger ensures proper navigation when a window is closed using the windows close&amp;#10;function */&amp;#10;begin&amp;#10;&amp;#10;   do_key ('EXIT_FORM');&amp;#10;&amp;#10;end;&amp;#10;" DisplayInKeyboardHelp="false"/>
      <Trigger Name="KEY-EXIT" TriggerText="&amp;#10;exit_form;"/>
      <Trigger Name="KEY-OTHERS" TriggerText="null;"/>
      <Trigger Name="WHEN-NEW-FORM-INSTANCE" TriggerText="--&amp;#10;-- fires when form is entered, PRE-FORM fires before this trigger&amp;#10;--&amp;#10;-- Date&#x9;&#x9;by &#x9;&#x9;change&amp;#10;-- 10/1994&#x9;David Massie&#x9;Creation&amp;#10;-- 1995&#x9;&#x9;Nagy Tharwat&#x9;Upgrade to v9 - moved code into library procedure&amp;#10;-- 2/5/1996&#x9;Steve Pusey&#x9;Upgrade to V10 &amp;#10;--&#x9;&#x9;&#x9;&#x9;- versions into oasis_new_form_instance&amp;#10;--&#x9;&#x9;&#x9;&#x9;- Tidied code and added comments&amp;#10;--&amp;#10;-- 12/8/1998&#x9;Simon&#x9;&#x9;Upgrade to v10&amp;#10;-- 09/03/2000&#x9;Steve&#x9;&#x9;Call oasis_set_mdi_window_size to handle oasis/e-oasis&amp;#10;-- 11/03/2005 NS      changes for NSPEC404&amp;#10;-- 24.05.07&#x9;&#x9;Francis&#x9;&#x9;Added a website_btn item to call homepage&amp;#10;DECLARE&amp;#10;&amp;#10;  v_error_no             number(4); -- returned from oasis_new_form_instance&amp;#10;  v_hospital_id          NUMBER;&amp;#10;&amp;#10;  cursor c1 is &amp;#10;    select hospital_name, license_no from maps010&amp;#10;    WHERE hospital_id = :parameter.P_HOSPITAL_ID; &amp;#10;               &amp;#10;BEGIN&amp;#10;  boilerplate.read_all;&amp;#10;  set_window_property(FORMS_MDI_WINDOW, POSITION, 0, 0);&amp;#10;  oasis_set_mdi_window_size; -- sp 09/03/2000&amp;#10;--  rip_hci_upgrade.pr_initialise_images;&amp;#10;  &amp;#10;  :parameter.P_HOSPITAL_ID := to_number(:GLOBAL.HOSPITAL_ID);&amp;#10;&amp;#10;  -- added&amp;#10;  open  c1;&amp;#10;  fetch c1 into :BLOCK1.HOSPITAL_NAME, :BLOCK1.LICENSE_NO;&amp;#10;  close c1;&amp;#10;&amp;#10;--  GO_BLOCK ('BLOCK1');&amp;#10;END;"/>
      <Trigger Name="WHEN-TIMER-EXPIRED" DirtyInfo="true" FireInQuery="true" TriggerText="/* This trigger resets the root window title to the original value after it has been changed to&amp;#10;show a hint message for a button */&amp;#10;declare&amp;#10;  timer_title VARCHAR2(32);&amp;#10;begin&amp;#10;  timer_title := get_application_property(timer_name);&amp;#10;  set_window_property('root_window', title, :GLOBAL.ROOT_WINDOW_NAME);&amp;#10;end;" DisplayInKeyboardHelp="false"/>
      <Trigger Name="KEY-CLRFRM" KeyboardHelpText="About Form" TriggerText="--&amp;#10;-- steve pusey 22/4/96&amp;#10;--&amp;#10;BEGIN&amp;#10;&amp;#10;  oasis_standard_procs.key_clrfrm_trigger;&amp;#10;&amp;#10;END;" DisplayInKeyboardHelp="true"/>
      <Trigger Name="KEY-CLRBLK" TriggerText="clear_block;" DisplayInKeyboardHelp="true"/>
      <Trigger Name="KEY-CLRREC" TriggerText="clear_record;" DisplayInKeyboardHelp="true"/>
      <Trigger Name="KEY-COMMIT" TriggerText="commit_form;" DisplayInKeyboardHelp="true"/>
      <Trigger Name="KEY-CQUERY" TriggerText="count_query;" DisplayInKeyboardHelp="true"/>
      <Trigger Name="KEY-CREREC" TriggerText="create_record;" DisplayInKeyboardHelp="true"/>
      <Trigger Name="KEY-DELREC" TriggerText="null;" DisplayInKeyboardHelp="true"/>
      <Trigger Name="KEY-DOWN" TriggerText="down;" DisplayInKeyboardHelp="true"/>
      <Trigger Name="KEY-DUP-ITEM" KeyboardHelpText="Record Error" TriggerText="--&amp;#10;-- steve pusey 22/4/96&amp;#10;--&amp;#10;BEGIN&amp;#10;&amp;#10;  oasis_standard_procs.key_dupitem_trigger;&amp;#10;&amp;#10;END;" DisplayInKeyboardHelp="true"/>
      <Trigger Name="KEY-DUPREC" TriggerText="duplicate_record;" DisplayInKeyboardHelp="true"/>
      <Trigger Name="KEY-EDIT" TriggerText="EDIT_TEXTITEM;" DisplayInKeyboardHelp="true"/>
      <Trigger Name="KEY-ENTER" TriggerText="null;" DisplayInKeyboardHelp="true"/>
      <Trigger Name="KEY-ENTQRY" TriggerText="enter_query;" DisplayInKeyboardHelp="true"/>
      <Trigger Name="KEY-EXEQRY" TriggerText="execute_query;" DisplayInKeyboardHelp="true"/>
      <Trigger Name="KEY-LISTVAL" TriggerText="list_values;" DisplayInKeyboardHelp="true"/>
      <Trigger Name="KEY-NEXT-ITEM" TriggerText="replace_t_with_current_date;&amp;#10;&amp;#10;next_item;" DisplayInKeyboardHelp="true"/>
      <Trigger Name="KEY-NXTREC" TriggerText="next_record;" DisplayInKeyboardHelp="true"/>
      <Trigger Name="KEY-NXTSET" TriggerText="next_set;" DisplayInKeyboardHelp="true"/>
      <Trigger Name="KEY-PREV-ITEM" TriggerText="replace_t_with_current_date;&amp;#10;&amp;#10;PREVIOUS_ITEM;" DisplayInKeyboardHelp="true"/>
      <Trigger Name="KEY-PRINT" TriggerText="print;" DisplayInKeyboardHelp="true"/>
      <Trigger Name="KEY-PRVREC" TriggerText="PREVIOUS_RECORD;" DisplayInKeyboardHelp="true"/>
      <Trigger Name="KEY-SCRDOWN" TriggerText="SCROLL_DOWN;" DisplayInKeyboardHelp="true"/>
      <Trigger Name="KEY-SCRUP" TriggerText="SCROLL_UP;" DisplayInKeyboardHelp="true"/>
      <Trigger Name="KEY-UP" TriggerText="UP;" DisplayInKeyboardHelp="true"/>
      <Trigger Name="ON-MESSAGE" TriggerText="--&amp;#10;-- steve pusey 19/4/96&amp;#10;--&amp;#10;BEGIN&amp;#10;&amp;#10;  oasis_standard_procs.on_message;&amp;#10;&amp;#10;END;"/>
      <Trigger Name="ON-ERROR" TriggerText="--&amp;#10;-- steve pusey 19/4/96&amp;#10;--&amp;#10;BEGIN&amp;#10;&amp;#10;  oasis_standard_procs.on_error;&amp;#10;&amp;#10;END;"/>
      <Trigger Name="POST-FORM" DirtyInfo="true" TriggerText="sqa_exit_handler;"/>
      <Trigger Name="WHEN-MOUSE-ENTER" DirtyInfo="true" TriggerText="sqa_mouse_handler;"/>
      <Trigger Name="WHEN-WINDOW-RESIZED" DirtyInfo="true" TriggerText="sqa_evt_handler;"/>
      <Trigger Name="WHEN-CUSTOM-ITEM-EVENT" DirtyInfo="true" TriggerText="if :system.custom_item_event = 'TIMEOUT' then&amp;#10;&#x9;&#x9;process_timeout;                     -- call the procedure in stdlib&amp;#10;&#x9;end if;&amp;#10;"/>
      <VisualAttribute Name="MENU_CANVAS_VA" ParentModule="PAS_CUI" ParentModuleType="25" ParentName="MENU_CANVAS_VA" ParentFilename="PAS_CUI.olb" DirtyInfo="true" ParentType="39"/>
      <VisualAttribute Name="WEB_TEXT_BUTTON_CLICK" ParentModule="PAS_CUI" ParentModuleType="25" ParentName="WEB_TEXT_BUTTON_CLICK" ParentFilename="PAS_CUI.olb" DirtyInfo="true" ParentType="39"/>
      <VisualAttribute Name="WEB_TEXT_BUTTON" ParentModule="PAS_CUI" ParentModuleType="25" ParentName="WEB_TEXT_BUTTON" ParentFilename="PAS_CUI.olb" DirtyInfo="true" ParentType="39"/>
      <VisualAttribute Name="BACKGROUND_LINK_BOX_VA" ParentModule="PAS_CUI" ParentModuleType="25" ParentName="BACKGROUND_LINK_BOX_VA" ParentFilename="PAS_CUI.olb" DirtyInfo="true" ParentType="39"/>
      <VisualAttribute Name="FORM_TITLE_VA" ParentModule="PAS_CUI" ParentModuleType="25" ParentName="FORM_TITLE_VA" ParentFilename="PAS_CUI.olb" DirtyInfo="true" ParentType="39"/>
      <VisualAttribute Name="SECTION_TITLE_VA" ParentModule="PAS_CUI" ParentModuleType="25" ParentName="SECTION_TITLE_VA" ParentFilename="PAS_CUI.olb" DirtyInfo="true" ParentType="39"/>
      <Window Name="MAIN_FORM_WINDOW" ShowHorizontalScrollbar="false" HorizontalToolbarCanvasName="TOOLBAR_CANVAS" ClearAllowed="true" MinimizeAllowed="true" IconFilename="" Title="Security Login Screen" Width="755" InheritMenu="true" WindowStyle="Document" ResizeAllowed="true" PrimaryCanvas="CNV_CONTENT" HideOnExit="false" XPosition="0" YPosition="0" Bevel="None" MaximizeAllowed="true" DirtyInfo="true" VisualAttributeName="DEFAULT" Modal="false" MoveAllowed="true" ShowVerticalScrollbar="false" Height="480"/>
      <Window Name="WND_HIDE" Width="540" Height="324"/>
      <ObjectGroup Name="KEY_TRIGGERS" DirtyInfo="true" ObjectGroupType="22">
         <ObjectGroupChild Name="KEY-CLRFRM" Type="Trigger"/>
         <ObjectGroupChild Name="KEY-CLRBLK" Type="Trigger"/>
         <ObjectGroupChild Name="KEY-CLRREC" Type="Trigger"/>
         <ObjectGroupChild Name="KEY-COMMIT" Type="Trigger"/>
         <ObjectGroupChild Name="KEY-CQUERY" Type="Trigger"/>
         <ObjectGroupChild Name="KEY-CREREC" Type="Trigger"/>
         <ObjectGroupChild Name="KEY-DELREC" Type="Trigger"/>
         <ObjectGroupChild Name="KEY-DOWN" Type="Trigger"/>
         <ObjectGroupChild Name="KEY-DUP-ITEM" Type="Trigger"/>
         <ObjectGroupChild Name="KEY-DUPREC" Type="Trigger"/>
         <ObjectGroupChild Name="KEY-EDIT" Type="Trigger"/>
         <ObjectGroupChild Name="KEY-ENTER" Type="Trigger"/>
         <ObjectGroupChild Name="KEY-ENTQRY" Type="Trigger"/>
         <ObjectGroupChild Name="KEY-EXEQRY" Type="Trigger"/>
         <ObjectGroupChild Name="KEY-LISTVAL" Type="Trigger"/>
         <ObjectGroupChild Name="KEY-NEXT-ITEM" Type="Trigger"/>
         <ObjectGroupChild Name="KEY-NXTREC" Type="Trigger"/>
         <ObjectGroupChild Name="KEY-NXTSET" Type="Trigger"/>
         <ObjectGroupChild Name="KEY-PREV-ITEM" Type="Trigger"/>
         <ObjectGroupChild Name="KEY-PRINT" Type="Trigger"/>
         <ObjectGroupChild Name="KEY-PRVREC" Type="Trigger"/>
         <ObjectGroupChild Name="KEY-SCRDOWN" Type="Trigger"/>
         <ObjectGroupChild Name="KEY-SCRUP" Type="Trigger"/>
         <ObjectGroupChild Name="KEY-UP" Type="Trigger"/>
      </ObjectGroup>
      <ObjectGroup Name="ABOUT_FORM_PARAMETERS" DirtyInfo="true" ObjectGroupType="22">
         <ObjectGroupChild Name="P_TEMPLATE" Type="ModuleParameter"/>
         <ObjectGroupChild Name="P_VERSION" Type="ModuleParameter"/>
         <ObjectGroupChild Name="P_DATE" Type="ModuleParameter"/>
      </ObjectGroup>
      <ObjectGroup Name="ON_TRIGGERS" DirtyInfo="true" ObjectGroupType="22">
         <ObjectGroupChild Name="ON-MESSAGE" Type="Trigger"/>
         <ObjectGroupChild Name="ON-ERROR" Type="Trigger"/>
      </ObjectGroup>
   </FormModule>
</Module>
