<?xml version = '1.0' encoding = 'UTF-8'?>
<Module version="122010300" xmlns="http://xmlns.oracle.com/Forms">
   <FormModule Name="ADTRWCBD" CursorMode="Open" InitializeMenu="DEFAULTMENUAPP" Use3dControls="true" RuntimeComp="5.0" ValidationUnit="Default" DirtyInfo="true" MouseNavigationLimit="Form" SavepointMode="true" FirstNavigationBlockName="CANCELLED_ADMISSIONS" ConsoleWindow="MAIN_FORM_WINDOW" MenuModule="OASIS">
      <Coordinate CharacterCellWidth="7" RealUnit="Point" DefaultFontScaling="false" CharacterCellHeight="16" CoordinateSystem="Real"/>
      <Alert Name="STANDARD_ALERT" DirtyInfo="true" Button1Label="OK" VisualAttributeName="DEFAULT" Button2Label="" DefaultAlertButton="Button 1" AlertStyle="Note"/>
      <Alert Name="WARNING_ALERT" DirtyInfo="true" Button1Label="OK" VisualAttributeName="DEFAULT" Button2Label="" DefaultAlertButton="Button 1" AlertStyle="Note"/>
      <Alert Name="ERROR_ALERT" DirtyInfo="true" Button1Label="OK" VisualAttributeName="DEFAULT" Button2Label="" DefaultAlertButton="Button 1" AlertStyle="Note"/>
      <Alert Name="QUESTION_ALERT" DirtyInfo="true" Button1Label="Yes" VisualAttributeName="DEFAULT" Button2Label="No" DefaultAlertButton="Button 1" AlertStyle="Note"/>
      <Block Name="BUTTONS" DirtyInfo="true" ScrollbarWidth="14" ScrollbarLength="135">
         <Item Name="CANCEL_BTN" ShowHorizontalScrollbar="false" Width="35" ItemType="Text Item" ImplementationClass="" ParentModule="ADTRWCBD" CompressionQuality="None" XPosition="155" ParentModuleType="12" YPosition="345" DatabaseItem="false" ParentName="CANCEL_BUTTON_CLASS" Bevel="None" DirtyInfo="true" VisualAttributeName="WEB_TEXT_BUTTON" Label="" CanvasName="BOILER_PLATE_CANVAS" MultiLine="false" KeyboardNavigable="false" ParentType="29" ShowVerticalScrollbar="false" TooltipVisualAttributeGroup="V7_VA_TOOLTIP" Height="14">
            <Trigger Name="WHEN-MOUSE-CLICK" DirtyInfo="true" TriggerText="--NAME&#x9;&#x9;&#x9;DATE&#x9;&#x9;CHANGE&amp;#10;--WILLIAM AKIN&#x9;&#x9;04/03/97&#x9;CREATED&amp;#10;-- Dan Bevington 14/09/2004 - Modified&amp;#10;Begin&amp;#10;&#x9;OASIS_WHEN_MOUSE_CLICK.WHEN_MOUSE_CLICK;&amp;#10;  Go_item('cancelled_admissions.start_date');&amp;#10;  Show_window('w_report');&amp;#10;  Hide_View('boiler_plate_canvas');&amp;#10;  Hide_Window('boiler_plate_window');&amp;#10;End;"/>
         </Item>
         <Item Name="REPORT_BUTTON" Justification="Center" Width="75" CompressionQuality="None" XPosition="541" YPosition="217" DatabaseItem="false" Bevel="None" CanvasName="CANCELLED_ADMISSIONS" MultiLine="false" KeyboardNavigable="false" ParentType="29" Height="14" ShowHorizontalScrollbar="false" IconFilename="REPORT" ItemType="Text Item" ImplementationClass="" ParentModule="ADTRWCBD" ParentModuleType="12" ParentName="BUTTON_CLASS" DirtyInfo="true" VisualAttributeName="WEB_TEXT_BUTTON" Label="" ShowVerticalScrollbar="false" TooltipVisualAttributeGroup="V7_VA_TOOLTIP">
            <Trigger Name="WHEN-MOUSE-CLICK" DirtyInfo="true" TriggerText="-- fire KEY-COMMIT at block level, this runs the report&amp;#10;--&amp;#10;-- date&#x9;&#x9;&#x9;&#x9;by&#x9;&#x9;&#x9;&#x9;change&amp;#10;-- 24/08/2000&#x9;Steve&#x9;&#x9;&#x9;Created&amp;#10;--&amp;#10;BEGIN&amp;#10;&#x9;validate (FORM_SCOPE);&amp;#10;&#x9;&amp;#10;&#x9;IF not form_success THEN&amp;#10;&#x9;&#x9;RETURN;&amp;#10;&#x9;END IF;&amp;#10;&#x9;&amp;#10;&#x9;IF :SYSTEM.CURSOR_BLOCK != 'CANCELLED_ADMISSIONS' THEN&amp;#10;&#x9;&#x9;go_block ('CANCELLED_ADMISSIONS');&amp;#10;&#x9;END IF;&amp;#10;&#x9;&amp;#10;&#x9;do_key ('COMMIT_FORM');&amp;#10;&#x9;&amp;#10;END;"/>
         </Item>
         <Item Name="CANCELLED_ADMISSION_CANCEL_BTN" ShowHorizontalScrollbar="false" TabPageName="" Width="35" ItemType="Text Item" ImplementationClass="" ParentModule="ADTRWCBD" CompressionQuality="None" XPosition="302" ParentModuleType="12" YPosition="217" DatabaseItem="false" ParentName="CANCEL_BUTTON_CLASS" Bevel="None" DirtyInfo="true" VisualAttributeName="WEB_TEXT_BUTTON" Label="PUSH_BUTTON341" CanvasName="CNV_HIDE" MultiLine="false" KeyboardNavigable="false" ParentType="29" ShowVerticalScrollbar="false" TooltipVisualAttributeGroup="V7_VA_TOOLTIP" Height="14">
            <Trigger Name="WHEN-MOUSE-CLICK" DirtyInfo="true" TriggerText="-- Name&#x9;&#x9;&#x9;date&#x9;&#x9;&#x9;Change&amp;#10;-- William akin&#x9;&#x9;11/07/1997&#x9;&#x9;creation&amp;#10;&amp;#10;&amp;#10;begin&amp;#10;oasis_exit_form;&amp;#10;end;"/>
         </Item>
         <Trigger Name="WHEN-MOUSE-UP" DirtyInfo="true" TriggerText="-- 09/09/2004 - Dan Bevington - Creation&amp;#10;Begin&amp;#10;&#x9;DEFAULT_VALUE (NULL,'GLOBAL.LAST_ITEM');&amp;#10;&#x9;IF :global.last_item IS NOT NULL THEN&amp;#10;--&#x9;&#x9;set_item_property (:SYSTEM.TRIGGER_ITEM, FOREGROUND_COLOR, 'r100g50b0');&amp;#10;--&#x9;&#x9;set_application_property (CURSOR_STYLE,Win_API.GetResource('ARROW'));&amp;#10;&#x9;&#x9;GO_ITEM (:global.last_item);&amp;#10;&#x9;END IF;&amp;#10;End;"/>
      </Block>
      <Block Name="TITLES" DirtyInfo="true" ScrollbarWidth="14" ScrollbarLength="135">
         <Item Name="DSP_TITLE" Justification="Start" TabPageName="" Width="276" MaximumLength="30" ParentModule="ADTRWCBD" XPosition="105" ParentModuleType="12" YPosition="3" DatabaseItem="false" ParentName="FORM_TITLE_CLASS" DirtyInfo="true" CanvasName="CNV_CONTENT" ParentType="29" TooltipVisualAttributeGroup="V7_VA_TOOLTIP"/>
      </Block>
      <Block Name="LT_FUNCTIONS" DirtyInfo="true" ScrollbarWidth="14" ScrollbarLength="135">
         <Item Name="IMG_FUNCTIONS" Prompt="Functions" TabPageName="" PromptAttachmentOffset="36" PromptAlignOffset="0" PromptFontSize="900" Width="16" ItemType="Image" ImageFormat="BMP" XPosition="79" YPosition="0" DatabaseItem="false" Bevel="None" PromptForegroundColor="Allscripts Link Blue" DirtyInfo="true" VisualAttributeName="MENU_TEXT_ITEMS_VA" PromptFontName="Arial" PromptFontStyle="Plain" PromptFontWeight="Bold" PromptFontSpacing="Normal" TooltipVisualAttributeGroup="V7_VA_TOOLTIP" Height="14">
            <Trigger Name="WHEN-MOUSE-CLICK" DirtyInfo="true" TriggerText="HCI_UPGRADE.functions_when_mouse_click;"/>
         </Item>
         <Item Name="NAVIGATE_BUTTON" Justification="Start" TabPageName="" DistanceBetweenRecords="0" Width="80" ItemType="Display Item" CopyValueFromItem="TEXT.BPT_25" PopupMenuName="" ParentModule="ADTRWCBD" XPosition="5" ParentModuleType="12" YPosition="18" DatabaseItem="false" ParentName="MENU_ITEM_CLASS" Bevel="None" FontStyle="Plain" DirtyInfo="true" FontSpacing="Normal" KeyboardNavigable="true" ParentType="29">
            <Trigger Name="WHEN-MOUSE-CLICK" DirtyInfo="true" TriggerText="--&amp;#10;-- Steve Pusey 15/4/96&amp;#10;--&amp;#10;-- toggle between navigation and default menus&amp;#10;--&amp;#10;BEGIN&amp;#10;&amp;#10;  oasis_menu.toggle_menu;&amp;#10;&amp;#10;END;"/>
         </Item>
         <Trigger Name="WHEN-NEW-BLOCK-INSTANCE" DirtyInfo="true" TriggerText="READ_IMAGE_FILE(hci_upgrade.g_image_directory || 'pas_expand_menu.gif', 'gif', 'LT_FUNCTIONS.IMG_FUNCTIONS');"/>
         <Trigger Name="WHEN-MOUSE-DOWN" DirtyInfo="true" TriggerText="SET_ITEM_PROPERTY(:SYSTEM.TRIGGER_ITEM,VISUAL_ATTRIBUTE,'WEB_TEXT_BUTTON_CLICK');"/>
         <Trigger Name="WHEN-MOUSE-UP" DirtyInfo="true" TriggerText="SET_ITEM_PROPERTY(:SYSTEM.TRIGGER_ITEM,VISUAL_ATTRIBUTE,'WEB_TEXT_BUTTON');"/>
         <Trigger Name="WHEN-NEW-ITEM-INSTANCE" DirtyInfo="true" TriggerText="NULL;"/>
      </Block>
      <Block Name="CANCELLED_ADMISSIONS" RecordsDisplayCount="1" DirtyInfo="true" VisualAttributeName="DEFAULT" DatabaseBlock="false" QueryDataSourceType="None" DMLDataType="None" RecordOrientation="Vertical" ShowScrollbar="false" SingleRecord="true">
         <Item Name="SITE_USER_CODE" ShowHorizontalScrollbar="false" ValidateFromList="false" TabPageName="" Width="40" InsertAllowed="true" MaximumLength="15" ItemType="Display Item" InitializeValue="" UpdateAllowed="true" CompressionQuality="None" XPosition="86" YPosition="64" DatabaseItem="false" DirtyInfo="true" VisualAttributeName="TEXT_ITEM_VA" CanvasName="" Visible="false" CaseRestriction="Upper" ShowVerticalScrollbar="false" TooltipVisualAttributeGroup="V7_VA_TOOLTIP" Height="17" LovName=""/>
         <Item Name="SITE_CODE" ShowHorizontalScrollbar="false" Width="60" InsertAllowed="false" ItemType="Display Item" DataType="Number" UpdateAllowed="false" CompressionQuality="None" DatabaseItem="false" DirtyInfo="true" VisualAttributeName="DEFAULT" ShowVerticalScrollbar="false" TooltipVisualAttributeGroup="V7_VA_TOOLTIP" Height="17"/>
         <Item Name="SITE_LOV" Enabled="true" Width="20" CompressionQuality="None" XPosition="361" YPosition="92" DatabaseItem="false" AutoHint="false" MouseNavigate="false" CanvasName="CANCELLED_ADMISSIONS" KeyboardNavigable="false" Height="14" ShowHorizontalScrollbar="false" Iconic="true" IconFilename="b_lov_b3" TabPageName="" ItemType="Push Button" ImplementationClass="" DirtyInfo="true" VisualAttributeName="TEXT_ITEM_VA_LOV" Label="PUSH_BUTTON376" DefaultButton="false" Visible="true" ShowVerticalScrollbar="false" TooltipVisualAttributeGroup="V7_VA_TOOLTIP">
            <Trigger Name="WHEN-BUTTON-PRESSED" DirtyInfo="true" TriggerText="--&amp;#10;-- Date &#x9; &#x9;&#x9;By&#x9;&#x9;&#x9;&#x9;Change&amp;#10;-- 16/02/2004&#x9;Jonathan&#x9;Created&amp;#10;--&amp;#10;&amp;#10;BEGIN&amp;#10;&amp;#10;  GO_ITEM('cancelled_admissions.site_name');&amp;#10;  DO_KEY('list_Values');&amp;#10;  &amp;#10;END;"/>
         </Item>
         <Item Name="SITE_NAME" ShowHorizontalScrollbar="false" TabPageName="" Width="250" InsertAllowed="false" MaximumLength="80" UpdateAllowed="true" BackColor="gray8" CompressionQuality="None" XPosition="111" YPosition="92" DatabaseItem="false" Bevel="Plain" DirtyInfo="true" VisualAttributeName="TEXT_ITEM_VA" ForegroundColor="black" CanvasName="CANCELLED_ADMISSIONS" Visible="true" QueryLength="0" KeyboardNavigable="true" ShowVerticalScrollbar="false" TooltipVisualAttributeGroup="V7_VA_TOOLTIP" Height="14">
            <Trigger Name="KEY-LISTVAL" DirtyInfo="true" TriggerText="--&amp;#10;--Date        By      Change&amp;#10;--01/07/2003  ROB     Creation&amp;#10;--&amp;#10;BEGIN&amp;#10;  if Show_lov('SITE_LOV') then&amp;#10;    NULL;&amp;#10;  end if;&amp;#10;END;"/>
            <Trigger Name="WHEN-VALIDATE-ITEM" DirtyInfo="true" TriggerText="-- Blanks out code when desc is removed&amp;#10;-- date&#x9;&#x9;&#x9;&#x9;by&#x9;&#x9;&#x9;&#x9;change&amp;#10;-- 16/02/2004&#x9;Jonathan&#x9;Created&amp;#10;BEGIN&amp;#10;&#x9;&amp;#10;  IF :cancelled_admissions.SITE_NAME IS NULL THEN&amp;#10;&#x9;&#x9;:cancelled_admissions.SITE_USER_CODE := NULL;&amp;#10;&#x9;END IF;&amp;#10;END;"/>
         </Item>
         <Item Name="START_DATE" ShowHorizontalScrollbar="false" ParentModule="ADTRWCBD" CompressionQuality="None" XPosition="111" ParentModuleType="12" YPosition="47" DatabaseItem="false" ParentName="CUI_DATE_INPUT" DirtyInfo="true" CanvasName="CANCELLED_ADMISSIONS" ParentType="29" ShowVerticalScrollbar="false">
            <Trigger Name="WHEN-MOUSE-DOUBLECLICK" DirtyInfo="true" TriggerText="-- Calls oasis_syscalen&amp;#10;--&amp;#10;-- date&#x9;&#x9;By&#x9;&#x9;Change&amp;#10;-- 17/12/1997&#x9;Simon&#x9;&#x9;Creation&amp;#10;DECLARE&amp;#10;&#x9;v_date_2 date;&amp;#10;&#x9;v_date_3 date;&amp;#10;BEGIN&amp;#10;  OASIS_SYSCALEN_V2(2,&amp;#10;                    :CANCELLED_ADMISSIONS.START_DATE,&amp;#10;                   &#x9;:CANCELLED_ADMISSIONS.END_DATE,&amp;#10;                    v_date_3,&amp;#10;                    :text.bpt_15,&amp;#10;                    :text.bpt_16,&amp;#10;                    null);  &amp;#10;END;"/>
         </Item>
         <Item Name="START_DATE_CALEN" Iconic="true" IconFilename="b_diary" TabPageName="" Width="20" ItemType="Push Button" XPosition="176" YPosition="47" DirtyInfo="true" MouseNavigate="false" CanvasName="CANCELLED_ADMISSIONS" KeyboardNavigable="false" Height="14">
            <Trigger Name="WHEN-BUTTON-PRESSED" DirtyInfo="true" TriggerText="begin&amp;#10;&#x9;if :system.cursor_item != 'START_DATE' then&amp;#10;&#x9;&#x9;go_item('CANCELLED_ADMISSIONS.START_DATE');&amp;#10;&#x9;end if;&#x9;&amp;#10;&#x9;execute_trigger('WHEN-MOUSE-DOUBLECLICK');&amp;#10;end;&amp;#10;&amp;#10;&#x9;"/>
         </Item>
         <Item Name="END_DATE" ShowHorizontalScrollbar="false" ParentModule="ADTRWCBD" CompressionQuality="None" XPosition="111" ParentModuleType="12" YPosition="62" DatabaseItem="false" ParentName="CUI_DATE_INPUT" DirtyInfo="true" CanvasName="CANCELLED_ADMISSIONS" ParentType="29" ShowVerticalScrollbar="false">
            <Trigger Name="WHEN-MOUSE-DOUBLECLICK" DirtyInfo="true" TriggerText="-- Calls oasis_syscalen&amp;#10;--&amp;#10;-- date&#x9;&#x9;By&#x9;&#x9;Change&amp;#10;-- 17/12/1997&#x9;Simon&#x9;&#x9;Creation&amp;#10;DECLARE&amp;#10;&#x9;v_date_2 date;&amp;#10;&#x9;v_date_3 date;&amp;#10;BEGIN&amp;#10;  OASIS_SYSCALEN_V2(1,&amp;#10;                    :CANCELLED_ADMISSIONS.END_DATE,&amp;#10;                   &#x9;v_date_2,&amp;#10;                    v_date_3,&amp;#10;                    :text.bpt_16,&amp;#10;                    null,&amp;#10;                    null);  &amp;#10;END;"/>
         </Item>
         <Item Name="END_DATE_CALEN" XPosition="176" YPosition="62" Iconic="true" DirtyInfo="true" IconFilename="b_diary" TabPageName="" Width="20" MouseNavigate="false" CanvasName="CANCELLED_ADMISSIONS" ItemType="Push Button" Height="14">
            <Trigger Name="WHEN-BUTTON-PRESSED" DirtyInfo="true" TriggerText="begin&amp;#10;&#x9;if :system.cursor_item != 'END_DATE' then&amp;#10;&#x9;&#x9;go_item('CANCELLED_ADMISSIONS.END_DATE');&amp;#10;&#x9;end if;&#x9;&amp;#10;&#x9;execute_trigger('WHEN-MOUSE-DOUBLECLICK');&amp;#10;end;&amp;#10;&amp;#10;&#x9;"/>
         </Item>
         <Item Name="NUM_DAYS" ShowHorizontalScrollbar="false" Width="137" Comment="" DataType="Char" BackColor="gray8" ParentModule="ADTRWCBD" CompressionQuality="None" XPosition="111" ParentModuleType="12" YPosition="77" DatabaseItem="false" ParentName="TEXT_ITEM_CLASS" Bevel="Plain" DirtyInfo="true" ForegroundColor="black" FormatMask="" CanvasName="CANCELLED_ADMISSIONS" CaseRestriction="Upper" ParentType="29" ShowVerticalScrollbar="false" TooltipVisualAttributeGroup="V7_VA_TOOLTIP" Height="14"/>
         <Item Name="CANCELLED_BY" ShowHorizontalScrollbar="false" Width="460" MaximumLength="80" ItemType="List Item" InitializeValue="H" BackColor="gray8" CompressionQuality="None" XPosition="111" Required="true" YPosition="107" DatabaseItem="false" DirtyInfo="true" VisualAttributeName="TEXT_ITEM_VA" ForegroundColor="black" CanvasName="CANCELLED_ADMISSIONS" ListElementCount="1" ShowVerticalScrollbar="false" TooltipVisualAttributeGroup="V7_VA_TOOLTIP" Height="15">
            <ListItemElement Index="1" Name="&lt;list not populated>" Value="H"/>
         </Item>
         <Item Name="ORDER_BY" ShowHorizontalScrollbar="false" Width="460" MaximumLength="80" ItemType="List Item" InitializeValue="PN" BackColor="gray8" ParentModule="ADTRWCBD" CompressionQuality="None" XPosition="111" Required="true" ParentModuleType="12" YPosition="123" DatabaseItem="false" ParentName="TEXT_ITEM_CLASS" DirtyInfo="true" ForegroundColor="black" CanvasName="CANCELLED_ADMISSIONS" ListElementCount="1" ParentType="29" ShowVerticalScrollbar="false" TooltipVisualAttributeGroup="V7_VA_TOOLTIP" Height="15">
            <ListItemElement Index="1" Name="&lt;list not populated>" Value="PN"/>
         </Item>
         <Item Name="DESTINATION" ShowHorizontalScrollbar="false" Width="460" MaximumLength="80" ItemType="List Item" InitializeValue="PREVIEW" BackColor="gray8" ParentModule="ADTRWCBD" CompressionQuality="None" XPosition="111" Required="true" ParentModuleType="12" YPosition="139" DatabaseItem="false" ParentName="TEXT_ITEM_CLASS" DirtyInfo="true" ForegroundColor="black" CanvasName="CANCELLED_ADMISSIONS" ListElementCount="1" ParentType="29" ShowVerticalScrollbar="false" TooltipVisualAttributeGroup="V7_VA_TOOLTIP" Height="15">
            <ListItemElement Index="1" Name="&lt;list not populated>" Value="PREVIEW"/>
         </Item>
         <Item Name="CONTROL_ITEM" ValidateFromList="false" LovXPosition="0" Justification="Left" LovYPosition="0" ListStyle="Poplist" Width="0" MaximumLength="1" WrapStyle="Word" AutoSkip="false" BackColor="white" CompressionQuality="None" XPosition="0" YPosition="0" DatabaseItem="false" Bevel="Lowered" AutoHint="false" MouseNavigate="true" CanvasName="TOOLBAR_CANVAS" MultiLine="false" CaseInsensitiveQuery="false" KeyboardNavigable="true" CaseRestriction="Mixed" CheckBoxOtherValues="Not Allowed" Comment="This item is created as a hidden enterable field to allow the query on this block to operate" PrimaryKey="false" DirtyInfo="true" DefaultButton="false" QueryAllowed="true" Visible="true" QueryLength="1" DisplayQuality="High" EditXPosition="0" EditYPosition="0" Enabled="true" DistanceBetweenRecords="0" FillPattern="transparent" FixedLength="false" Required="false" FontName="Fixedsys" FontSize="900" FontStyle="Plain" FontWeight="Demilight" FontSpacing="Normal" ForegroundColor="black" Height="0" ConcealData="false" SizingStyle="Crop" ShowHorizontalScrollbar="false" Iconic="false" InsertAllowed="true" ItemType="Text Item" DataType="Char" UpdateAllowed="true" UpdateIfNull="false" KeepCursorPosition="false" LockRecord="false" ShowVerticalScrollbar="false" TooltipVisualAttributeGroup="V7_VA_TOOLTIP"/>
         <Trigger Name="KEY-COMMIT" DirtyInfo="true" TriggerText="begin&amp;#10;&#x9;run_report;&amp;#10;end;&amp;#10;&amp;#10;&amp;#10;/*&amp;#10;-- NAME&#x9;&#x9;&#x9;DATE&#x9;&#x9;&#x9;CHANGE&amp;#10;-- WILLIAM AKIN&#x9;&#x9;11/07/1997&#x9;&#x9;CREATION&amp;#10;-- Steve&#x9;&#x9;24/08/2000&#x9;The order by ORDER_CRN, and ADMIT_DATE options were not working. They are now.&amp;#10;-- Quintin&#x9;20/08/2003 added a field to allow the user to amend the number of not admitted days. &amp;#10;-- Jonathan&#x9;16/02/2004 Added CANCELLED_BY and SITE_CODE handling.&amp;#10;--&amp;#10;  &amp;#10;DECLARE&amp;#10;&amp;#10;&#x9;pl_id paramlist:=get_parameter_list('patep');&amp;#10;  V_ORDER_BY_CLAUSE     VARCHAR2(300):= '';&amp;#10;  &amp;#10;BEGIN&amp;#10;        &amp;#10;&#x9;&#x9;IF :cancelled_admissions.start_date is null &amp;#10;&#x9;&#x9;&#x9;OR :cancelled_admissions.end_date is null &amp;#10;&#x9;&#x9;&#x9;OR :CANCELLED_ADMISSIONS.NUM_DAYS is null THEN&amp;#10;&#x9;  &#x9;display_alert ('WARNING_ALERT', 9098); -- please enter ALL fields&amp;#10;&#x9;    RAISE form_trigger_failure;&amp;#10;&#x9;&#x9;END IF;&amp;#10;&#x9;&#x9;&amp;#10;&#x9;&#x9;-- QS 20/08/2003 ensure that the value in this field is a number&amp;#10;&#x9;&#x9;IF NOT IS_NUMBER(:CANCELLED_ADMISSIONS.NUM_DAYS) THEN&amp;#10;&#x9;&#x9;&#x9;DISPLAY_STANDARD_ALERT('NOT A NUMBER');&amp;#10;&#x9;&#x9;&#x9;display_alert ('WARNING_ALERT',9096);&amp;#10;&#x9;&#x9;&#x9;RAISE form_trigger_failure;&amp;#10;&#x9;&#x9;END IF;&amp;#10;&#x9;    &amp;#10;&#x9;  IF not id_null(pl_id) then -- IF THE PARAMETER LIST ALREADY EXIST DESTROY IT&amp;#10;&#x9;  &#x9;destroy_parameter_list('patep');&amp;#10;&#x9;  END IF;&amp;#10;&#x9;&amp;#10;&#x9;        &#x9;&amp;#10;&#x9;&#x9; pl_id := create_parameter_list('patep');&amp;#10;&amp;#10;&#x9;&amp;#10;&#x9;  IF :CANCELLED_ADMISSIONS.ORDER_BY = 'AD' THEN&amp;#10;&#x9;            V_ORDER_BY_CLAUSE := 'ORDER BY b.PLANNED_ADMIT_DATE';&amp;#10;&#x9;                 &amp;#10;&#x9;&#x9;ELSIF :CANCELLED_ADMISSIONS.ORDER_BY = 'C' THEN&amp;#10;&#x9;              V_ORDER_BY_CLAUSE := 'ORDER BY CRN';    &amp;#10;&#x9;&amp;#10;&#x9;&#x9;ELSIF :CANCELLED_ADMISSIONS.ORDER_BY = 'OC' THEN&amp;#10;&#x9;              V_ORDER_BY_CLAUSE := 'ORDER BY SUBSTR(OASPAS_PACKAGE.GET_ORDER_CRN (a.PATIENT_ID),1,30)'; &amp;#10;&#x9;&amp;#10;&#x9;&#x9;ELSIF :CANCELLED_ADMISSIONS.ORDER_BY = 'PN' THEN&amp;#10;&#x9;              V_ORDER_BY_CLAUSE := 'ORDER BY PATIENT_NAME'; &amp;#10;&#x9;    &amp;#10;&#x9;&#x9;END IF;&amp;#10; &#x9;&amp;#10;&#x9; &#x9;add_parameter(pl_id,'P_char_start_date',text_parameter,to_char(:cancelled_admissions.start_date,:GLOBAL.DATETIME_MASK));&amp;#10;&#x9; &#x9;add_parameter(pl_id,'P_char_end_date',text_parameter,to_char(:cancelled_admissions.end_date,:GLOBAL.DATETIME_MASK));&amp;#10;&#x9;  add_parameter(pl_id,'destype',text_parameter,:cancelled_admissions.DESTINATION);&amp;#10;&#x9;&#x9;ADD_PARAMETER(Pl_ID, 'PARAMFORM', TEXT_PARAMETER, 'NO');&amp;#10;&#x9;  ADD_PARAMETER(Pl_ID, 'P_ORDER_BY_CLAUSE'  , TEXT_PARAMETER, V_ORDER_BY_CLAUSE);&amp;#10;&#x9;  add_parameter(pl_id, 'P_DATE_MASK', text_parameter, :GLOBAL.DATE_MASK);&amp;#10;&#x9;&#x9;add_parameter(pl_id, 'P_DATETIME_MASK', text_parameter, :GLOBAL.DATETIME_MASK);&amp;#10;&#x9; &#x9;add_parameter(pl_id, 'p_hospital_id', text_parameter,TO_CHAR(get_hospital_id(TO_NUMBER(:global.current_work_entity))));   &amp;#10;--&#x9;&#x9;ADD_PARAMETER(Pl_ID, 'p_duration_period',TEXT_PARAMETER, :text.bpt_8);&amp;#10;&#x9;&#x9;ADD_PARAMETER(Pl_ID, 'p_duration_period',TEXT_PARAMETER, :CANCELLED_ADMISSIONS.NUM_DAYS);&amp;#10;&#x9;&#x9;-- JB 16/02/04 Modified&amp;#10;--&#x9;  add_parameter (pl_id, 'P_title', text_parameter,:text.bptr_adtwcbdr_title);&amp;#10;&#x9;  add_parameter (pl_id, 'P_title', text_parameter,&amp;#10;&#x9;  &#x9;&#x9;&#x9;&#x9;&#x9;REPLACE(&amp;#10;&#x9;  &#x9;&#x9;&#x9;&#x9;&#x9;&#x9;&#x9;&#x9;REPLACE(:text.bptr_adtwcbdr_title,&amp;#10;&#x9;  &#x9;&#x9;&#x9;&#x9;&#x9;&#x9;&#x9;&#x9;&#x9;&#x9;&#x9;&#x9;&#x9;&#x9;&#x9;&#x9;'{2}', REPLACE(:TEXT.BPT_12, '{1}', :CANCELLED_ADMISSIONS.NUM_DAYS)),&amp;#10;&#x9;  &#x9;&#x9;&#x9;&#x9;&#x9;&#x9;&#x9;&#x9;&#x9;&#x9;&#x9;&#x9;&#x9;&#x9;&#x9;&#x9;'{1}', LOWER(NAME_IN('text.bpt_11_' || :cancelled_admissions.cancelled_by))&amp;#10;&#x9;  &#x9;&#x9;&#x9;&#x9;&#x9;&#x9;&#x9;&#x9;&#x9;&#x9;&#x9;&#x9;));&amp;#10;&#x9;  &#x9;&#x9;&#x9;&#x9;&#x9;&#x9;&#x9;&#x9;&#x9;&#x9;&#x9;&#x9;&amp;#10;&#x9;&#x9;-- JB 16/02/04 Added&amp;#10;    IF :cancelled_admissions.cancelled_by = 'HP' THEN&amp;#10;&#x9;&#x9;  add_parameter (pl_id, 'p_cancelled_by', text_parameter, 'IN ( 1, 2 )');&amp;#10;    ELSIF :cancelled_admissions.cancelled_by = 'P' THEN&amp;#10;&#x9;&#x9;  add_parameter (pl_id, 'p_cancelled_by', text_parameter, '= 2');&amp;#10;    ELSIF :cancelled_admissions.cancelled_by = 'H' THEN&amp;#10;&#x9;&#x9;  add_parameter (pl_id, 'p_cancelled_by', text_parameter, '= 1');&amp;#10;    END IF;&amp;#10;    &amp;#10;    -- JB 16/02/04 Added&amp;#10;    IF :cancelled_admissions.site_code != 0 THEN&amp;#10;&#x9;  &#x9;add_parameter (pl_id, 'P_SITE_CODE', text_parameter, :cancelled_admissions.site_code);&amp;#10;&#x9;  END IF;&amp;#10;&amp;#10;&#x9;  add_parameter (pl_id, 'P_bptr_1', text_parameter,:text.bptr_adtwcbdr_1);&amp;#10;&#x9;  add_parameter (pl_id, 'P_bptr_2', text_parameter,:text.bptr_adtwcbdr_2);&amp;#10;&#x9;  add_parameter (pl_id, 'P_bptr_3', text_parameter,:text.bptr_adtwcbdr_3);&amp;#10;&#x9;  add_parameter (pl_id, 'P_bptr_4', text_parameter,:text.bptr_adtwcbdr_4);&amp;#10;&#x9;  add_parameter (pl_id, 'P_bptr_5', text_parameter,:text.bptr_adtwcbdr_5);&amp;#10;&#x9;  add_parameter (pl_id, 'P_bptr_6', text_parameter,:text.bptr_adtwcbdr_6);&amp;#10;&#x9;  add_parameter (pl_id, 'P_bptr_7', text_parameter,:text.bptr_adtwcbdr_7);&amp;#10;&#x9;  add_parameter (pl_id, 'P_bptr_8', text_parameter,:text.bptr_adtwcbdr_8);&amp;#10;&#x9;  add_parameter (pl_id, 'P_bptr_9', text_parameter,:text.bptr_adtwcbdr_9);&amp;#10;&#x9;  add_parameter (pl_id, 'P_bptr_10', text_parameter,:text.bptr_adtwcbdr_10);  &amp;#10;&#x9;  add_parameter (pl_id, 'P_bptr_11', text_parameter,:text.bptr_adtwcbdr_11);&amp;#10;&#x9;  add_parameter (pl_id, 'P_bptr_12', text_parameter,:text.bptr_adtwcbdr_12);&amp;#10;&#x9;  add_parameter (pl_id, 'P_bptr_13', text_parameter,:text.bptr_adtwcbdr_13);&amp;#10;&#x9;  add_parameter (pl_id, 'P_bptr_14', text_parameter,:text.bptr_adtwcbdr_14);&amp;#10;    &amp;#10;&#x9;  IF :CANCELLED_ADMISSIONS.DESTINATION  in ('Screen','PREVIEW') THEN&amp;#10;&#x9;    run_product(reports,'ADTWCBDR',synchronous,runtime,filesystem,PL_ID,null);&amp;#10;    ELSE&amp;#10;    &#x9;run_product(reports,'ADTWCBDR',synchronous,batch,filesystem,pl_id,null);&#x9; &#x9; &amp;#10;    END IF; &amp;#10;&amp;#10;&amp;#10; END;&amp;#10;*/&amp;#10;  &amp;#10; "/>
      </Block>
      <Block Name="CONTROL" RecordsBufferedCount="0" RecordsDisplayCount="1" RecordsFetchedCount="1" EnforcedColumnSecurity="false" InsertAllowed="false" EnforcedPrimaryKey="false" RecordOrientation="Vertical" UpdateAllowed="false" DeleteAllowed="false" DirtyInfo="true" VisualAttributeName="DEFAULT" KeyMode="Unique" DatabaseBlock="false" QueryDataSourceType="None" QueryAllowed="false" LockMode="Immediate" DMLDataType="None" NavigationStyle="Same Record" ShowScrollbar="false">
         <Item Name="TIMEOUT" Bevel="None" DirtyInfo="true" TabPageName="" Width="0" CanvasName="CNV_CONTENT" ItemType="Bean Area" ImplementationClass="com.capula.eoasis.Timeout" Height="0"/>
         <Item Name="START_TCI_NEXT_DAY" Iconic="true" IconFilename="b_diaryplus" TabPageName="" Width="20" ItemType="Push Button" XPosition="196" YPosition="47" DirtyInfo="true" MouseNavigate="false" CanvasName="CANCELLED_ADMISSIONS" KeyboardNavigable="false" Height="14">
            <Trigger Name="WHEN-MOUSE-CLICK" DirtyInfo="true" TriggerText="BEGIN&amp;#10;&#x9;oasis_when_mouse_click.when_mouse_click;&amp;#10;  IF :CANCELLED_ADMISSIONS.START_DATE &lt; SYSDATE - 1 OR :CANCELLED_ADMISSIONS.START_DATE IS NULL THEN&amp;#10;&amp;#10;  &#x9;:CANCELLED_ADMISSIONS.START_DATE := nvl(:CANCELLED_ADMISSIONS.START_DATE + 1,sysdate);&amp;#10;  &amp;#10;  ELSE  &#x9;&amp;#10; &#x9;&#x9;display_alert('WARNING_ALERT',389);&amp;#10;  &#x9;:CANCELLED_ADMISSIONS.START_DATE := SYSDATE;&amp;#10;  &amp;#10;  END IF;&amp;#10;&amp;#10;END;"/>
         </Item>
         <Item Name="START_TCI_LAST_DAY" Iconic="true" IconFilename="b_diaryminus" TabPageName="" Width="20" ItemType="Push Button" XPosition="216" YPosition="47" DirtyInfo="true" MouseNavigate="false" CanvasName="CANCELLED_ADMISSIONS" KeyboardNavigable="false" Height="14">
            <Trigger Name="WHEN-MOUSE-CLICK" DirtyInfo="true" TriggerText="BEGIN&amp;#10;  oasis_when_mouse_click.when_mouse_click;&amp;#10;  :CANCELLED_ADMISSIONS.START_DATE := nvl(:CANCELLED_ADMISSIONS.START_DATE,sysdate) - 1;&amp;#10;END;"/>
         </Item>
         <Item Name="END_TCI_NEXT_DAY" Iconic="true" IconFilename="b_diaryplus" TabPageName="" Width="20" ItemType="Push Button" XPosition="196" YPosition="62" DirtyInfo="true" MouseNavigate="false" CanvasName="CANCELLED_ADMISSIONS" KeyboardNavigable="false" Height="14">
            <Trigger Name="WHEN-MOUSE-CLICK" DirtyInfo="true" TriggerText="BEGIN&amp;#10;&#x9;oasis_when_mouse_click.when_mouse_click;&amp;#10;  IF :CANCELLED_ADMISSIONS.END_DATE &lt; SYSDATE - 1 OR :CANCELLED_ADMISSIONS.END_DATE IS NULL THEN&amp;#10;&amp;#10;  &#x9;:CANCELLED_ADMISSIONS.END_DATE := nvl(:CANCELLED_ADMISSIONS.END_DATE + 1,sysdate);&amp;#10;  &amp;#10;  ELSE  &#x9;&amp;#10; &#x9;&#x9;display_alert('WARNING_ALERT',389);&amp;#10;  &#x9;:CANCELLED_ADMISSIONS.END_DATE := SYSDATE;&amp;#10;  &amp;#10;  END IF;&amp;#10;&amp;#10;END;"/>
         </Item>
         <Item Name="END_TCI_LAST_DAY" Iconic="true" IconFilename="b_diaryminus" TabPageName="" Width="20" ItemType="Push Button" XPosition="216" YPosition="62" DirtyInfo="true" MouseNavigate="false" CanvasName="CANCELLED_ADMISSIONS" KeyboardNavigable="false" Height="14">
            <Trigger Name="WHEN-MOUSE-CLICK" DirtyInfo="true" TriggerText="BEGIN&amp;#10;  oasis_when_mouse_click.when_mouse_click;&amp;#10;  :CANCELLED_ADMISSIONS.END_DATE := nvl(:CANCELLED_ADMISSIONS.END_DATE,sysdate) - 1;&amp;#10;&amp;#10;END;"/>
         </Item>
         <Item Name="NAV" XPosition="0" YPosition="0" DirtyInfo="true" TabPageName="" Width="0" CanvasName="BOILER_PLATE_CANVAS" TooltipVisualAttributeGroup="V7_VA_TOOLTIP" Height="0"/>
         <Trigger Name="WHEN-MOUSE-LEAVE" TriggerText="--Kill_Hint_Timer;&amp;#10;null;"/>
      </Block>
      <Block Name="TEXT" RecordsBufferedCount="0" RecordsDisplayCount="1" RecordsFetchedCount="0" WhereClause="" EnforcedColumnSecurity="false" InsertAllowed="true" EnforcedPrimaryKey="false" RecordOrientation="Vertical" UpdateAllowed="true" DMLDataName="" DeleteAllowed="true" QueryDataSourceName="" DirtyInfo="true" VisualAttributeName="DEFAULT" KeyMode="Unique" DatabaseBlock="false" QueryDataSourceType="None" QueryAllowed="true" LockMode="Immediate" DMLDataType="None" NavigationStyle="Same Record" ShowScrollbar="false">
         <Item Name="DSP_BREADCRUMB" Justification="Start" TabPageName="" Width="278" MaximumLength="4000" ItemType="Display Item" BackColor="white" XPosition="5" FontName="Arial" YPosition="4" DatabaseItem="false" Bevel="None" FontSize="1000" FontStyle="Italic" DirtyInfo="true" FontWeight="Bold" FontSpacing="Normal" ForegroundColor="darkcyan" CanvasName="CNV_HIDE" TooltipVisualAttributeGroup="V7_VA_TOOLTIP" Height="15"/>
         <Item Name="FUNCTION_ID" ValidateFromList="false" LovXPosition="0" Justification="Left" LovYPosition="0" ListStyle="Poplist" Width="36" MaximumLength="6" WrapStyle="Word" AutoSkip="false" CompressionQuality="None" XPosition="108" YPosition="35" DatabaseItem="true" Bevel="Lowered" AutoHint="false" MouseNavigate="true" MultiLine="false" CaseInsensitiveQuery="false" KeyboardNavigable="true" CaseRestriction="Mixed" CheckBoxOtherValues="Not Allowed" PrimaryKey="false" DirtyInfo="true" DefaultButton="false" QueryAllowed="true" Visible="true" QueryLength="6" DisplayQuality="High" EditXPosition="0" EditYPosition="0" Enabled="true" DistanceBetweenRecords="4364" FixedLength="false" Required="true" Height="17" ConcealData="false" Hint="Enter value for : FUNCTION_ID" SizingStyle="Crop" ShowHorizontalScrollbar="false" Iconic="false" InsertAllowed="true" ItemType="Display Item" DataType="Number" UpdateAllowed="true" UpdateIfNull="false" KeepCursorPosition="false" VisualAttributeName="DEFAULT" Label="Function Id" LockRecord="false" ShowVerticalScrollbar="false" TooltipVisualAttributeGroup="V7_VA_TOOLTIP"/>
         <Item Name="LANGUAGE_ID" ValidateFromList="false" LovXPosition="0" Justification="Left" LovYPosition="0" ListStyle="Poplist" Width="24" MaximumLength="4" WrapStyle="Word" AutoSkip="false" CompressionQuality="None" XPosition="576" YPosition="35" DatabaseItem="true" Bevel="Lowered" AutoHint="false" MouseNavigate="true" MultiLine="false" CaseInsensitiveQuery="false" KeyboardNavigable="true" CaseRestriction="Mixed" CheckBoxOtherValues="Not Allowed" PrimaryKey="false" DirtyInfo="true" DefaultButton="false" QueryAllowed="true" Visible="true" QueryLength="4" DisplayQuality="High" EditXPosition="0" EditYPosition="0" Enabled="true" DistanceBetweenRecords="4364" FixedLength="false" Required="true" Height="17" ConcealData="false" Hint="Enter value for : LANGUAGE_ID" SizingStyle="Crop" ShowHorizontalScrollbar="false" Iconic="false" InsertAllowed="true" ItemType="Display Item" DataType="Number" UpdateAllowed="true" UpdateIfNull="false" KeepCursorPosition="false" VisualAttributeName="DEFAULT" Label="Language Id" LockRecord="false" ShowVerticalScrollbar="false" TooltipVisualAttributeGroup="V7_VA_TOOLTIP"/>
         <Item Name="CONTROL_ITEM" ValidateFromList="false" LovXPosition="0" Justification="Left" LovYPosition="0" ListStyle="Poplist" Width="2" MaximumLength="1" WrapStyle="Word" AutoSkip="false" BackColor="white" CompressionQuality="None" XPosition="16" YPosition="10" DatabaseItem="false" Bevel="Lowered" AutoHint="false" MouseNavigate="true" MultiLine="false" CaseInsensitiveQuery="false" KeyboardNavigable="true" CaseRestriction="Mixed" CheckBoxOtherValues="Not Allowed" Comment="This item is created as a hidden enterable field to allow the query on this block to operate" PrimaryKey="false" DirtyInfo="true" DefaultButton="false" QueryAllowed="true" Visible="true" QueryLength="1" DisplayQuality="High" EditXPosition="0" EditYPosition="0" Enabled="true" DistanceBetweenRecords="0" FillPattern="transparent" FixedLength="false" Required="false" FontName="Fixedsys" FontSize="900" FontStyle="Plain" FontWeight="Demilight" FontSpacing="Normal" ForegroundColor="black" Height="2" ConcealData="false" SizingStyle="Crop" ShowHorizontalScrollbar="false" Iconic="false" InsertAllowed="true" ItemType="Text Item" DataType="Char" UpdateAllowed="true" UpdateIfNull="false" KeepCursorPosition="false" LockRecord="false" ShowVerticalScrollbar="false" TooltipVisualAttributeGroup="V7_VA_TOOLTIP"/>
         <Item Name="BPT_2" ValidateFromList="false" EditXPosition="0" LovXPosition="0" EditYPosition="0" Justification="End" LovYPosition="0" Enabled="true" ListStyle="Poplist" Width="87" FixedLength="false" WrapStyle="Word" AutoSkip="false" CompressionQuality="None" XPosition="23" Required="false" YPosition="61" AutoHint="false" ForegroundColor="top blue" MouseNavigate="true" CanvasName="CANCELLED_ADMISSIONS" MultiLine="false" CaseInsensitiveQuery="false" KeyboardNavigable="true" CaseRestriction="Mixed" ParentType="29" CheckBoxOtherValues="Not Allowed" ConcealData="false" SizingStyle="Crop" ShowHorizontalScrollbar="false" Iconic="false" InsertAllowed="true" UpdateAllowed="true" ParentModule="ADTRWCBD" UpdateIfNull="false" ParentModuleType="12" ParentName="BPT_GREY_CLASS" DirtyInfo="true" KeepCursorPosition="false" DefaultButton="false" QueryAllowed="true" QueryLength="80" LockRecord="false" DisplayQuality="High" ShowVerticalScrollbar="false" TooltipVisualAttributeGroup="V7_VA_TOOLTIP"/>
         <Item Name="BPT_1" ShowHorizontalScrollbar="false" Justification="End" Width="87" ParentModule="ADTRWCBD" CompressionQuality="None" XPosition="23" ParentModuleType="12" YPosition="47" ParentName="BPT_GREY_CLASS" DirtyInfo="true" ForegroundColor="top blue" CanvasName="CANCELLED_ADMISSIONS" ParentType="29" ShowVerticalScrollbar="false" TooltipVisualAttributeGroup="V7_VA_TOOLTIP"/>
         <Item Name="BPT_5" ShowHorizontalScrollbar="false" Justification="End" Width="85" ParentModule="ADTRWCBD" CompressionQuality="None" XPosition="24" ParentModuleType="12" YPosition="124" ParentName="BPT_GREY_CLASS" DirtyInfo="true" ForegroundColor="top blue" CanvasName="CANCELLED_ADMISSIONS" ParentType="29" ShowVerticalScrollbar="false" TooltipVisualAttributeGroup="V7_VA_TOOLTIP"/>
         <Item Name="BPT_6" ShowHorizontalScrollbar="false" Justification="End" Width="85" ParentModule="ADTRWCBD" CompressionQuality="None" XPosition="24" ParentModuleType="12" YPosition="141" ParentName="BPT_GREY_CLASS" DirtyInfo="true" ForegroundColor="top blue" CanvasName="CANCELLED_ADMISSIONS" ParentType="29" ShowVerticalScrollbar="false" TooltipVisualAttributeGroup="V7_VA_TOOLTIP"/>
         <Item Name="BPT_7" ShowHorizontalScrollbar="false" Justification="End" Width="87" ParentModule="ADTRWCBD" CompressionQuality="None" XPosition="23" ParentModuleType="12" YPosition="78" ParentName="BPT_GREY_CLASS" DirtyInfo="true" ForegroundColor="top blue" CanvasName="CANCELLED_ADMISSIONS" ParentType="29" ShowVerticalScrollbar="false" TooltipVisualAttributeGroup="V7_VA_TOOLTIP"/>
         <Item Name="BPT_8" ShowHorizontalScrollbar="false" TabPageName="" Width="60" ParentModule="ADTRWCBD" CompressionQuality="None" XPosition="109" ParentModuleType="12" YPosition="50" ParentName="TEXT_ITEM_CLASS" DirtyInfo="true" CanvasName="" ParentType="29" ShowVerticalScrollbar="false" TooltipVisualAttributeGroup="V7_VA_TOOLTIP"/>
         <Item Name="BPT_9" ShowHorizontalScrollbar="false" Width="67" ParentModule="ADTRWCBD" CompressionQuality="None" XPosition="7" ParentModuleType="12" YPosition="4" ParentName="SECTION_TITLE_CLASS" DirtyInfo="true" CanvasName="BOILER_PLATE_CANVAS" ParentType="29" ShowVerticalScrollbar="false" TooltipVisualAttributeGroup="V7_VA_TOOLTIP"/>
         <Item Name="BPT_10" ShowHorizontalScrollbar="false" Width="101" ParentModule="ADTRWCBD" CompressionQuality="None" XPosition="7" ParentModuleType="12" YPosition="46" ParentName="SECTION_TITLE_CLASS" DirtyInfo="true" CanvasName="BOILER_PLATE_CANVAS" ParentType="29" ShowVerticalScrollbar="false" TooltipVisualAttributeGroup="V7_VA_TOOLTIP"/>
         <Item Name="BPT_11" Justification="End" DistanceBetweenRecords="0" Width="85" FillPattern="transparent" MaximumLength="80" BackColor="r55g85b100" CompressionQuality="None" XPosition="25" FontName="Arial" YPosition="108" DatabaseItem="false" Bevel="None" FontSize="900" FontStyle="Plain" FontWeight="Medium" FontSpacing="Normal" ForegroundColor="top blue" CanvasName="CANCELLED_ADMISSIONS" Height="13" ShowHorizontalScrollbar="false" ItemType="Display Item" DataType="Char" PrimaryKey="false" DirtyInfo="true" VisualAttributeName="TEXT_ITEM_BPT_GREY" Visible="true" ShowVerticalScrollbar="false" TooltipVisualAttributeGroup="V7_VA_TOOLTIP"/>
         <Item Name="BPT_11_H" Justification="End" DistanceBetweenRecords="0" Width="94" FillPattern="transparent" MaximumLength="80" BackColor="r55g85b100" CompressionQuality="None" XPosition="12" FontName="Arial" YPosition="71" DatabaseItem="false" Bevel="None" FontSize="900" FontStyle="Plain" FontWeight="Medium" FontSpacing="Normal" ForegroundColor="black" CanvasName="" Height="13" ShowHorizontalScrollbar="false" TabPageName="" ItemType="Display Item" DataType="Char" PrimaryKey="false" DirtyInfo="true" VisualAttributeName="TEXT_ITEM_BPT_GREY" Visible="true" ShowVerticalScrollbar="false" TooltipVisualAttributeGroup="V7_VA_TOOLTIP"/>
         <Item Name="BPT_11_P" Justification="End" DistanceBetweenRecords="0" Width="94" FillPattern="transparent" MaximumLength="80" BackColor="r55g85b100" CompressionQuality="None" XPosition="12" FontName="Arial" YPosition="71" DatabaseItem="false" Bevel="None" FontSize="900" FontStyle="Plain" FontWeight="Medium" FontSpacing="Normal" ForegroundColor="black" CanvasName="" Height="13" ShowHorizontalScrollbar="false" TabPageName="" ItemType="Display Item" DataType="Char" PrimaryKey="false" DirtyInfo="true" VisualAttributeName="TEXT_ITEM_BPT_GREY" Visible="true" ShowVerticalScrollbar="false" TooltipVisualAttributeGroup="V7_VA_TOOLTIP"/>
         <Item Name="BPT_11_HP" Justification="End" DistanceBetweenRecords="0" Width="94" FillPattern="transparent" MaximumLength="80" BackColor="r55g85b100" CompressionQuality="None" XPosition="12" FontName="Arial" YPosition="71" DatabaseItem="false" Bevel="None" FontSize="900" FontStyle="Plain" FontWeight="Medium" FontSpacing="Normal" ForegroundColor="black" CanvasName="" Height="13" ShowHorizontalScrollbar="false" TabPageName="" ItemType="Display Item" DataType="Char" PrimaryKey="false" DirtyInfo="true" VisualAttributeName="TEXT_ITEM_BPT_GREY" Visible="true" ShowVerticalScrollbar="false" TooltipVisualAttributeGroup="V7_VA_TOOLTIP"/>
         <Item Name="BPT_12" Justification="End" DistanceBetweenRecords="0" Width="94" FillPattern="transparent" MaximumLength="80" BackColor="r55g85b100" CompressionQuality="None" XPosition="12" FontName="Arial" YPosition="71" DatabaseItem="false" Bevel="None" FontSize="900" FontStyle="Plain" FontWeight="Medium" FontSpacing="Normal" ForegroundColor="black" CanvasName="" Height="13" ShowHorizontalScrollbar="false" TabPageName="" ItemType="Display Item" DataType="Char" PrimaryKey="false" DirtyInfo="true" VisualAttributeName="TEXT_ITEM_BPT_GREY" Visible="true" ShowVerticalScrollbar="false" TooltipVisualAttributeGroup="V7_VA_TOOLTIP"/>
         <Item Name="BPT_13" Justification="End" DistanceBetweenRecords="0" Width="87" FillPattern="transparent" MaximumLength="80" BackColor="r55g85b100" CompressionQuality="None" XPosition="21" FontName="Arial" YPosition="92" DatabaseItem="false" Bevel="None" FontSize="900" FontStyle="Plain" FontWeight="Medium" FontSpacing="Normal" ForegroundColor="top blue" CanvasName="CANCELLED_ADMISSIONS" Height="13" ShowHorizontalScrollbar="false" TabPageName="" ItemType="Display Item" DataType="Char" PrimaryKey="false" DirtyInfo="true" VisualAttributeName="TEXT_ITEM_BPT_GREY" Visible="true" ShowVerticalScrollbar="false" TooltipVisualAttributeGroup="V7_VA_TOOLTIP"/>
         <Item Name="BPT_14" ShowHorizontalScrollbar="false" Justification="Start" TabPageName="" DistanceBetweenRecords="0" Width="200" FillPattern="transparent" MaximumLength="80" DataType="Char" ParentModule="ADTRWCBD" CompressionQuality="None" XPosition="0" ParentModuleType="12" YPosition="6" DatabaseItem="false" PrimaryKey="false" ParentName="SECTION_TITLE_CLASS" DirtyInfo="true" CanvasName="CANCELLED_ADMISSIONS" Visible="true" ParentType="29" ShowVerticalScrollbar="false" TooltipVisualAttributeGroup="V7_VA_TOOLTIP"/>
         <Item Name="BPT_15" ShowHorizontalScrollbar="false" Justification="Start" TabPageName="" DistanceBetweenRecords="0" Width="101" FillPattern="transparent" MaximumLength="80" ItemType="Display Item" DataType="Char" CompressionQuality="None" XPosition="0" YPosition="6" DatabaseItem="false" PrimaryKey="false" Bevel="None" DirtyInfo="true" VisualAttributeName="WEB_BPT" CanvasName="" Visible="true" ShowVerticalScrollbar="false" TooltipVisualAttributeGroup="V7_VA_TOOLTIP" Height="13"/>
         <Item Name="BPT_16" ShowHorizontalScrollbar="false" Justification="Start" TabPageName="" DistanceBetweenRecords="0" Width="101" FillPattern="transparent" MaximumLength="80" ItemType="Display Item" DataType="Char" CompressionQuality="None" XPosition="0" YPosition="6" DatabaseItem="false" PrimaryKey="false" Bevel="None" DirtyInfo="true" VisualAttributeName="WEB_BPT" CanvasName="" Visible="true" ShowVerticalScrollbar="false" TooltipVisualAttributeGroup="V7_VA_TOOLTIP" Height="13"/>
         <Item Name="BPTR_ADTWCBDR_TITLE" ShowHorizontalScrollbar="false" Width="321" MaximumLength="200" ItemType="Text Item" ParentModule="ADTRWCBD" CompressionQuality="None" XPosition="7" ParentModuleType="12" YPosition="24" ParentName="BPT_GREY_CLASS" DirtyInfo="true" ForegroundColor="top blue" CanvasName="BOILER_PLATE_CANVAS" MultiLine="true" QueryLength="0" CaseRestriction="Mixed" ParentType="29" ShowVerticalScrollbar="false" TooltipVisualAttributeGroup="V7_VA_TOOLTIP" Height="18"/>
         <Item Name="BPTR_ADTWCBDR_1" ShowHorizontalScrollbar="false" Width="321" ParentModule="ADTRWCBD" CompressionQuality="None" XPosition="8" ParentModuleType="12" YPosition="67" ParentName="BPT_GREY_CLASS" DirtyInfo="true" ForegroundColor="top blue" CanvasName="BOILER_PLATE_CANVAS" ParentType="29" ShowVerticalScrollbar="false" TooltipVisualAttributeGroup="V7_VA_TOOLTIP"/>
         <Item Name="BPTR_ADTWCBDR_2" ShowHorizontalScrollbar="false" Width="321" ParentModule="ADTRWCBD" CompressionQuality="None" XPosition="8" ParentModuleType="12" YPosition="86" ParentName="BPT_GREY_CLASS" DirtyInfo="true" ForegroundColor="top blue" CanvasName="BOILER_PLATE_CANVAS" ParentType="29" ShowVerticalScrollbar="false" TooltipVisualAttributeGroup="V7_VA_TOOLTIP"/>
         <Item Name="BPTR_ADTWCBDR_3" ShowHorizontalScrollbar="false" Width="321" ParentModule="ADTRWCBD" CompressionQuality="None" XPosition="8" ParentModuleType="12" YPosition="104" ParentName="BPT_GREY_CLASS" DirtyInfo="true" ForegroundColor="top blue" CanvasName="BOILER_PLATE_CANVAS" ParentType="29" ShowVerticalScrollbar="false" TooltipVisualAttributeGroup="V7_VA_TOOLTIP"/>
         <Item Name="BPTR_ADTWCBDR_4" ShowHorizontalScrollbar="false" Width="321" ParentModule="ADTRWCBD" CompressionQuality="None" XPosition="8" ParentModuleType="12" YPosition="123" ParentName="BPT_GREY_CLASS" DirtyInfo="true" ForegroundColor="top blue" CanvasName="BOILER_PLATE_CANVAS" ParentType="29" ShowVerticalScrollbar="false" TooltipVisualAttributeGroup="V7_VA_TOOLTIP"/>
         <Item Name="BPTR_ADTWCBDR_5" ShowHorizontalScrollbar="false" Width="321" ParentModule="ADTRWCBD" CompressionQuality="None" XPosition="8" ParentModuleType="12" YPosition="141" ParentName="BPT_GREY_CLASS" DirtyInfo="true" ForegroundColor="top blue" CanvasName="BOILER_PLATE_CANVAS" ParentType="29" ShowVerticalScrollbar="false" TooltipVisualAttributeGroup="V7_VA_TOOLTIP"/>
         <Item Name="BPTR_ADTWCBDR_6" ShowHorizontalScrollbar="false" Width="321" ParentModule="ADTRWCBD" CompressionQuality="None" XPosition="8" ParentModuleType="12" YPosition="160" ParentName="BPT_GREY_CLASS" DirtyInfo="true" ForegroundColor="top blue" CanvasName="BOILER_PLATE_CANVAS" ParentType="29" ShowVerticalScrollbar="false" TooltipVisualAttributeGroup="V7_VA_TOOLTIP"/>
         <Item Name="BPTR_ADTWCBDR_7" ShowHorizontalScrollbar="false" Width="321" ParentModule="ADTRWCBD" CompressionQuality="None" XPosition="8" ParentModuleType="12" YPosition="178" ParentName="BPT_GREY_CLASS" DirtyInfo="true" ForegroundColor="top blue" CanvasName="BOILER_PLATE_CANVAS" ParentType="29" ShowVerticalScrollbar="false" TooltipVisualAttributeGroup="V7_VA_TOOLTIP"/>
         <Item Name="BPTR_ADTWCBDR_8" ShowHorizontalScrollbar="false" Width="321" ParentModule="ADTRWCBD" CompressionQuality="None" XPosition="8" ParentModuleType="12" YPosition="197" ParentName="BPT_GREY_CLASS" DirtyInfo="true" ForegroundColor="top blue" CanvasName="BOILER_PLATE_CANVAS" ParentType="29" ShowVerticalScrollbar="false" TooltipVisualAttributeGroup="V7_VA_TOOLTIP"/>
         <Item Name="BPTR_ADTWCBDR_9" ShowHorizontalScrollbar="false" Width="321" ParentModule="ADTRWCBD" CompressionQuality="None" XPosition="8" ParentModuleType="12" YPosition="216" ParentName="BPT_GREY_CLASS" DirtyInfo="true" ForegroundColor="top blue" CanvasName="BOILER_PLATE_CANVAS" ParentType="29" ShowVerticalScrollbar="false" TooltipVisualAttributeGroup="V7_VA_TOOLTIP"/>
         <Item Name="BPTR_ADTWCBDR_10" ShowHorizontalScrollbar="false" Width="321" ParentModule="ADTRWCBD" CompressionQuality="None" XPosition="8" ParentModuleType="12" YPosition="234" ParentName="BPT_GREY_CLASS" DirtyInfo="true" ForegroundColor="top blue" CanvasName="BOILER_PLATE_CANVAS" ParentType="29" ShowVerticalScrollbar="false" TooltipVisualAttributeGroup="V7_VA_TOOLTIP"/>
         <Item Name="BPTR_ADTWCBDR_11" ShowHorizontalScrollbar="false" Width="321" ParentModule="ADTRWCBD" CompressionQuality="None" XPosition="8" ParentModuleType="12" YPosition="253" ParentName="BPT_GREY_CLASS" DirtyInfo="true" ForegroundColor="top blue" CanvasName="BOILER_PLATE_CANVAS" ParentType="29" ShowVerticalScrollbar="false" TooltipVisualAttributeGroup="V7_VA_TOOLTIP"/>
         <Item Name="BPTR_ADTWCBDR_12" ShowHorizontalScrollbar="false" Width="321" ParentModule="ADTRWCBD" CompressionQuality="None" XPosition="8" ParentModuleType="12" YPosition="271" ParentName="BPT_GREY_CLASS" DirtyInfo="true" ForegroundColor="top blue" CanvasName="BOILER_PLATE_CANVAS" ParentType="29" ShowVerticalScrollbar="false" TooltipVisualAttributeGroup="V7_VA_TOOLTIP"/>
         <Item Name="BPTR_ADTWCBDR_13" ShowHorizontalScrollbar="false" Width="321" ParentModule="ADTRWCBD" CompressionQuality="None" XPosition="8" ParentModuleType="12" YPosition="290" ParentName="BPT_GREY_CLASS" DirtyInfo="true" ForegroundColor="top blue" CanvasName="BOILER_PLATE_CANVAS" ParentType="29" ShowVerticalScrollbar="false" TooltipVisualAttributeGroup="V7_VA_TOOLTIP"/>
         <Item Name="BPTR_ADTWCBDR_14" ShowHorizontalScrollbar="false" Width="321" ParentModule="ADTRWCBD" CompressionQuality="None" XPosition="8" ParentModuleType="12" YPosition="308" ParentName="BPT_GREY_CLASS" DirtyInfo="true" ForegroundColor="top blue" CanvasName="BOILER_PLATE_CANVAS" ParentType="29" ShowVerticalScrollbar="false" TooltipVisualAttributeGroup="V7_VA_TOOLTIP"/>
         <Item Name="BPTR_ADTWCBDR_15" ShowHorizontalScrollbar="false" Width="321" ParentModule="ADTRWCBD" CompressionQuality="None" XPosition="8" ParentModuleType="12" YPosition="327" ParentName="BPT_GREY_CLASS" DirtyInfo="true" ForegroundColor="top blue" CanvasName="BOILER_PLATE_CANVAS" ParentType="29" ShowVerticalScrollbar="false" TooltipVisualAttributeGroup="V7_VA_TOOLTIP"/>
         <Item Name="BPT_25" Justification="End" DistanceBetweenRecords="0" Width="87" FillPattern="transparent" MaximumLength="80" BackColor="r55g85b100" CompressionQuality="None" XPosition="20" FontName="Arial" YPosition="92" DatabaseItem="false" Bevel="None" FontSize="900" FontStyle="Plain" FontWeight="Medium" FontSpacing="Normal" ForegroundColor="top blue" CanvasName="CANCELLED_ADMISSIONS" Height="13" ShowHorizontalScrollbar="false" TabPageName="" ItemType="Display Item" DataType="Char" PrimaryKey="false" DirtyInfo="true" VisualAttributeName="TEXT_ITEM_BPT_GREY" Visible="true" ShowVerticalScrollbar="false" TooltipVisualAttributeGroup="V7_VA_TOOLTIP"/>
         <Trigger Name="WHEN-MOUSE-DOUBLECLICK" TriggerText="--&amp;#10;-- steve pusey 19/4/96&amp;#10;--&amp;#10;-- change value in current boilerplate text item&amp;#10;--&amp;#10;BEGIN&amp;#10;&amp;#10;  boilerplate.change_boilerplate;&amp;#10;&amp;#10;END;"/>
      </Block>
      <Canvas Name="TOOLBAR_CANVAS" ViewportXPositionOnCanvas="0" ViewportYPositionOnCanvas="2" ShowHorizontalScrollbar="false" CanvasType="Horizontal Toolbar" Width="757" WindowName="MAIN_FORM_WINDOW" BackColor="patient_live_blue" Bevel="None" DirtyInfo="true" VisualAttributeName="BACKGROUND_CANVAS" Visible="true" ShowVerticalScrollbar="false" Height="64" ViewportHeight="23" ViewportXPosition="0" ViewportWidth="590" ViewportYPosition="0" RaiseOnEnter="false">
         <Graphics Name="BANNER_LINE" InternalLineWidth="227" Width="755" EdgeForegroundColor="gray16" EdgePattern="solid" JoinStyle="Bevel" XPosition="0" YPosition="63" GraphicsType="Line" HorizontalMargin="8" ScrollbarWidth="15" VerticalMargin="16" HorizontalObjectOffset="15" Height="0" StartPromptOffset="8"/>
      </Canvas>
      <Canvas Name="BOILER_PLATE_CANVAS" ViewportXPositionOnCanvas="0" ViewportYPositionOnCanvas="0" ShowHorizontalScrollbar="false" Width="338" WindowName="BOILER_PLATE_WINDOW" ParentModule="ADTRWCBD" ParentModuleType="12" ParentName="STACKED_CANVAS_CLASS" Bevel="None" DirtyInfo="true" VisualAttributeName="WEB_CANVAS" ParentType="29" ShowVerticalScrollbar="false" Height="369" ViewportHeight="369" ViewportWidth="338">
         <Graphics Name="GRAPHIC48" InternalLineWidth="113" Width="310" EdgeForegroundColor="gray16" EdgePattern="solid" JoinStyle="Bevel" BackColor="Line Green" XPosition="7" YPosition="20" Bevel="None" DirtyInfo="true" ForegroundColor="white" GraphicsType="Line" HorizontalMargin="7" ScrollbarWidth="14" VerticalMargin="14" HorizontalObjectOffset="14" Height="0" StartPromptOffset="7"/>
         <Graphics Name="GRAPHIC408" InternalLineWidth="113" Width="310" EdgeForegroundColor="gray16" EdgePattern="solid" JoinStyle="Bevel" BackColor="Line Green" XPosition="7" YPosition="60" Bevel="None" DirtyInfo="true" ForegroundColor="white" GraphicsType="Line" HorizontalMargin="7" ScrollbarWidth="14" VerticalMargin="14" HorizontalObjectOffset="14" Height="0" StartPromptOffset="7"/>
      </Canvas>
      <Canvas Name="CANCELLED_ADMISSIONS" ViewportXPositionOnCanvas="0" ViewportYPositionOnCanvas="0" ShowHorizontalScrollbar="false" Width="639" WindowName="MAIN_FORM_WINDOW" ParentModule="ADTRWCBD" ParentModuleType="12" ParentName="STACKED_CANVAS_CLASS" Bevel="None" DirtyInfo="true" VisualAttributeName="WEB_CANVAS" DisplayViewport="true" ParentType="29" ShowVerticalScrollbar="false" Height="330" ViewportHeight="330" ViewportXPosition="115" ViewportWidth="639" ViewportYPosition="40" RaiseOnEnter="true">
         <Graphics Name="GRAPHIC48" InternalLineWidth="113" Width="621" EdgeForegroundColor="gray16" EdgePattern="solid" JoinStyle="Bevel" BackColor="Line Green" XPosition="0" YPosition="21" Bevel="None" DirtyInfo="true" ForegroundColor="white" GraphicsType="Line" HorizontalMargin="7" ScrollbarWidth="14" VerticalMargin="14" HorizontalObjectOffset="14" Height="0" StartPromptOffset="7"/>
      </Canvas>
      <Canvas Name="CNV_CONTENT" Bevel="None" DirtyInfo="true" VisualAttributeName="WEB_CANVAS" Width="755" WindowName="MAIN_FORM_WINDOW" Height="480" ViewportHeight="324" ViewportWidth="540">
         <Graphics Name="GROUP810" DirtyInfo="true" GraphicsType="Group" HorizontalMargin="5" ScrollbarWidth="9" VerticalMargin="14" HorizontalObjectOffset="9" StartPromptOffset="5"/>
         <Graphics Name="GROUP808" DirtyInfo="true" GraphicsType="Group" HorizontalMargin="5" ScrollbarWidth="9" VerticalMargin="14" HorizontalObjectOffset="9" StartPromptOffset="5"/>
         <Graphics Name="GROUP804" DirtyInfo="true" GraphicsType="Group" HorizontalMargin="5" ScrollbarWidth="9" VerticalMargin="14" HorizontalObjectOffset="9" StartPromptOffset="5"/>
         <Graphics Name="GROUP809" DirtyInfo="true" GraphicsType="Group" HorizontalMargin="5" ScrollbarWidth="9" VerticalMargin="14" HorizontalObjectOffset="9" StartPromptOffset="5"/>
         <Graphics Name="GROUP807" DirtyInfo="true" GraphicsType="Group" HorizontalMargin="5" ScrollbarWidth="9" VerticalMargin="14" HorizontalObjectOffset="9" StartPromptOffset="5"/>
         <Graphics Name="GROUP806" DirtyInfo="true" GraphicsType="Group" HorizontalMargin="5" ScrollbarWidth="9" VerticalMargin="14" HorizontalObjectOffset="9" StartPromptOffset="5"/>
         <Graphics Name="GROUP805" DirtyInfo="true" GraphicsType="Group" HorizontalMargin="5" ScrollbarWidth="9" VerticalMargin="14" HorizontalObjectOffset="9" StartPromptOffset="5"/>
         <Graphics Name="TEXT206" Width="13" FillPattern="none" EdgePattern="none" JoinStyle="Bevel" BackColor="Side Green" XPosition="741" WrapText="false" YPosition="47" BoundingBoxScalable="false" Bevel="None" HorizontalOrigin="Right" HorizontalJustification="Center" ForegroundColor="darkcyan" GraphicsFontWeight="Bold" GraphicsFontSpacing="Normal" GraphicsType="Text" ScrollbarWidth="14" Height="11" GraphicsFontName="Arial" GraphicsFontSize="1000" GraphicsFontStyle="0" GraphicsText="1" DirtyInfo="true" GraphicsFontColor="white" GraphicsFontColorCode="1" HorizontalMargin="7" VerticalMargin="14" HorizontalObjectOffset="14" StartPromptOffset="7">
            <CompoundText Name="CMPTXT207">
               <TextSegment Name="TEXTSTR208" FontName="Arial" FontSize="1000" FontStyle="Plain" DirtyInfo="true" FontWeight="Bold" FontSpacing="Normal" ForegroundColor="white" Text="1"/>
            </CompoundText>
         </Graphics>
      </Canvas>
      <Canvas Name="CNV_HIDE" Bevel="None" DirtyInfo="true" VisualAttributeName="WEB_CANVAS" Width="745" Visible="false" WindowName="BOILER_PLATE_WINDOW" Height="475" ViewportHeight="324" ViewportWidth="540"/>
      <Editor Name="DEBUG_EDITOR" DirtyInfo="true" Width="270" Height="135"/>
      <ModuleParameter Name="P_RELEASE" ParentModule="PAS_RELEASE" ParentModuleType="25" ParentName="P_RELEASE" ParentFilename="pas_release.olb" DirtyInfo="true" ParentFilepath="" ParentType="13"/>
      <ModuleParameter Name="P_TEMPLATE" DirtyInfo="true" Comment="Used by ABOUT_FORM window, the template used to create this form" ParameterInitializeValue="TEMPLATE_V11"/>
      <ModuleParameter Name="P_VERSION" DirtyInfo="true" Comment="Used by ABOUT_FORM window, the form version, update after each update" ParameterInitializeValue="1"/>
      <ModuleParameter Name="P_DATE" DirtyInfo="true" Comment="Used by ABOUT_FORM window, the date the form was last updated, update after each update" ParameterInitializeValue="22-Nov-2017"/>
      <ModuleParameter Name="API_VERSION" ParameterInitializeValue="V1.0"/>
      <ModuleParameter Name="P_BREADCRUMB" DirtyInfo="true"/>
      <LOV Name="SITE_LOV" XPosition="0" YPosition="0" DirtyInfo="true" VisualAttributeName="TEXT_ITEM_VA_LOV" AutoPosition="true" Width="400" RecordGroupName="SITE_LOV" AutoSelect="false" Height="300">
         <LOVColumnMapping Name="SITE_NAME" ReturnItem="CANCELLED_ADMISSIONS.SITE_NAME" DirtyInfo="true" Title="Description" DisplayWidth="300"/>
         <LOVColumnMapping Name="SITE_USER_CODE" ReturnItem="CANCELLED_ADMISSIONS.SITE_USER_CODE" DirtyInfo="true" Title="User Code" DisplayWidth="80"/>
         <LOVColumnMapping Name="SITE_CODE" ReturnItem="CANCELLED_ADMISSIONS.SITE_CODE" DirtyInfo="true" Title="Code" DisplayWidth="25"/>
      </LOV>
      <ProgramUnit Name="INIT_FORM" ProgramUnitText="PACKAGE BODY init_form IS&amp;#10;--&amp;#10;-- steve pusey 2/5/1996&amp;#10;--&amp;#10;-- program units to initialise form&amp;#10;--&amp;#10;-- add code to init_form and init_format_masks program units, add other init procs to the&amp;#10;-- init_form procedure, for example if you write a procedure called init_toolbar then add &amp;#10;-- this to the init_form procedure. The init_form procedure is called from the &amp;#10;-- WHEN-NEW-FORM-INSTANCE trigger&amp;#10;--&amp;#10;&amp;#10;---------------------------------------------------------------------------------------&amp;#10;-- INTERNAL PACKAGE VARIABLES &amp;#10;---------------------------------------------------------------------------------------&amp;#10;&amp;#10;---------------------------------------------------------------------------------------&amp;#10;-- INTERNAL PROGRAM UNITS (DECLARATION)&amp;#10;---------------------------------------------------------------------------------------&amp;#10;&amp;#10;  procedure init_list_items;&amp;#10;  procedure init_format_masks;&amp;#10;&amp;#10;---------------------------------------------------------------------------------------&amp;#10;-- PROGRAM UNITS (CODE)&amp;#10;---------------------------------------------------------------------------------------&amp;#10;&amp;#10;-- ##########################################################################################&amp;#10;&amp;#10;  procedure init_list_items is&amp;#10;  --&amp;#10;  -- initialise list items&amp;#10;  --&amp;#10;  -- date&#x9;by&#x9;&#x9;change&amp;#10;  -- 2/5/1996   Steve Pusey&#x9;Creation of template procedure&amp;#10;  -- 16/02/2004&#x9;Jonathan&#x9;&#x9;Added CANCELLED_BY&amp;#10;  --&amp;#10;  BEGIN&amp;#10;&amp;#10;    -- cut &amp; paste this code&amp;#10;    -- populate_poplist_from_codes ('BLOCK.ITEM', &lt;CODE_TYPE>);&amp;#10;&amp;#10;       populate_poplist_from_codes ('cancelled_admissions.destination',10008);&amp;#10;       populate_poplist_from_codes ('cancelled_admissions.ORDER_BY',10124); &amp;#10;&amp;#10;&#x9;&#x9;&#x9; -- Added by JB 16/02/04&amp;#10;       Populate_Poplist('cancelled_admissions.CANCELLED_BY',&amp;#10;       &#x9;&#x9;&#x9;&#x9;'SELECT ''' || :text.bpt_11_h || ''', ''H'' CODE' ||&#x9;&#x9;-- Hospital&amp;#10;       &#x9;&#x9;&#x9;&#x9;'   FROM DUAL ' ||&amp;#10;       &#x9;&#x9;&#x9;&#x9;'UNION ALL ' ||&amp;#10;       &#x9;&#x9;&#x9;&#x9;'SELECT ''' || :text.bpt_11_p || ''', ''P'' CODE' ||&#x9;&#x9;-- Hospital&amp;#10;       &#x9;&#x9;&#x9;&#x9;'   FROM DUAL ' ||&amp;#10;       &#x9;&#x9;&#x9;&#x9;'UNION ALL ' ||&amp;#10;       &#x9;&#x9;&#x9;&#x9;'SELECT ''' || :text.bpt_11_hp || ''', ''HP'' CODE' ||&#x9;-- Hospital or Patient&amp;#10;       &#x9;&#x9;&#x9;&#x9;'   FROM DUAL '&amp;#10;       &#x9;&#x9;&#x9;&#x9;&#x9;&#x9;&#x9;&#x9;&#x9;);&amp;#10;  &amp;#10;  END init_list_items;&amp;#10;&amp;#10;-- ##########################################################################################&amp;#10;&amp;#10;  procedure init_format_masks is&amp;#10;  --&amp;#10;  -- set the format masks for date, datetime, and numeric items&amp;#10;  --&amp;#10;  -- date&#x9;by&#x9;&#x9;change&amp;#10;  -- 2/5/1996   Steve Pusey&#x9;Creation of template procedure&amp;#10;  --&amp;#10;  BEGIN&amp;#10;&amp;#10;    -- copy &amp; paste this line&amp;#10;    -- set_format_mask ('BLOCK.ITEM');&amp;#10;      &amp;#10;   --set_format_mask('cancelled_admissions.start_date');&amp;#10;   --set_format_mask('cancelled_admissions.end_date');  &amp;#10;&amp;#10;   Set_default_dates(:cancelled_admissions.START_DATE,:cancelled_admissions.END_DATE);&amp;#10;&amp;#10;&amp;#10; &amp;#10;&amp;#10;  END init_format_masks;&amp;#10;&amp;#10;-- ##########################################################################################&amp;#10;&amp;#10;  procedure init_form is&amp;#10;  --&amp;#10;  -- initialise form&amp;#10;  --&amp;#10;  -- date&#x9;by&#x9;&#x9;change&amp;#10;  -- 2/5/1996   Steve Pusey&#x9;Creation of template procedure&amp;#10;  --&amp;#10;  BEGIN&amp;#10;&amp;#10;    init_list_items;&amp;#10;    init_format_masks;&amp;#10;    &amp;#10;    :CANCELLED_ADMISSIONS.NUM_DAYS := :TEXT.BPT_8;&amp;#10;&amp;#10;  END init_form;&amp;#10;&amp;#10;-- ##########################################################################################&amp;#10;&amp;#10;END init_form;" ProgramUnitType="Package Body"/>
      <ProgramUnit Name="INIT_FORM" ProgramUnitText="PACKAGE init_form IS&amp;#10;--&amp;#10;-- steve pusey 2/5/1996&amp;#10;--&amp;#10;-- program units to initialise form&amp;#10;--&amp;#10;&amp;#10;---------------------------------------------------------------------------------------&amp;#10;-- EXTERNAL PACKAGE VARIABLES&amp;#10;---------------------------------------------------------------------------------------&amp;#10;&amp;#10;---------------------------------------------------------------------------------------&amp;#10;-- EXTERNAL PROGRAM UNITS (DECLARATION) &amp;#10;---------------------------------------------------------------------------------------&amp;#10;&amp;#10;  procedure init_form;&amp;#10;&amp;#10;END init_form;" ProgramUnitType="Package Spec"/>
      <ProgramUnit Name="SET_DEFAULT_DATES" ProgramUnitText="-- 09/09/2004 - Dan Bevington - Added vd_sysdate to bring up to V11 standard.&amp;#10;PROCEDURE SET_DEFAULT_DATES (p_date_from IN OUT date,&amp;#10;&#x9;&#x9;&#x9;    p_date_to IN OUT date)&amp;#10;IS&amp;#10;vd_sysdate DATE := sysdate;&amp;#10;BEGIN&amp;#10;&amp;#10;  p_date_from := NEXT_DAY(TRUNC(vd_SYSDATE) - 13, 'SUNDAY') ; -- LAST SUNDAY&amp;#10;  p_date_to := p_date_from + 6; -- THE END OF THAT WEEK  &amp;#10;&amp;#10;END;" ProgramUnitType="Procedure"/>
      <ProgramUnit Name="RUN_REPORT" ProgramUnitText="PROCEDURE run_report IS&amp;#10;&amp;#10;-- NAME&#x9;&#x9;&#x9;DATE&#x9;&#x9;&#x9;CHANGE&amp;#10;-- WILLIAM AKIN&#x9;&#x9;11/07/1997&#x9;&#x9;CREATION&amp;#10;-- Steve&#x9;&#x9;24/08/2000&#x9;The order by ORDER_CRN, and ADMIT_DATE options were not working. They are now.&amp;#10;-- Quintin&#x9;20/08/2003 added a field to allow the user to amend the number of not admitted days. &amp;#10;-- Jonathan&#x9;16/02/2004 Added CANCELLED_BY and SITE_CODE handling.&amp;#10;-- Raveendra Achari 17/02/2016 --SF18422 updated the v_title&amp;#10;--&amp;#10;&amp;#10;&#x9;pl_id paramlist:=get_parameter_list('patep');&amp;#10;  V_ORDER_BY_CLAUSE     VARCHAR2(300):= '';&amp;#10;  &amp;#10;  v_boolean &#x9;&#x9;boolean;&amp;#10;&#x9;v_string &#x9;&#x9;&#x9;VARCHAR2(4000);&amp;#10;&#x9;repid REPORT_OBJECT;&amp;#10;&#x9;v_title&#x9;&#x9;&#x9;&#x9;varchar2(200) :='';&amp;#10;&#x9;v_cancelled_by &#x9;varchar2(80) := '';&amp;#10;&#x9;v_site_code&#x9;&#x9;varchar2(200) := '';&amp;#10;&#x9;&amp;#10;  &amp;#10;BEGIN&amp;#10;        &amp;#10;&#x9;&#x9;IF :cancelled_admissions.start_date is null &amp;#10;&#x9;&#x9;&#x9;OR :cancelled_admissions.end_date is null &amp;#10;&#x9;&#x9;&#x9;OR :CANCELLED_ADMISSIONS.NUM_DAYS is null THEN&amp;#10;&#x9;  &#x9;display_alert ('WARNING_ALERT', 9098); -- please enter ALL fields&amp;#10;&#x9;    RAISE form_trigger_failure;&amp;#10;&#x9;&#x9;END IF;&amp;#10;&#x9;&#x9;&amp;#10;&#x9;&#x9;-- QS 20/08/2003 ensure that the value in this field is a number&amp;#10;&#x9;&#x9;IF NOT IS_NUMBER(:CANCELLED_ADMISSIONS.NUM_DAYS) THEN&amp;#10;&#x9;&#x9;&#x9;DISPLAY_STANDARD_ALERT('NOT A NUMBER');&amp;#10;&#x9;&#x9;&#x9;display_alert ('WARNING_ALERT',9096);&amp;#10;&#x9;&#x9;&#x9;RAISE form_trigger_failure;&amp;#10;&#x9;&#x9;END IF;&amp;#10;&amp;#10;&#x9;  IF :CANCELLED_ADMISSIONS.ORDER_BY = 'AD' THEN&amp;#10;&#x9;            V_ORDER_BY_CLAUSE := 'ORDER BY b.PLANNED_ADMIT_DATE';&amp;#10;&#x9;                 &amp;#10;&#x9;&#x9;ELSIF :CANCELLED_ADMISSIONS.ORDER_BY = 'C' THEN&amp;#10;&#x9;              V_ORDER_BY_CLAUSE := 'ORDER BY CRN';    &amp;#10;&#x9;&amp;#10;&#x9;&#x9;ELSIF :CANCELLED_ADMISSIONS.ORDER_BY = 'OC' THEN&amp;#10;&#x9;              V_ORDER_BY_CLAUSE := 'ORDER BY SUBSTR(OASPAS_PACKAGE.GET_ORDER_CRN (a.PATIENT_ID),1,30)'; &amp;#10;&#x9;&amp;#10;&#x9;&#x9;ELSIF :CANCELLED_ADMISSIONS.ORDER_BY = 'PN' THEN&amp;#10;&#x9;              V_ORDER_BY_CLAUSE := 'ORDER BY PATIENT_NAME'; &amp;#10;&#x9;    &amp;#10;&#x9;&#x9;END IF;&amp;#10; &#x9;&amp;#10;&#x9;&#x9;-- JB 16/02/04 Added&amp;#10;    IF :cancelled_admissions.cancelled_by = 'HP' THEN&amp;#10;&#x9;&#x9;  --add_parameter (pl_id, 'p_cancelled_by', text_parameter, 'IN ( 1, 2 )');&amp;#10;&#x9;&#x9;  v_cancelled_by := 'IN ( 1, 2 )';&amp;#10;&#x9;&#x9;  v_title := :text.bptr_adtwcbdr_title||' '||LOWER(NAME_IN('text.bpt_11_' || :cancelled_admissions.cancelled_by)); --SF18422&amp;#10;    ELSIF :cancelled_admissions.cancelled_by = 'P' THEN&amp;#10;&#x9;&#x9;  --add_parameter (pl_id, 'p_cancelled_by', text_parameter, '= 2');&amp;#10;&#x9;&#x9;  v_cancelled_by := '= 2';&amp;#10;&#x9;&#x9;  v_title := :text.bptr_adtwcbdr_title||' '||LOWER(NAME_IN('text.bpt_11_' || :cancelled_admissions.cancelled_by)); --SF18422&amp;#10;    ELSIF :cancelled_admissions.cancelled_by = 'H' THEN&amp;#10;&#x9;&#x9;  --add_parameter (pl_id, 'p_cancelled_by', text_parameter, '= 1');&amp;#10;&#x9;&#x9;  v_cancelled_by := '= 1';&amp;#10;&#x9;&#x9;  v_title := :text.bptr_adtwcbdr_title||' '||LOWER(NAME_IN('text.bpt_11_' || :cancelled_admissions.cancelled_by)); --SF18422&amp;#10;    END IF;&amp;#10;    &amp;#10;    -- JB 16/02/04 Added&amp;#10;    IF :cancelled_admissions.site_code != 0 THEN&amp;#10;&#x9;  &#x9;--add_parameter (pl_id, 'P_SITE_CODE', text_parameter, :cancelled_admissions.site_code);&amp;#10;&#x9;  &#x9;v_site_code := (:cancelled_admissions.site_code);&amp;#10;&#x9;  END IF;&amp;#10;&amp;#10;&#x9;&#x9;repid := find_report_object('ADTWCBDR');&amp;#10;&#x9;&#x9;&amp;#10;&#x9;&#x9;SET_REPORT_OBJECT_PROPERTY(repid, REPORT_COMM_MODE, SYNCHRONOUS);&amp;#10;&#x9;&#x9;&amp;#10;&#x9;&#x9;v_string := ('PARAMFORM=NO'&amp;#10;&#x9;&#x9;&#x9;&#x9;&#x9;||' recursive_load=NO'&amp;#10;&#x9;&#x9;&#x9;&#x9;&#x9;||' P_char_start_date='''||to_char(:cancelled_admissions.start_date,:GLOBAL.DATETIME_MASK)||''''&amp;#10;&#x9;&#x9;&#x9;&#x9;&#x9;||' P_char_end_date='''||to_char(:cancelled_admissions.end_date,:GLOBAL.DATETIME_MASK)||''''&amp;#10;&#x9;&#x9;&#x9;&#x9;&#x9;||' P_ORDER_BY_CLAUSE='''||V_ORDER_BY_CLAUSE||''''&amp;#10;&#x9;&#x9;&#x9;&#x9;&#x9;||' P_DATE_MASK='||:GLOBAL.DATE_MASK&amp;#10;&#x9;&#x9;&#x9;&#x9;&#x9;||' P_DATETIME_MASK='''||:GLOBAL.DATETIME_MASK||''''&amp;#10;&#x9;&#x9;&#x9;&#x9;&#x9;||' p_hospital_id='||TO_CHAR(get_hospital_id(TO_NUMBER(:global.current_work_entity)))&amp;#10;&#x9;&#x9;&#x9;&#x9;&#x9;||' p_duration_period='||:CANCELLED_ADMISSIONS.NUM_DAYS&amp;#10;&#x9;&#x9;&#x9;&#x9;&#x9;||' P_title='''||v_title||''''&amp;#10;&#x9;&#x9;&#x9;&#x9;&#x9;||' p_cancelled_by='''||v_cancelled_by||''''&amp;#10;&#x9;&#x9;&#x9;&#x9;&#x9;||' P_SITE_CODE='||v_site_code&amp;#10;&#x9;&#x9;&#x9;&#x9;&#x9;||' P_bptr_1='''||:text.bptr_adtwcbdr_1||''''&amp;#10;&#x9;&#x9;&#x9;&#x9;&#x9;||' P_bptr_2='''||:text.bptr_adtwcbdr_2||''''&amp;#10;&#x9;&#x9;&#x9;&#x9;&#x9;||' P_bptr_3='''||:text.bptr_adtwcbdr_3||''''&amp;#10;&#x9;&#x9;&#x9;&#x9;&#x9;||' P_bptr_4='''||:text.bptr_adtwcbdr_4||''''&amp;#10;&#x9;&#x9;&#x9;&#x9;&#x9;||' P_bptr_5='''||:text.bptr_adtwcbdr_5||''''&amp;#10;&#x9;&#x9;&#x9;&#x9;&#x9;||' P_bptr_6='''||:text.bptr_adtwcbdr_6||''''&amp;#10;&#x9;&#x9;&#x9;&#x9;&#x9;||' P_bptr_7='''||:text.bptr_adtwcbdr_7||''''&amp;#10;&#x9;&#x9;&#x9;&#x9;&#x9;||' P_bptr_8='''||:text.bptr_adtwcbdr_8||''''&amp;#10;&#x9;&#x9;&#x9;&#x9;&#x9;||' P_bptr_9='''||:text.bptr_adtwcbdr_9||''''&amp;#10;&#x9;&#x9;&#x9;&#x9;&#x9;||' P_bptr_10='''||:text.bptr_adtwcbdr_10||''''&amp;#10;&#x9;&#x9;&#x9;&#x9;&#x9;||' P_bptr_11='''||:text.bptr_adtwcbdr_11||''''&amp;#10;&#x9;&#x9;&#x9;&#x9;&#x9;||' P_bptr_12='''||:text.bptr_adtwcbdr_12||''''&amp;#10;&#x9;&#x9;&#x9;&#x9;&#x9;||' P_bptr_13='''||:text.bptr_adtwcbdr_13||''''&amp;#10;&#x9;&#x9;&#x9;&#x9;&#x9;||' P_bptr_14='''||:text.bptr_adtwcbdr_14||''''&amp;#10;&#x9;&#x9;&#x9;&#x9;&#x9;);&amp;#10;&#x9;&#x9;&amp;#10;&#x9;&#x9;--show_editor ('DEBUG_EDITOR', V_STRING, V_STRING,v_boolean); &amp;#10;&#x9;&#x9;&amp;#10;&#x9;&#x9;SET_REPORT_OBJECT_PROPERTY(repid, REPORT_OTHER, v_string);&amp;#10;&#x9;&#x9;&amp;#10;&#x9;&#x9;execute_report(repid, :cancelled_admissions.DESTINATION);&amp;#10;&amp;#10;  &amp;#10;END;" ProgramUnitType="Procedure"/>
      <PropertyClass Name="BUTTON_CLASS" ParentModule="PAS_OLD" ParentModuleType="25" ParentName="BUTTON_CLASS" ParentFilename="PAS_OLD.olb" DirtyInfo="true" ParentType="29"/>
      <PropertyClass Name="OK_BUTTON_CLASS" ParentModule="PAS_OLD" ParentModuleType="25" ParentName="OK_BUTTON_CLASS" ParentFilename="PAS_OLD.olb" DirtyInfo="true" ParentType="29"/>
      <PropertyClass Name="CANCEL_BUTTON_CLASS" ParentModule="PAS_OLD" ParentModuleType="25" ParentName="CANCEL_BUTTON_CLASS" ParentFilename="PAS_OLD.olb" DirtyInfo="true" ParentType="29"/>
      <PropertyClass Name="TOOLBAR_BUTTON_CLASS" ParentModule="PAS_OLD" ParentModuleType="25" ParentName="TOOLBAR_BUTTON_CLASS" ParentFilename="PAS_OLD.olb" DirtyInfo="true" ParentType="29"/>
      <PropertyClass Name="GOTO_BUTTON_CLASS" ParentModule="PAS_OLD" ParentModuleType="25" ParentName="GOTO_BUTTON_CLASS" ParentFilename="PAS_OLD.olb" DirtyInfo="true" ParentType="29"/>
      <PropertyClass Name="GOBACK_BUTTON_CLASS" ParentModule="PAS_OLD" ParentModuleType="25" ParentName="GOBACK_BUTTON_CLASS" ParentFilename="PAS_OLD.olb" DirtyInfo="true" ParentType="29"/>
      <PropertyClass Name="LOV_BUTTON_CLASS" ParentModule="PAS_OLD" ParentModuleType="25" ParentName="LOV_BUTTON_CLASS" ParentFilename="PAS_OLD.olb" DirtyInfo="true" ParentType="29"/>
      <PropertyClass Name="BPT_CLASS" ParentModule="PAS_OLD" ParentModuleType="25" ParentName="BPT_CLASS" ParentFilename="PAS_OLD.olb" DirtyInfo="true" ParentType="29"/>
      <PropertyClass Name="BPT_BLUE_CLASS" ParentModule="PAS_OLD" ParentModuleType="25" ParentName="BPT_BLUE_CLASS" ParentFilename="PAS_OLD.olb" DirtyInfo="true" ParentType="29"/>
      <PropertyClass Name="BPT_GREY_CLASS" ParentModule="PAS_OLD" ParentModuleType="25" ParentName="BPT_GREY_CLASS" ParentFilename="PAS_OLD.olb" DirtyInfo="true" ParentType="29"/>
      <PropertyClass Name="TEXT_ITEM_CLASS" ParentModule="PAS_OLD" ParentModuleType="25" ParentName="TEXT_ITEM_CLASS" ParentFilename="PAS_OLD.olb" DirtyInfo="true" ParentType="29"/>
      <PropertyClass Name="TEXT_ITEM_DATE_CLASS" ParentModule="PAS_OLD" ParentModuleType="25" ParentName="TEXT_ITEM_DATE_CLASS" ParentFilename="PAS_OLD.olb" DirtyInfo="true" ParentType="29"/>
      <PropertyClass Name="TEXT_ITEM_NUMBER_CLASS" ParentModule="PAS_OLD" ParentModuleType="25" ParentName="TEXT_ITEM_NUMBER_CLASS" ParentFilename="PAS_OLD.olb" DirtyInfo="true" ParentType="29"/>
      <PropertyClass Name="TEXT_ITEM_DATETIME_CLASS" ParentModule="PAS_OLD" ParentModuleType="25" ParentName="TEXT_ITEM_DATETIME_CLASS" ParentFilename="PAS_OLD.olb" DirtyInfo="true" ParentType="29"/>
      <PropertyClass Name="DISPLAY_ITEM_CLASS" ParentModule="PAS_OLD" ParentModuleType="25" ParentName="DISPLAY_ITEM_CLASS" ParentFilename="PAS_OLD.olb" DirtyInfo="true" ParentType="29"/>
      <PropertyClass Name="STACKED_CANVAS_CLASS" ParentModule="PAS_OLD" ParentModuleType="25" ParentName="STACKED_CANVAS_CLASS" ParentFilename="PAS_OLD.olb" DirtyInfo="true" ParentType="29"/>
      <PropertyClass Name="WINDOW_CLASS" ParentModule="PAS_OLD" ParentModuleType="25" ParentName="WINDOW_CLASS" ParentFilename="PAS_OLD.olb" DirtyInfo="true" ParentType="29"/>
      <PropertyClass Name="ID_CLASS" ParentModule="PAS_OLD" ParentModuleType="25" ParentName="ID_CLASS" ParentFilename="PAS_OLD.olb" DirtyInfo="true" ParentType="29"/>
      <PropertyClass Name="FORM_TITLE_CLASS" ParentModule="PAS_CUI" ParentModuleType="25" ParentName="FORM_TITLE_CLASS" ParentFilename="pas_cui.olb" DirtyInfo="true" ParentFilepath="" ItemType="Display Item" ParentType="29"/>
      <PropertyClass Name="SECTION_TITLE_CLASS" ParentModule="PAS_CUI" ParentModuleType="25" ParentName="SECTION_TITLE_CLASS" ParentFilename="pas_cui.olb" DirtyInfo="true" ParentFilepath="" ItemType="Display Item" ParentType="29"/>
      <PropertyClass Name="BACKGROUND_LINK_BOX_CLASS" ParentModule="PAS_CUI" ParentModuleType="25" ParentName="BACKGROUND_LINK_BOX_CLASS" ParentFilename="pas_cui.olb" DirtyInfo="true" ParentFilepath="" ParentType="29"/>
      <PropertyClass Name="CUI_DATE_INPUT" ParentModule="PAS_CUI" ParentModuleType="25" ParentName="CUI_DATE_INPUT" ParentFilename="pas_cui.olb" DirtyInfo="true" ParentFilepath="" ParentType="29"/>
      <PropertyClass Name="CUI_DATE_DISP" ParentModule="PAS_CUI" ParentModuleType="25" ParentName="CUI_DATE_DISP" ParentFilename="pas_cui.olb" DirtyInfo="true" ParentFilepath="" ParentType="29"/>
      <PropertyClass Name="CUI_DATETIME_INPUT" ParentModule="PAS_CUI" ParentModuleType="25" ParentName="CUI_DATETIME_INPUT" ParentFilename="pas_cui.olb" DirtyInfo="true" ParentFilepath="" ParentType="29"/>
      <PropertyClass Name="CUI_DATETIME_DISP" ParentModule="PAS_CUI" ParentModuleType="25" ParentName="CUI_DATETIME_DISP" ParentFilename="pas_cui.olb" DirtyInfo="true" ParentFilepath="" ParentType="29"/>
      <PropertyClass Name="MENU_ITEM_CLASS" ParentModule="PAS_CUI" ParentModuleType="25" ParentName="MENU_ITEM_CLASS" ParentFilename="pas_cui.olb" DirtyInfo="true" ParentFilepath="" ParentType="29"/>
      <RecordGroup Name="SITE_LOV" DirtyInfo="true" RecordGroupFetchSize="0" RecordGroupQuery="select description  site_name&amp;#10;     , user_code    site_user_code&amp;#10;     , 0            site_code&amp;#10;from   codes&amp;#10;where  active_flag = 'Y'&amp;#10;and    code_type = 10000&amp;#10;and    user_code = 'ALL'&amp;#10;union&amp;#10;select description  site_name&amp;#10;     , user_code    site_user_code&amp;#10;     , code         site_code&amp;#10;from   codes&amp;#10;where  code_type = 10454&amp;#10;order by site_name&amp;#10;" RecordGroupType="Query">
         <RecordGroupColumn Name="SITE_NAME" DirtyInfo="true" ColumnDataType="Character" MaximumLength="80"/>
         <RecordGroupColumn Name="SITE_USER_CODE" DirtyInfo="true" ColumnDataType="Character" MaximumLength="15"/>
         <RecordGroupColumn Name="SITE_CODE" DirtyInfo="true" ColumnDataType="Number" MaximumLength="23"/>
      </RecordGroup>
      <Report Name="ADTWCBDR" DirtyInfo="true" Filename="ADTWCBDR.rep"/>
      <Trigger Name="WHEN-MOUSE-CLICK" TriggerText="--&amp;#10;-- call stdlib procedure to handle mouse click&amp;#10;-- N.B. standard left button click is not affected &amp;#10;--&amp;#10;-- date&#x9;&#x9;by&#x9;&#x9;change&amp;#10;-- 31-05-1996&#x9;Steve Pusey&#x9;Creation&amp;#10;--&amp;#10;BEGIN&amp;#10;&amp;#10;  oasis_when_mouse_click.when_mouse_click;&amp;#10;&amp;#10;END;"/>
      <Trigger Name="WHEN-NEW-ITEM-INSTANCE" TriggerText="/* This trigger activates the hint message for the associated item */&amp;#10;begin&amp;#10;  display_text_hint;&amp;#10;  :global.last_item := :system.trigger_item;&amp;#10;end;"/>
      <Trigger Name="WHEN-NEW-FORM-INSTANCE" TriggerText="--&amp;#10;-- fires when form is entered, PRE-FORM fires before this trigger&amp;#10;--&amp;#10;-- Date&#x9;&#x9;by &#x9;&#x9;change&amp;#10;-- 10/1994&#x9;David Massie&#x9;Creation&amp;#10;-- 1995&#x9;&#x9;Nagy Tharwat&#x9;Upgrade to v9 - moved code into library procedure&amp;#10;-- 2/5/1996&#x9;Steve Pusey&#x9;Upgrade to V10 &amp;#10;--&#x9;&#x9;&#x9;&#x9;- versions into oasis_new_form_instance&amp;#10;--&#x9;&#x9;&#x9;&#x9;- Tidied code and added comments&amp;#10;-- 09/09/2004 - Dan Bevington - Added call to hci_upgrade.pr_initialise_images&amp;#10;--&amp;#10;&amp;#10;DECLARE&amp;#10;&amp;#10;  v_error_no             number(4); -- returned from oasis_new_form_instance&amp;#10;&amp;#10;BEGIN&amp;#10;&amp;#10;  -- version 2 form (gets bpt and window titles fromm files)&amp;#10;  oasis_new_form_instance_v2(v_error_no, 2); &amp;#10;&amp;#10;  if v_error_no > 0 then&amp;#10;    display_alert ('ERROR_ALERT', v_error_no);&amp;#10;    exit_form (NO_VALIDATE);&amp;#10;  end if;&amp;#10;&amp;#10;-- *** Insert additional code into init_form package ***&amp;#10;  init_form.init_form;  &amp;#10;  hci_upgrade.pr_initialise_images;&amp;#10;  show_window('main_form_window');&amp;#10;--  go_item ('CANCELLED_ADMISSIONS.site_name');&amp;#10;  &amp;#10;&amp;#10;END;"/>
      <Trigger Name="ON-MESSAGE" TriggerText="--&amp;#10;-- steve pusey 19/4/96&amp;#10;--&amp;#10;BEGIN&amp;#10;&amp;#10;  oasis_standard_procs.on_message;&amp;#10;&amp;#10;END;"/>
      <Trigger Name="ON-ERROR" TriggerText="--&amp;#10;-- steve pusey 19/4/96&amp;#10;--&amp;#10;BEGIN&amp;#10;&amp;#10;  oasis_standard_procs.on_error;&amp;#10;&amp;#10;END;"/>
      <Trigger Name="WHEN-WINDOW-CLOSED" DirtyInfo="true" TriggerText="/* This trigger ensures proper navigation when a window is closed using the windows close function */&amp;#10;begin&amp;#10;  :GLOBAL.WINDOW_NAME := get_view_property(get_item_property(:SYSTEM.CURSOR_ITEM,&amp;#10;     item_canvas), window_name);&amp;#10;  hide_window(:GLOBAL.WINDOW_NAME);&amp;#10;  erase('GLOBAL.WINDOW_NAME');&amp;#10;end;&amp;#10;"/>
      <Trigger Name="PRE_BLOCK" DirtyInfo="true" FireInQuery="true" TriggerText="/* This trigger resets the 40352_count global to allow the Last line of query message to be displayed */&amp;#10;begin&amp;#10;  :GLOBAL.40352_COUNT := 0;&amp;#10;end;" DisplayInKeyboardHelp="false"/>
      <Trigger Name="WHEN-TIMER-EXPIRED" TriggerText="Button_Hint;"/>
      <Trigger Name="POST-FORM" DirtyInfo="true" TriggerText="/* This trigger clears the Global variables used within the form */&amp;#10;begin&amp;#10;&#x9;sqa_exit_handler;&amp;#10;  erase('GLOBAL.ROOT_WINDOW_NAME');&amp;#10;  erase('global.last_item');&amp;#10;end;&amp;#10;"/>
      <Trigger Name="EASY_BUTTON_TRIGGER" TriggerText="NULL;"/>
      <Trigger Name="DRILLDN_BUTTON_TRIGGER" TriggerText="NULL;"/>
      <Trigger Name="KEY-CLRFRM" ParentModule="PAS_CUI" ParentModuleType="25" ParentName="KEY-CLRFRM" ParentFilename="pas_cui.olb" DirtyInfo="true" ParentFilepath="" ParentType="37"/>
      <Trigger Name="PRE_QUERY" DirtyInfo="true" FireInQuery="true" TriggerText="/* This trigger resets the 40352_count global to allow the Last line of query message to be displayed */&amp;#10;begin&amp;#10;  :GLOBAL.40352_COUNT := 0;&amp;#10;end;" DisplayInKeyboardHelp="false"/>
      <Trigger Name="KEY-CLRREC" TriggerText="clear_record;"/>
      <Trigger Name="KEY-CLRBLK" TriggerText="clear_block;"/>
      <Trigger Name="KEY-COMMIT" TriggerText="commit_form;"/>
      <Trigger Name="KEY-CQUERY" TriggerText="count_query;"/>
      <Trigger Name="KEY-CREREC" TriggerText="create_record;"/>
      <Trigger Name="KEY-DELREC" TriggerText="null;"/>
      <Trigger Name="KEY-DOWN" TriggerText="down;"/>
      <Trigger Name="KEY-DUP-ITEM" DirtyInfo="true" KeyboardHelpText="Record Error" TriggerText="--&amp;#10;-- steve pusey 22/4/96&amp;#10;--&amp;#10;BEGIN&amp;#10;&amp;#10;  oasis_standard_procs.key_dupitem_trigger;&amp;#10;&amp;#10;END;" DisplayInKeyboardHelp="true"/>
      <Trigger Name="KEY-DUPREC" TriggerText="duplicate_record;"/>
      <Trigger Name="KEY-EDIT" TriggerText="EDIT_TEXTITEM;"/>
      <Trigger Name="KEY-ENTER" TriggerText="null;"/>
      <Trigger Name="KEY-ENTQRY" TriggerText="enter_query;"/>
      <Trigger Name="KEY-EXEQRY" TriggerText="execute_query;"/>
      <Trigger Name="KEY-EXIT" TriggerText="--&amp;#10;-- fires when form is exited&amp;#10;--&amp;#10;-- Date&#x9;&#x9;by &#x9;&#x9;change&amp;#10;-- 10/1994&#x9;David Massie&#x9;Creation&amp;#10;-- 1995&#x9;&#x9;Nagy Tharwat&#x9;Upgrade to v9 - moved code into library procedure&amp;#10;-- 2/5/1996&#x9;Steve Pusey&#x9;Upgrade to V10 &amp;#10;--&#x9;&#x9;&#x9;&#x9;- removed code to check for system.mode = 'ENTER-QUERY', I can't&amp;#10;--&#x9;&#x9;&#x9;&#x9;- see why this code is not in the library !&amp;#10;--&amp;#10;BEGIN&amp;#10;   &amp;#10;  oasis_exit_form;&amp;#10;&amp;#10;END;"/>
      <Trigger Name="KEY-HELP" TriggerText="GET_HELP;"/>
      <Trigger Name="KEY-LISTVAL" TriggerText="list_values;"/>
      <Trigger Name="KEY-NEXT-ITEM" TriggerText="replace_t_with_current_date;&amp;#10;next_item;"/>
      <Trigger Name="KEY-NXTREC" TriggerText="next_record;"/>
      <Trigger Name="KEY-NXTSET" TriggerText="next_set;"/>
      <Trigger Name="KEY-OTHERS" TriggerText="NULL;"/>
      <Trigger Name="KEY-PREV-ITEM" TriggerText="replace_t_with_current_date;&amp;#10;PREVIOUS_ITEM;"/>
      <Trigger Name="KEY-PRINT" TriggerText="print;"/>
      <Trigger Name="KEY-PRVREC" TriggerText="PREVIOUS_RECORD;"/>
      <Trigger Name="KEY-SCRDOWN" TriggerText="SCROLL_DOWN;"/>
      <Trigger Name="KEY-SCRUP" TriggerText="SCROLL_UP;"/>
      <Trigger Name="KEY-UP" TriggerText="UP;"/>
      <Trigger Name="WHEN-WINDOW-RESIZED" DirtyInfo="true" TriggerText="-- 09/09/2004 - Dan Bevington - Creation&amp;#10;Begin&amp;#10;&#x9;sqa_evt_handler;&amp;#10;End;"/>
      <Trigger Name="WHEN-CUSTOM-ITEM-EVENT" DirtyInfo="true" TriggerText="-- 09/09/2004 - Dan Bevington - Creation&amp;#10;Begin&amp;#10;&#x9;if :system.custom_item_event = 'TIMEOUT' then&amp;#10;&#x9;&#x9;process_timeout;&#x9;-- call the procedure in stdlib&amp;#10;&#x9;end if;&amp;#10;End;"/>
      <Trigger Name="WHEN-MOUSE-ENTER" DirtyInfo="true" TriggerText="begin&amp;#10;&#x9;sqa_mouse_handler;&amp;#10;end;"/>
      <VisualAttribute Name="MENU_TEXT_ITEMS_INV" BackColor="darkcyan" FontName="Arial" VisualAttributeType="Common" FontSize="900" DirtyInfo="true" FontWeight="Bold" ForegroundColor="Side Green"/>
      <VisualAttribute Name="TEXT_ITEM_VA_LOV" BackColor="white" FontName="Arial" FontSize="900" FontStyle="Plain" DirtyInfo="true" FontWeight="Medium" FontSpacing="Normal" ForegroundColor="black" FillPattern="transparent"/>
      <VisualAttribute Name="WEB_CANVAS" BackColor="white" FontName="Arial" FontSize="900" FontStyle="Plain" FontWeight="Medium" FontSpacing="Normal" ForegroundColor="black"/>
      <VisualAttribute Name="WEB_BPT" BackColor="white" FontName="Arial" FontSize="900" FontStyle="Plain" DirtyInfo="true" FontWeight="Bold" FontSpacing="Normal" ForegroundColor="Line Green"/>
      <VisualAttribute Name="WEB_BTN" BackColor="white" FontName="Arial" FontSize="900" FontStyle="Plain" FontWeight="Medium" FontSpacing="Normal"/>
      <VisualAttribute Name="WEB_TEXT_BUTTON" ParentModule="PAS_CUI" ParentModuleType="25" ParentName="WEB_TEXT_BUTTON" ParentFilename="pas_cui.olb" DirtyInfo="true" ParentFilepath="" ParentType="39"/>
      <VisualAttribute Name="WEB_ITEM" BackColor="gray8" FontName="Arial" FontSize="900" FontStyle="Plain" DirtyInfo="true" FontWeight="Medium" FontSpacing="Normal" ForegroundColor="black"/>
      <VisualAttribute Name="WEB_BPT_WINGDINGS" BackColor="white" FontName="Wingdings" FontSize="1400" FontStyle="Plain" FontWeight="Medium" FontSpacing="Normal" ForegroundColor="Top Blue"/>
      <VisualAttribute Name="MENU_TEXT_ITEMS" BackColor="Side Green" FontName="Arial" VisualAttributeType="Common" FontSize="900" DirtyInfo="true" FontWeight="Bold" ForegroundColor="darkcyan"/>
      <VisualAttribute Name="BACKGROUND_CANVAS_BLUE" ParentModule="PAS_OLD" ParentModuleType="25" ParentName="BACKGROUND_CANVAS_BLUE" ParentFilename="PAS_OLD.olb" DirtyInfo="true" ParentType="39"/>
      <VisualAttribute Name="BACKGROUND_CANVAS" ParentModule="PAS_OLD" ParentModuleType="25" ParentName="BACKGROUND_CANVAS" ParentFilename="PAS_OLD.olb" DirtyInfo="true" ParentType="39"/>
      <VisualAttribute Name="TEXT_ITEM_BPT" ParentModule="PAS_OLD" ParentModuleType="25" ParentName="TEXT_ITEM_BPT" ParentFilename="PAS_OLD.olb" DirtyInfo="true" ParentType="39"/>
      <VisualAttribute Name="TEXT_ITEM_BPT_GREY" ParentModule="PAS_OLD" ParentModuleType="25" ParentName="TEXT_ITEM_BPT_GREY" ParentFilename="PAS_OLD.olb" DirtyInfo="true" ParentType="39"/>
      <VisualAttribute Name="TEXT_ITEM_VA" ParentModule="PAS_OLD" ParentModuleType="25" ParentName="TEXT_ITEM_VA" ParentFilename="PAS_OLD.olb" DirtyInfo="true" ParentType="39"/>
      <VisualAttribute Name="CURR_ITEM_VA" ParentModule="PAS_OLD" ParentModuleType="25" ParentName="CURR_ITEM_VA" ParentFilename="PAS_OLD.olb" DirtyInfo="true" ParentType="39"/>
      <VisualAttribute Name="DISP_RED" ParentModule="PAS_OLD" ParentModuleType="25" ParentName="DISP_RED" ParentFilename="PAS_OLD.olb" DirtyInfo="true" ParentType="39"/>
      <VisualAttribute Name="DISP_RED2" ParentModule="PAS_OLD" ParentModuleType="25" ParentName="DISP_RED2" ParentFilename="PAS_OLD.olb" DirtyInfo="true" ParentType="39"/>
      <VisualAttribute Name="DISP_GREEN" ParentModule="PAS_OLD" ParentModuleType="25" ParentName="DISP_GREEN" ParentFilename="PAS_OLD.olb" DirtyInfo="true" ParentType="39"/>
      <VisualAttribute Name="DISP_GREEN2" ParentModule="PAS_OLD" ParentModuleType="25" ParentName="DISP_GREEN2" ParentFilename="PAS_OLD.olb" DirtyInfo="true" ParentType="39"/>
      <VisualAttribute Name="V7_VA_TOOLTIP" BackColor="r100g100b88" FontName="Arial" FontSize="900" FontStyle="Plain" FontWeight="Medium" FontSpacing="Normal" ForegroundColor="Black"/>
      <VisualAttribute Name="WEB_TEXT_BUTTON_CLICK" ParentModule="PAS_CUI" ParentModuleType="25" ParentName="WEB_TEXT_BUTTON_CLICK" ParentFilename="pas_cui.olb" DirtyInfo="true" ParentFilepath="" ParentType="39"/>
      <VisualAttribute Name="FORM_TITLE_VA" ParentModule="PAS_CUI" ParentModuleType="25" ParentName="FORM_TITLE_VA" ParentFilename="pas_cui.olb" DirtyInfo="true" ParentFilepath="" ParentType="39"/>
      <VisualAttribute Name="SECTION_TITLE_VA" ParentModule="PAS_CUI" ParentModuleType="25" ParentName="SECTION_TITLE_VA" ParentFilename="pas_cui.olb" DirtyInfo="true" ParentFilepath="" ParentType="39"/>
      <VisualAttribute Name="BACKGROUND_LINK_BOX_VA" ParentModule="PAS_CUI" ParentModuleType="25" ParentName="BACKGROUND_LINK_BOX_VA" ParentFilename="pas_cui.olb" DirtyInfo="true" ParentFilepath="" ParentType="39"/>
      <VisualAttribute Name="CUI_TOOLTIP_VA" ParentModule="PAS_CUI" ParentModuleType="25" ParentName="CUI_TOOLTIP_VA" ParentFilename="pas_cui.olb" DirtyInfo="true" ParentFilepath="" ParentType="39"/>
      <VisualAttribute Name="MENU_TEXT_ITEMS_VA" ParentModule="PAS_CUI" ParentModuleType="25" ParentName="MENU_TEXT_ITEMS_VA" ParentFilename="pas_cui.olb" DirtyInfo="true" ParentFilepath="" ParentType="39"/>
      <Window Name="BOILER_PLATE_WINDOW" ShowHorizontalScrollbar="false" Width="338" WindowStyle="Dialog" PrimaryCanvas="BOILER_PLATE_CANVAS" ParentModule="ADTRWCBD" XPosition="167" ParentModuleType="12" YPosition="140" ParentName="WINDOW_CLASS" DirtyInfo="true" VisualAttributeName="DEFAULT" ParentType="29" ShowVerticalScrollbar="false" Height="369"/>
      <Window Name="MAIN_FORM_WINDOW" ShowHorizontalScrollbar="false" HorizontalToolbarCanvasName="TOOLBAR_CANVAS" ClearAllowed="true" MinimizeAllowed="true" Title="" Width="755" InheritMenu="true" WindowStyle="Document" ResizeAllowed="true" PrimaryCanvas="CNV_CONTENT" HideOnExit="false" XPosition="0" YPosition="0" Bevel="None" MaximizeAllowed="true" DirtyInfo="true" VisualAttributeName="DEFAULT" Modal="false" MoveAllowed="true" ShowVerticalScrollbar="false" Height="480"/>
      <Window Name="W_REPORT" ShowHorizontalScrollbar="false" ClearAllowed="true" MinimizeAllowed="true" Title="Template Form - Root Window Title" Width="335" InheritMenu="true" WindowStyle="Dialog" ResizeAllowed="true" PrimaryCanvas="" HideOnExit="false" XPosition="175" YPosition="180" Bevel="Raised" MaximizeAllowed="true" DirtyInfo="true" VisualAttributeName="DEFAULT" Modal="false" MoveAllowed="true" ShowVerticalScrollbar="false" Height="164"/>
      <ObjectGroup Name="ACTIONS_OG" ParentModule="PAS_CUI" ParentModuleType="25" ParentName="ACTIONS_OG" ParentFilename="PAS_CUI.olb" DirtyInfo="true" ParentType="23">
         <ObjectGroupChild Name="C_ACTIONS" SubclassSubObject="true"/>
         <ObjectGroupChild Name="C_BASE" SubclassSubObject="true"/>
         <ObjectGroupChild Name="C_FUNCTIONS" SubclassSubObject="true"/>
         <ObjectGroupChild Name="MENU_CANVAS_CLASS" SubclassSubObject="true"/>
         <ObjectGroupChild Name="MENU_CANVAS_VA" SubclassSubObject="true"/>
         <ObjectGroupChild Name="MENU_ITEM_CLASS" SubclassSubObject="true"/>
         <ObjectGroupChild Name="TOP_MENU" SubclassSubObject="true"/>
         <ObjectGroupChild Name="LT_TOOLBAR_MAIN" SubclassSubObject="true"/>
         <ObjectGroupChild Name="HCI_UPGRADE" SubclassSubObject="true"/>
         <ObjectGroupChild Name="HCI_UPGRADE" SubclassSubObject="true"/>
         <ObjectGroupChild Name="LHM_RESET_CANVAS_STACK" SubclassSubObject="true"/>
         <ObjectGroupChild Name="LOCAL_RESET_CANVAS_STACK" SubclassSubObject="true"/>
      </ObjectGroup>
      <ObjectGroup Name="KEY_TRIGGERS" DirtyInfo="true" ObjectGroupType="22">
         <ObjectGroupChild Name="KEY-CLRFRM" Type="Trigger"/>
         <ObjectGroupChild Name="KEY-CLRBLK" Type="Trigger"/>
         <ObjectGroupChild Name="KEY-CLRREC" Type="Trigger"/>
         <ObjectGroupChild Name="KEY-COMMIT" Type="Trigger"/>
         <ObjectGroupChild Name="KEY-CQUERY" Type="Trigger"/>
         <ObjectGroupChild Name="KEY-CREREC" Type="Trigger"/>
         <ObjectGroupChild Name="KEY-DELREC" Type="Trigger"/>
         <ObjectGroupChild Name="KEY-DOWN" Type="Trigger"/>
         <ObjectGroupChild Name="KEY-DUP-ITEM" Type="Trigger"/>
         <ObjectGroupChild Name="KEY-DUPREC" Type="Trigger"/>
         <ObjectGroupChild Name="KEY-EDIT" Type="Trigger"/>
         <ObjectGroupChild Name="KEY-ENTER" Type="Trigger"/>
         <ObjectGroupChild Name="KEY-ENTQRY" Type="Trigger"/>
         <ObjectGroupChild Name="KEY-EXEQRY" Type="Trigger"/>
         <ObjectGroupChild Name="KEY-LISTVAL" Type="Trigger"/>
         <ObjectGroupChild Name="KEY-NEXT-ITEM" Type="Trigger"/>
         <ObjectGroupChild Name="KEY-NXTREC" Type="Trigger"/>
         <ObjectGroupChild Name="KEY-NXTSET" Type="Trigger"/>
         <ObjectGroupChild Name="KEY-OTHERS" Type="Trigger"/>
         <ObjectGroupChild Name="KEY-PREV-ITEM" Type="Trigger"/>
         <ObjectGroupChild Name="KEY-PRINT" Type="Trigger"/>
         <ObjectGroupChild Name="KEY-PRVREC" Type="Trigger"/>
         <ObjectGroupChild Name="KEY-SCRDOWN" Type="Trigger"/>
         <ObjectGroupChild Name="KEY-SCRUP" Type="Trigger"/>
         <ObjectGroupChild Name="KEY-UP" Type="Trigger"/>
      </ObjectGroup>
      <ObjectGroup Name="ABOUT_FORM_PARAMETERS" DirtyInfo="true" ObjectGroupType="22">
         <ObjectGroupChild Name="P_TEMPLATE" Type="ModuleParameter"/>
         <ObjectGroupChild Name="P_VERSION" Type="ModuleParameter"/>
         <ObjectGroupChild Name="P_DATE" Type="ModuleParameter"/>
      </ObjectGroup>
      <ObjectGroup Name="ON_TRIGGERS" DirtyInfo="true" ObjectGroupType="22">
         <ObjectGroupChild Name="ON-MESSAGE" Type="Trigger"/>
         <ObjectGroupChild Name="ON-ERROR" Type="Trigger"/>
      </ObjectGroup>
   </FormModule>
</Module>
