<?xml version = '1.0' encoding = 'UTF-8'?>
<Module version="122010300" xmlns="http://xmlns.oracle.com/Forms">
   <FormModule Name="ADTRTRAN" ValidationUnit="Default" FirstNavigationBlockName="TRAN" HorizontalToolbarCanvas="" ConsoleWindow="MAIN_FORM_WINDOW" MenuModule="OASIS" CursorMode="Open" InitializeMenu="DEFAULTMENUAPP" Use3dControls="true" RuntimeComp="5.0" DirtyInfo="true" MouseNavigationLimit="Form" SavepointMode="true">
      <Coordinate CharacterCellWidth="7" RealUnit="Point" DefaultFontScaling="false" CharacterCellHeight="16" CoordinateSystem="Real"/>
      <Alert Name="STANDARD_ALERT" DirtyInfo="true" Button1Label="OK" VisualAttributeName="DEFAULT" Button2Label="" DefaultAlertButton="Button 1" AlertStyle="Note"/>
      <Alert Name="WARNING_ALERT" DirtyInfo="true" Button1Label="OK" VisualAttributeName="DEFAULT" Button2Label="" DefaultAlertButton="Button 1" AlertStyle="Note"/>
      <Alert Name="ERROR_ALERT" DirtyInfo="true" Button1Label="OK" VisualAttributeName="DEFAULT" Button2Label="" DefaultAlertButton="Button 1" AlertStyle="Note"/>
      <Alert Name="QUESTION_ALERT" DirtyInfo="true" Button1Label="Yes" VisualAttributeName="DEFAULT" Button2Label="No" DefaultAlertButton="Button 1" AlertStyle="Note"/>
      <Block Name="BUTTONS" DirtyInfo="true" ScrollbarWidth="14" ScrollbarLength="135">
         <Item Name="REPORT" ValidateFromList="false" LovXPosition="0" Justification="Start" LovYPosition="0" ListStyle="Poplist" Width="55" MaximumLength="30" WrapStyle="Word" AutoSkip="false" CompressionQuality="None" XPosition="557" YPosition="287" DatabaseItem="false" Bevel="None" CanvasName="C1" MultiLine="false" CaseInsensitiveQuery="false" KeyboardNavigable="false" CaseRestriction="Mixed" ParentType="29" CheckBoxOtherValues="Not Allowed" ImplementationClass="" OtherValues="ok36" PrimaryKey="false" DirtyInfo="true" QueryAllowed="true" QueryLength="30" DisplayQuality="High" EditXPosition="0" EditYPosition="0" DistanceBetweenRecords="0" FixedLength="false" Required="false" Height="14" ConcealData="false" SizingStyle="Crop" ShowHorizontalScrollbar="false" IconFilename="REPORT" TabPageName="DETAILS" InsertAllowed="true" ItemType="Text Item" DataType="Char" UpdateAllowed="true" ParentModule="ADTRTRAN" UpdateIfNull="false" ParentModuleType="12" ParentName="BUTTON_CLASS" KeepCursorPosition="false" VisualAttributeName="WEB_TEXT_BUTTON" Label="Exit" LockRecord="false" ShowVerticalScrollbar="false" TooltipVisualAttributeGroup="V7_VA_TOOLTIP">
            <Trigger Name="WHEN-MOUSE-CLICK" DirtyInfo="true" FireInQuery="true" TriggerText="-- Run the Report&amp;#10;-- date&#x9;&#x9;&#x9;&#x9;by&#x9;&#x9;&#x9;change&amp;#10;-- 05/09/2001&#x9;ZDSobel&#x9;Created&amp;#10;&amp;#10;BEGIN&amp;#10;&#x9;oasis_when_mouse_click.when_mouse_click;&amp;#10;  run_report;&amp;#10;  &amp;#10;END;" DisplayInKeyboardHelp="false"/>
         </Item>
         <Trigger Name="WHEN-MOUSE-DOWN" DirtyInfo="true" TriggerText="SET_ITEM_PROPERTY(:SYSTEM.TRIGGER_ITEM,VISUAL_ATTRIBUTE,'WEB_TEXT_BUTTON_CLICK');"/>
         <Trigger Name="WHEN-MOUSE-UP" DirtyInfo="true" TriggerText="SET_ITEM_PROPERTY(:SYSTEM.TRIGGER_ITEM, VISUAL_ATTRIBUTE, 'WEB_TEXT_BUTTON');&amp;#10;DEFAULT_VALUE(NULL,'GLOBAL.LAST_ITEM');&amp;#10;IF :global.last_item IS NOT NULL THEN&amp;#10;&#x9;GO_ITEM(:global.last_item);&amp;#10;END IF;"/>
         <Trigger Name="KEY-CLRBLK" DirtyInfo="true" TriggerText="NULL;"/>
         <Trigger Name="KEY-CLRREC" DirtyInfo="true" TriggerText="NULL;"/>
         <Trigger Name="KEY-CLRFRM" DirtyInfo="true" TriggerText="NULL;"/>
         <Trigger Name="KEY-DELREC" DirtyInfo="true" TriggerText="NULL;"/>
         <Trigger Name="KEY-ENTQRY" DirtyInfo="true" TriggerText="NULL;"/>
         <Trigger Name="KEY-EXEQRY" DirtyInfo="true" TriggerText="NULL;"/>
         <Trigger Name="KEY-CREREC" DirtyInfo="true" TriggerText="NULL;"/>
         <Trigger Name="KEY-NXTREC" DirtyInfo="true" TriggerText="NULL;"/>
         <Trigger Name="KEY-PRVREC" DirtyInfo="true" TriggerText="NULL;"/>
         <Trigger Name="KEY-SCRDOWN" DirtyInfo="true" TriggerText="NULL;"/>
         <Trigger Name="KEY-SCRUP" DirtyInfo="true" TriggerText="NULL;"/>
         <Trigger Name="KEY-DOWN" DirtyInfo="true" TriggerText="NULL;"/>
         <Trigger Name="KEY-UP" DirtyInfo="true" TriggerText="NULL;"/>
         <Trigger Name="WHEN-NEW-ITEM-INSTANCE" DirtyInfo="true" TriggerText="NULL; -- To ensure the form level trigger does not fire for the buttons"/>
      </Block>
      <Block Name="CONTROL" RecordsBufferedCount="0" RecordsDisplayCount="1" RecordsFetchedCount="1" EnforcedColumnSecurity="false" InsertAllowed="false" EnforcedPrimaryKey="false" RecordOrientation="Vertical" UpdateAllowed="false" DeleteAllowed="false" DirtyInfo="true" VisualAttributeName="DEFAULT" KeyMode="Unique" DatabaseBlock="false" QueryDataSourceType="None" QueryAllowed="false" LockMode="Immediate" DMLDataType="None" NavigationStyle="Same Record" ShowScrollbar="false">
         <Item Name="TIMEOUT" DirtyInfo="true" TabPageName="" Width="0" CanvasName="CNV_CONTENT" ItemType="Bean Area" ImplementationClass="com.capula.eoasis.Timeout" Height="0"/>
         <Item Name="NAVIGATE_BUTTON" ValidateFromList="false" LovXPosition="0" Justification="Left" LovYPosition="0" ListStyle="Poplist" Width="21" MaximumLength="30" WrapStyle="Word" AutoSkip="false" CompressionQuality="None" XPosition="364" YPosition="1" DatabaseItem="false" Bevel="Raised" CanvasName="CNV_HIDE" MultiLine="false" CaseInsensitiveQuery="false" CaseRestriction="Mixed" ParentType="29" CheckBoxOtherValues="Not Allowed" PrimaryKey="false" DirtyInfo="true" QueryAllowed="true" QueryLength="30" DisplayQuality="High" EditXPosition="0" EditYPosition="0" DistanceBetweenRecords="0" FixedLength="false" Required="false" Height="21" ConcealData="false" SizingStyle="Crop" ShowHorizontalScrollbar="false" IconFilename="compass" TabPageName="" InsertAllowed="true" DataType="Char" UpdateAllowed="true" ParentModule="ADTRTRAN" UpdateIfNull="false" ParentModuleType="12" ParentName="TOOLBAR_BUTTON_CLASS" KeepCursorPosition="false" VisualAttributeName="WEB_BTN" Label="NAV" LockRecord="false" ShowVerticalScrollbar="false" TooltipVisualAttributeGroup="V7_VA_TOOLTIP">
            <Trigger Name="WHEN-MOUSE-ENTER" TriggerText="--&amp;#10;-- Steve Pusey 15/4/96&amp;#10;--&amp;#10;-- Show button hint&amp;#10;--&amp;#10;BEGIN&amp;#10;sqa_mouse_handler;&amp;#10;  oasis_menu.show_navigate_button_hint;&amp;#10;&amp;#10;END;"/>
            <Trigger Name="WHEN-BUTTON-PRESSED" TriggerText="--&amp;#10;-- Steve Pusey 15/4/96&amp;#10;--&amp;#10;-- toggle between navigation and default menus&amp;#10;--&amp;#10;BEGIN&amp;#10;&amp;#10;  oasis_menu.toggle_menu;&amp;#10;&amp;#10;END;"/>
         </Item>
         <Item Name="TOOL1_BUTTON" ValidateFromList="false" LovXPosition="0" Justification="Left" LovYPosition="0" ListStyle="Poplist" Width="21" MaximumLength="30" WrapStyle="Word" AutoSkip="false" CompressionQuality="None" XPosition="385" YPosition="1" DatabaseItem="false" Bevel="Raised" CanvasName="CNV_HIDE" MultiLine="false" CaseInsensitiveQuery="false" CaseRestriction="Mixed" ParentType="29" CheckBoxOtherValues="Not Allowed" PrimaryKey="false" DirtyInfo="true" QueryAllowed="true" QueryLength="30" DisplayQuality="High" EditXPosition="0" EditYPosition="0" DistanceBetweenRecords="0" FillPattern="transparent" FixedLength="false" Required="false" ForegroundColor="black" Height="21" ConcealData="false" SizingStyle="Crop" ShowHorizontalScrollbar="false" Iconic="false" TabPageName="" InsertAllowed="true" DataType="Char" UpdateAllowed="true" ParentModule="ADTRTRAN" UpdateIfNull="false" ParentModuleType="12" ParentName="TOOLBAR_BUTTON_CLASS" KeepCursorPosition="false" VisualAttributeName="WEB_BTN" LockRecord="false" ShowVerticalScrollbar="false" TooltipVisualAttributeGroup="V7_VA_TOOLTIP"/>
         <Item Name="TOOL2_BUTTON" ValidateFromList="false" LovXPosition="0" Justification="Left" LovYPosition="0" ListStyle="Poplist" Width="21" MaximumLength="30" WrapStyle="Word" AutoSkip="false" CompressionQuality="None" XPosition="407" YPosition="1" DatabaseItem="false" Bevel="Raised" CanvasName="CNV_HIDE" MultiLine="false" CaseInsensitiveQuery="false" CaseRestriction="Mixed" ParentType="29" CheckBoxOtherValues="Not Allowed" PrimaryKey="false" DirtyInfo="true" QueryAllowed="true" QueryLength="30" DisplayQuality="High" EditXPosition="0" EditYPosition="0" DistanceBetweenRecords="0" FillPattern="transparent" FixedLength="false" Required="false" ForegroundColor="black" Height="21" ConcealData="false" SizingStyle="Crop" ShowHorizontalScrollbar="false" Iconic="false" TabPageName="" InsertAllowed="true" DataType="Char" UpdateAllowed="true" ParentModule="ADTRTRAN" UpdateIfNull="false" ParentModuleType="12" ParentName="TOOLBAR_BUTTON_CLASS" KeepCursorPosition="false" VisualAttributeName="WEB_BTN" LockRecord="false" ShowVerticalScrollbar="false" TooltipVisualAttributeGroup="V7_VA_TOOLTIP"/>
         <Item Name="TOOL3_BUTTON" ValidateFromList="false" LovXPosition="0" Justification="Left" LovYPosition="0" ListStyle="Poplist" Width="21" MaximumLength="30" WrapStyle="Word" AutoSkip="false" CompressionQuality="None" XPosition="428" YPosition="1" DatabaseItem="false" Bevel="Raised" CanvasName="CNV_HIDE" MultiLine="false" CaseInsensitiveQuery="false" CaseRestriction="Mixed" ParentType="29" CheckBoxOtherValues="Not Allowed" PrimaryKey="false" DirtyInfo="true" QueryAllowed="true" QueryLength="30" DisplayQuality="High" EditXPosition="0" EditYPosition="0" DistanceBetweenRecords="0" FillPattern="transparent" FixedLength="false" Required="false" ForegroundColor="black" Height="21" ConcealData="false" SizingStyle="Crop" ShowHorizontalScrollbar="false" Iconic="false" TabPageName="" InsertAllowed="true" DataType="Char" UpdateAllowed="true" ParentModule="ADTRTRAN" UpdateIfNull="false" ParentModuleType="12" ParentName="TOOLBAR_BUTTON_CLASS" KeepCursorPosition="false" VisualAttributeName="WEB_BTN" LockRecord="false" ShowVerticalScrollbar="false" TooltipVisualAttributeGroup="V7_VA_TOOLTIP"/>
         <Item Name="TOOL4_BUTTON" ValidateFromList="false" LovXPosition="0" Justification="Left" LovYPosition="0" ListStyle="Poplist" Width="21" MaximumLength="30" WrapStyle="Word" AutoSkip="false" CompressionQuality="None" XPosition="449" YPosition="1" DatabaseItem="false" Bevel="Raised" CanvasName="CNV_HIDE" MultiLine="false" CaseInsensitiveQuery="false" CaseRestriction="Mixed" ParentType="29" CheckBoxOtherValues="Not Allowed" PrimaryKey="false" DirtyInfo="true" QueryAllowed="true" QueryLength="30" DisplayQuality="High" EditXPosition="0" EditYPosition="0" DistanceBetweenRecords="0" FillPattern="transparent" FixedLength="false" Required="false" ForegroundColor="black" Height="21" ConcealData="false" SizingStyle="Crop" ShowHorizontalScrollbar="false" Iconic="false" TabPageName="" InsertAllowed="true" DataType="Char" UpdateAllowed="true" ParentModule="ADTRTRAN" UpdateIfNull="false" ParentModuleType="12" ParentName="TOOLBAR_BUTTON_CLASS" KeepCursorPosition="false" VisualAttributeName="WEB_BTN" LockRecord="false" ShowVerticalScrollbar="false" TooltipVisualAttributeGroup="V7_VA_TOOLTIP"/>
         <Item Name="TOOL5_BUTTON" ValidateFromList="false" LovXPosition="0" Justification="Left" LovYPosition="0" ListStyle="Poplist" MaximumLength="30" WrapStyle="Word" AutoSkip="false" CompressionQuality="None" XPosition="469" YPosition="2" DatabaseItem="false" Bevel="Raised" CanvasName="CNV_HIDE" MultiLine="false" CaseInsensitiveQuery="false" CaseRestriction="Mixed" ParentType="29" CheckBoxOtherValues="Not Allowed" PrimaryKey="false" DirtyInfo="true" QueryAllowed="true" QueryLength="30" DisplayQuality="High" EditXPosition="0" EditYPosition="0" DistanceBetweenRecords="0" FillPattern="transparent" FixedLength="false" Required="false" ForegroundColor="black" ConcealData="false" SizingStyle="Crop" ShowHorizontalScrollbar="false" Iconic="false" TabPageName="" InsertAllowed="true" DataType="Char" UpdateAllowed="true" ParentModule="ADTRTRAN" UpdateIfNull="false" ParentModuleType="12" ParentName="TOOLBAR_BUTTON_CLASS" KeepCursorPosition="false" VisualAttributeName="WEB_BTN" LockRecord="false" ShowVerticalScrollbar="false" TooltipVisualAttributeGroup="V7_VA_TOOLTIP"/>
         <Item Name="TOOL6_BUTTON" ValidateFromList="false" LovXPosition="0" Justification="Left" LovYPosition="0" ListStyle="Poplist" MaximumLength="30" WrapStyle="Word" AutoSkip="false" CompressionQuality="None" XPosition="489" YPosition="2" DatabaseItem="false" Bevel="Raised" CanvasName="CNV_HIDE" MultiLine="false" CaseInsensitiveQuery="false" CaseRestriction="Mixed" ParentType="29" CheckBoxOtherValues="Not Allowed" PrimaryKey="false" DirtyInfo="true" QueryAllowed="true" QueryLength="30" DisplayQuality="High" EditXPosition="0" EditYPosition="0" DistanceBetweenRecords="0" FillPattern="transparent" FixedLength="false" Required="false" ForegroundColor="black" ConcealData="false" SizingStyle="Crop" ShowHorizontalScrollbar="false" Iconic="false" TabPageName="" InsertAllowed="true" DataType="Char" UpdateAllowed="true" ParentModule="ADTRTRAN" UpdateIfNull="false" ParentModuleType="12" ParentName="TOOLBAR_BUTTON_CLASS" KeepCursorPosition="false" VisualAttributeName="WEB_BTN" LockRecord="false" ShowVerticalScrollbar="false" TooltipVisualAttributeGroup="V7_VA_TOOLTIP"/>
         <Item Name="TOOL7_BUTTON" ValidateFromList="false" LovXPosition="0" Justification="Left" LovYPosition="0" ListStyle="Poplist" MaximumLength="30" WrapStyle="Word" AutoSkip="false" CompressionQuality="None" XPosition="509" YPosition="2" DatabaseItem="false" Bevel="Raised" CanvasName="CNV_HIDE" MultiLine="false" CaseInsensitiveQuery="false" CaseRestriction="Mixed" ParentType="29" CheckBoxOtherValues="Not Allowed" PrimaryKey="false" DirtyInfo="true" QueryAllowed="true" QueryLength="30" DisplayQuality="High" EditXPosition="0" EditYPosition="0" DistanceBetweenRecords="0" FillPattern="transparent" FixedLength="false" Required="false" ForegroundColor="black" ConcealData="false" SizingStyle="Crop" ShowHorizontalScrollbar="false" Iconic="false" TabPageName="" InsertAllowed="true" DataType="Char" UpdateAllowed="true" ParentModule="ADTRTRAN" UpdateIfNull="false" ParentModuleType="12" ParentName="TOOLBAR_BUTTON_CLASS" KeepCursorPosition="false" VisualAttributeName="WEB_BTN" LockRecord="false" ShowVerticalScrollbar="false" TooltipVisualAttributeGroup="V7_VA_TOOLTIP"/>
         <Item Name="TOOL8_BUTTON" ValidateFromList="false" LovXPosition="0" Justification="Left" LovYPosition="0" ListStyle="Poplist" MaximumLength="30" WrapStyle="Word" AutoSkip="false" CompressionQuality="None" XPosition="529" YPosition="2" DatabaseItem="false" Bevel="Raised" CanvasName="CNV_HIDE" MultiLine="false" CaseInsensitiveQuery="false" CaseRestriction="Mixed" ParentType="29" CheckBoxOtherValues="Not Allowed" PrimaryKey="false" DirtyInfo="true" QueryAllowed="true" QueryLength="30" DisplayQuality="High" EditXPosition="0" EditYPosition="0" DistanceBetweenRecords="0" FillPattern="transparent" FixedLength="false" Required="false" ForegroundColor="black" ConcealData="false" SizingStyle="Crop" ShowHorizontalScrollbar="false" Iconic="false" TabPageName="" InsertAllowed="true" DataType="Char" UpdateAllowed="true" ParentModule="ADTRTRAN" UpdateIfNull="false" ParentModuleType="12" ParentName="TOOLBAR_BUTTON_CLASS" KeepCursorPosition="false" VisualAttributeName="WEB_BTN" LockRecord="false" ShowVerticalScrollbar="false" TooltipVisualAttributeGroup="V7_VA_TOOLTIP"/>
         <Item Name="TOOL9_BUTTON" ValidateFromList="false" LovXPosition="0" Justification="Left" LovYPosition="0" ListStyle="Poplist" MaximumLength="30" WrapStyle="Word" AutoSkip="false" CompressionQuality="None" XPosition="549" YPosition="2" DatabaseItem="false" Bevel="Raised" CanvasName="CNV_HIDE" MultiLine="false" CaseInsensitiveQuery="false" CaseRestriction="Mixed" ParentType="29" CheckBoxOtherValues="Not Allowed" PrimaryKey="false" DirtyInfo="true" QueryAllowed="true" QueryLength="30" DisplayQuality="High" EditXPosition="0" EditYPosition="0" DistanceBetweenRecords="0" FillPattern="transparent" FixedLength="false" Required="false" ForegroundColor="black" ConcealData="false" SizingStyle="Crop" ShowHorizontalScrollbar="false" Iconic="false" TabPageName="" InsertAllowed="true" DataType="Char" UpdateAllowed="true" ParentModule="ADTRTRAN" UpdateIfNull="false" ParentModuleType="12" ParentName="TOOLBAR_BUTTON_CLASS" KeepCursorPosition="false" VisualAttributeName="WEB_BTN" LockRecord="false" ShowVerticalScrollbar="false" TooltipVisualAttributeGroup="V7_VA_TOOLTIP"/>
         <Item Name="TOOL10_BUTTON" ValidateFromList="false" LovXPosition="0" Justification="Left" LovYPosition="0" ListStyle="Poplist" MaximumLength="30" WrapStyle="Word" AutoSkip="false" CompressionQuality="None" XPosition="569" YPosition="2" DatabaseItem="false" Bevel="Raised" CanvasName="CNV_HIDE" MultiLine="false" CaseInsensitiveQuery="false" CaseRestriction="Mixed" ParentType="29" CheckBoxOtherValues="Not Allowed" PrimaryKey="false" DirtyInfo="true" QueryAllowed="true" QueryLength="30" DisplayQuality="High" EditXPosition="0" EditYPosition="0" DistanceBetweenRecords="0" FillPattern="transparent" FixedLength="false" Required="false" ForegroundColor="black" ConcealData="false" SizingStyle="Crop" ShowHorizontalScrollbar="false" Iconic="false" TabPageName="" InsertAllowed="true" DataType="Char" UpdateAllowed="true" ParentModule="ADTRTRAN" UpdateIfNull="false" ParentModuleType="12" ParentName="TOOLBAR_BUTTON_CLASS" KeepCursorPosition="false" VisualAttributeName="WEB_BTN" LockRecord="false" ShowVerticalScrollbar="false" TooltipVisualAttributeGroup="V7_VA_TOOLTIP"/>
         <Trigger Name="WHEN-MOUSE-LEAVE" TriggerText="Kill_Hint_Timer;"/>
      </Block>
      <Block Name="TEXT" RecordsBufferedCount="0" RecordsDisplayCount="1" RecordsFetchedCount="0" WhereClause="" EnforcedColumnSecurity="false" InsertAllowed="true" EnforcedPrimaryKey="false" RecordOrientation="Vertical" UpdateAllowed="true" DMLDataName="" DeleteAllowed="true" QueryDataSourceName="" DirtyInfo="true" VisualAttributeName="DEFAULT" KeyMode="Unique" DatabaseBlock="false" QueryDataSourceType="None" QueryAllowed="true" LockMode="Immediate" DMLDataType="None" NavigationStyle="Same Record" ShowScrollbar="false">
         <Item Name="FUNCTION_ID" ValidateFromList="false" LovXPosition="0" Justification="Left" LovYPosition="0" ListStyle="Poplist" Width="36" MaximumLength="6" WrapStyle="Word" AutoSkip="false" CompressionQuality="None" XPosition="108" YPosition="35" DatabaseItem="true" Bevel="Plain" AutoHint="false" MouseNavigate="true" MultiLine="false" CaseInsensitiveQuery="false" KeyboardNavigable="true" CaseRestriction="Mixed" CheckBoxOtherValues="Not Allowed" PrimaryKey="false" DefaultButton="false" QueryAllowed="true" Visible="true" QueryLength="6" DisplayQuality="High" EditXPosition="0" EditYPosition="0" Enabled="true" DistanceBetweenRecords="4364" FixedLength="false" Required="true" Height="14" ConcealData="false" Hint="Enter value for : FUNCTION_ID" SizingStyle="Crop" ShowHorizontalScrollbar="false" Iconic="false" InsertAllowed="true" ItemType="Display Item" DataType="Number" UpdateAllowed="true" UpdateIfNull="false" KeepCursorPosition="false" VisualAttributeName="DEFAULT" Label="Function Id" LockRecord="false" ShowVerticalScrollbar="false" TooltipVisualAttributeGroup="V7_VA_TOOLTIP"/>
         <Item Name="LANGUAGE_ID" ValidateFromList="false" LovXPosition="0" Justification="Left" LovYPosition="0" ListStyle="Poplist" Width="24" MaximumLength="4" WrapStyle="Word" AutoSkip="false" CompressionQuality="None" XPosition="576" YPosition="35" DatabaseItem="true" Bevel="Plain" AutoHint="false" MouseNavigate="true" MultiLine="false" CaseInsensitiveQuery="false" KeyboardNavigable="true" CaseRestriction="Mixed" CheckBoxOtherValues="Not Allowed" PrimaryKey="false" DefaultButton="false" QueryAllowed="true" Visible="true" QueryLength="4" DisplayQuality="High" EditXPosition="0" EditYPosition="0" Enabled="true" DistanceBetweenRecords="4364" FixedLength="false" Required="true" Height="14" ConcealData="false" Hint="Enter value for : LANGUAGE_ID" SizingStyle="Crop" ShowHorizontalScrollbar="false" Iconic="false" InsertAllowed="true" ItemType="Display Item" DataType="Number" UpdateAllowed="true" UpdateIfNull="false" KeepCursorPosition="false" VisualAttributeName="DEFAULT" Label="Language Id" LockRecord="false" ShowVerticalScrollbar="false" TooltipVisualAttributeGroup="V7_VA_TOOLTIP"/>
         <Item Name="CONTROL_ITEM" ValidateFromList="false" LovXPosition="0" Justification="Left" LovYPosition="0" ListStyle="Poplist" Width="1" MaximumLength="1" WrapStyle="Word" AutoSkip="false" BackColor="white" CompressionQuality="None" XPosition="0" YPosition="0" DatabaseItem="false" Bevel="Plain" AutoHint="false" MouseNavigate="true" MultiLine="false" CaseInsensitiveQuery="false" KeyboardNavigable="true" CaseRestriction="Mixed" CheckBoxOtherValues="Not Allowed" Comment="This item is created as a hidden enterable field to allow the query on this block to operate" PrimaryKey="false" DirtyInfo="true" DefaultButton="false" QueryAllowed="true" Visible="true" QueryLength="1" DisplayQuality="High" EditXPosition="0" EditYPosition="0" Enabled="true" DistanceBetweenRecords="0" FillPattern="transparent" FixedLength="false" Required="false" FontName="Fixedsys" FontSize="900" FontStyle="Plain" FontWeight="Demilight" FontSpacing="Normal" ForegroundColor="black" Height="1" ConcealData="false" SizingStyle="Crop" ShowHorizontalScrollbar="false" Iconic="false" InsertAllowed="true" ItemType="Text Item" DataType="Char" UpdateAllowed="true" UpdateIfNull="false" KeepCursorPosition="false" LockRecord="false" ShowVerticalScrollbar="false" TooltipVisualAttributeGroup="V7_VA_TOOLTIP"/>
         <Item Name="BPT_1" ValidateFromList="false" EditXPosition="0" LovXPosition="0" EditYPosition="0" Justification="Start" LovYPosition="0" Enabled="true" ListStyle="Poplist" Width="165" FixedLength="false" WrapStyle="Word" AutoSkip="false" CompressionQuality="None" XPosition="308" Required="false" YPosition="39" AutoHint="false" MouseNavigate="true" CanvasName="C1" MultiLine="false" CaseInsensitiveQuery="false" KeyboardNavigable="true" CaseRestriction="Mixed" ParentType="29" CheckBoxOtherValues="Not Allowed" ConcealData="false" SizingStyle="Crop" ShowHorizontalScrollbar="false" Iconic="false" TabPageName="DETAILS" InsertAllowed="true" UpdateAllowed="true" ParentModule="ADTRTRAN" UpdateIfNull="false" ParentModuleType="12" ParentName="BPT_GREY_CLASS" DirtyInfo="true" KeepCursorPosition="false" DefaultButton="false" QueryAllowed="true" QueryLength="80" LockRecord="false" DisplayQuality="High" ShowVerticalScrollbar="false" TooltipVisualAttributeGroup="V7_VA_TOOLTIP"/>
         <Item Name="BPT_1B" ValidateFromList="false" LovXPosition="0" Justification="End" LovYPosition="0" ListStyle="Poplist" Width="125" MaximumLength="80" WrapStyle="Word" AutoSkip="false" BackColor="r55g85b100" CompressionQuality="None" XPosition="3" YPosition="35" DatabaseItem="false" Bevel="None" AutoHint="false" MouseNavigate="true" CanvasName="C1" MultiLine="false" CaseInsensitiveQuery="false" KeyboardNavigable="true" CaseRestriction="Mixed" CheckBoxOtherValues="Not Allowed" PrimaryKey="false" DirtyInfo="true" DefaultButton="false" QueryAllowed="true" Visible="true" QueryLength="80" DisplayQuality="High" EditXPosition="0" EditYPosition="0" Enabled="true" DistanceBetweenRecords="0" FillPattern="transparent" FixedLength="false" Required="false" FontName="Arial" FontSize="900" FontStyle="Plain" FontWeight="Medium" FontSpacing="Normal" ForegroundColor="black" Height="13" ConcealData="false" SizingStyle="Crop" ShowHorizontalScrollbar="false" Iconic="false" TabPageName="DETAILS" InsertAllowed="true" ItemType="Display Item" DataType="Char" UpdateAllowed="true" UpdateIfNull="false" KeepCursorPosition="false" VisualAttributeName="TEXT_ITEM_BPT_GREY" LockRecord="false" ShowVerticalScrollbar="false" TooltipVisualAttributeGroup="V7_VA_TOOLTIP"/>
         <Item Name="BPT_2" ShowHorizontalScrollbar="false" Justification="End" TabPageName="DETAILS" Width="106" ParentModule="ADTRTRAN" CompressionQuality="None" XPosition="23" ParentModuleType="12" YPosition="65" ParentName="BPT_GREY_CLASS" DirtyInfo="true" CanvasName="C1" ParentType="29" ShowVerticalScrollbar="false" TooltipVisualAttributeGroup="V7_VA_TOOLTIP"/>
         <Item Name="BPT_3" ShowHorizontalScrollbar="false" Justification="End" TabPageName="DETAILS" Width="88" ParentModule="ADTRTRAN" CompressionQuality="None" XPosition="40" ParentModuleType="12" YPosition="80" ParentName="BPT_GREY_CLASS" DirtyInfo="true" CanvasName="C1" ParentType="29" ShowVerticalScrollbar="false" TooltipVisualAttributeGroup="V7_VA_TOOLTIP"/>
         <Item Name="BPT_4" ShowHorizontalScrollbar="false" Justification="End" TabPageName="DETAILS" Width="88" ParentModule="ADTRTRAN" CompressionQuality="None" XPosition="40" ParentModuleType="12" YPosition="112" ParentName="BPT_GREY_CLASS" DirtyInfo="true" CanvasName="C1" ParentType="29" ShowVerticalScrollbar="false" TooltipVisualAttributeGroup="V7_VA_TOOLTIP"/>
         <Item Name="BPT_5" ShowHorizontalScrollbar="false" Justification="End" TabPageName="DETAILS" Width="88" ParentModule="ADTRTRAN" CompressionQuality="None" XPosition="40" ParentModuleType="12" YPosition="143" ParentName="BPT_GREY_CLASS" DirtyInfo="true" CanvasName="C1" ParentType="29" ShowVerticalScrollbar="false" TooltipVisualAttributeGroup="V7_VA_TOOLTIP"/>
         <Item Name="BPT_6" ValidateFromList="false" EditXPosition="0" LovXPosition="0" EditYPosition="0" Justification="Right" LovYPosition="0" Enabled="true" ListStyle="Poplist" Width="19" FixedLength="false" WrapStyle="Word" AutoSkip="false" CompressionQuality="None" XPosition="110" Required="false" YPosition="50" AutoHint="false" MouseNavigate="true" CanvasName="C1" MultiLine="false" CaseInsensitiveQuery="false" KeyboardNavigable="true" CaseRestriction="Mixed" ParentType="29" CheckBoxOtherValues="Not Allowed" ConcealData="false" SizingStyle="Crop" ShowHorizontalScrollbar="false" Iconic="false" TabPageName="DETAILS" InsertAllowed="true" UpdateAllowed="true" ParentModule="ADTRTRAN" UpdateIfNull="false" ParentModuleType="12" ParentName="BPT_GREY_CLASS" DirtyInfo="true" KeepCursorPosition="false" DefaultButton="false" QueryAllowed="true" QueryLength="80" LockRecord="false" DisplayQuality="High" ShowVerticalScrollbar="false" TooltipVisualAttributeGroup="V7_VA_TOOLTIP"/>
         <Item Name="BPT_7" ShowHorizontalScrollbar="false" Justification="End" TabPageName="DETAILS" Width="88" ParentModule="ADTRTRAN" CompressionQuality="None" XPosition="40" ParentModuleType="12" YPosition="128" ParentName="BPT_GREY_CLASS" DirtyInfo="true" CanvasName="C1" ParentType="29" ShowVerticalScrollbar="false" TooltipVisualAttributeGroup="V7_VA_TOOLTIP"/>
         <Item Name="BPT_8" Justification="End" DistanceBetweenRecords="0" Width="88" FillPattern="transparent" MaximumLength="80" BackColor="r55g85b100" CompressionQuality="None" XPosition="40" FontName="Arial" YPosition="96" DatabaseItem="false" Bevel="None" FontSize="900" FontStyle="Plain" FontWeight="Medium" FontSpacing="Normal" ForegroundColor="black" CanvasName="C1" Height="13" ShowHorizontalScrollbar="false" TabPageName="DETAILS" ItemType="Display Item" DataType="Char" PrimaryKey="false" DirtyInfo="true" VisualAttributeName="TEXT_ITEM_BPT_GREY" Visible="true" ShowVerticalScrollbar="false" TooltipVisualAttributeGroup="V7_VA_TOOLTIP"/>
         <Item Name="BPT_9" ParentModule="ADTRTRAN" ParentModuleType="12" ParentName="BPT_GREY_CLASS" DirtyInfo="true" Width="68" ParentType="29" TooltipVisualAttributeGroup="V7_VA_TOOLTIP"/>
         <Item Name="BPT_10" ParentModule="ADTRTRAN" ParentModuleType="12" ParentName="BPT_GREY_CLASS" DirtyInfo="true" Width="68" ParentType="29" TooltipVisualAttributeGroup="V7_VA_TOOLTIP"/>
         <Item Name="BPT_11" ParentModule="ADTRTRAN" ParentModuleType="12" ParentName="BPT_GREY_CLASS" DirtyInfo="true" Width="68" ParentType="29" TooltipVisualAttributeGroup="V7_VA_TOOLTIP"/>
         <Item Name="BPT_12" Justification="Start" TabPageName="DETAILS" DistanceBetweenRecords="0" Width="211" FillPattern="transparent" MaximumLength="80" DataType="Char" ParentModule="ADTRTRAN" XPosition="7" ParentModuleType="12" YPosition="7" DatabaseItem="false" PrimaryKey="false" ParentName="SECTION_TITLE_CLASS" DirtyInfo="true" VisualAttributeName="SECTION_TITLE_VA" CanvasName="C1" Visible="true" ParentType="29" TooltipVisualAttributeGroup="V7_VA_TOOLTIP"/>
         <Item Name="BPT_13" Justification="Start" TabPageName="" DistanceBetweenRecords="0" Width="363" FillPattern="transparent" MaximumLength="120" DataType="Char" ParentModule="ADTRTRAN" XPosition="115" ParentModuleType="12" YPosition="48" DatabaseItem="false" PrimaryKey="false" ParentName="SECTION_TITLE_CLASS" DirtyInfo="true" VisualAttributeName="SECTION_TITLE_VA" CanvasName="CNV_CONTENT" Visible="true" ParentType="29" TooltipVisualAttributeGroup="V7_VA_TOOLTIP"/>
         <Item Name="BPT_TAB_DETAILS" DirtyInfo="true" Width="68" ItemType="Display Item" TooltipVisualAttributeGroup="V7_VA_TOOLTIP" Height="14"/>
         <Item Name="DSP_BREADCRUMB" Justification="Start" TabPageName="" Width="278" MaximumLength="4000" ItemType="Display Item" BackColor="white" XPosition="5" FontName="Arial" YPosition="4" DatabaseItem="false" Bevel="None" FontSize="1000" FontStyle="Italic" DirtyInfo="true" FontWeight="Bold" FontSpacing="Normal" ForegroundColor="darkcyan" CanvasName="CNV_HIDE" TooltipVisualAttributeGroup="V7_VA_TOOLTIP" Height="15"/>
         <Trigger Name="WHEN-MOUSE-DOUBLECLICK" TriggerText="--&amp;#10;-- steve pusey 19/4/96&amp;#10;--&amp;#10;-- change value in current boilerplate text item&amp;#10;--&amp;#10;BEGIN&amp;#10;&amp;#10;  boilerplate.change_boilerplate;&amp;#10;&amp;#10;END;"/>
      </Block>
      <Block Name="TRAN" DMLDataName="" QueryDataSourceName="" RecordsDisplayCount="1" DirtyInfo="true" VisualAttributeName="DEFAULT" DatabaseBlock="false" QueryDataSourceType="None" DMLDataType="None" RecordOrientation="Vertical" ShowScrollbar="false">
         <Item Name="RUN_DATE_FROM" ValidateFromList="false" LovXPosition="0" Justification="Left" LovYPosition="0" ListStyle="Poplist" WrapStyle="Word" AutoSkip="false" CompressionQuality="None" XPosition="131" YPosition="35" DatabaseItem="false" Bevel="Plain" AutoHint="false" MouseNavigate="true" CanvasName="C1" MultiLine="false" CaseInsensitiveQuery="false" KeyboardNavigable="true" ParentType="29" CheckBoxOtherValues="Not Allowed" PrimaryKey="false" DirtyInfo="true" DefaultButton="false" QueryAllowed="false" Visible="true" QueryLength="0" DisplayQuality="High" EditXPosition="0" EditYPosition="0" Enabled="true" DistanceBetweenRecords="0" Required="false" Height="14" ConcealData="false" SizingStyle="Crop" ShowHorizontalScrollbar="false" Iconic="false" TabPageName="DETAILS" InsertAllowed="true" ItemType="Text Item" CopyValueFromItem="" UpdateAllowed="true" ParentModule="ADTRTRAN" UpdateIfNull="false" ParentModuleType="12" ParentName="TEXT_ITEM_DATE_CLASS" KeepCursorPosition="false" LockRecord="false" ShowVerticalScrollbar="false" TooltipVisualAttributeGroup="V7_VA_TOOLTIP">
            <Trigger Name="SYSCALEN_TRIGGER" DirtyInfo="true" TriggerText="-- Brings up oasis calendar&amp;#10;-- by&#x9;&#x9;&#x9;&#x9;&#x9;date&#x9;&#x9;&#x9;&#x9;change&amp;#10;-- ZDSobel&#x9;&#x9;13/11/2001&#x9;Created&amp;#10;-- Sean Kelly 24/11/2003  Added boilerplate text&amp;#10;DECLARE&amp;#10;&#x9;&amp;#10;&#x9;v_date3  DATE;&amp;#10;&#x9;&amp;#10;BEGIN&amp;#10;&amp;#10;  oasis_syscalen_v2 (&amp;#10;&#x9;2,&amp;#10;&#x9;:TRAN.RUN_DATE_FROM,&amp;#10;&#x9;:TRAN.RUN_DATE_TO,&amp;#10;&#x9;v_date3,&amp;#10;&#x9;:TEXT.BPT_9,&amp;#10;&#x9;:TEXT.BPT_10,&amp;#10;&#x9;null&amp;#10;  );&amp;#10;&amp;#10;END;"/>
            <Trigger Name="WHEN-MOUSE-DOUBLECLICK" DirtyInfo="true" TriggerText="execute_trigger ('SYSCALEN_TRIGGER');"/>
         </Item>
         <Item Name="EASY_BTN" Enabled="true" Width="19" FillPattern="transparent" CompressionQuality="None" XPosition="197" YPosition="34" DatabaseItem="false" AutoHint="false" ForegroundColor="black" MouseNavigate="false" CanvasName="C1" KeyboardNavigable="false" Height="15" ShowHorizontalScrollbar="false" Iconic="true" IconFilename="b_diary" TabPageName="DETAILS" ItemType="Push Button" DirtyInfo="true" VisualAttributeName="WEB_BTN" Label="" DefaultButton="false" Visible="true" ShowVerticalScrollbar="false" TooltipVisualAttributeGroup="V7_VA_TOOLTIP">
            <Trigger Name="WHEN-BUTTON-PRESSED" DirtyInfo="true" TriggerText="-- Brings up oasis calendar&amp;#10;-- by&#x9;&#x9;&#x9;&#x9;&#x9;date&#x9;&#x9;&#x9;&#x9;change&amp;#10;-- ZDSobel&#x9;&#x9;13/11/2001&#x9;Created&amp;#10;-- Sean Kelly 24/11/2003  Added boilerplate text&amp;#10;DECLARE&amp;#10;&#x9;v_date3  DATE;&amp;#10;BEGIN&amp;#10;&#x9;&amp;#10;&#x9;-- 02/12/04 KF&amp;#10;&#x9;IF ( :system.cursor_item &lt;> 'RUN_DATE_FROM' ) THEN &amp;#10;&#x9;  go_item ('TRAN.RUN_DATE_FROM');&amp;#10;  END IF;&amp;#10;  execute_trigger ('SYSCALEN_TRIGGER');&amp;#10;&amp;#10;/*oasis_syscalen_v2 (&amp;#10;&#x9;2,&amp;#10;&#x9;:TRAN.RUN_DATE_FROM,&amp;#10;&#x9;:TRAN.RUN_DATE_TO,&amp;#10;&#x9;v_date3,&amp;#10;&#x9;:TEXT.BPT_9,&amp;#10;&#x9;:TEXT.BPT_10,&amp;#10;&#x9;null&amp;#10;  );&amp;#10;*/  &amp;#10;&amp;#10;END;"/>
         </Item>
         <Item Name="RUN_DATE_FROM_PLUS" Iconic="true" IconFilename="b_diaryplus" TabPageName="DETAILS" Width="19" ItemType="Push Button" XPosition="216" YPosition="34" DirtyInfo="true" MouseNavigate="false" CanvasName="C1" KeyboardNavigable="false" Height="15">
            <Trigger Name="WHEN-BUTTON-PRESSED" DirtyInfo="true" TriggerText="--&amp;#10;-- Increment Date&amp;#10;--&amp;#10;-- date&#x9;&#x9;&#x9;&#x9;by&#x9;change&amp;#10;-- 02/12/2004 KF  Added to form&amp;#10;--&amp;#10;&amp;#10;BEGIN&amp;#10;  :TRAN.RUN_DATE_FROM := nvl(:TRAN.RUN_DATE_FROM, sysdate - 1) + 1;&amp;#10;  IF ( :system.cursor_item &lt;> 'RUN_DATE_FROM' ) THEN &amp;#10;&#x9;  go_item ('TRAN.RUN_DATE_FROM');&amp;#10;  END IF;&amp;#10;END;"/>
         </Item>
         <Item Name="RUN_DATE_FROM_MINUS" Iconic="true" IconFilename="b_diaryminus" TabPageName="DETAILS" Width="19" ItemType="Push Button" XPosition="235" YPosition="34" DirtyInfo="true" MouseNavigate="false" CanvasName="C1" KeyboardNavigable="false" Height="15">
            <Trigger Name="WHEN-BUTTON-PRESSED" DirtyInfo="true" TriggerText="--&amp;#10;-- Increment Date&amp;#10;--&amp;#10;-- date&#x9;&#x9;&#x9;&#x9;by&#x9;change&amp;#10;-- 02/12/2004 KF  Added to form&amp;#10;--&amp;#10;&amp;#10;BEGIN&amp;#10;  :TRAN.RUN_DATE_FROM := nvl(:TRAN.RUN_DATE_FROM, sysdate + 1) - 1;&amp;#10;  IF ( :system.cursor_item &lt;> 'RUN_DATE_FROM' ) THEN &amp;#10;&#x9;  go_item ('TRAN.RUN_DATE_FROM');&amp;#10;  END IF;&amp;#10;END;"/>
         </Item>
         <Item Name="RUN_DATE_TO" ValidateFromList="false" LovXPosition="0" Justification="Left" LovYPosition="0" ListStyle="Poplist" WrapStyle="Word" AutoSkip="false" CompressionQuality="None" XPosition="131" YPosition="50" DatabaseItem="false" Bevel="Plain" AutoHint="false" MouseNavigate="true" CanvasName="C1" MultiLine="false" CaseInsensitiveQuery="false" KeyboardNavigable="true" ParentType="29" CheckBoxOtherValues="Not Allowed" PrimaryKey="false" DirtyInfo="true" DefaultButton="false" QueryAllowed="false" Visible="true" QueryLength="0" DisplayQuality="High" EditXPosition="0" EditYPosition="0" Enabled="true" DistanceBetweenRecords="0" Required="false" Height="14" ConcealData="false" SizingStyle="Crop" ShowHorizontalScrollbar="false" Iconic="false" TabPageName="DETAILS" InsertAllowed="true" ItemType="Text Item" CopyValueFromItem="" UpdateAllowed="true" ParentModule="ADTRTRAN" UpdateIfNull="false" ParentModuleType="12" ParentName="TEXT_ITEM_DATE_CLASS" KeepCursorPosition="false" LockRecord="false" ShowVerticalScrollbar="false" TooltipVisualAttributeGroup="V7_VA_TOOLTIP">
            <Trigger Name="SYSCALEN_TRIGGER" DirtyInfo="true" TriggerText="-- call syscalen&amp;#10;--&amp;#10;-- date&#x9; &#x9;  by&#x9;change&amp;#10;-- 02/12/04&#x9;KF&#x9;Created&amp;#10;--&amp;#10;DECLARE&amp;#10;  v_date2&#x9;&#x9;date;&amp;#10;  v_date3&#x9;&#x9;date;&amp;#10;BEGIN&amp;#10;&amp;#10;  oasis_syscalen_v2 (&amp;#10;&#x9;1,&amp;#10;&#x9;:TRAN.RUN_DATE_TO,&amp;#10;&#x9;v_date2,&amp;#10;&#x9;v_date3,&amp;#10;&#x9;:TEXT.BPT_10,&amp;#10;&#x9;null,&amp;#10;&#x9;null&amp;#10;  );&amp;#10;&#x9;&amp;#10;END;"/>
            <Trigger Name="WHEN-MOUSE-DOUBLECLICK" DirtyInfo="true" TriggerText="execute_trigger ('SYSCALEN_TRIGGER');"/>
         </Item>
         <Item Name="RUN_DATE_TO_CAL_BTN" Enabled="true" Width="19" FillPattern="transparent" CompressionQuality="None" XPosition="197" YPosition="49" DatabaseItem="false" AutoHint="false" ForegroundColor="black" MouseNavigate="false" CanvasName="C1" KeyboardNavigable="false" Height="15" ShowHorizontalScrollbar="false" Iconic="true" IconFilename="b_diary" TabPageName="DETAILS" ItemType="Push Button" DirtyInfo="true" VisualAttributeName="WEB_BTN" Label="" DefaultButton="false" Visible="true" ShowVerticalScrollbar="false" TooltipVisualAttributeGroup="V7_VA_TOOLTIP">
            <Trigger Name="WHEN-BUTTON-PRESSED" DirtyInfo="true" TriggerText="-- call syscalen&amp;#10;--&amp;#10;-- date&#x9;&#x9;&#x9;by&#x9;change&amp;#10;-- 02/11/04 KF&#x9;Created&amp;#10;&amp;#10;BEGIN&amp;#10;&amp;#10;  IF ( :system.cursor_item &lt;> 'RUN_DATE_TO' ) THEN &amp;#10;&#x9;  go_item ('TRAN.RUN_DATE_TO');&amp;#10;  END IF;&amp;#10;  execute_trigger ('SYSCALEN_TRIGGER');&amp;#10;&amp;#10;END;"/>
         </Item>
         <Item Name="RUN_DATE_TO_PLUS" Iconic="true" IconFilename="b_diaryplus" TabPageName="DETAILS" Width="19" ItemType="Push Button" XPosition="216" YPosition="49" DirtyInfo="true" MouseNavigate="false" CanvasName="C1" KeyboardNavigable="false" Height="15">
            <Trigger Name="WHEN-BUTTON-PRESSED" DirtyInfo="true" TriggerText="--&amp;#10;-- Increment Date&amp;#10;--&amp;#10;-- date&#x9;&#x9;&#x9;&#x9;by&#x9;change&amp;#10;-- 02/12/2004 KF  Added to form&amp;#10;--&amp;#10;&amp;#10;BEGIN&amp;#10;  :TRAN.RUN_DATE_TO := nvl(:TRAN.RUN_DATE_TO, sysdate - 1) + 1;&amp;#10;  IF ( :system.cursor_item &lt;> 'RUN_DATE_TO' ) THEN &amp;#10;&#x9;  go_item ('TRAN.RUN_DATE_TO');&amp;#10;  END IF;&amp;#10;END;"/>
         </Item>
         <Item Name="RUN_DATE_TO_MINUS" Iconic="true" IconFilename="b_diaryminus" TabPageName="DETAILS" Width="19" ItemType="Push Button" XPosition="235" YPosition="49" DirtyInfo="true" MouseNavigate="false" CanvasName="C1" KeyboardNavigable="false" Height="15">
            <Trigger Name="WHEN-BUTTON-PRESSED" DirtyInfo="true" TriggerText="--&amp;#10;-- Increment Date&amp;#10;--&amp;#10;-- date&#x9;&#x9;&#x9;&#x9;by&#x9;change&amp;#10;-- 02/12/2004 KF  Added to form&amp;#10;--&amp;#10;&amp;#10;BEGIN&amp;#10;  :TRAN.RUN_DATE_TO := nvl(:TRAN.RUN_DATE_TO, sysdate + 1) - 1;&amp;#10;  IF ( :system.cursor_item &lt;> 'RUN_DATE_TO' ) THEN &amp;#10;&#x9;  go_item ('TRAN.RUN_DATE_TO');&amp;#10;  END IF;&amp;#10;END;"/>
         </Item>
         <Item Name="DATE_CHANGED" ShowHorizontalScrollbar="false" TabPageName="DETAILS" ParentModule="ADTRTRAN" CompressionQuality="None" XPosition="131" ParentModuleType="12" YPosition="65" DatabaseItem="false" ParentName="TEXT_ITEM_DATE_CLASS" Bevel="Plain" DirtyInfo="true" CanvasName="C1" ParentType="29" ShowVerticalScrollbar="false" TooltipVisualAttributeGroup="V7_VA_TOOLTIP" Height="14">
            <Trigger Name="SYSCALEN_TRIGGER" DirtyInfo="true" TriggerText="--&amp;#10;-- Brings up oasis calendar with default date&amp;#10;-- by&#x9;&#x9;&#x9;&#x9;date&#x9;&#x9;&#x9;&#x9;change&amp;#10;-- ZDSobel&#x9;&#x9;05/09/2001&#x9;Created&amp;#10;-- Sean Kelly 24/11/2003  Amended and added boilerplate text&amp;#10;--&amp;#10;DECLARE&amp;#10;&#x9;v_date3  DATE;&amp;#10;&#x9;v_new_date DATE;&amp;#10;BEGIN&amp;#10;&amp;#10;  v_new_date := sysdate - 7;&amp;#10;&#x9;--&amp;#10;  oasis_syscalen_v2 (&amp;#10;  1,&amp;#10;&#x9;v_new_date,&amp;#10;&#x9;v_date3,&amp;#10;&#x9;v_date3,&amp;#10;&#x9;:TEXT.BPT_11,&amp;#10;&#x9;null,&amp;#10;&#x9;null&amp;#10;  );&amp;#10;  &amp;#10;  :TRAN.date_changed := v_new_date;&amp;#10;&amp;#10;END;"/>
            <Trigger Name="WHEN-MOUSE-DOUBLECLICK" DirtyInfo="true" TriggerText="execute_trigger ('SYSCALEN_TRIGGER');"/>
         </Item>
         <Item Name="CHANGE_BTN" Enabled="true" Width="19" FillPattern="transparent" CompressionQuality="None" XPosition="197" YPosition="64" DatabaseItem="false" AutoHint="false" ForegroundColor="black" MouseNavigate="false" CanvasName="C1" KeyboardNavigable="false" Height="15" ShowHorizontalScrollbar="false" Iconic="true" IconFilename="b_diary" TabPageName="DETAILS" ItemType="Push Button" DirtyInfo="true" VisualAttributeName="WEB_BTN" Label="" DefaultButton="false" Visible="true" ShowVerticalScrollbar="false" TooltipVisualAttributeGroup="V7_VA_TOOLTIP">
            <Trigger Name="WHEN-BUTTON-PRESSED" DirtyInfo="true" TriggerText="-- call syscalen&amp;#10;--&amp;#10;-- date&#x9;&#x9;&#x9;by&#x9;change&amp;#10;-- 02/11/04 KF&#x9;Created&amp;#10;&amp;#10;BEGIN&amp;#10;&amp;#10;  IF ( :system.cursor_item &lt;> 'DATE_CHANGED' ) THEN &amp;#10;&#x9;  go_item ('TRAN.DATE_CHANGED');&amp;#10;  END IF;&amp;#10;  execute_trigger ('SYSCALEN_TRIGGER');&amp;#10;&amp;#10;END;"/>
         </Item>
         <Item Name="DATE_CHANGE_PLUS" Iconic="true" IconFilename="b_diaryplus" TabPageName="DETAILS" Width="19" ItemType="Push Button" XPosition="216" YPosition="64" DirtyInfo="true" MouseNavigate="false" CanvasName="C1" KeyboardNavigable="false" Height="15">
            <Trigger Name="WHEN-BUTTON-PRESSED" DirtyInfo="true" TriggerText="--&amp;#10;-- Increment Date&amp;#10;--&amp;#10;-- date&#x9;&#x9;&#x9;&#x9;by&#x9;change&amp;#10;-- 02/12/2004 KF  Added to form&amp;#10;--&amp;#10;&amp;#10;BEGIN&amp;#10;  :TRAN.DATE_CHANGED := nvl(:TRAN.DATE_CHANGED, sysdate - 1) + 1;&amp;#10;  IF ( :system.cursor_item &lt;> 'DATE_CHANGED' ) THEN &amp;#10;&#x9;  go_item ('TRAN.DATE_CHANGED');&amp;#10;  END IF;&amp;#10;END;"/>
         </Item>
         <Item Name="DATE_CHANGE_MINUS" Iconic="true" IconFilename="b_diaryminus" TabPageName="DETAILS" Width="19" ItemType="Push Button" XPosition="235" YPosition="64" DirtyInfo="true" MouseNavigate="false" CanvasName="C1" KeyboardNavigable="false" Height="15">
            <Trigger Name="WHEN-BUTTON-PRESSED" DirtyInfo="true" TriggerText="--&amp;#10;-- Increment Date&amp;#10;--&amp;#10;-- date&#x9;&#x9;&#x9;&#x9;by&#x9;change&amp;#10;-- 02/12/2004 KF  Added to form&amp;#10;--&amp;#10;&amp;#10;BEGIN&amp;#10;  :TRAN.DATE_CHANGED := nvl(:TRAN.DATE_CHANGED, sysdate + 1) - 1;&amp;#10;  IF ( :system.cursor_item &lt;> 'DATE_CHANGED' ) THEN &amp;#10;&#x9;  go_item ('TRAN.DATE_CHANGED');&amp;#10;  END IF;&amp;#10;END;"/>
         </Item>
         <Item Name="TRANSPORT_USER_CODE" ValidateFromList="true" LovXPosition="0" Justification="Left" LovYPosition="0" ListStyle="Poplist" Width="65" MaximumLength="10" WrapStyle="Word" AutoSkip="false" CompressionQuality="None" XPosition="131" YPosition="80" DatabaseItem="false" Bevel="Plain" AutoHint="false" MouseNavigate="true" CanvasName="C1" MultiLine="false" CaseInsensitiveQuery="false" KeyboardNavigable="true" CaseRestriction="Upper" ParentType="29" CheckBoxOtherValues="Not Allowed" PrimaryKey="false" DirtyInfo="true" DefaultButton="false" QueryAllowed="false" Visible="true" QueryLength="80" DisplayQuality="High" EditXPosition="0" EditYPosition="0" Enabled="true" DistanceBetweenRecords="0" FixedLength="false" Required="false" FormatMask="" Height="14" ConcealData="false" SizingStyle="Crop" ShowHorizontalScrollbar="false" Iconic="false" TabPageName="DETAILS" InsertAllowed="true" ItemType="Text Item" CopyValueFromItem="" DataType="Char" UpdateAllowed="true" ParentModule="ADTRTRAN" UpdateIfNull="false" ParentModuleType="12" ParentName="TEXT_ITEM_CLASS" KeepCursorPosition="false" LockRecord="false" ShowVerticalScrollbar="false" TooltipVisualAttributeGroup="V7_VA_TOOLTIP" LovName="">
            <Trigger Name="KEY-LISTVAL" DirtyInfo="true" TriggerText="--&amp;#10;-- show lov&amp;#10;--&amp;#10;-- date&#x9;&#x9;&#x9;&#x9;&#x9;by&#x9;&#x9;&#x9;change&amp;#10;-- 05/09/2001&#x9;&#x9;ZDSobel&#x9;Created&amp;#10;--&amp;#10;BEGIN &amp;#10;&amp;#10;  IF show_lov('TRANSPORT_LOV') THEN&amp;#10;&amp;#10;&#x9;&#x9;oasis_number_set_item_property ('TRAN.TRANSPORT_USER_CODE', ITEM_IS_VALID, PROPERTY_ON);&amp;#10;&#x9;&#x9;&amp;#10;  END IF;&amp;#10;&amp;#10;END;"/>
            <Trigger Name="WHEN-VALIDATE-ITEM" DirtyInfo="true" TriggerText="--&amp;#10;-- validate TRANSPORT user code&amp;#10;--&amp;#10;-- date&#x9;&#x9;&#x9;&#x9;&#x9;by&#x9;&#x9;&#x9;change&amp;#10;-- 05/09/2001&#x9;&#x9;ZDSobel&#x9;Created&amp;#10;--&amp;#10;DECLARE&amp;#10;&#x9;&amp;#10;&#x9;v_ok&#x9;&#x9;&#x9;&#x9;boolean;&amp;#10;&#x9;&amp;#10;BEGIN &amp;#10;&amp;#10;  IF :TRAN.TRANSPORT_USER_CODE is NULL THEN&amp;#10;  &#x9;&amp;#10;  &#x9;:TRAN.TRANSPORT_TYPE := null;&amp;#10;  &#x9;:TRAN.TRANSPORT_DESC := null;&amp;#10;  &#x9;&amp;#10;  ELSE&amp;#10;&amp;#10;    IF :TRAN.TRANSPORT_USER_CODE = 'ALL' THEN&amp;#10;    &#x9;&amp;#10;    &#x9;:TRAN.TRANSPORT_DESC := '&lt;ALL RECORDS>';&amp;#10;    &#x9;:TRAN.TRANSPORT_TYPE := NULL;&amp;#10;    &#x9;&amp;#10;    ELSE&amp;#10;    &#x9;&amp;#10;  &#x9;  v_ok := validate_user_code (&amp;#10;  &#x9;&#x9;10053,&amp;#10;  &#x9;&#x9;:TRAN.TRANSPORT_USER_CODE,&amp;#10; &#x9; &#x9;&#x9;:TRAN.TRANSPORT_TYPE,&amp;#10;&#x9;&#x9;&#x9;:TRAN.TRANSPORT_DESC,&amp;#10;&#x9;&#x9;&#x9;684,&amp;#10;&#x9;&#x9;&#x9;'VALIDATE'&amp;#10;&#x9;&#x9;  );&amp;#10;&amp;#10;    END IF; -- IF :TRAN.TRANSPORT_USER_CODE = 'ALL'&amp;#10;&amp;#10;&#x9;END IF; -- IF :TRAN.TRANSPORT_USER_CODE is NULL&amp;#10;&amp;#10;END;"/>
         </Item>
         <Item Name="TRANSPORT_DESC" ShowHorizontalScrollbar="false" TabPageName="DETAILS" Width="370" InsertAllowed="false" MaximumLength="80" UpdateAllowed="false" ParentModule="ADTRTRAN" CompressionQuality="None" XPosition="197" ParentModuleType="12" YPosition="80" DatabaseItem="false" ParentName="TEXT_ITEM_CLASS" Bevel="Plain" DirtyInfo="true" CanvasName="C1" QueryAllowed="false" QueryLength="80" KeyboardNavigable="false" ParentType="29" ShowVerticalScrollbar="false" TooltipVisualAttributeGroup="V7_VA_TOOLTIP" Height="14"/>
         <Item Name="TRANSPORT_TYPE" ShowHorizontalScrollbar="false" Width="60" ItemType="Display Item" DataType="Number" CompressionQuality="None" DatabaseItem="false" Bevel="Plain" DirtyInfo="true" VisualAttributeName="DEFAULT" Visible="false" QueryLength="80" ShowVerticalScrollbar="false" TooltipVisualAttributeGroup="V7_VA_TOOLTIP" Height="14"/>
         <Item Name="TRANSPORT_TYPE_LOV" ShowHorizontalScrollbar="false" IconFilename="b_lov_b3" TabPageName="DETAILS" Width="19" ParentModule="ADTRTRAN" CompressionQuality="None" XPosition="568" ParentModuleType="12" YPosition="79" DatabaseItem="false" ParentName="LOV_BUTTON_CLASS" DirtyInfo="true" VisualAttributeName="WEB_BTN" Label="PUSH_BUTTON332" MouseNavigate="false" CanvasName="C1" KeyboardNavigable="false" ParentType="29" ShowVerticalScrollbar="false" TooltipVisualAttributeGroup="V7_VA_TOOLTIP" Height="15">
            <Trigger Name="WHEN-BUTTON-PRESSED" DirtyInfo="true" TriggerText="--Name&#x9;&#x9;&#x9;Date&#x9;&#x9;&#x9;&#x9;created&amp;#10;--ZDSobel&#x9;&#x9;05/09/2001 &#x9;changed&amp;#10;--&amp;#10;&amp;#10;GO_ITEM ('TRAN.transport_user_code');&amp;#10;do_key ('list_values');&amp;#10;&amp;#10;&amp;#10;"/>
         </Item>
         <Item Name="SITE_USER_CODE" ValidateFromList="true" LovXPosition="0" Justification="Left" LovYPosition="0" ListStyle="Poplist" Width="65" MaximumLength="10" WrapStyle="Word" AutoSkip="false" CompressionQuality="None" XPosition="131" YPosition="95" DatabaseItem="false" Bevel="Plain" AutoHint="false" MouseNavigate="true" CanvasName="C1" MultiLine="false" CaseInsensitiveQuery="false" KeyboardNavigable="true" CaseRestriction="Upper" CheckBoxOtherValues="Not Allowed" PrimaryKey="false" DirtyInfo="true" DefaultButton="false" QueryAllowed="false" Visible="true" QueryLength="80" DisplayQuality="High" EditXPosition="0" EditYPosition="0" Enabled="true" DistanceBetweenRecords="0" FixedLength="false" Required="false" FormatMask="" Height="14" ConcealData="false" SizingStyle="Crop" ShowHorizontalScrollbar="false" Iconic="false" TabPageName="DETAILS" InsertAllowed="true" ItemType="Text Item" CopyValueFromItem="" DataType="Char" UpdateAllowed="true" UpdateIfNull="false" KeepCursorPosition="false" VisualAttributeName="TEXT_ITEM_VA" LockRecord="false" ShowVerticalScrollbar="false" TooltipVisualAttributeGroup="V7_VA_TOOLTIP" LovName="">
            <Trigger Name="KEY-LISTVAL" DirtyInfo="true" TriggerText="--&amp;#10;--Date        By      Change&amp;#10;--01/07/2003  ROB     Creation&amp;#10;--&amp;#10;BEGIN&amp;#10;  if Show_lov('SITE_LOV') then&amp;#10;    oasis_number_set_item_property('tran.site_user_code',&amp;#10;&#x9;&#x9;&#x9;&#x9;ITEM_IS_VALID,&amp;#10;&#x9;&#x9;&#x9;&#x9;PROPERTY_TRUE);&amp;#10;  end if;&amp;#10;END;"/>
            <Trigger Name="WHEN-VALIDATE-ITEM" DirtyInfo="true" TriggerText="-- Check if the user code is correnct.&amp;#10;--&amp;#10;--Date        By      Change&amp;#10;--01/07/2003  ROB     Creation&amp;#10;--&amp;#10;DECLARE&amp;#10;  --&amp;#10;  cursor c1 is&amp;#10;  &#x9;select description, code&amp;#10;  &#x9;from   codes&amp;#10;  &#x9;where  code_type = 10454&amp;#10;  &#x9;and    user_code = :tran.site_user_code;&amp;#10;  --&amp;#10;BEGIN&amp;#10;  if :system.mode = 'NORMAL' then&amp;#10;    if :tran.site_user_code IS NOT NULL then&amp;#10;      open c1;&amp;#10;      fetch c1 into :tran.site_desc, :tran.site_code;&amp;#10;      if c1%NOTFOUND then&amp;#10;        close c1;&amp;#10;        :tran.site_desc         := null;&amp;#10;        :tran.site_code         := null;&amp;#10;        display_alert('error_alert',1815);&amp;#10;        raise form_trigger_failure;&amp;#10;      end if;&amp;#10;    else&amp;#10;      :tran.site_desc         := null;&amp;#10;      :tran.site_code         := null;&amp;#10;    end if;&amp;#10;  end if;&amp;#10;END;"/>
         </Item>
         <Item Name="SITE_DESC" ShowHorizontalScrollbar="false" TabPageName="DETAILS" Width="370" InsertAllowed="false" MaximumLength="80" UpdateAllowed="false" CompressionQuality="None" XPosition="197" YPosition="95" DatabaseItem="false" Bevel="Plain" DirtyInfo="true" VisualAttributeName="TEXT_ITEM_VA" CanvasName="C1" QueryAllowed="false" QueryLength="80" KeyboardNavigable="false" ShowVerticalScrollbar="false" TooltipVisualAttributeGroup="V7_VA_TOOLTIP" Height="14"/>
         <Item Name="SITE_CODE" ShowHorizontalScrollbar="false" Width="60" ItemType="Display Item" DataType="Number" CompressionQuality="None" DatabaseItem="false" Bevel="Plain" DirtyInfo="true" VisualAttributeName="DEFAULT" Visible="false" QueryLength="80" ShowVerticalScrollbar="false" TooltipVisualAttributeGroup="V7_VA_TOOLTIP" Height="14"/>
         <Item Name="SITE_CODE_LOV" Enabled="true" Width="19" FillPattern="transparent" CompressionQuality="None" XPosition="568" YPosition="94" DatabaseItem="false" AutoHint="false" ForegroundColor="black" MouseNavigate="false" CanvasName="C1" KeyboardNavigable="false" Height="15" ShowHorizontalScrollbar="false" Iconic="true" IconFilename="b_lov_b3" TabPageName="DETAILS" ItemType="Push Button" DirtyInfo="true" VisualAttributeName="WEB_BTN" Label="PUSH_BUTTON332" DefaultButton="false" Visible="true" ShowVerticalScrollbar="false" TooltipVisualAttributeGroup="V7_VA_TOOLTIP">
            <Trigger Name="WHEN-BUTTON-PRESSED" DirtyInfo="true" TriggerText="--Name&#x9;&#x9;    Date&#x9;&#x9;&#x9;&#x9;created&amp;#10;--RJBaillie   02/07/2003  changed&amp;#10;--&amp;#10;&amp;#10;GO_ITEM ('TRAN.site_user_code');&amp;#10;do_key ('list_values');&amp;#10;&amp;#10;&amp;#10;"/>
         </Item>
         <Item Name="ORDER_BY_LIST" ShowHorizontalScrollbar="false" TabPageName="DETAILS" Width="457" MaximumLength="80" ItemType="List Item" InitializeValue="C" ParentModule="ADTRTRAN" CompressionQuality="None" XPosition="131" Required="true" ParentModuleType="12" YPosition="110" DatabaseItem="false" ParentName="TEXT_ITEM_CLASS" Bevel="Plain" DirtyInfo="true" CanvasName="C1" ListElementCount="1" ParentType="29" ShowVerticalScrollbar="false" TooltipVisualAttributeGroup="V7_VA_TOOLTIP" Height="15">
            <ListItemElement Index="1" Name="&lt;LIST NOT POPULATED>" Value="C"/>
         </Item>
         <Item Name="WORK_ID_TYPES" ShowHorizontalScrollbar="false" TabPageName="DETAILS" Width="457" ItemType="List Item" InitializeValue="" ParentModule="ADTRTRAN" CompressionQuality="None" XPosition="131" Required="false" ParentModuleType="12" YPosition="125" DatabaseItem="false" ParentName="TEXT_ITEM_CLASS" Bevel="Plain" DirtyInfo="true" CanvasName="C1" ListElementCount="1" ParentType="29" ShowVerticalScrollbar="false" TooltipVisualAttributeGroup="V7_VA_TOOLTIP" Height="15">
            <ListItemElement Index="1" Name="&lt;LIST NOT POPULATED>" Value="CRN"/>
         </Item>
         <Item Name="DESTINATION" ValidateFromList="false" LovXPosition="0" Justification="Left" LovYPosition="0" ListStyle="Poplist" Width="457" MaximumLength="30" WrapStyle="Word" AutoSkip="false" CompressionQuality="None" XPosition="131" YPosition="140" DatabaseItem="false" Bevel="Plain" AutoHint="false" MouseNavigate="true" CanvasName="C1" MultiLine="false" CaseInsensitiveQuery="false" KeyboardNavigable="true" CaseRestriction="Mixed" ParentType="29" CheckBoxOtherValues="Not Allowed" OtherValues="" PrimaryKey="false" DirtyInfo="true" DefaultButton="false" QueryAllowed="true" Visible="true" QueryLength="30" DisplayQuality="High" EditXPosition="0" EditYPosition="0" Enabled="true" DistanceBetweenRecords="0" FixedLength="false" Required="true" ListElementCount="1" Height="15" ConcealData="false" SizingStyle="Crop" ShowHorizontalScrollbar="false" Iconic="false" IconFilename="" TabPageName="DETAILS" InsertAllowed="true" ItemType="List Item" CopyValueFromItem="" DataType="Char" InitializeValue="PREVIEW" UpdateAllowed="true" ParentModule="ADTRTRAN" UpdateIfNull="false" ParentModuleType="12" ParentName="TEXT_ITEM_CLASS" KeepCursorPosition="false" LockRecord="false" ShowVerticalScrollbar="false" TooltipVisualAttributeGroup="V7_VA_TOOLTIP">
            <ListItemElement Index="1" Name="&lt;list not populated>" Value="PREVIEW"/>
         </Item>
      </Block>
      <Block Name="TITLES" DirtyInfo="true" ScrollbarWidth="14" ScrollbarLength="135">
         <Item Name="DSP_TITLE" Justification="Start" TabPageName="" Width="537" MaximumLength="120" ParentModule="ADTRTRAN" XPosition="105" ParentModuleType="12" YPosition="3" DatabaseItem="false" ParentName="FORM_TITLE_CLASS" DirtyInfo="true" VisualAttributeName="FORM_TITLE_VA" CanvasName="CNV_CONTENT" ParentType="29" TooltipVisualAttributeGroup="V7_VA_TOOLTIP"/>
      </Block>
      <Block Name="LT_FUNCTIONS" DirtyInfo="true" ScrollbarWidth="14" ScrollbarLength="135">
         <Item Name="IMG_FUNCTIONS" Width="16" XPosition="79" YPosition="0" DatabaseItem="false" Bevel="None" PromptFontName="Arial" ParentType="29" Height="14" Prompt="Functions" TabPageName="" PromptAttachmentOffset="36" PromptAlignOffset="0" PromptFontSize="900" ItemType="Image" ImageFormat="BMP" ParentModule="PAS_CUI" ParentModuleType="25" ParentName="MENU_ITEM_CLASS" ParentFilename="PAS_CUI.olb" PromptForegroundColor="Allscripts Link Blue" DirtyInfo="true" PromptFontStyle="Plain" PromptFontWeight="Bold" PromptFontSpacing="Normal">
            <Trigger Name="WHEN-MOUSE-CLICK" DirtyInfo="true" TriggerText="HCI_UPGRADE.functions_when_mouse_click;"/>
         </Item>
         <Item Name="NAVIGATE_BUTTON" Justification="Start" TabPageName="" DistanceBetweenRecords="0" Width="80" ItemType="Display Item" PopupMenuName="BOILER_PLATE" ParentModule="PAS_CUI" XPosition="5" ParentModuleType="25" YPosition="20" DatabaseItem="false" ParentName="MENU_ITEM_CLASS" Bevel="None" ParentFilename="PAS_CUI.olb" FontStyle="Plain" DirtyInfo="true" FontSpacing="Normal" KeyboardNavigable="true" ParentType="29">
            <Trigger Name="WHEN-MOUSE-CLICK" DirtyInfo="true" TriggerText="--&amp;#10;-- Steve Pusey 15/4/96&amp;#10;--&amp;#10;-- toggle between navigation and default menus&amp;#10;--&amp;#10;BEGIN&amp;#10;  oasis_when_mouse_click.when_mouse_click;&amp;#10;  oasis_menu.toggle_menu;&amp;#10;END;"/>
         </Item>
         <Trigger Name="WHEN-NEW-BLOCK-INSTANCE" DirtyInfo="true" TriggerText="READ_IMAGE_FILE(hci_upgrade.g_image_directory || 'pas_expand_menu.gif', 'gif', 'LT_FUNCTIONS.IMG_FUNCTIONS');"/>
         <Trigger Name="WHEN-MOUSE-DOWN" DirtyInfo="true" TriggerText="SET_ITEM_PROPERTY(:SYSTEM.TRIGGER_ITEM,VISUAL_ATTRIBUTE,'WEB_TEXT_BUTTON_CLICK');"/>
         <Trigger Name="WHEN-MOUSE-UP" DirtyInfo="true" TriggerText="SET_ITEM_PROPERTY(:SYSTEM.TRIGGER_ITEM,VISUAL_ATTRIBUTE,'WEB_TEXT_BUTTON');"/>
         <Trigger Name="WHEN-NEW-ITEM-INSTANCE" DirtyInfo="true" TriggerText="NULL;"/>
      </Block>
      <Canvas Name="TOOLBAR_CANVAS" ViewportXPositionOnCanvas="0" ViewportYPositionOnCanvas="0" Width="767" BackColor="patient_live_blue" ParentModule="PAS_CUI" ParentModuleType="25" ParentName="TOOLBAR_CANVAS_CLASS" ParentFilename="PAS_CUI.olb" DirtyInfo="true" Visible="true" ParentType="29" ViewportHeight="324" ViewportWidth="540">
         <Graphics Name="LINE369" InternalLineWidth="228" Width="755" EdgeForegroundColor="gray16" FillPattern="none" EdgePattern="Solid" JoinStyle="Bevel" BackColor="patient_live_blue" XPosition="0" YPosition="62" Bevel="None" DirtyInfo="true" GraphicsType="Line" HorizontalMargin="8" ScrollbarWidth="15" VerticalMargin="16" HorizontalObjectOffset="15" Height="0" StartPromptOffset="8"/>
      </Canvas>
      <Canvas Name="C1" ViewportXPositionOnCanvas="0" ViewportYPositionOnCanvas="0" CanvasType="Tab" Width="636" WindowName="MAIN_FORM_WINDOW" BackColor="white" TabActionStyle="1" Bevel="None" DirtyInfo="true" DisplayViewport="true" Height="341" ViewportHeight="341" ViewportXPosition="109" ViewportWidth="636" ViewportYPosition="65">
         <Graphics Name="GRAPHIC48" InternalLineWidth="113" Width="613" EdgeForegroundColor="Line Green" EdgePattern="solid" JoinStyle="Bevel" BackColor="Line Green" XPosition="6" YPosition="24" Bevel="None" DirtyInfo="true" ForegroundColor="white" GraphicsType="Line" HorizontalMargin="7" ScrollbarWidth="14" VerticalMargin="14" HorizontalObjectOffset="14" Height="0" StartPromptOffset="7"/>
         <TabPage Name="PROFILES" DirtyInfo="true" Label="xProfiles" Visible="false"/>
         <TabPage Name="DETAILS" DirtyInfo="true" Label="xDetails">
            <Graphics Name="GRAPHIC48" InternalLineWidth="113" Width="613" EdgeForegroundColor="gray16" EdgePattern="solid" JoinStyle="Bevel" BackColor="Line Green" XPosition="6" YPosition="24" Bevel="None" DirtyInfo="true" ForegroundColor="white" GraphicsType="Line" HorizontalMargin="7" ScrollbarWidth="14" VerticalMargin="14" HorizontalObjectOffset="14" Height="0" StartPromptOffset="7"/>
         </TabPage>
      </Canvas>
      <Canvas Name="CANVAS0" ViewportXPositionOnCanvas="0" ViewportYPositionOnCanvas="0" ShowHorizontalScrollbar="false" CanvasType="Content" Width="590" WindowName="MAIN_FORM_WINDOW" Bevel="None" DirtyInfo="true" VisualAttributeName="BACKGROUND_CANVAS_BLUE" Visible="false" ShowVerticalScrollbar="false" Height="350" ViewportHeight="350" ViewportXPosition="0" ViewportWidth="590" ViewportYPosition="0" RaiseOnEnter="true">
         <Graphics Name="RECT1" InternalLineWidth="113" InternalRotationAngle="0" Width="0" EdgeForegroundColor="black" EdgeBackColor="black" FillPattern="none" EdgePattern="transparent" DashStyle="Solid" CapStyle="Butt" JoinStyle="Mitre" BackColor="white" XPosition="111" YPosition="137" Bevel="None" ForegroundColor="black" GraphicsType="Rectangle" HorizontalMargin="5" ScrollbarWidth="9" VerticalMargin="14" HorizontalObjectOffset="9" Height="0" StartPromptOffset="5"/>
      </Canvas>
      <Canvas Name="CNV_CONTENT" BackColor="white" Bevel="None" DirtyInfo="true" ForegroundColor="black" Width="755" WindowName="MAIN_FORM_WINDOW" Height="415" ViewportHeight="324" ViewportWidth="540">
         <Graphics Name="GRAPHIC48" InternalLineWidth="113" Width="600" EdgeForegroundColor="gray16" EdgePattern="solid" JoinStyle="Bevel" BackColor="Line Green" XPosition="115" YPosition="61" Bevel="None" DirtyInfo="true" ForegroundColor="white" GraphicsType="Line" HorizontalMargin="7" ScrollbarWidth="14" VerticalMargin="14" HorizontalObjectOffset="14" Height="0" StartPromptOffset="7"/>
         <Graphics Name="IMAGE73" Width="21" Dither="false" ClipWidth="21" ImageFilename="ADTRTRAN_CNV_CONTENT_IMAGE73.tif" ClipHeight="19" XPosition="714" YPosition="43" DirtyInfo="true" GraphicsType="Image" HorizontalMargin="7" ScrollbarWidth="14" VerticalMargin="14" HorizontalObjectOffset="14" Height="19" StartPromptOffset="7"/>
         <Graphics Name="TEXT206" Width="13" FillPattern="none" EdgePattern="none" JoinStyle="Bevel" BackColor="Side Green" XPosition="728" WrapText="false" YPosition="47" BoundingBoxScalable="false" Bevel="None" HorizontalOrigin="Right" HorizontalJustification="Center" ForegroundColor="darkcyan" GraphicsFontWeight="Bold" GraphicsFontSpacing="Normal" GraphicsType="Text" ScrollbarWidth="14" Height="11" GraphicsFontName="Arial" GraphicsFontSize="1000" GraphicsFontStyle="0" GraphicsText="1" DirtyInfo="true" GraphicsFontColor="white" GraphicsFontColorCode="1" HorizontalMargin="7" VerticalMargin="14" HorizontalObjectOffset="14" StartPromptOffset="7">
            <CompoundText Name="CMPTXT207">
               <TextSegment Name="TEXTSTR208" FontName="Arial" FontSize="1000" FontStyle="Plain" DirtyInfo="true" FontWeight="Bold" FontSpacing="Normal" ForegroundColor="white" Text="1"/>
            </CompoundText>
         </Graphics>
      </Canvas>
      <Canvas Name="CNV_HIDE" Bevel="None" Width="800" Visible="false" WindowName="WND_HIDE" Height="502" ViewportHeight="324" ViewportWidth="540"/>
      <Editor Name="DEBUG_EDITOR" DirtyInfo="true" Width="270" ShowVerticalScrollbar="true" Height="135"/>
      <ModuleParameter Name="P_RELEASE" ParentModule="PAS_RELEASE" ParentModuleType="25" ParentName="P_RELEASE" ParentFilename="PAS_RELEASE.olb" DirtyInfo="true" ParentType="13"/>
      <ModuleParameter Name="P_TEMPLATE" DirtyInfo="true" Comment="Used by ABOUT_FORM window, the template used to create this form" ParameterInitializeValue="TEMPLATE_V11"/>
      <ModuleParameter Name="P_DATE" DirtyInfo="true" Comment="Used by ABOUT_FORM window, the date the form was last updated, update after each update" ParameterInitializeValue="26-JUL-2016"/>
      <ModuleParameter Name="P_VERSION" DirtyInfo="true" Comment="Used by ABOUT_FORM window, the form version, update after each update" ParameterInitializeValue="0"/>
      <ModuleParameter Name="P_BREADCRUMB"/>
      <ModuleParameter Name="API_VERSION" ParameterInitializeValue="V2.0.1"/>
      <LOV Name="SITE_LOV" XPosition="0" YPosition="0" DirtyInfo="true" VisualAttributeName="TEXT_ITEM_VA_LOV" AutoPosition="true" Width="400" RecordGroupName="SITE_LOV" AutoSelect="false" Height="300">
         <LOVColumnMapping Name="SITE_NAME" ReturnItem="TRAN.SITE_DESC" DirtyInfo="true" Title="Description" DisplayWidth="300"/>
         <LOVColumnMapping Name="SITE_USER_CODE" ReturnItem="TRAN.SITE_USER_CODE" DirtyInfo="true" Title="User Code" DisplayWidth="80"/>
         <LOVColumnMapping Name="SITE_CODE" ReturnItem="TRAN.SITE_CODE" DirtyInfo="true" Title="Code" DisplayWidth="25"/>
      </LOV>
      <LOV Name="TRANSPORT_LOV" XPosition="50" YPosition="50" DirtyInfo="true" VisualAttributeName="TEXT_ITEM_VA_LOV" Width="450" RecordGroupName="TRANSPORT_LOV" Height="350">
         <LOVColumnMapping Name="DESCRIPTION" ReturnItem="TRAN.TRANSPORT_DESC" DirtyInfo="true" Title="Description" DisplayWidth="486"/>
         <LOVColumnMapping Name="USER_CODE" ReturnItem="TRAN.TRANSPORT_USER_CODE" DirtyInfo="true" Title="User_Code" DisplayWidth="96"/>
         <LOVColumnMapping Name="CODE" ReturnItem="TRAN.TRANSPORT_TYPE" DirtyInfo="true" Title="Code" DisplayWidth="30"/>
      </LOV>
      <Menu Name="BOILER_PLATE" DirtyInfo="true">
         <MenuItem Name="CHANGE_PROMPT" DirtyInfo="true" Label="Change Prompt" MenuItemCode="message('Change Boilerplate prompt');pause;"/>
      </Menu>
      <ProgramUnit Name="INIT_FORM" ProgramUnitText="PACKAGE BODY init_form IS&amp;#10;--&amp;#10;-- steve pusey 2/5/1996&amp;#10;--&amp;#10;-- program units to initialise form&amp;#10;--&amp;#10;-- add code to init_form and init_format_masks program units, add other init procs to the&amp;#10;-- init_form procedure, for example if you write a procedure called init_toolbar then add &amp;#10;-- this to the init_form procedure. The init_form procedure is called from the &amp;#10;-- WHEN-NEW-FORM-INSTANCE trigger&amp;#10;--&amp;#10;&amp;#10;---------------------------------------------------------------------------------------&amp;#10;-- INTERNAL PACKAGE VARIABLES &amp;#10;---------------------------------------------------------------------------------------&amp;#10;&amp;#10;---------------------------------------------------------------------------------------&amp;#10;-- INTERNAL PROGRAM UNITS (DECLARATION)&amp;#10;---------------------------------------------------------------------------------------&amp;#10;&amp;#10;  procedure init_list_items;&amp;#10;  procedure init_format_masks;&amp;#10;&amp;#10;---------------------------------------------------------------------------------------&amp;#10;-- PROGRAM UNITS (CODE)&amp;#10;---------------------------------------------------------------------------------------&amp;#10;&amp;#10;-- ##########################################################################################&amp;#10;&amp;#10;  procedure init_list_items is&amp;#10;  --&amp;#10;  -- initialise list items&amp;#10;  --&amp;#10;  -- date&#x9;by&#x9;&#x9;change&amp;#10;  -- 2/5/1996   Steve Pusey&#x9;Creation of template procedure&amp;#10;  --&amp;#10;  BEGIN&amp;#10;&amp;#10;    -- cut &amp; paste this code&amp;#10;    -- populate_poplist_from_codes ('BLOCK.ITEM', &lt;CODE_TYPE>);&amp;#10;&amp;#10;    populate_poplist_from_codes ('TRAN.ORDER_BY_LIST', 10536, 'AND user_code != ''T''');&amp;#10;    populate_poplist_from_codes  ('TRAN.DESTINATION', 10008);&amp;#10;    &amp;#10;  &#x9;populate_poplist_work_ids('TRAN.WORK_ID_TYPES');&amp;#10;  &amp;#10;  END init_list_items;&amp;#10;&amp;#10;-- ##########################################################################################&amp;#10;&amp;#10;  procedure init_format_masks is&amp;#10;  --&amp;#10;  -- set the format masks for date, datetime, and numeric items&amp;#10;  --&amp;#10;  -- date&#x9;by&#x9;&#x9;change&amp;#10;  -- 2/5/1996   Steve Pusey&#x9;Creation of template procedure&amp;#10;  --&amp;#10;  BEGIN&amp;#10;&amp;#10;    -- copy &amp; paste this line&amp;#10;    -- set_format_mask ('BLOCK.ITEM');&amp;#10;&amp;#10;    set_format_mask ('TRAN.RUN_DATE_FROM');&amp;#10;    set_format_mask ('TRAN.RUN_DATE_TO');&amp;#10;    set_format_mask ('TRAN.DATE_CHANGED');&amp;#10;   &amp;#10;  END init_format_masks;&amp;#10;&amp;#10;-- ##########################################################################################&amp;#10;&amp;#10;  procedure init_form is&amp;#10;  --&amp;#10;  -- initialise form&amp;#10;  --&amp;#10;  -- date&#x9;by&#x9;&#x9;change&amp;#10;  -- 2/5/1996   Steve Pusey&#x9;Creation of template procedure&amp;#10;  --&amp;#10;  &amp;#10;    v_dept_id&#x9;&#x9;OASIS.WORK_ENTITY_DATA.ID_TYPE_CODE%TYPE := oaslogon_package.get_departmental_id_type_code;&amp;#10;  &#x9;v_reg_id&#x9;&#x9;OASIS.WORK_ENTITY_DATA.REGISTRATION_ID_TYPE_CODE%TYPE := oaslogon_package.get_regist_id_type_code;&amp;#10;  &#x9;vd_sysdate&#x9;DATE&#x9;:=&#x9;SYSDATE;&amp;#10;&amp;#10;  BEGIN&amp;#10;&amp;#10;    init_list_items;&amp;#10;    init_format_masks;&amp;#10;    &amp;#10;    :TRAN.RUN_DATE_FROM := TRUNC(vd_sysdate);&amp;#10;    :TRAN.RUN_DATE_TO := TRUNC(vd_sysdate) + 7;&amp;#10;        &#x9;&amp;#10;    IF NVL(v_dept_id, v_reg_id) = v_reg_id THEN&amp;#10;    &#x9;&amp;#10;    &#x9;:TRAN.WORK_ID_TYPES := 'REG';&amp;#10;    &#x9;set_item_property('TRAN.WORK_ID_TYPES',VISIBLE,PROPERTY_FALSE);&amp;#10;    &#x9;set_item_property('TEXT.BPT_7',VISIBLE,PROPERTY_FALSE);&amp;#10;   &amp;#10;    END IF; &amp;#10;    &amp;#10;  -- 05/11/04&amp;#10;  set_tab_page_property ('DETAILS', LABEL, :TEXT.BPT_TAB_DETAILS);&amp;#10;&amp;#10;  END init_form;&amp;#10;&amp;#10;-- ##########################################################################################&amp;#10;&amp;#10;END init_form;" ProgramUnitType="Package Body"/>
      <ProgramUnit Name="INIT_FORM" ProgramUnitText="PACKAGE init_form IS&amp;#10;--&amp;#10;-- steve pusey 2/5/1996&amp;#10;--&amp;#10;-- program units to initialise form&amp;#10;--&amp;#10;&amp;#10;---------------------------------------------------------------------------------------&amp;#10;-- EXTERNAL PACKAGE VARIABLES&amp;#10;---------------------------------------------------------------------------------------&amp;#10;&amp;#10;---------------------------------------------------------------------------------------&amp;#10;-- EXTERNAL PROGRAM UNITS (DECLARATION) &amp;#10;---------------------------------------------------------------------------------------&amp;#10;&amp;#10;  procedure init_form;&amp;#10;&amp;#10;END init_form;" ProgramUnitType="Package Spec"/>
      <ProgramUnit Name="RUN_REPORT" ProgramUnitText="PROCEDURE run_report IS&amp;#10;&amp;#10; -- This runs the report and passed the relative information into it&amp;#10; -- date&#x9;&#x9;&#x9;&#x9;by&#x9;&#x9;&#x9;change&amp;#10; -- ??????????&#x9;??????&#x9;Created&amp;#10; -- 13/11/2001&#x9;ZDSobel&#x9;Added code for start and end date plus all record option&amp;#10; -- 10/1/01&#x9;&#x9;&#x9;Luca&#x9;&#x9;Added report system parameter RECURSIVE_LOAD &amp;#10; &amp;#10;  v_datachanged_where VARCHAR2(50);&amp;#10;  df_where            VARCHAR2(5000);&amp;#10;  p_list_id&#x9;&#x9;&#x9;&#x9;&#x9;&#x9;&#x9;&#x9;paramlist; -- parameter list id&amp;#10;  v_boolean&#x9;&#x9;&#x9;&#x9;&#x9;&#x9;boolean;&amp;#10;  v_string            VARCHAR2(4000);&amp;#10;  &amp;#10;&#x9;repid REPORT_OBJECT; &amp;#10;  &amp;#10;BEGIN&amp;#10;&amp;#10;&#x9;validate (FORM_SCOPE);&amp;#10;&#x9;&amp;#10;&#x9;IF not form_success THEN&amp;#10;&#x9;&#x9;RETURN;&amp;#10;&#x9;END IF;&amp;#10;&amp;#10;  IF :TRAN.run_date_from is null THEN&amp;#10; &amp;#10;    display_alert('ERROR_ALERT',8773);&amp;#10;    RAISE FORM_TRIGGER_FAILURE;&amp;#10;    &amp;#10;  END IF;&amp;#10;  &amp;#10;  IF :TRAN.run_date_to is null THEN&amp;#10; &amp;#10;    display_alert('ERROR_ALERT',8773);&amp;#10;    RAISE FORM_TRIGGER_FAILURE;&amp;#10;    &amp;#10;  END IF;&amp;#10;&amp;#10;  IF :TRAN.RUN_DATE_FROM > :TRAN.RUN_DATE_TO THEN&amp;#10; &amp;#10;    display_alert('ERROR_ALERT',61);&amp;#10;    RAISE FORM_TRIGGER_FAILURE;&amp;#10;    &amp;#10;  END IF;&amp;#10;&amp;#10;&amp;#10;  IF :TRAN.date_changed is not null THEN&amp;#10;    v_datachanged_where := to_char(:TRAN.date_changed,:global.date_mask);&amp;#10;-- 02/02/05 KF new report call&amp;#10;--    df_where := df_where || ' AND (to_date(to_char(twl.amend_last_date,:p_date_mask), :p_date_mask) >= to_date(:p_date_changed, :p_date_mask) '&amp;#10;--                         || ' OR  to_date(to_char(pa.amend_last_date,:p_date_mask), :p_date_mask) >= to_date(:p_date_changed, :p_date_mask) ) ';&amp;#10;  END IF;  &amp;#10;/*&amp;#10;  IF  :tran.site_code      IS NOT NULL&amp;#10;  AND :tran.site_user_code NOT IN ('ALL', 'NULL' ) THEN&amp;#10;  &#x9;--&amp;#10;    df_where := df_where || ' AND pa.work_entity IN ( SELECT we.work_entity FROM work_entity_data we WHERE we.site_code = '||:tran.site_code||')';&amp;#10;  &#x9;--&amp;#10;  END IF;&amp;#10;&amp;#10;--order by &amp;#10;  IF :TRAN.ORDER_BY_LIST = 'P' THEN -- Patient Name&amp;#10;  &#x9;df_where := df_where||' order by patient_name';&amp;#10;&amp;#10;  ELSIF :TRAN.ORDER_BY_LIST = 'W' THEN -- Ward&amp;#10;  &#x9;df_where := df_where||' order by ward, patient_name';&amp;#10;&amp;#10;  ELSIF :TRAN.ORDER_BY_LIST = 'C' THEN -- Crn&amp;#10;  &#x9;df_where := df_where||' order by crn';&amp;#10;&amp;#10;  ELSIF :TRAN.ORDER_BY_LIST = 'T' THEN -- Consultant&amp;#10;    df_where := df_where||' order by consultant, patient_name';&amp;#10;&amp;#10; &#x9;END IF; &amp;#10;&#x9;&amp;#10;--  display_standard_alert(df_where);&amp;#10;--  display_standard_alert(v_order_by);&amp;#10;&amp;#10;--show_editor ('DEBUG_EDITOR', df_where, df_where, v_boolean);&amp;#10;*/&amp;#10;  validate (FORM_SCOPE); -- validate date formats etc&amp;#10;&amp;#10;  if not FORM_SUCCESS then&amp;#10;    raise form_trigger_failure;&amp;#10;  end if;&amp;#10;&amp;#10;  -- This will allow all reocrds to be returned&amp;#10;  IF :tran.transport_type = 0 THEN&amp;#10;  &#x9;&amp;#10;  &#x9;:tran.transport_type := NULL;&amp;#10;  &#x9;&amp;#10;  END IF;&amp;#10;/* 02/02/05 KF new report call  &amp;#10;  -- check if parameter list already exists - delete it if it does&amp;#10;  p_list_id := get_parameter_list ('OPDTRAN');&amp;#10;    &amp;#10;  if not id_null (p_list_id) then&amp;#10;  &#x9;destroy_parameter_list ('OPDTRAN');&amp;#10;  end if;&amp;#10;&amp;#10;  -- create parameter list from values entered by user  &amp;#10;  p_list_id := create_parameter_list ('OPDTRAN');&amp;#10;&amp;#10;  add_parameter (p_list_id, 'P_DATE', text_parameter, to_char(:TRAN.RUN_DATE_FROM,:GLOBAL.DATE_MASK));&amp;#10;  add_parameter (p_list_id, 'P_DATE_TO', text_parameter, to_char(:TRAN.RUN_DATE_TO,:GLOBAL.DATE_MASK));&amp;#10;  add_parameter (p_list_id, 'ORIENTATION', text_parameter, 'LANDSCAPE');&amp;#10;  add_parameter (p_list_id, 'p_transport_char_type', text_parameter,to_char(:tran.transport_type));&amp;#10;  add_parameter (p_list_id, 'P_WHERE_FILTER', text_parameter, df_where);&amp;#10;  add_parameter (p_list_id, 'P_DATE_MASK', text_parameter, :GLOBAL.DATE_MASK);&amp;#10;  add_parameter (p_list_id, 'P_DATE_CHANGED', text_parameter, v_datachanged_where);&amp;#10;  add_parameter (p_list_id, 'DESTYPE', text_parameter, :TRAN.DESTINATION);&amp;#10;  add_parameter (p_list_id, 'PARAMFORM', text_parameter, 'NO');&amp;#10;  add_parameter (p_list_id, 'RECURSIVE_LOAD', text_parameter, 'NO'); -- La 10/1/02 avoids ORA-6508 when running report 1st time&amp;#10;  add_parameter (p_list_id, 'P_HOSPITAL_ID',text_parameter,TO_CHAR(get_hospital_id(TO_NUMBER(:GLOBAL.CURRENT_WORK_ENTITY))));&amp;#10;&#x9;--add_parameter (p_list_id, 'P_USER_ID', text_parameter, :GLOBAL.USER_ID);&amp;#10;    &amp;#10;  -- QS 30/01/2003 &amp;#10;&#x9;add_parameter (p_list_id, 'P_ID_TYPE', text_parameter, :TRAN.WORK_ID_TYPES);&amp;#10;     &amp;#10;&#x9;IF :TRAN.DESTINATION  in ('SCREEN','PREVIEW') THEN&amp;#10;&#x9;&#x9;run_product(reports,'ADRTRAN',synchronous,runtime,filesystem,P_LIST_ID,null);&amp;#10;  ELSE&amp;#10;  &#x9;run_product(reports,'ADRTRAN',synchronous,batch,filesystem,P_LIST_ID,null);&#x9; &#x9; &amp;#10;  END IF; &amp;#10;*/&amp;#10;&amp;#10;  repid := find_report_object('ADRTRAN');&amp;#10;&amp;#10;&amp;#10;  SET_REPORT_OBJECT_PROPERTY(repid, REPORT_COMM_MODE, SYNCHRONOUS);&amp;#10;&amp;#10;&amp;#10;  v_string := ('PARAMFORM=NO'&amp;#10;&#x9;&#x9;&#x9;||' recursive_load=NO'&amp;#10;&#x9;&#x9;&#x9;||' P_DATE='|| to_char(:TRAN.RUN_DATE_FROM,:GLOBAL.DATE_MASK)&amp;#10;&#x9;&#x9;&#x9;||' P_DATE_TO='|| to_char(:TRAN.RUN_DATE_TO,:GLOBAL.DATE_MASK)&amp;#10;&#x9;&#x9;&#x9;||' ORIENTATION=LANDSCAPE'&amp;#10;&#x9;&#x9;&#x9;||' p_transport_char_type='|| to_char(:tran.transport_type)&amp;#10;&#x9;&#x9;&#x9;||' P_WHERE_FILTER='|| df_where&amp;#10;&#x9;&#x9;&#x9;||' P_DATE_MASK='|| :GLOBAL.DATE_MASK&amp;#10;&#x9;&#x9;&#x9;||' P_DATE_CHANGED='|| nvl(v_datachanged_where,'-1')&amp;#10;&#x9;&#x9;&#x9;||' P_HOSPITAL_ID='|| TO_CHAR(get_hospital_id(TO_NUMBER(:GLOBAL.CURRENT_WORK_ENTITY)))&amp;#10;&#x9;&#x9;&#x9;||' P_ID_TYPE='|| :GLOBAL.USER_ID&amp;#10;&#x9;&#x9;&#x9;||' P_SITE_CODE='||TO_CHAR(nvl(:tran.site_code,-1))&amp;#10;&#x9;&#x9;&#x9;||' P_SITE_USER_CODE='||:tran.site_user_code&amp;#10;&#x9;&#x9;&#x9;||' P_ORDER_BY_LIST='||:TRAN.ORDER_BY_LIST&amp;#10;&#x9;&#x9;&#x9;);&amp;#10;&#x9;&#x9;&#x9;&amp;#10;&#x9;--show_editor ('DEBUG_EDITOR', V_STRING, V_STRING,v_boolean); &amp;#10;&#x9;&amp;#10;&#x9;SET_REPORT_OBJECT_PROPERTY(repid, REPORT_OTHER, v_string); &amp;#10;&amp;#10;  execute_report(repid, :TRAN.DESTINATION);&amp;#10;&amp;#10;END;" ProgramUnitType="Procedure"/>
      <PropertyClass Name="BUTTON_CLASS" ParentModule="PAS_OLD" ParentModuleType="25" ParentName="BUTTON_CLASS" ParentFilename="PAS_OLD.olb" DirtyInfo="true" ParentType="29"/>
      <PropertyClass Name="OK_BUTTON_CLASS" ParentModule="PAS_OLD" ParentModuleType="25" ParentName="OK_BUTTON_CLASS" ParentFilename="PAS_OLD.olb" DirtyInfo="true" ParentType="29"/>
      <PropertyClass Name="CANCEL_BUTTON_CLASS" ParentModule="PAS_OLD" ParentModuleType="25" ParentName="CANCEL_BUTTON_CLASS" ParentFilename="PAS_OLD.olb" DirtyInfo="true" ParentType="29"/>
      <PropertyClass Name="TOOLBAR_BUTTON_CLASS" ParentModule="PAS_OLD" ParentModuleType="25" ParentName="TOOLBAR_BUTTON_CLASS" ParentFilename="PAS_OLD.olb" DirtyInfo="true" ParentType="29"/>
      <PropertyClass Name="GOTO_BUTTON_CLASS" ParentModule="PAS_OLD" ParentModuleType="25" ParentName="GOTO_BUTTON_CLASS" ParentFilename="PAS_OLD.olb" DirtyInfo="true" ParentType="29"/>
      <PropertyClass Name="GOBACK_BUTTON_CLASS" ParentModule="PAS_OLD" ParentModuleType="25" ParentName="GOBACK_BUTTON_CLASS" ParentFilename="PAS_OLD.olb" DirtyInfo="true" ParentType="29"/>
      <PropertyClass Name="LOV_BUTTON_CLASS" ParentModule="PAS_OLD" ParentModuleType="25" ParentName="LOV_BUTTON_CLASS" ParentFilename="PAS_OLD.olb" DirtyInfo="true" ParentType="29"/>
      <PropertyClass Name="SECTION_TITLE_CLASS" ParentModule="PAS_CUI" ParentModuleType="25" ParentName="SECTION_TITLE_CLASS" ParentFilename="PAS_CUI.olb" DirtyInfo="true" ParentType="29"/>
      <PropertyClass Name="BPT_CLASS" ParentModule="PAS_OLD" ParentModuleType="25" ParentName="BPT_CLASS" ParentFilename="PAS_OLD.olb" DirtyInfo="true" ParentType="29"/>
      <PropertyClass Name="BPT_BLUE_CLASS" ParentModule="PAS_OLD" ParentModuleType="25" ParentName="BPT_BLUE_CLASS" ParentFilename="PAS_OLD.olb" DirtyInfo="true" ParentType="29"/>
      <PropertyClass Name="FORM_TITLE_CLASS" ParentModule="PAS_CUI" ParentModuleType="25" ParentName="FORM_TITLE_CLASS" ParentFilename="PAS_CUI.olb" DirtyInfo="true" ParentType="29"/>
      <PropertyClass Name="BPT_GREY_CLASS" ParentModule="PAS_OLD" ParentModuleType="25" ParentName="BPT_GREY_CLASS" ParentFilename="PAS_OLD.olb" DirtyInfo="true" ParentType="29"/>
      <PropertyClass Name="TEXT_ITEM_CLASS" ParentModule="PAS_OLD" ParentModuleType="25" ParentName="TEXT_ITEM_CLASS" ParentFilename="PAS_OLD.olb" DirtyInfo="true" ParentType="29"/>
      <PropertyClass Name="TEXT_ITEM_DATE_CLASS" ParentModule="PAS_OLD" ParentModuleType="25" ParentName="TEXT_ITEM_DATE_CLASS" ParentFilename="PAS_OLD.olb" DirtyInfo="true" ParentType="29"/>
      <PropertyClass Name="TEXT_ITEM_NUMBER_CLASS" ParentModule="PAS_OLD" ParentModuleType="25" ParentName="TEXT_ITEM_NUMBER_CLASS" ParentFilename="PAS_OLD.olb" DirtyInfo="true" ParentType="29"/>
      <PropertyClass Name="TEXT_ITEM_DATETIME_CLASS" ParentModule="PAS_OLD" ParentModuleType="25" ParentName="TEXT_ITEM_DATETIME_CLASS" ParentFilename="PAS_OLD.olb" DirtyInfo="true" ParentType="29"/>
      <PropertyClass Name="DISPLAY_ITEM_CLASS" ParentModule="PAS_OLD" ParentModuleType="25" ParentName="DISPLAY_ITEM_CLASS" ParentFilename="PAS_OLD.olb" DirtyInfo="true" ParentType="29"/>
      <PropertyClass Name="STACKED_CANVAS_CLASS" ParentModule="PAS_OLD" ParentModuleType="25" ParentName="STACKED_CANVAS_CLASS" ParentFilename="PAS_OLD.olb" DirtyInfo="true" ParentType="29"/>
      <PropertyClass Name="WINDOW_CLASS" ParentModule="PAS_OLD" ParentModuleType="25" ParentName="WINDOW_CLASS" ParentFilename="PAS_OLD.olb" DirtyInfo="true" ParentType="29"/>
      <PropertyClass Name="ID_CLASS" ParentModule="PAS_OLD" ParentModuleType="25" ParentName="ID_CLASS" ParentFilename="PAS_OLD.olb" DirtyInfo="true" ParentType="29"/>
      <RecordGroup Name="SITE_LOV" DirtyInfo="true" RecordGroupFetchSize="0" RecordGroupQuery="select description  site_name&amp;#10;     , user_code    site_user_code&amp;#10;     , 0            site_code&amp;#10;from   codes&amp;#10;where  active_flag = 'Y'&amp;#10;and    code_type = 10000&amp;#10;and    user_code = 'ALL'&amp;#10;union&amp;#10;select description  site_name&amp;#10;     , user_code    site_user_code&amp;#10;     , code         site_code&amp;#10;from   codes&amp;#10;where  code_type = 10454&amp;#10;order by site_name&amp;#10;" RecordGroupType="Query">
         <RecordGroupColumn Name="SITE_NAME" DirtyInfo="true" ColumnDataType="Character" MaximumLength="80"/>
         <RecordGroupColumn Name="SITE_USER_CODE" DirtyInfo="true" ColumnDataType="Character" MaximumLength="15"/>
         <RecordGroupColumn Name="SITE_CODE" DirtyInfo="true" ColumnDataType="Number" MaximumLength="23"/>
      </RecordGroup>
      <RecordGroup Name="TRANSPORT_LOV" DirtyInfo="true" RecordGroupFetchSize="0" RecordGroupQuery="SELECT description&amp;#10;,user_code&amp;#10;,0 code &amp;#10;FROM codes&amp;#10;WHERE code_type = 10000&amp;#10;AND user_code = 'ALL' &amp;#10;UNION&amp;#10;select description&amp;#10;,user_code&amp;#10;,code &amp;#10;from codes &amp;#10;where code_type = 10053 &amp;#10;and nvl(prog_code,0) = 0 &amp;#10;and active_flag = 'Y' &amp;#10;ORDER BY DESCRIPTION" RecordGroupType="Query">
         <RecordGroupColumn Name="DESCRIPTION" DirtyInfo="true" ColumnDataType="Character" MaximumLength="80"/>
         <RecordGroupColumn Name="USER_CODE" DirtyInfo="true" ColumnDataType="Character" MaximumLength="15"/>
         <RecordGroupColumn Name="CODE" DirtyInfo="true" ColumnDataType="Number" MaximumLength="23"/>
      </RecordGroup>
      <Report Name="ADRTRAN" DirtyInfo="true" Filename="adrtran.rep" ReportDestinationType="Preview"/>
      <Trigger Name="WHEN-MOUSE-CLICK" TriggerText="--&amp;#10;-- call stdlib procedure to handle mouse click&amp;#10;-- N.B. standard left button click is not affected &amp;#10;--&amp;#10;-- date&#x9;&#x9;by&#x9;&#x9;change&amp;#10;-- 31-05-1996&#x9;Steve Pusey&#x9;Creation&amp;#10;--&amp;#10;BEGIN&amp;#10;&amp;#10;  oasis_when_mouse_click.when_mouse_click;&amp;#10;&amp;#10;END;"/>
      <Trigger Name="WHEN-NEW-ITEM-INSTANCE" TriggerText="/* This trigger activates the hint message for the associated item */&amp;#10;begin&amp;#10;&#x9;:global.last_item := :system.trigger_item;&amp;#10;  display_text_hint;&amp;#10;end;"/>
      <Trigger Name="WHEN-NEW-FORM-INSTANCE" TriggerText="--&amp;#10;-- fires when form is entered, PRE-FORM fires before this trigger&amp;#10;--&amp;#10;-- Date&#x9;&#x9;by &#x9;&#x9;change&amp;#10;-- 10/1994&#x9;David Massie&#x9;Creation&amp;#10;-- 1995&#x9;&#x9;Nagy Tharwat&#x9;Upgrade to v9 - moved code into library procedure&amp;#10;-- 2/5/1996&#x9;Steve Pusey&#x9;Upgrade to V10 &amp;#10;--&#x9;&#x9;&#x9;&#x9;- versions into oasis_new_form_instance&amp;#10;--&#x9;&#x9;&#x9;&#x9;- Tidied code and added comments&amp;#10;--&amp;#10;&amp;#10;DECLARE&amp;#10;&amp;#10;  v_error_no             number(4); -- returned from oasis_new_form_instance&amp;#10;&amp;#10;BEGIN&amp;#10;&amp;#10;  -- version 2 form (gets bpt and window titles fromm files)&amp;#10;  oasis_new_form_instance_v2(v_error_no, 2); &amp;#10;&amp;#10;  if v_error_no > 0 then&amp;#10;    display_alert ('ERROR_ALERT', v_error_no);&amp;#10;    exit_form (NO_VALIDATE);&amp;#10;  end if;&amp;#10;&amp;#10;-- *** Insert additional code into init_form package ***&amp;#10;&amp;#10;  init_form.init_form;&amp;#10;  HCI_UPGRADE.PR_INITIALISE_IMAGES;&amp;#10;&amp;#10;END;"/>
      <Trigger Name="ON-MESSAGE" TriggerText="--&amp;#10;-- steve pusey 19/4/96&amp;#10;--&amp;#10;BEGIN&amp;#10;&amp;#10;  oasis_standard_procs.on_message;&amp;#10;&amp;#10;END;"/>
      <Trigger Name="ON-ERROR" TriggerText="--&amp;#10;-- steve pusey 19/4/96&amp;#10;-- 26/07/2016 girish added the parameter for tfs-2947094&amp;#10;BEGIN&amp;#10;&amp;#10;  oasis_standard_procs.on_error(:SYSTEM.TRIGGER_ITEM);&amp;#10;&amp;#10;END;"/>
      <Trigger Name="WHEN-WINDOW-CLOSED" DirtyInfo="true"/>
      <Trigger Name="PRE_BLOCK" FireInQuery="true" TriggerText="/* This trigger resets the 40352_count global to allow the Last line of query message to be displayed */&amp;#10;begin&amp;#10;  :GLOBAL.40352_COUNT := 0;&amp;#10;end;" DisplayInKeyboardHelp="false"/>
      <Trigger Name="WHEN-TIMER-EXPIRED" TriggerText="Button_Hint;"/>
      <Trigger Name="PRE_QUERY" FireInQuery="true" TriggerText="/* This trigger resets the 40352_count global to allow the Last line of query message to be displayed */&amp;#10;begin&amp;#10;  :GLOBAL.40352_COUNT := 0;&amp;#10;end;" DisplayInKeyboardHelp="false"/>
      <Trigger Name="POST-FORM" DirtyInfo="true" TriggerText="/* This trigger clears the Global variables used within the form */&amp;#10;begin&amp;#10;&#x9;sqa_exit_handler;&amp;#10;  erase('GLOBAL.ROOT_WINDOW_NAME');&amp;#10;  ERASE ('GLOBAL.LAST_ITEM');&amp;#10;end;&amp;#10;"/>
      <Trigger Name="EASY_BUTTON_TRIGGER" TriggerText="NULL;"/>
      <Trigger Name="DRILLDN_BUTTON_TRIGGER" TriggerText="NULL;"/>
      <Trigger Name="KEY-CLRFRM" ParentModule="PAS_CUI" ParentModuleType="25" ParentName="KEY-CLRFRM" ParentFilename="PAS_CUI.olb" DirtyInfo="true" ParentType="37"/>
      <Trigger Name="KEY-CLRREC" TriggerText="clear_record;"/>
      <Trigger Name="KEY-CLRBLK" TriggerText="clear_block;"/>
      <Trigger Name="KEY-COMMIT" TriggerText="commit_form;"/>
      <Trigger Name="KEY-CQUERY" TriggerText="count_query;"/>
      <Trigger Name="KEY-CREREC" TriggerText="create_record;"/>
      <Trigger Name="KEY-DELREC" TriggerText="null;"/>
      <Trigger Name="KEY-DOWN" TriggerText="down;"/>
      <Trigger Name="KEY-DUP-ITEM" KeyboardHelpText="Record Error" TriggerText="--&amp;#10;-- steve pusey 22/4/96&amp;#10;--&amp;#10;BEGIN&amp;#10;&amp;#10;  oasis_standard_procs.key_dupitem_trigger;&amp;#10;&amp;#10;END;" DisplayInKeyboardHelp="true"/>
      <Trigger Name="KEY-DUPREC" TriggerText="duplicate_record;"/>
      <Trigger Name="KEY-EDIT" TriggerText="EDIT_TEXTITEM;"/>
      <Trigger Name="KEY-ENTER" TriggerText="null;"/>
      <Trigger Name="KEY-ENTQRY" TriggerText="enter_query;"/>
      <Trigger Name="KEY-EXEQRY" TriggerText="execute_query;"/>
      <Trigger Name="KEY-EXIT" TriggerText="--&amp;#10;-- fires when form is exited&amp;#10;--&amp;#10;-- Date&#x9;&#x9;by &#x9;&#x9;change&amp;#10;-- 10/1994&#x9;David Massie&#x9;Creation&amp;#10;-- 1995&#x9;&#x9;Nagy Tharwat&#x9;Upgrade to v9 - moved code into library procedure&amp;#10;-- 2/5/1996&#x9;Steve Pusey&#x9;Upgrade to V10 &amp;#10;--&#x9;&#x9;&#x9;&#x9;- removed code to check for system.mode = 'ENTER-QUERY', I can't&amp;#10;--&#x9;&#x9;&#x9;&#x9;- see why this code is not in the library !&amp;#10;--&amp;#10;BEGIN&amp;#10;   &amp;#10;  oasis_exit_form;&amp;#10;&amp;#10;END;"/>
      <Trigger Name="KEY-HELP" TriggerText="GET_HELP;"/>
      <Trigger Name="KEY-LISTVAL" TriggerText="list_values;"/>
      <Trigger Name="KEY-NEXT-ITEM" TriggerText="replace_t_with_current_date;&amp;#10;next_item;"/>
      <Trigger Name="KEY-NXTREC" TriggerText="next_record;"/>
      <Trigger Name="KEY-NXTSET" TriggerText="next_set;"/>
      <Trigger Name="KEY-OTHERS" TriggerText="NULL;"/>
      <Trigger Name="KEY-PREV-ITEM" TriggerText="replace_t_with_current_date;&amp;#10;PREVIOUS_ITEM;"/>
      <Trigger Name="KEY-PRINT" TriggerText="print;"/>
      <Trigger Name="KEY-PRVREC" TriggerText="PREVIOUS_RECORD;"/>
      <Trigger Name="KEY-SCRDOWN" TriggerText="SCROLL_DOWN;"/>
      <Trigger Name="KEY-SCRUP" TriggerText="SCROLL_UP;"/>
      <Trigger Name="KEY-UP" TriggerText="UP;"/>
      <Trigger Name="WHEN-WINDOW-RESIZED" DirtyInfo="true" TriggerText="sqa_evt_handler;"/>
      <Trigger Name="WHEN-CUSTOM-ITEM-EVENT" DirtyInfo="true" TriggerText="if :system.custom_item_event = 'TIMEOUT' then&amp;#10;&#x9;process_timeout; --call the procedure in STDLIB&amp;#10;end if;&#x9;"/>
      <Trigger Name="WHEN-MOUSE-ENTER" DirtyInfo="true" TriggerText="sqa_mouse_handler;"/>
      <VisualAttribute Name="MENU_PROMPT" VisualAttributeType="Prompt" PromptForegroundColor="darkgray" DirtyInfo="true" PromptFontName="Arial" PromptFontSize="900" PromptFontStyle="Plain" PromptFontWeight="Bold" PromptFontSpacing="Normal"/>
      <VisualAttribute Name="TEXT_ITEM_VA_LOV" ParentModule="PAS_OLD" ParentModuleType="25" ParentName="TEXT_ITEM_VA_LOV" ParentFilename="PAS_OLD.olb" DirtyInfo="true" ParentType="39"/>
      <VisualAttribute Name="CURR_ITEM_RED" ParentModule="PAS_OLD" ParentModuleType="25" ParentName="CURR_ITEM_RED" ParentFilename="PAS_OLD.olb" DirtyInfo="true" ParentType="39"/>
      <VisualAttribute Name="BACKGROUND_CANVAS_BLUE" ParentModule="PAS_OLD" ParentModuleType="25" ParentName="BACKGROUND_CANVAS_BLUE" ParentFilename="PAS_OLD.olb" DirtyInfo="true" ParentType="39"/>
      <VisualAttribute Name="BACKGROUND_CANVAS" ParentModule="PAS_OLD" ParentModuleType="25" ParentName="BACKGROUND_CANVAS" ParentFilename="PAS_OLD.olb" DirtyInfo="true" ParentType="39"/>
      <VisualAttribute Name="TEXT_ITEM_BPT" ParentModule="PAS_OLD" ParentModuleType="25" ParentName="TEXT_ITEM_BPT" ParentFilename="PAS_OLD.olb" DirtyInfo="true" ParentType="39"/>
      <VisualAttribute Name="TEXT_ITEM_BPT_GREY" ParentModule="PAS_OLD" ParentModuleType="25" ParentName="TEXT_ITEM_BPT_GREY" ParentFilename="PAS_OLD.olb" DirtyInfo="true" ParentType="39"/>
      <VisualAttribute Name="TEXT_ITEM_VA" ParentModule="PAS_OLD" ParentModuleType="25" ParentName="TEXT_ITEM_VA" ParentFilename="PAS_OLD.olb" DirtyInfo="true" ParentType="39"/>
      <VisualAttribute Name="MENU_TEXT_ITEMS_VA" ParentModule="PAS_CUI" ParentModuleType="25" ParentName="MENU_TEXT_ITEMS_VA" ParentFilename="PAS_CUI.olb" DirtyInfo="true" ParentType="39"/>
      <VisualAttribute Name="VISUAL_ATTRIBUTE368" ParentModule="PAS_CUI" ParentModuleType="25" ParentName="WEB_TEXT_BUTTON_CLICK" ParentFilename="PAS_CUI.olb" DirtyInfo="true" ParentType="39"/>
      <VisualAttribute Name="CURR_ITEM_VA" ParentModule="PAS_OLD" ParentModuleType="25" ParentName="CURR_ITEM_VA" ParentFilename="PAS_OLD.olb" DirtyInfo="true" ParentType="39"/>
      <VisualAttribute Name="FORM_TITLE_VA" ParentModule="PAS_CUI" ParentModuleType="25" ParentName="FORM_TITLE_VA" ParentFilename="PAS_CUI.olb" DirtyInfo="true" ParentType="39"/>
      <VisualAttribute Name="DISP_RED" ParentModule="PAS_OLD" ParentModuleType="25" ParentName="DISP_RED" ParentFilename="PAS_OLD.olb" DirtyInfo="true" ParentType="39"/>
      <VisualAttribute Name="DISP_RED2" ParentModule="PAS_OLD" ParentModuleType="25" ParentName="DISP_RED2" ParentFilename="PAS_OLD.olb" DirtyInfo="true" ParentType="39"/>
      <VisualAttribute Name="DISP_GREEN" ParentModule="PAS_OLD" ParentModuleType="25" ParentName="DISP_GREEN" ParentFilename="PAS_OLD.olb" DirtyInfo="true" ParentType="39"/>
      <VisualAttribute Name="SECTION_TITLE_VA" ParentModule="PAS_CUI" ParentModuleType="25" ParentName="SECTION_TITLE_VA" ParentFilename="PAS_CUI.olb" DirtyInfo="true" ParentType="39"/>
      <VisualAttribute Name="VISUAL_ATTRIBUTE367" ParentModule="PAS_CUI" ParentModuleType="25" ParentName="WEB_TEXT_BUTTON" ParentFilename="PAS_CUI.olb" DirtyInfo="true" ParentType="39"/>
      <VisualAttribute Name="DISP_GREEN2" ParentModule="PAS_OLD" ParentModuleType="25" ParentName="DISP_GREEN2" ParentFilename="PAS_OLD.olb" DirtyInfo="true" ParentType="39"/>
      <VisualAttribute Name="WEB_BTN" BackColor="white" FontName="Arial" FontSize="900" FontStyle="Plain" FontWeight="Medium" FontSpacing="Normal"/>
      <VisualAttribute Name="WEB_BPT_WINGDINGS" BackColor="white" FontName="Wingdings" FontSize="1400" FontStyle="Plain" FontWeight="Medium" FontSpacing="Normal" ForegroundColor="Top Blue"/>
      <VisualAttribute Name="WEB_TEXT_BUTTON" ParentModule="PAS_CUI" ParentModuleType="25" ParentName="WEB_TEXT_BUTTON" ParentFilename="PAS_CUI.olb" DirtyInfo="true" ParentType="39"/>
      <VisualAttribute Name="WEB_TEXT_BUTTON_CLICK" ParentModule="PAS_CUI" ParentModuleType="25" ParentName="WEB_TEXT_BUTTON_CLICK" ParentFilename="PAS_CUI.olb" DirtyInfo="true" ParentType="39"/>
      <VisualAttribute Name="MENU_TEXT_ITEMS" BackColor="Side Green" FontName="Arial" VisualAttributeType="Common" FontSize="900" DirtyInfo="true" FontWeight="Bold" ForegroundColor="darkcyan"/>
      <VisualAttribute Name="MENU_TEXT_ITEMS_INV" BackColor="darkcyan" FontName="Arial" VisualAttributeType="Common" FontSize="900" DirtyInfo="true" FontWeight="Bold" ForegroundColor="Side Green"/>
      <VisualAttribute Name="V7_VA_TOOLTIP" BackColor="r100g100b88" FontName="Arial" FontSize="900" FontStyle="Plain" FontWeight="Medium" FontSpacing="Normal" ForegroundColor="Black"/>
      <Window Name="C1" ShowHorizontalScrollbar="false" IconFilename="" Title="" Width="436" InheritMenu="true" WindowStyle="Dialog" PrimaryCanvas="" HideOnExit="false" ParentModule="ADTRTRAN" XPosition="205" ParentModuleType="12" YPosition="180" ParentName="WINDOW_CLASS" DirtyInfo="true" VisualAttributeName="BACKGROUND_CANVAS" Modal="false" MoveAllowed="true" ParentType="29" ShowVerticalScrollbar="false" Height="178"/>
      <Window Name="MAIN_FORM_WINDOW" ShowHorizontalScrollbar="false" ClearAllowed="true" MinimizeAllowed="true" Title="Template Form - Root Window Title" Width="755" InheritMenu="true" WindowStyle="Document" ResizeAllowed="true" PrimaryCanvas="CNV_CONTENT" HideOnExit="false" XPosition="0" YPosition="0" Bevel="None" MaximizeAllowed="true" DirtyInfo="true" VisualAttributeName="DEFAULT" Modal="false" MoveAllowed="true" ShowVerticalScrollbar="false" Height="480"/>
      <Window Name="WND_HIDE" Width="540" Height="324"/>
      <ObjectGroup Name="ACTIONS_OG" ParentModule="PAS_CUI" ParentModuleType="25" ParentName="ACTIONS_OG" ParentFilename="PAS_CUI.olb" DirtyInfo="true" ParentType="23">
         <ObjectGroupChild Name="C_ACTIONS" SubclassSubObject="true"/>
         <ObjectGroupChild Name="C_BASE" SubclassSubObject="true"/>
         <ObjectGroupChild Name="C_FUNCTIONS" SubclassSubObject="true"/>
         <ObjectGroupChild Name="MENU_CANVAS_CLASS" SubclassSubObject="true"/>
         <ObjectGroupChild Name="MENU_CANVAS_VA" SubclassSubObject="true"/>
         <ObjectGroupChild Name="MENU_ITEM_CLASS" SubclassSubObject="true"/>
         <ObjectGroupChild Name="TOP_MENU" SubclassSubObject="true"/>
         <ObjectGroupChild Name="LT_TOOLBAR_MAIN" SubclassSubObject="true"/>
         <ObjectGroupChild Name="HCI_UPGRADE" SubclassSubObject="true"/>
         <ObjectGroupChild Name="HCI_UPGRADE" SubclassSubObject="true"/>
         <ObjectGroupChild Name="LHM_RESET_CANVAS_STACK" SubclassSubObject="true"/>
         <ObjectGroupChild Name="LOCAL_RESET_CANVAS_STACK" SubclassSubObject="true"/>
      </ObjectGroup>
      <ObjectGroup Name="KEY_TRIGGERS" ObjectGroupType="22">
         <ObjectGroupChild Name="KEY-CLRFRM" Type="Trigger"/>
         <ObjectGroupChild Name="KEY-CLRBLK" Type="Trigger"/>
         <ObjectGroupChild Name="KEY-CLRREC" Type="Trigger"/>
         <ObjectGroupChild Name="KEY-COMMIT" Type="Trigger"/>
         <ObjectGroupChild Name="KEY-CQUERY" Type="Trigger"/>
         <ObjectGroupChild Name="KEY-CREREC" Type="Trigger"/>
         <ObjectGroupChild Name="KEY-DELREC" Type="Trigger"/>
         <ObjectGroupChild Name="KEY-DOWN" Type="Trigger"/>
         <ObjectGroupChild Name="KEY-DUP-ITEM" Type="Trigger"/>
         <ObjectGroupChild Name="KEY-DUPREC" Type="Trigger"/>
         <ObjectGroupChild Name="KEY-EDIT" Type="Trigger"/>
         <ObjectGroupChild Name="KEY-ENTER" Type="Trigger"/>
         <ObjectGroupChild Name="KEY-ENTQRY" Type="Trigger"/>
         <ObjectGroupChild Name="KEY-EXEQRY" Type="Trigger"/>
         <ObjectGroupChild Name="KEY-LISTVAL" Type="Trigger"/>
         <ObjectGroupChild Name="KEY-NEXT-ITEM" Type="Trigger"/>
         <ObjectGroupChild Name="KEY-NXTREC" Type="Trigger"/>
         <ObjectGroupChild Name="KEY-NXTSET" Type="Trigger"/>
         <ObjectGroupChild Name="KEY-OTHERS" Type="Trigger"/>
         <ObjectGroupChild Name="KEY-PREV-ITEM" Type="Trigger"/>
         <ObjectGroupChild Name="KEY-PRINT" Type="Trigger"/>
         <ObjectGroupChild Name="KEY-PRVREC" Type="Trigger"/>
         <ObjectGroupChild Name="KEY-SCRDOWN" Type="Trigger"/>
         <ObjectGroupChild Name="KEY-SCRUP" Type="Trigger"/>
         <ObjectGroupChild Name="KEY-UP" Type="Trigger"/>
      </ObjectGroup>
      <ObjectGroup Name="ABOUT_FORM_PARAMETERS" ObjectGroupType="22">
         <ObjectGroupChild Name="P_TEMPLATE" Type="ModuleParameter"/>
         <ObjectGroupChild Name="P_VERSION" Type="ModuleParameter"/>
         <ObjectGroupChild Name="P_DATE" Type="ModuleParameter"/>
      </ObjectGroup>
      <ObjectGroup Name="ON_TRIGGERS" ObjectGroupType="22">
         <ObjectGroupChild Name="ON-MESSAGE" Type="Trigger"/>
         <ObjectGroupChild Name="ON-ERROR" Type="Trigger"/>
      </ObjectGroup>
   </FormModule>
</Module>
