<?xml version = '1.0' encoding = 'UTF-8'?>
<Module version="122010300" xmlns="http://xmlns.oracle.com/Forms">
   <FormModule Name="CABRTTBT" CursorMode="Open" InitializeMenu="DEFAULTMENUAPP" Use3dControls="true" RuntimeComp="5.0" ValidationUnit="Default" DirtyInfo="true" MouseNavigationLimit="Form" SavepointMode="true" HorizontalToolbarCanvas=" " ConsoleWindow="MAIN_FORM_WINDOW" MenuModule="OASIS">
      <Coordinate CharacterCellWidth="7" RealUnit="Point" DefaultFontScaling="false" CharacterCellHeight="16" CoordinateSystem="Real"/>
      <Alert Name="STANDARD_ALERT" Button1Label="OK" VisualAttributeName="DEFAULT" Button2Label="" DefaultAlertButton="Button 1" AlertStyle="Note"/>
      <Alert Name="WARNING_ALERT" Button1Label="OK" VisualAttributeName="DEFAULT" Button2Label="" DefaultAlertButton="Button 1" AlertStyle="Caution"/>
      <Alert Name="ERROR_ALERT" Button1Label="OK" VisualAttributeName="DEFAULT" Button2Label="" DefaultAlertButton="Button 1" AlertStyle="Stop"/>
      <Alert Name="QUESTION_ALERT" Button1Label="Yes" VisualAttributeName="DEFAULT" Button2Label="No" DefaultAlertButton="Button 1" AlertStyle="Stop"/>
      <Alert Name="WEBUTIL_ERROR" DirtyInfo="true" Button2Label="" Title="Forms" AlertMessage=" "/>
      <AttachedLibrary Name="WEBUTIL" LibraryLocation="webutil" LibrarySource="File"/>
      <Block Name="TEXT" RecordsBufferedCount="0" RecordsDisplayCount="1" RecordsFetchedCount="0" WhereClause="" EnforcedColumnSecurity="false" InsertAllowed="true" EnforcedPrimaryKey="false" RecordOrientation="Vertical" UpdateAllowed="true" DMLDataName="" DeleteAllowed="true" QueryDataSourceName="" DirtyInfo="true" VisualAttributeName="DEFAULT" KeyMode="Unique" DatabaseBlock="false" QueryDataSourceType="None" QueryAllowed="true" LockMode="Immediate" DMLDataType="None" NavigationStyle="Same Record" ShowScrollbar="false">
         <Item Name="FUNCTION_ID" ValidateFromList="false" LovXPosition="0" Justification="Left" LovYPosition="0" ListStyle="Poplist" Width="36" MaximumLength="6" WrapStyle="Word" AutoSkip="false" CompressionQuality="None" XPosition="108" YPosition="35" DatabaseItem="true" Bevel="Plain" AutoHint="false" MouseNavigate="true" MultiLine="false" CaseInsensitiveQuery="false" KeyboardNavigable="true" CaseRestriction="Mixed" CheckBoxOtherValues="Not Allowed" PrimaryKey="false" DefaultButton="false" QueryAllowed="true" Visible="true" QueryLength="6" DisplayQuality="High" EditXPosition="0" EditYPosition="0" Enabled="true" DistanceBetweenRecords="4364" FixedLength="false" Required="true" Height="14" ConcealData="false" Hint="Enter value for : FUNCTION_ID" SizingStyle="Crop" ShowHorizontalScrollbar="false" Iconic="false" InsertAllowed="true" ItemType="Display Item" DataType="Number" UpdateAllowed="true" UpdateIfNull="false" KeepCursorPosition="false" VisualAttributeName="DEFAULT" Label="Function Id" LockRecord="false" ShowVerticalScrollbar="false" TooltipVisualAttributeGroup="V7_VA_TOOLTIP"/>
         <Item Name="LANGUAGE_ID" ValidateFromList="false" LovXPosition="0" Justification="Left" LovYPosition="0" ListStyle="Poplist" Width="24" MaximumLength="4" WrapStyle="Word" AutoSkip="false" CompressionQuality="None" XPosition="576" YPosition="35" DatabaseItem="true" Bevel="Plain" AutoHint="false" MouseNavigate="true" MultiLine="false" CaseInsensitiveQuery="false" KeyboardNavigable="true" CaseRestriction="Mixed" CheckBoxOtherValues="Not Allowed" PrimaryKey="false" DefaultButton="false" QueryAllowed="true" Visible="true" QueryLength="4" DisplayQuality="High" EditXPosition="0" EditYPosition="0" Enabled="true" DistanceBetweenRecords="4364" FixedLength="false" Required="true" Height="14" ConcealData="false" Hint="Enter value for : LANGUAGE_ID" SizingStyle="Crop" ShowHorizontalScrollbar="false" Iconic="false" InsertAllowed="true" ItemType="Display Item" DataType="Number" UpdateAllowed="true" UpdateIfNull="false" KeepCursorPosition="false" VisualAttributeName="DEFAULT" Label="Language Id" LockRecord="false" ShowVerticalScrollbar="false" TooltipVisualAttributeGroup="V7_VA_TOOLTIP"/>
         <Item Name="BPT_1" ValidateFromList="false" EditXPosition="0" LovXPosition="0" EditYPosition="0" Justification="Right" LovYPosition="0" Enabled="true" ListStyle="Poplist" Width="125" FixedLength="false" WrapStyle="Word" AutoSkip="false" CompressionQuality="None" XPosition="113" Required="false" YPosition="69" AutoHint="false" MouseNavigate="true" CanvasName="CNV_CONTENT" MultiLine="false" CaseInsensitiveQuery="false" KeyboardNavigable="true" CaseRestriction="Mixed" ParentType="29" CheckBoxOtherValues="Not Allowed" ConcealData="false" SizingStyle="Crop" ShowHorizontalScrollbar="false" Iconic="false" TabPageName="" InsertAllowed="true" UpdateAllowed="true" ParentModule="CABRTTBT" UpdateIfNull="false" ParentModuleType="12" ParentName="BPT_BLUE_CLASS" DirtyInfo="true" KeepCursorPosition="false" DefaultButton="false" QueryAllowed="true" QueryLength="80" LockRecord="false" DisplayQuality="High" ShowVerticalScrollbar="false" TooltipVisualAttributeGroup="V7_VA_TOOLTIP"/>
         <Item Name="BPT_2" ValidateFromList="false" EditXPosition="0" LovXPosition="0" EditYPosition="0" Justification="Right" LovYPosition="0" Enabled="true" ListStyle="Poplist" Width="125" FixedLength="false" WrapStyle="Word" AutoSkip="false" CompressionQuality="None" XPosition="113" Required="false" YPosition="84" AutoHint="false" MouseNavigate="true" CanvasName="CNV_CONTENT" MultiLine="false" CaseInsensitiveQuery="false" KeyboardNavigable="true" CaseRestriction="Mixed" ParentType="29" CheckBoxOtherValues="Not Allowed" ConcealData="false" SizingStyle="Crop" ShowHorizontalScrollbar="false" Iconic="false" TabPageName="" InsertAllowed="true" UpdateAllowed="true" ParentModule="CABRTTBT" UpdateIfNull="false" ParentModuleType="12" ParentName="BPT_BLUE_CLASS" DirtyInfo="true" KeepCursorPosition="false" DefaultButton="false" QueryAllowed="true" Visible="false" QueryLength="80" LockRecord="false" DisplayQuality="High" ShowVerticalScrollbar="false" TooltipVisualAttributeGroup="V7_VA_TOOLTIP"/>
         <Item Name="DSP_BREADCRUMB" Justification="Start" TabPageName="" Width="278" MaximumLength="4000" ItemType="Display Item" BackColor="white" XPosition="95" FontName="Arial" YPosition="4" DatabaseItem="false" Bevel="None" FontSize="1000" FontStyle="Italic" DirtyInfo="true" FontWeight="Bold" FontSpacing="Normal" ForegroundColor="darkcyan" CanvasName="CNV_HIDE" Visible="false" Height="15"/>
         <Trigger Name="WHEN-MOUSE-DOUBLECLICK" TriggerText="--&amp;#10;-- steve pusey 19/4/96&amp;#10;--&amp;#10;-- change value in current boilerplate text item&amp;#10;--&amp;#10;BEGIN&amp;#10;&amp;#10;  boilerplate.change_boilerplate;&amp;#10;&amp;#10;END;"/>
      </Block>
      <Block Name="FILES" DirtyInfo="true" DatabaseBlock="false" ScrollbarWidth="14" ScrollbarLength="135">
         <Item Name="PCT_FILE_NAME" XPosition="239" YPosition="68" Bevel="Plain" DirtyInfo="true" TabPageName="" VisualAttributeName="TEXT_ITEM_VA" Width="443" CanvasName="CNV_CONTENT" MaximumLength="1000" Height="14"/>
         <Item Name="PCT_FILE_BTN" Iconic="false" IconFilename="b_lov_b3" TabPageName="" Width="15" ItemType="Push Button" BackColor="white" XPosition="682" YPosition="67" DirtyInfo="true" Label="..." CanvasName="CNV_CONTENT" Height="15">
            <Trigger Name="WHEN-BUTTON-PRESSED" DirtyInfo="true" TriggerText="------------------------------------------------------------------------&amp;#10;-- File name LOV&#x9;&#x9;&#x9;&#x9;&#x9;&#x9;&#x9;&#x9;&#x9;          &#x9;&#x9;&#x9;&#x9;&#x9;&#x9;&#x9;&#x9;&#x9;&#x9;&#x9;&#x9;&#x9;--&amp;#10;-- Purpose:&#x9;&#x9;&#x9;&#x9;&#x9;&#x9;&#x9;&#x9;&#x9;&#x9;&#x9;&#x9;&#x9;&#x9;&#x9;&#x9;&#x9;&#x9;&#x9;&#x9;&#x9;&#x9;&#x9;&#x9;&#x9;&#x9;&#x9;&#x9;&#x9;  --&amp;#10;-- Allows user to select a file for upload.  The defauly directory  &#x9;--&amp;#10;-- is fetched from MAPS011 first.&#x9;&#x9;&#x9;&#x9;&#x9;&#x9;&#x9;&#x9;&#x9;&#x9;&#x9;&#x9;&#x9;&#x9;&#x9;&#x9;&#x9;&#x9;&#x9;--&amp;#10;-- History:&#x9;&#x9;&#x9;&#x9;&#x9;&#x9;&#x9;&#x9;&#x9;&#x9;&#x9;&#x9;&#x9;&#x9;&#x9;&#x9;&#x9;&#x9;&#x9;&#x9;&#x9;&#x9;&#x9;&#x9;&#x9;&#x9;&#x9;&#x9;&#x9;&#x9;--&amp;#10;-- Dave Lawton&#x9;15/04/11&#x9;Created.&#x9;&#x9;&#x9;&#x9;&#x9;&#x9;&#x9;&#x9;&#x9;&#x9;&#x9;&#x9;&#x9;&#x9;&#x9;&#x9;&#x9;&#x9;--&amp;#10;------------------------------------------------------------------------&amp;#10;declare&amp;#10;&amp;#10;&#x9;vc_bulk_merge_filename varchar2(200);&amp;#10;&#x9;vn_userid     MAPS006.USER_ID%TYPE := oaslogon_package.get_user_id;&#x9;&amp;#10;  vc_temp_dir   VARCHAR2(1024) := oasis_package.get_default('TEMP_DIR'&amp;#10;&#x9;&#x9;&#x9;&#x9;&#x9;&#x9;&#x9;&#x9;                                      &#x9;&#x9;&#x9;,oaslogon_package.get_hospital_id&amp;#10;&#x9;&#x9;&#x9;&#x9;&#x9;&#x9;&#x9;&#x9;                                      &#x9;&#x9;&#x9;,oaslogon_package.get_work_entity&amp;#10;&#x9;&#x9;&#x9;&#x9;&#x9;&#x9;&#x9;&#x9;&#x9;&#x9;&#x9;                                      ,vn_userid&amp;#10;&#x9;&#x9;&#x9;&#x9;&#x9;&#x9;&#x9;&#x9;&#x9;&#x9;&#x9;                                      );&amp;#10;                                      &amp;#10;begin&amp;#10;&#x9;&amp;#10;&#x9;vc_bulk_merge_filename := client_get_file_name(directory_name => vc_temp_dir&amp;#10;&#x9;&#x9;&#x9;&#x9;&#x9;&#x9;                                    ,file_name      =>  NULL&amp;#10;&#x9;&#x9;&#x9;&#x9;&#x9;&#x9;                                    ,file_filter    => 'CSV files (*.csv)|*.csv|'&amp;#10;&#x9;&#x9;&#x9;&#x9;&#x9;&#x9;                                    ,message        => 'Open the PCT CAB FILE'&amp;#10;&#x9;&#x9;&#x9;&#x9;&#x9;&#x9;                                    ,dialog_type    => OPEN_FILE&amp;#10;&#x9;&#x9;&#x9;&#x9;&#x9;&#x9;                                    ,select_file    => NULL&amp;#10;&#x9;&#x9;&#x9;&#x9;&#x9;&#x9;                                    );&amp;#10;&#x9;                                    &amp;#10;&#x9;&amp;#10;  :FILES.PCT_FILE_name := vc_bulk_merge_filename;&amp;#10;  &amp;#10;end;&amp;#10;&amp;#10; "/>
         </Item>
         <Item Name="ERROR_FILE_PATH" XPosition="239" YPosition="83" Bevel="Plain" DirtyInfo="true" TabPageName="" VisualAttributeName="TEXT_ITEM_VA" Width="443" CanvasName="CNV_CONTENT" MaximumLength="200" Visible="false" Height="14"/>
         <Item Name="ERROR_FILE_BTN" Iconic="false" IconFilename="b_lov_b3" Width="15" ItemType="Push Button" BackColor="white" XPosition="682" YPosition="82" DirtyInfo="true" VisualAttributeName="DEFAULT" Label="..." CanvasName="CNV_CONTENT" Visible="false" Height="15">
            <Trigger Name="WHEN-BUTTON-PRESSED" DirtyInfo="true" TriggerText="declare&amp;#10;&amp;#10;&#x9;vc_bulk_merge_filename varchar2(200);&amp;#10;&#x9;vn_userid     MAPS006.USER_ID%TYPE := oaslogon_package.get_user_id;&#x9;&amp;#10;  vc_temp_dir   VARCHAR2(1024) := oasis_package.get_default('TEMP_DIR'&amp;#10;&#x9;&#x9;&#x9;&#x9;&#x9;&#x9;&#x9;&#x9;                                      &#x9;&#x9;&#x9;,oaslogon_package.get_hospital_id&amp;#10;&#x9;&#x9;&#x9;&#x9;&#x9;&#x9;&#x9;&#x9;                                      &#x9;&#x9;&#x9;,oaslogon_package.get_work_entity&amp;#10;&#x9;&#x9;&#x9;&#x9;&#x9;&#x9;&#x9;&#x9;&#x9;&#x9;&#x9;                                      ,vn_userid&amp;#10;&#x9;&#x9;&#x9;&#x9;&#x9;&#x9;&#x9;&#x9;&#x9;&#x9;&#x9;                                      );&amp;#10;                                      &amp;#10;begin&amp;#10;&#x9;&amp;#10;&#x9;vc_bulk_merge_filename := webutil_file.directory_selection_dialog(directory_name => vc_temp_dir&amp;#10;&#x9;&#x9;&#x9;&#x9;&#x9;&#x9;                                    &#x9;&#x9;&#x9;&#x9;&#x9;&#x9;&#x9;&#x9;&#x9;&#x9;,title      =>  NULL&amp;#10;&#x9;&#x9;&#x9;&#x9;&#x9;&#x9;                                    &#x9;&#x9;&#x9;&#x9;&#x9;&#x9;&#x9;&#x9;&#x9;&#x9;);&amp;#10;&#x9;                                    &amp;#10;&#x9;&amp;#10;  :FILES.ERROR_FILE_PATH := vc_bulk_merge_filename;&amp;#10;  &amp;#10;end; "/>
         </Item>
      </Block>
      <Block Name="BUTTONS" DirtyInfo="true" DatabaseBlock="false" ScrollbarWidth="14" ScrollbarLength="135">
         <Item Name="PROCESS_BTN" Justification="Right" TabPageName="" Enabled="true" Width="104" MaximumLength="2000" ItemType="Text Item" XPosition="592" YPosition="109" DatabaseItem="false" Bevel="None" DirtyInfo="true" VisualAttributeName="WEB_TEXT_BUTTON" Label="xUpdate Profile" CanvasName="CNV_CONTENT" Visible="true" KeyboardNavigable="false" TooltipVisualAttributeGroup="V7_VA_TOOLTIP" Height="13">
            <Trigger Name="WHEN-MOUSE-CLICK" DirtyInfo="true" TriggerText="------------------------------------------------------------------------&amp;#10;-- Process PCT CAB datafile                 &#x9;&#x9;&#x9;&#x9;&#x9;&#x9;&#x9;&#x9;&#x9;&#x9;&#x9;&#x9;&#x9;--&amp;#10;-- Purpose:&#x9;&#x9;&#x9;&#x9;&#x9;&#x9;&#x9;&#x9;&#x9;&#x9;&#x9;&#x9;&#x9;&#x9;&#x9;&#x9;&#x9;&#x9;&#x9;&#x9;&#x9;&#x9;&#x9;&#x9;&#x9;&#x9;&#x9;&#x9;&#x9;  --&amp;#10;-- Load a data file into a BLOB using webutil functionality and&#x9;then  --&#x9;&amp;#10;-- process it as an external table.&#x9;&#x9;&#x9;&#x9;&#x9;&#x9;&#x9;&#x9;&#x9;&#x9;&#x9;&#x9;&#x9;&#x9;&#x9;&#x9;&#x9;&#x9;--&amp;#10;-- History:&#x9;&#x9;&#x9;&#x9;&#x9;&#x9;&#x9;&#x9;&#x9;&#x9;&#x9;&#x9;&#x9;&#x9;&#x9;&#x9;&#x9;&#x9;&#x9;&#x9;&#x9;&#x9;&#x9;&#x9;&#x9;&#x9;&#x9;&#x9;&#x9;&#x9;--&amp;#10;-- Dave Lawton&#x9;15/04/11&#x9;Created.&#x9;&#x9;&#x9;&#x9;&#x9;&#x9;&#x9;&#x9;&#x9;&#x9;&#x9;&#x9;&#x9;&#x9;&#x9;&#x9;&#x9;&#x9;--&amp;#10;------------------------------------------------------------------------&amp;#10;DECLARE&amp;#10;&amp;#10;&#x9;vb_success BOOLEAN;&amp;#10; &#x9;vn_oasis_data_file_id OASIS_DATA_FILES.OASIS_DATA_FILES_ID%TYPE;&amp;#10;&#x9;bl_file_data OASIS_DATA_FILES.DATAFILE%TYPE := empty_blob();&amp;#10;&#x9;vc_file_name OASIS_DATA_FILES.FILE_NAME%type;&amp;#10;&#x9;vc_where_clause VARCHAR2(100);&amp;#10;&#x9;&#x9;&amp;#10;  vn_pos PLS_INTEGER;&amp;#10;&#x9;vn_userid     MAPS006.USER_ID%TYPE := oaslogon_package.get_user_id;&amp;#10;&#x9;vn_report_id  oasis_reports_log.report_id%TYPE;  &amp;#10;&amp;#10;&#x9;vc_temp_dir   VARCHAR2(1024) := oasis_package.get_default(&amp;#10;                                        'TEMP_DIR'&amp;#10;                                      , oaslogon_package.get_hospital_id&amp;#10;                                      , oaslogon_package.get_work_entity&amp;#10;                                      , vn_userid&amp;#10;                                      ); &amp;#10;&amp;#10;BEGIN&amp;#10;&amp;#10;&#x9;oasis_when_mouse_click.when_mouse_click;&amp;#10;&amp;#10;  vn_pos := 1;&amp;#10;&amp;#10;&#x9;IF (:files.pct_file_name IS NULL) THEN  &#x9;&#x9;&#x9;&amp;#10;  &#x9;display_alert('warning_alert',9364);  &#x9;&amp;#10;  &#x9;go_item('files.pct_file_name');  &#x9;&amp;#10;&#x9;ELSE&amp;#10;&#x9;&amp;#10;&amp;#10;&#x9;&amp;#10;  vn_pos := 2;&amp;#10;&amp;#10;&#x9;INSERT INTO oasis_data_files&amp;#10;&#x9;(oasis_data_files_id,&amp;#10;&#x9; file_type,&amp;#10;&#x9; file_name,&amp;#10;&#x9; datafile, &amp;#10;&#x9; load_date,&amp;#10;&#x9; load_by_user, &amp;#10;   status) &amp;#10;  VALUES&amp;#10;  (oasis_data_files_id.NEXTVAL&amp;#10;  ,'CABRTTBT'&amp;#10;  ,'CABRTTBT.csv'&amp;#10;  ,empty_blob()&amp;#10;  ,SYSDATE&amp;#10;  ,:GLOBAL.user_id&amp;#10;  ,'N');&#x9;&amp;#10;  &amp;#10;  :SYSTEM.message_level := 10;&amp;#10;  COMMIT;&amp;#10;  :SYSTEM.message_level := 0;  &amp;#10;&amp;#10;  vn_pos := 3;&amp;#10;  &amp;#10;&#x9;SELECT oasis_data_files_id.CURRVAL&amp;#10;&#x9; INTO vn_oasis_data_file_id&amp;#10;&#x9; FROM dual;  &amp;#10;&amp;#10;  vn_pos := 4;&amp;#10;&#x9;&amp;#10;&#x9;vc_where_clause := 'OASIS_DATA_FILES_ID = '||to_char(vn_oasis_data_file_id);&amp;#10;&#x9;  &amp;#10;  vn_pos := 5;&amp;#10; &#x9;&#x9;&#x9;&amp;#10;&#x9;--Transfer the File to a BLOB column on the DB&amp;#10;&#x9;vb_success := webutil_file_transfer.Client_To_DB_with_progress&amp;#10;                                  (clientFile      =>  :files.pct_file_name&amp;#10;                                  ,tableName       => 'OASIS_DATA_FILES'&amp;#10;                                  ,columnName      => 'DATAFILE'&amp;#10;                                  ,whereClause     =>  vc_where_clause&amp;#10;                                  ,progressTitle   => 'Upload to Database in progress'&amp;#10;                                  ,progressSubTitle=> 'Please wait'&amp;#10;                                  ,asynchronous    => FALSE&amp;#10;                                  ,callbackTrigger => NULL                                                                       &amp;#10;                                  );&#x9;&#x9; &#x9;&amp;#10;&amp;#10;  vn_pos := 6;&amp;#10;                                  &amp;#10;&#x9;LOOP&amp;#10;  &#x9;EXIT WHEN WEBUTIL_FILE_TRANSFER.In_Progress = FALSE;&#x9;&amp;#10;&#x9;END LOOP;    &amp;#10;                                 &amp;#10;  vn_pos := 7;&amp;#10;  &amp;#10;&#x9;IF vb_success&amp;#10;  THEN&amp;#10;  &#x9;--Update the status of the Load&amp;#10;  &#x9;UPDATE oasis_data_files SET status = 'Y'&amp;#10;  &#x9;WHERE oasis_data_files_id = vn_oasis_data_file_id;&amp;#10;  &#x9;:SYSTEM.message_level := 10;&amp;#10;  &#x9;COMMIT;&amp;#10;  &#x9;:SYSTEM.message_level := 0;&amp;#10;&#x9;END IF;  &amp;#10;&amp;#10;  vn_pos := 8;&amp;#10;&amp;#10;&#x9;--Get the File Id&amp;#10;  SELECT DATAFILE,FILE_NAME&amp;#10;&#x9;INTO bl_file_data,vc_file_name&amp;#10;&#x9;FROM oasis_data_files&amp;#10;&#x9;WHERE oasis_data_files_id = vn_oasis_data_file_id;&amp;#10;&amp;#10;  vn_pos := 9;&amp;#10;&#x9;&amp;#10;&#x9;--Write contents of the BLOB column to a file on Database Server&amp;#10;&#x9;put_local_binary_data(p_data => bl_file_data, p_dir => 'EXT_DATA_DIR', p_file => 'CABRTTBT.csv'); &amp;#10;&amp;#10;&#x9;IF oasrepjobs_package.is_running('UBRN CAB LOAD', null) = 1 THEN -- process is running&amp;#10;&#x9;  --&amp;#10;&#x9;&#x9;display_standard_alert(get_error_message(9519)||' '||get_error_message(9520));&amp;#10;&#x9;&#x9;--&amp;#10;&#x9;ELSE&amp;#10;&#x9;&#x9;--&amp;#10;&#x9;&#x9;-- check if all required files are in place and correct&amp;#10;&#x9;&#x9;IF NOT oasubrndatafile_package.check_ext_table&amp;#10;    THEN &amp;#10;    &#x9;vn_pos := 10;    &amp;#10;    &#x9;BEGIN   &amp;#10;    &#x9;--&amp;#10;      display_standard_alert(REPLACE(get_error_message(9521), '&lt;file_name>', vc_file_name)||chr(10)||&amp;#10;                             get_error_message(9522)&amp;#10;                            );&amp;#10;      END;                      &amp;#10;      --&amp;#10;&#x9;&#x9;ELSE&amp;#10;&#x9;&#x9;&#x9;vn_pos := 11;    &amp;#10;&#x9;&#x9;&#x9;--&amp;#10;      IF substr(vc_temp_dir,-1) != '\' THEN&amp;#10;        vc_temp_dir := vc_temp_dir||'\';&amp;#10;      END IF;&amp;#10;      --&amp;#10;      vn_report_id := oasrepjobs_package.initialise('UBRN CAB LOAD'    -- iv_report_name&amp;#10;&#x9;&#x9;&#x9;&#x9;&#x9;&#x9;&#x9;&#x9;&#x9;&#x9;&#x9;&#x9;                         &#x9;&#x9;, vn_userid    -- in_user_id&amp;#10;&#x9;&#x9;&#x9;&#x9;&#x9;&#x9;&#x9;&#x9;&#x9;&#x9;&#x9;&#x9;                         &#x9;&#x9;, vc_temp_dir  -- iv_directory&amp;#10;&#x9;&#x9;&#x9;&#x9;&#x9;&#x9;&#x9;&#x9;&#x9;&#x9;&#x9;&#x9;                         &#x9;&#x9;);&amp;#10;      vn_pos := 12;    &amp;#10;            &amp;#10;      oasrepjobs_package.start_report(vn_report_id);      &amp;#10;      &amp;#10;      vn_pos := 13;    &amp;#10;            &amp;#10;      :SYSTEM.message_level := 10;&amp;#10;      COMMIT;&amp;#10;      :SYSTEM.message_level := 0;&amp;#10;      &amp;#10;      vn_pos := 14;    &amp;#10;      &amp;#10;      display_standard_alert(&amp;#10;        REPLACE(get_error_message(9523), '&lt;rep_id>', vn_report_id)||chr(10)||&amp;#10;        get_error_message(9524)||chr(10)||&amp;#10;        get_error_message(9525)&amp;#10;      );&amp;#10;      --&amp;#10;&#x9;&#x9;END IF;&#x9;&amp;#10;&#x9;&#x9;--&amp;#10;&#x9;END IF;  &amp;#10;  --  &amp;#10; END IF;&amp;#10;&amp;#10;EXCEPTION &amp;#10;&#x9;WHEN OTHERS THEN&amp;#10;&#x9;&#x9;display_standard_alert('Error occurred in PROCESS_BTN WMC at posn &lt;'||vn_pos||'>:&lt;'||SQLERRM||'>');&amp;#10;END;"/>
         </Item>
         <Item Name="CLOSE_BTN" Justification="Right" Enabled="true" Width="37" MaximumLength="2000" ItemType="Text Item" XPosition="394" YPosition="109" DatabaseItem="false" Bevel="None" DirtyInfo="true" VisualAttributeName="WEB_TEXT_BUTTON" Label="xUpdate Profile" CanvasName="CNV_CONTENT" Visible="true" KeyboardNavigable="false" TooltipVisualAttributeGroup="V7_VA_TOOLTIP" Height="13">
            <Trigger Name="WHEN-MOUSE-CLICK" DirtyInfo="true" TriggerText="------------------------------------------------------------------------&amp;#10;-- Close Button&#x9;&#x9;&#x9;                &#x9;&#x9;&#x9;&#x9;&#x9;&#x9;&#x9;&#x9;&#x9;&#x9;&#x9;&#x9;&#x9;&#x9;&#x9;&#x9;&#x9;--&amp;#10;-- Purpose:&#x9;&#x9;&#x9;&#x9;&#x9;&#x9;&#x9;&#x9;&#x9;&#x9;&#x9;&#x9;&#x9;&#x9;&#x9;&#x9;&#x9;&#x9;&#x9;&#x9;&#x9;&#x9;&#x9;&#x9;&#x9;&#x9;&#x9;&#x9;&#x9;  --&amp;#10;-- Close the form&#x9;&#x9;&#x9;&#x9;&#x9;&#x9;&#x9;&#x9;&#x9;&#x9;&#x9;&#x9;&#x9;&#x9;&#x9;&#x9;&#x9;&#x9;&#x9;&#x9;&#x9;&#x9;&#x9;&#x9;&#x9;&#x9;&#x9;--&amp;#10;-- History:&#x9;&#x9;&#x9;&#x9;&#x9;&#x9;&#x9;&#x9;&#x9;&#x9;&#x9;&#x9;&#x9;&#x9;&#x9;&#x9;&#x9;&#x9;&#x9;&#x9;&#x9;&#x9;&#x9;&#x9;&#x9;&#x9;&#x9;&#x9;&#x9;&#x9;--&amp;#10;-- Dave Lawton&#x9;15/04/11&#x9;Created.&#x9;&#x9;&#x9;&#x9;&#x9;&#x9;&#x9;&#x9;&#x9;&#x9;&#x9;&#x9;&#x9;&#x9;&#x9;&#x9;&#x9;&#x9;--&amp;#10;------------------------------------------------------------------------&amp;#10;BEGIN&amp;#10;&#x9;&amp;#10;&#x9;oasis_when_mouse_click.when_mouse_click;&amp;#10;  clear_form(no_validate);&amp;#10;  do_key('exit_form');&amp;#10;&amp;#10;END;"/>
         </Item>
         <Item Name="PROCESS_MONITOR_BTN" Justification="Right" Enabled="true" Width="87" CompressionQuality="None" XPosition="488" YPosition="109" DatabaseItem="false" Bevel="None" AutoHint="false" MouseNavigate="true" CanvasName="CNV_CONTENT" KeyboardNavigable="false" Height="13" ShowHorizontalScrollbar="false" Iconic="true" IconFilename="cancel36" ItemType="Display Item" DirtyInfo="true" VisualAttributeName="WEB_TEXT_BUTTON" Label="PUSH_BUTTON390" DefaultButton="false" Visible="true" ShowVerticalScrollbar="false" TooltipVisualAttributeGroup="V7_VA_TOOLTIP">
            <Trigger Name="WHEN-MOUSE-CLICK" DirtyInfo="true" TriggerText="------------------------------------------------------------------------&amp;#10;-- Call the process monitor form (OASRMON)   &#x9;&#x9;&#x9;&#x9;&#x9;&#x9;&#x9;&#x9;&#x9;&#x9;&#x9;&#x9;&#x9;--&amp;#10;-- Purpose:&#x9;&#x9;&#x9;&#x9;&#x9;&#x9;&#x9;&#x9;&#x9;&#x9;&#x9;&#x9;&#x9;&#x9;&#x9;&#x9;&#x9;&#x9;&#x9;&#x9;&#x9;&#x9;&#x9;&#x9;&#x9;&#x9;&#x9;&#x9;&#x9;  --&amp;#10;-- Calls the OASRMON form so that we can view progress of UBRN CAB&#x9;&#x9;--&amp;#10;-- LOAD&#x9;&#x9;&#x9;&#x9;&#x9;&#x9;&#x9;&#x9;&#x9;&#x9;&#x9;&#x9;&#x9;&#x9;&#x9;&#x9;&#x9;&#x9;&#x9;&#x9;&#x9;&#x9;&#x9;&#x9;&#x9;&#x9;&#x9;&#x9;&#x9;&#x9;&#x9;&#x9;--&amp;#10;-- History:&#x9;&#x9;&#x9;&#x9;&#x9;&#x9;&#x9;&#x9;&#x9;&#x9;&#x9;&#x9;&#x9;&#x9;&#x9;&#x9;&#x9;&#x9;&#x9;&#x9;&#x9;&#x9;&#x9;&#x9;&#x9;&#x9;&#x9;&#x9;&#x9;&#x9;--&amp;#10;-- Dave Lawton&#x9;15/04/11&#x9;Created.&#x9;&#x9;&#x9;&#x9;&#x9;&#x9;&#x9;&#x9;&#x9;&#x9;&#x9;&#x9;&#x9;&#x9;&#x9;&#x9;&#x9;&#x9;--&amp;#10;------------------------------------------------------------------------&amp;#10;DECLARE&amp;#10;&#x9;--&amp;#10;&#x9;vp_param_list       ParamList;&amp;#10;&#x9;vv_param_list_name  VARCHAR2(16) := 'OASRMONPARAMS';&amp;#10;&#x9;--&amp;#10;BEGIN&amp;#10;&#x9;--&amp;#10;&#x9;vp_param_list := create_parameter_list(vv_param_list_name);&amp;#10;&#x9;add_parameter(vp_param_list, 'P_PROCESS_TYPE', TEXT_PARAMETER, 'DL');&amp;#10;&#x9;--&amp;#10;  oasis_call_form_v3('OASRMON', HIDE, DO_REPLACE, NO_QUERY_ONLY, 'TRUE', vp_param_list);&amp;#10;  --&amp;#10;  destroy_parameter_list(vp_param_list);&amp;#10;  --&amp;#10;END;"/>
         </Item>
         <Trigger Name="WHEN-MOUSE-DOWN" DirtyInfo="true" TriggerText="SET_ITEM_PROPERTY(:SYSTEM.TRIGGER_ITEM,VISUAL_ATTRIBUTE,'WEB_TEXT_BUTTON_CLICK');"/>
         <Trigger Name="WHEN-MOUSE-UP" DirtyInfo="true" TriggerText="SET_ITEM_PROPERTY(:SYSTEM.TRIGGER_ITEM, VISUAL_ATTRIBUTE, 'WEB_TEXT_BUTTON');&amp;#10;DEFAULT_VALUE(NULL,'GLOBAL.LAST_ITEM');&amp;#10;IF :global.last_item IS NOT NULL THEN&amp;#10;&#x9;GO_ITEM(:global.last_item);&amp;#10;END IF;"/>
         <Trigger Name="KEY-CLRBLK" DirtyInfo="true" TriggerText="NULL;"/>
         <Trigger Name="KEY-CLRREC" DirtyInfo="true" TriggerText="NULL;"/>
         <Trigger Name="KEY-CLRFRM" DirtyInfo="true" TriggerText="NULL;"/>
         <Trigger Name="KEY-DELREC" DirtyInfo="true" TriggerText="NULL;"/>
         <Trigger Name="KEY-ENTQRY" DirtyInfo="true" TriggerText="NULL;"/>
         <Trigger Name="KEY-EXEQRY" DirtyInfo="true" TriggerText="NULL;"/>
         <Trigger Name="KEY-CREREC" DirtyInfo="true" TriggerText="NULL;"/>
         <Trigger Name="KEY-NXTREC" DirtyInfo="true" TriggerText="NULL;"/>
         <Trigger Name="KEY-PRVREC" DirtyInfo="true" TriggerText="NULL;"/>
         <Trigger Name="KEY-SCRDOWN" DirtyInfo="true" TriggerText="NULL;"/>
         <Trigger Name="KEY-SCRUP" DirtyInfo="true" TriggerText="NULL;"/>
         <Trigger Name="KEY-DOWN" DirtyInfo="true" TriggerText="NULL;"/>
         <Trigger Name="KEY-UP" DirtyInfo="true" TriggerText="NULL;"/>
         <Trigger Name="WHEN-NEW-ITEM-INSTANCE" DirtyInfo="true" TriggerText="NULL; -- To ensure the form level trigger does not fire for the buttons"/>
      </Block>
      <Block Name="TITLES" DirtyInfo="true" ScrollbarWidth="14" ScrollbarLength="135">
         <Item Name="DSP_TITLE" Justification="Start" TabPageName="" Width="279" MaximumLength="30" ParentModule="CABRTTBT" XPosition="112" ParentModuleType="12" YPosition="9" DatabaseItem="false" ParentName="FORM_TITLE_CLASS" DirtyInfo="true" CanvasName="CNV_CONTENT" ParentType="29"/>
      </Block>
      <Block Name="LT_FUNCTIONS" DirtyInfo="true" DatabaseBlock="false" ScrollbarWidth="14" ScrollbarLength="135">
         <Item Name="IMG_FUNCTIONS" Prompt="Functions" TabPageName="" PromptAttachmentOffset="36" PromptAlignOffset="0" PromptFontSize="900" Width="16" ItemType="Image" ImageFormat="BMP" XPosition="79" YPosition="0" DatabaseItem="false" Bevel="None" PromptForegroundColor="Allscripts Link Blue" DirtyInfo="true" VisualAttributeName="MENU_TEXT_ITEMS_VA" PromptFontName="Arial" PromptFontStyle="Plain" PromptFontWeight="Bold" PromptFontSpacing="Normal" Height="14">
            <Trigger Name="WHEN-MOUSE-CLICK" DirtyInfo="true" TriggerText="HCI_UPGRADE.functions_when_mouse_click;&amp;#10;"/>
         </Item>
         <Item Name="NAVIGATE_BUTTON" Justification="Start" TabPageName="" DistanceBetweenRecords="0" Width="80" ItemType="Display Item" PopupMenuName="BOILER_PLATE" ParentModule="CABRTTBT" XPosition="5" ParentModuleType="12" YPosition="18" DatabaseItem="false" ParentName="MENU_ITEM_CLASS" Bevel="None" FontStyle="Plain" DirtyInfo="true" FontSpacing="Normal" KeyboardNavigable="false" ParentType="29">
            <Trigger Name="WHEN-MOUSE-CLICK" DirtyInfo="true" TriggerText="oasis_when_mouse_click.when_mouse_click;&amp;#10;oasis_menu.toggle_menu;"/>
         </Item>
         <Trigger Name="WHEN-NEW-BLOCK-INSTANCE" DirtyInfo="true" TriggerText="READ_IMAGE_FILE(hci_upgrade.g_image_directory || 'pas_expand_menu.gif', 'gif', 'LT_FUNCTIONS.IMG_FUNCTIONS');&amp;#10;"/>
         <Trigger Name="WHEN-MOUSE-DOWN" DirtyInfo="true" TriggerText="SET_ITEM_PROPERTY(:SYSTEM.TRIGGER_ITEM,VISUAL_ATTRIBUTE,'WEB_TEXT_BUTTON_CLICK');&amp;#10;"/>
         <Trigger Name="WHEN-MOUSE-UP" DirtyInfo="true" TriggerText="SET_ITEM_PROPERTY(:SYSTEM.TRIGGER_ITEM,VISUAL_ATTRIBUTE,'WEB_TEXT_BUTTON');&amp;#10;"/>
         <Trigger Name="WHEN-NEW-ITEM-INSTANCE" DirtyInfo="true" TriggerText="NULL;"/>
      </Block>
      <Block Name="WEBUTIL" DirtyInfo="true" ScrollbarWidth="14" ScrollbarLength="135">
         <Item Name="DUMMY" Width="64" ItemType="Push Button" XPosition="109" FontName="Arial" YPosition="191" FontSize="1000" FontStyle="Plain" DirtyInfo="true" FontWeight="Bold" Label="OK" FontSpacing="Normal" ForegroundColor="black" MouseNavigate="false" CanvasName="WEBUTIL_CANVAS" Height="16">
            <Trigger Name="WHEN-BUTTON-PRESSED" DirtyInfo="true" TriggerText="if :system.cursor_block = 'WEBUTIL' then &amp;#10;&#x9;next_block;&amp;#10;end if;&amp;#10;WebUtil_Core.ShowBeans(false);"/>
         </Item>
         <Item Name="WEBUTIL_CLIENTINFO_FUNCTIONS" XPosition="4" YPosition="4" DirtyInfo="true" TabPageName="" Width="275" CanvasName="WEBUTIL_CANVAS" MaximumLength="1" ItemType="Bean Area" Comment="Bean Area that implements the various Client Machine Information features of WebUtil - Implementation Class isoracle.forms.webutil.clientInfo.GetClientInfo" ImplementationClass="oracle.forms.webutil.clientInfo.GetClientInfo" Height="21">
            <Trigger Name="WHEN-CUSTOM-ITEM-EVENT" DirtyInfo="true" TriggerText="begin&amp;#10;  WEBUTIL_CORE.CustomEventHandler(:SYSTEM.CUSTOM_ITEM_EVENT,:SYSTEM.CUSTOM_ITEM_EVENT_PARAMETERS);&amp;#10;end;&amp;#10;  "/>
         </Item>
         <Item Name="WEBUTIL_FILE_FUNCTIONS" XPosition="4" YPosition="26" DirtyInfo="true" TabPageName="" Width="275" CanvasName="WEBUTIL_CANVAS" MaximumLength="1" ItemType="Bean Area" Comment="Bean Area that implements the various File Handling features of WebUtil - Implementation Class is oracle.forms.webutil.file.FileFunctions" ImplementationClass="oracle.forms.webutil.file.FileFunctions" Height="21">
            <Trigger Name="WHEN-CUSTOM-ITEM-EVENT" DirtyInfo="true" TriggerText="begin&amp;#10;  WEBUTIL_CORE.CustomEventHandler(:SYSTEM.CUSTOM_ITEM_EVENT,:SYSTEM.CUSTOM_ITEM_EVENT_PARAMETERS);&amp;#10;end;&amp;#10;  "/>
         </Item>
         <Item Name="WEBUTIL_HOST_FUNCTIONS" XPosition="4" YPosition="48" DirtyInfo="true" TabPageName="" Width="275" CanvasName="WEBUTIL_CANVAS" MaximumLength="1" ItemType="Bean Area" Comment="Bean Area that implements the various Host (OS Command) features of WebUtil - Implementation Class is oracle.forms.webutil.host.Host" ImplementationClass="oracle.forms.webutil.host.Host" Height="21">
            <Trigger Name="WHEN-CUSTOM-ITEM-EVENT" DirtyInfo="true" TriggerText="begin&amp;#10;  WEBUTIL_CORE.CustomEventHandler(:SYSTEM.CUSTOM_ITEM_EVENT,:SYSTEM.CUSTOM_ITEM_EVENT_PARAMETERS);&amp;#10;end;&amp;#10;  "/>
         </Item>
         <Item Name="WEBUTIL_SESSION_FUNCTIONS" XPosition="4" YPosition="70" DirtyInfo="true" TabPageName="" Width="275" CanvasName="WEBUTIL_CANVAS" MaximumLength="1" ItemType="Bean Area" Comment="Bean Area that implements the various Session monitoring features of WebUtil - Implementation Class is oracle.forms.webutil.session.SessionFunctions" ImplementationClass="oracle.forms.webutil.session.SessionFunctions" Height="21">
            <Trigger Name="WHEN-CUSTOM-ITEM-EVENT" DirtyInfo="true" TriggerText="begin&amp;#10;  WEBUTIL_CORE.CustomEventHandler(:SYSTEM.CUSTOM_ITEM_EVENT,:SYSTEM.CUSTOM_ITEM_EVENT_PARAMETERS);&amp;#10;end;&amp;#10;  "/>
         </Item>
         <Item Name="WEBUTIL_FILETRANSFER_FUNCTIONS" XPosition="4" YPosition="92" DirtyInfo="true" TabPageName="" Width="275" CanvasName="WEBUTIL_CANVAS" MaximumLength="1" ItemType="Bean Area" Comment="Bean Area that implements the various File Transfer features of WebUtil - Implementation Class is oracle.forms.webutil.fileTransfer.FileTransfer" ImplementationClass="oracle.forms.webutil.fileTransfer.FileTransfer" Height="21">
            <Trigger Name="WHEN-CUSTOM-ITEM-EVENT" DirtyInfo="true" TriggerText="begin&amp;#10;  WEBUTIL_CORE.CustomEventHandler(:SYSTEM.CUSTOM_ITEM_EVENT,:SYSTEM.CUSTOM_ITEM_EVENT_PARAMETERS);&amp;#10;end;&amp;#10;  "/>
         </Item>
         <Item Name="WEBUTIL_OLE_FUNCTIONS" XPosition="4" YPosition="114" DirtyInfo="true" TabPageName="" Width="275" CanvasName="WEBUTIL_CANVAS" MaximumLength="1" ItemType="Bean Area" Comment="Bean Area that implements the OLE Interface features of WebUtil - Implementation Class is oracle.forms.webutil.ole.OleFunctions" ImplementationClass="oracle.forms.webutil.ole.OleFunctions" Height="21">
            <Trigger Name="WHEN-CUSTOM-ITEM-EVENT" DirtyInfo="true" TriggerText="begin&amp;#10;  WEBUTIL_CORE.CustomEventHandler(:SYSTEM.CUSTOM_ITEM_EVENT,:SYSTEM.CUSTOM_ITEM_EVENT_PARAMETERS);&amp;#10;end;&amp;#10;  "/>
         </Item>
         <Item Name="WEBUTIL_C_API_FUNCTIONS" XPosition="4" YPosition="136" DirtyInfo="true" TabPageName="" Width="275" CanvasName="WEBUTIL_CANVAS" MaximumLength="1" ItemType="Bean Area" Comment="Bean Area that implements the low level C API  feature of WebUtil - Implementation Class is oracle.forms.webutil.cApi.CApiFunctions" ImplementationClass="oracle.forms.webutil.cApi.CApiFunctions" Height="21">
            <Trigger Name="WHEN-CUSTOM-ITEM-EVENT" DirtyInfo="true" TriggerText="begin&amp;#10;  WEBUTIL_CORE.CustomEventHandler(:SYSTEM.CUSTOM_ITEM_EVENT,:SYSTEM.CUSTOM_ITEM_EVENT_PARAMETERS);&amp;#10;end;&amp;#10;  "/>
         </Item>
         <Item Name="WEBUTIL_BROWSER_FUNCTIONS" XPosition="4" YPosition="158" DirtyInfo="true" TabPageName="" Width="275" CanvasName="WEBUTIL_CANVAS" MaximumLength="1" ItemType="Bean Area" Comment="Bean Area that implements the various Browser/SeprateFrame manipulation features of WebUtil - Implementation Class is oracle.forms.webutil.browser.BrowserFunctions " ImplementationClass="oracle.forms.webutil.browser.BrowserFunctions" Height="21">
            <Trigger Name="WHEN-CUSTOM-ITEM-EVENT" DirtyInfo="true" TriggerText="begin&amp;#10;  WEBUTIL_CORE.CustomEventHandler(:SYSTEM.CUSTOM_ITEM_EVENT,:SYSTEM.CUSTOM_ITEM_EVENT_PARAMETERS);&amp;#10;end;&amp;#10;  "/>
         </Item>
      </Block>
      <Canvas Name="TOOLBAR_CANVAS" BackColor="patient_live_blue" ParentModule="CABRTTBT" ParentModuleType="12" ParentName="TOOLBAR_CANVAS_CLASS" DirtyInfo="true" Width="768" ParentType="29">
         <Graphics Name="BANNER_LINE" InternalLineWidth="227" Width="755" EdgeForegroundColor="gray16" EdgePattern="solid" JoinStyle="Bevel" XPosition="0" YPosition="63" GraphicsType="Line" HorizontalMargin="8" ScrollbarWidth="15" VerticalMargin="16" HorizontalObjectOffset="15" Height="0" StartPromptOffset="8"/>
      </Canvas>
      <Canvas Name="CANVAS0" ViewportXPositionOnCanvas="0" ViewportYPositionOnCanvas="0" ShowHorizontalScrollbar="false" CanvasType="Content" Width="590" WindowName="MAIN_FORM_WINDOW" Bevel="None" VisualAttributeName="BACKGROUND_CANVAS_BLUE" Visible="false" ShowVerticalScrollbar="false" Height="350" ViewportHeight="350" ViewportXPosition="0" ViewportWidth="590" ViewportYPosition="0" RaiseOnEnter="false">
         <Graphics Name="RECT1" InternalLineWidth="113" InternalRotationAngle="0" Width="0" EdgeForegroundColor="black" EdgeBackColor="black" FillPattern="none" EdgePattern="transparent" DashStyle="Solid" CapStyle="Butt" JoinStyle="Mitre" BackColor="white" XPosition="111" YPosition="137" Bevel="None" ForegroundColor="black" GraphicsType="Rectangle" HorizontalMargin="5" ScrollbarWidth="9" VerticalMargin="14" HorizontalObjectOffset="9" Height="0" StartPromptOffset="5"/>
      </Canvas>
      <Canvas Name="CNV_CONTENT" BackColor="white" Bevel="None" DirtyInfo="true" ForegroundColor="black" Width="745" WindowName="MAIN_FORM_WINDOW" Height="410" ViewportHeight="324" ViewportWidth="540">
         <Graphics Name="SECTION_LINE1" InternalLineWidth="113" Width="587" EdgeForegroundColor="Line Green" EdgePattern="solid" JoinStyle="Bevel" BackColor="Line Green" XPosition="111" YPosition="60" Bevel="None" DirtyInfo="true" ForegroundColor="white" GraphicsType="Line" HorizontalMargin="7" ScrollbarWidth="14" VerticalMargin="14" HorizontalObjectOffset="14" Height="0" StartPromptOffset="7"/>
         <Graphics Name="BLUE_CIRCLE1" Width="21" Dither="false" ClipWidth="21" ImageFilename="CABRTTBT_CNV_CONTENT_BLUE_CIRCLE1.tif" ClipHeight="19" XPosition="698" YPosition="42" DirtyInfo="true" GraphicsType="Image" HorizontalMargin="7" ScrollbarWidth="14" VerticalMargin="14" HorizontalObjectOffset="14" Height="19" StartPromptOffset="7"/>
         <Graphics Name="SECTION_NUMBER1" Width="13" FillPattern="none" EdgePattern="none" JoinStyle="Bevel" BackColor="Side Green" XPosition="712" WrapText="false" YPosition="46" BoundingBoxScalable="false" Bevel="None" HorizontalOrigin="Right" HorizontalJustification="Center" ForegroundColor="darkcyan" GraphicsFontWeight="Bold" GraphicsFontSpacing="Normal" GraphicsType="Text" ScrollbarWidth="14" Height="11" GraphicsFontName="Arial" GraphicsFontSize="1000" GraphicsFontStyle="0" GraphicsText="1" DirtyInfo="true" GraphicsFontColor="white" GraphicsFontColorCode="1" HorizontalMargin="7" VerticalMargin="14" HorizontalObjectOffset="14" StartPromptOffset="7">
            <CompoundText Name="CMPTXT207">
               <TextSegment Name="TEXTSTR208" FontName="Arial" FontSize="1000" FontStyle="Plain" DirtyInfo="true" FontWeight="Bold" FontSpacing="Normal" ForegroundColor="white" Text="1"/>
            </CompoundText>
         </Graphics>
      </Canvas>
      <Canvas Name="CNV_HIDE" Bevel="None" Width="800" Visible="false" WindowName="WND_HIDE" Height="410" ViewportHeight="324" ViewportWidth="540"/>
      <Canvas Name="WEBUTIL_CANVAS" ViewportXPositionOnCanvas="1" ViewportYPositionOnCanvas="0" DirtyInfo="true" Width="283" WindowName="WND_HIDE" Height="214" ViewportHeight="324" ViewportWidth="540" RaiseOnEnter="true"/>
      <ModuleParameter Name="P_TEMPLATE" Comment="Used by ABOUT_FORM window, the template used to create this form" ParameterInitializeValue="TEMPLATE_V10"/>
      <ModuleParameter Name="P_VERSION" DirtyInfo="true" Comment="Used by ABOUT_FORM window, the form version, update after each update" ParameterInitializeValue="0"/>
      <ModuleParameter Name="P_DATE" DirtyInfo="true" Comment="Used by ABOUT_FORM window, the date the form was last updated, update after each update" ParameterInitializeValue="10-Nov-2016"/>
      <ModuleParameter Name="API_VERSION" ParameterInitializeValue="V2.3"/>
      <ModuleParameter Name="P_BREADCRUMB"/>
      <ModuleParameter Name="P_RELEASE" ParentModule="PAS_RELEASE" ParentModuleType="25" ParentName="P_RELEASE" ParentFilename="pas_release.olb" DirtyInfo="true" ParentFilepath="" ParentType="13"/>
      <Menu Name="BOILER_PLATE" DirtyInfo="true">
         <MenuItem Name="CHANGE_PROMPT" DirtyInfo="true" Label="Change Prompt" MenuItemCode="message('Change Boilerplate prompt');pause;"/>
      </Menu>
      <ProgramUnit Name="INIT_FORM" ProgramUnitText="PACKAGE BODY init_form IS&amp;#10;--&amp;#10;-- steve pusey 2/5/1996&amp;#10;--&amp;#10;-- program units to initialise form&amp;#10;--&amp;#10;-- add code to init_form and init_format_masks program units, add other init procs to the&amp;#10;-- init_form procedure, for example if you write a procedure called init_toolbar then add &amp;#10;-- this to the init_form procedure. The init_form procedure is called from the &amp;#10;-- WHEN-NEW-FORM-INSTANCE trigger&amp;#10;--&amp;#10;&amp;#10;---------------------------------------------------------------------------------------&amp;#10;-- INTERNAL PACKAGE VARIABLES &amp;#10;---------------------------------------------------------------------------------------&amp;#10;&amp;#10;---------------------------------------------------------------------------------------&amp;#10;-- INTERNAL PROGRAM UNITS (DECLARATION)&amp;#10;---------------------------------------------------------------------------------------&amp;#10;&amp;#10;  procedure init_list_items;&amp;#10;  procedure init_format_masks;&amp;#10;&amp;#10;---------------------------------------------------------------------------------------&amp;#10;-- PROGRAM UNITS (CODE)&amp;#10;---------------------------------------------------------------------------------------&amp;#10;&amp;#10;-- ##########################################################################################&amp;#10;&amp;#10;  procedure init_list_items is&amp;#10;  --&amp;#10;  -- initialise list items&amp;#10;  --&amp;#10;  -- date&#x9;by&#x9;&#x9;change&amp;#10;  -- 2/5/1996   Steve Pusey&#x9;Creation of template procedure&amp;#10;  --&amp;#10;  BEGIN&amp;#10;&amp;#10;    -- cut &amp; paste this code&amp;#10;    -- populate_poplist_from_codes ('BLOCK.ITEM', &lt;CODE_TYPE>);&amp;#10;&amp;#10;    null;&amp;#10;  &amp;#10;  END init_list_items;&amp;#10;&amp;#10;-- ##########################################################################################&amp;#10;&amp;#10;  procedure init_format_masks is&amp;#10;  --&amp;#10;  -- set the format masks for date, datetime, and numeric items&amp;#10;  --&amp;#10;  -- date&#x9;by&#x9;&#x9;change&amp;#10;  -- 2/5/1996   Steve Pusey&#x9;Creation of template procedure&amp;#10;  --&amp;#10;  BEGIN&amp;#10;&amp;#10;    -- copy &amp; paste this line&amp;#10;    -- set_format_mask ('BLOCK.ITEM');&amp;#10;&amp;#10;    null;&amp;#10;   &amp;#10;  END init_format_masks;&amp;#10;&amp;#10;-- ##########################################################################################&amp;#10;&amp;#10;  procedure init_form is&amp;#10;  --&amp;#10;  -- initialise form&amp;#10;  --&amp;#10;  -- date&#x9;by&#x9;&#x9;change&amp;#10;  -- 2/5/1996   Steve Pusey&#x9;Creation of template procedure&amp;#10;  --&amp;#10;  BEGIN&amp;#10;&amp;#10;    init_list_items;&amp;#10;    init_format_masks;&amp;#10;&amp;#10;  END init_form;&amp;#10;&amp;#10;-- ##########################################################################################&amp;#10;&amp;#10;END init_form;" ProgramUnitType="Package Body"/>
      <ProgramUnit Name="INIT_FORM" ProgramUnitText="PACKAGE init_form IS&amp;#10;--&amp;#10;-- steve pusey 2/5/1996&amp;#10;--&amp;#10;-- program units to initialise form&amp;#10;--&amp;#10;&amp;#10;---------------------------------------------------------------------------------------&amp;#10;-- EXTERNAL PACKAGE VARIABLES&amp;#10;---------------------------------------------------------------------------------------&amp;#10;&amp;#10;---------------------------------------------------------------------------------------&amp;#10;-- EXTERNAL PROGRAM UNITS (DECLARATION) &amp;#10;---------------------------------------------------------------------------------------&amp;#10;&amp;#10;  procedure init_form;&amp;#10;&amp;#10;END init_form;" ProgramUnitType="Package Spec"/>
      <PropertyClass Name="BUTTON_CLASS" ParentModule="PAS_OLD" ParentModuleType="25" ParentName="BUTTON_CLASS" ParentFilename="pas_old.olb" ParentFilepath="" ParentType="29"/>
      <PropertyClass Name="OK_BUTTON_CLASS" ParentModule="PAS_OLD" ParentModuleType="25" ParentName="OK_BUTTON_CLASS" ParentFilename="pas_old.olb" ParentFilepath="" ParentType="29"/>
      <PropertyClass Name="CANCEL_BUTTON_CLASS" ParentModule="PAS_OLD" ParentModuleType="25" ParentName="CANCEL_BUTTON_CLASS" ParentFilename="pas_old.olb" ParentFilepath="" ParentType="29"/>
      <PropertyClass Name="TOOLBAR_BUTTON_CLASS" ParentModule="PAS_OLD" ParentModuleType="25" ParentName="TOOLBAR_BUTTON_CLASS" ParentFilename="pas_old.olb" ParentFilepath="" ParentType="29"/>
      <PropertyClass Name="GOTO_BUTTON_CLASS" ParentModule="PAS_OLD" ParentModuleType="25" ParentName="GOTO_BUTTON_CLASS" ParentFilename="pas_old.olb" ParentFilepath="" ParentType="29"/>
      <PropertyClass Name="GOBACK_BUTTON_CLASS" ParentModule="PAS_OLD" ParentModuleType="25" ParentName="GOBACK_BUTTON_CLASS" ParentFilename="pas_old.olb" ParentFilepath="" ParentType="29"/>
      <PropertyClass Name="LOV_BUTTON_CLASS" ParentModule="PAS_OLD" ParentModuleType="25" ParentName="LOV_BUTTON_CLASS" ParentFilename="pas_old.olb" ParentFilepath="" ParentType="29"/>
      <PropertyClass Name="BPT_CLASS" ParentModule="PAS_OLD" ParentModuleType="25" ParentName="BPT_CLASS" ParentFilename="pas_old.olb" ParentFilepath="" ParentType="29"/>
      <PropertyClass Name="BPT_BLUE_CLASS" ParentModule="PAS_OLD" ParentModuleType="25" ParentName="BPT_BLUE_CLASS" ParentFilename="pas_old.olb" ParentFilepath="" ParentType="29"/>
      <PropertyClass Name="BPT_GREY_CLASS" ParentModule="PAS_OLD" ParentModuleType="25" ParentName="BPT_GREY_CLASS" ParentFilename="pas_old.olb" ParentFilepath="" ParentType="29"/>
      <PropertyClass Name="TEXT_ITEM_CLASS" ParentModule="PAS_OLD" ParentModuleType="25" ParentName="TEXT_ITEM_CLASS" ParentFilename="pas_old.olb" ParentFilepath="" ParentType="29"/>
      <PropertyClass Name="TEXT_ITEM_DATE_CLASS" ParentModule="PAS_OLD" ParentModuleType="25" ParentName="TEXT_ITEM_DATE_CLASS" ParentFilename="pas_old.olb" ParentFilepath="" ParentType="29"/>
      <PropertyClass Name="TEXT_ITEM_NUMBER_CLASS" ParentModule="PAS_OLD" ParentModuleType="25" ParentName="TEXT_ITEM_NUMBER_CLASS" ParentFilename="pas_old.olb" ParentFilepath="" ParentType="29"/>
      <PropertyClass Name="TEXT_ITEM_DATETIME_CLASS" ParentModule="PAS_OLD" ParentModuleType="25" ParentName="TEXT_ITEM_DATETIME_CLASS" ParentFilename="pas_old.olb" ParentFilepath="" ParentType="29"/>
      <PropertyClass Name="DISPLAY_ITEM_CLASS" ParentModule="PAS_OLD" ParentModuleType="25" ParentName="DISPLAY_ITEM_CLASS" ParentFilename="pas_old.olb" ParentFilepath="" ParentType="29"/>
      <PropertyClass Name="STACKED_CANVAS_CLASS" ParentModule="PAS_OLD" ParentModuleType="25" ParentName="STACKED_CANVAS_CLASS" ParentFilename="pas_old.olb" ParentFilepath="" ParentType="29"/>
      <PropertyClass Name="WINDOW_CLASS" ParentModule="PAS_OLD" ParentModuleType="25" ParentName="WINDOW_CLASS" ParentFilename="pas_old.olb" ParentFilepath="" ParentType="29"/>
      <PropertyClass Name="ID_CLASS" ParentModule="PAS_OLD" ParentModuleType="25" ParentName="ID_CLASS" ParentFilename="pas_old.olb" ParentFilepath="" ParentType="29"/>
      <PropertyClass Name="FORM_TITLE_CLASS" ParentModule="PAS_CUI" ParentModuleType="25" ParentName="FORM_TITLE_CLASS" ParentFilename="pas_cui.olb" DirtyInfo="true" ParentFilepath="" ItemType="Display Item" ParentType="29"/>
      <PropertyClass Name="SECTION_TITLE_CLASS" ParentModule="PAS_CUI" ParentModuleType="25" ParentName="SECTION_TITLE_CLASS" ParentFilename="pas_cui.olb" DirtyInfo="true" ParentFilepath="" ItemType="Display Item" ParentType="29"/>
      <PropertyClass Name="BACKGROUND_LINK_BOX_CLASS" ParentModule="PAS_CUI" ParentModuleType="25" ParentName="BACKGROUND_LINK_BOX_CLASS" ParentFilename="pas_cui.olb" DirtyInfo="true" ParentFilepath="" ParentType="29"/>
      <PropertyClass Name="CUI_DATE_INPUT" ParentModule="PAS_CUI" ParentModuleType="25" ParentName="CUI_DATE_INPUT" ParentFilename="pas_cui.olb" DirtyInfo="true" ParentFilepath="" ParentType="29"/>
      <PropertyClass Name="CUI_DATE_DISP" ParentModule="PAS_CUI" ParentModuleType="25" ParentName="CUI_DATE_DISP" ParentFilename="pas_cui.olb" DirtyInfo="true" ParentFilepath="" ParentType="29"/>
      <PropertyClass Name="CUI_DATETIME_INPUT" ParentModule="PAS_CUI" ParentModuleType="25" ParentName="CUI_DATETIME_INPUT" ParentFilename="pas_cui.olb" DirtyInfo="true" ParentFilepath="" ParentType="29"/>
      <PropertyClass Name="CUI_DATETIME_DISP" ParentModule="PAS_CUI" ParentModuleType="25" ParentName="CUI_DATETIME_DISP" ParentFilename="pas_cui.olb" DirtyInfo="true" ParentFilepath="" ParentType="29"/>
      <PropertyClass Name="MENU_ITEM_CLASS" ParentModule="PAS_CUI" ParentModuleType="25" ParentName="MENU_ITEM_CLASS" ParentFilename="pas_cui.olb" DirtyInfo="true" ParentFilepath="" ParentType="29"/>
      <PropertyClass Name="TOOLBAR_CANVAS_CLASS" ParentModule="PAS_CUI" ParentModuleType="25" ParentName="TOOLBAR_CANVAS_CLASS" ParentFilename="PAS_CUI.olb" DirtyInfo="true" ParentType="29"/>
      <Trigger Name="WHEN-MOUSE-CLICK" TriggerText="--&amp;#10;-- call stdlib procedure to handle mouse click&amp;#10;-- N.B. standard left button click is not affected &amp;#10;--&amp;#10;-- date&#x9;&#x9;by&#x9;&#x9;change&amp;#10;-- 31-05-1996&#x9;Steve Pusey&#x9;Creation&amp;#10;--&amp;#10;BEGIN&amp;#10;&amp;#10;  oasis_when_mouse_click.when_mouse_click;&amp;#10;&amp;#10;END;"/>
      <Trigger Name="WHEN-NEW-ITEM-INSTANCE" TriggerText="/* This trigger activates the hint message for the associated item */&amp;#10;begin&amp;#10;&#x9;-- Dave L - 06/11/09 - Added&amp;#10;&#x9;:global.last_item := :system.trigger_item;&amp;#10;  display_text_hint;&amp;#10;end;"/>
      <Trigger Name="WHEN-NEW-FORM-INSTANCE" TriggerText="--&amp;#10;-- fires when form is entered, PRE-FORM fires before this trigger&amp;#10;--&amp;#10;-- Date&#x9;&#x9;by &#x9;&#x9;change&amp;#10;-- 10/1994&#x9;David Massie&#x9;Creation&amp;#10;-- 1995&#x9;&#x9;Nagy Tharwat&#x9;Upgrade to v9 - moved code into library procedure&amp;#10;-- 2/5/1996&#x9;Steve Pusey&#x9;Upgrade to V10 &amp;#10;--&#x9;&#x9;&#x9;&#x9;- versions into oasis_new_form_instance&amp;#10;--&#x9;&#x9;&#x9;&#x9;- Tidied code and added comments&amp;#10;-- 03/09/2010 - Dave L - Added hci_upgrade.pr_initialise_images&amp;#10;&amp;#10;DECLARE&amp;#10;&amp;#10;  v_error_no             number(4); -- returned from oasis_new_form_instance&amp;#10;&amp;#10;BEGIN&amp;#10;&amp;#10;  -- version 2 form (gets bpt and window titles fromm files)&amp;#10;  oasis_new_form_instance_v2(v_error_no, 2); &amp;#10;&amp;#10;  if v_error_no > 0 then&amp;#10;    display_alert ('ERROR_ALERT', v_error_no);&amp;#10;    exit_form (NO_VALIDATE);&amp;#10;  end if;&amp;#10;&amp;#10;-- *** Insert additional code into init_form package ***&amp;#10;&amp;#10;  init_form.init_form;&amp;#10;  hci_upgrade.pr_initialise_images;  &amp;#10;&amp;#10;END;"/>
      <Trigger Name="ON-MESSAGE" TriggerText="--&amp;#10;-- steve pusey 19/4/96&amp;#10;--&amp;#10;BEGIN&amp;#10;&amp;#10;  oasis_standard_procs.on_message;&amp;#10;&amp;#10;END;"/>
      <Trigger Name="ON-ERROR" TriggerText="--&amp;#10;-- steve pusey 19/4/96&amp;#10;--&amp;#10;BEGIN&amp;#10;&amp;#10;  oasis_standard_procs.on_error;&amp;#10;&amp;#10;END;"/>
      <Trigger Name="WHEN-WINDOW-CLOSED" DirtyInfo="true" TriggerText="/* This trigger ensures proper navigation when a window is closed using the windows close function */&amp;#10;begin&amp;#10;  :GLOBAL.WINDOW_NAME := get_view_property(get_item_property(:SYSTEM.CURSOR_ITEM,&amp;#10;     item_canvas), window_name);&amp;#10;  hide_window(:GLOBAL.WINDOW_NAME);&amp;#10;  erase('GLOBAL.WINDOW_NAME');&amp;#10;end;&amp;#10;"/>
      <Trigger Name="PRE_BLOCK" FireInQuery="true" TriggerText="/* This trigger resets the 40352_count global to allow the Last line of query message to be displayed */&amp;#10;begin&amp;#10;  :GLOBAL.40352_COUNT := 0;&amp;#10;end;" DisplayInKeyboardHelp="false"/>
      <Trigger Name="WHEN-TIMER-EXPIRED" TriggerText="Button_Hint;"/>
      <Trigger Name="PRE_QUERY" FireInQuery="true" TriggerText="/* This trigger resets the 40352_count global to allow the Last line of query message to be displayed */&amp;#10;begin&amp;#10;  :GLOBAL.40352_COUNT := 0;&amp;#10;end;" DisplayInKeyboardHelp="false"/>
      <Trigger Name="POST-FORM" DirtyInfo="true" TriggerText="/* This trigger clears the Global variables used within the form */&amp;#10;begin&amp;#10;&amp;#10;&#x9;sqa_exit_handler;&#x9;&amp;#10;  erase('GLOBAL.ROOT_WINDOW_NAME');&amp;#10;  erase('GLOBAL.LAST_ITEM');&amp;#10;  &amp;#10;end;&amp;#10;"/>
      <Trigger Name="EASY_BUTTON_TRIGGER" TriggerText="NULL;"/>
      <Trigger Name="DRILLDN_BUTTON_TRIGGER" TriggerText="NULL;"/>
      <Trigger Name="KEY-CLRFRM" ParentModule="PAS_CUI" ParentModuleType="25" ParentName="KEY-CLRFRM" ParentFilename="pas_cui.olb" ParentFilepath="" ParentType="37"/>
      <Trigger Name="KEY-CLRREC" TriggerText="clear_record;"/>
      <Trigger Name="KEY-CLRBLK" TriggerText="clear_block;"/>
      <Trigger Name="KEY-COMMIT" TriggerText="commit_form;"/>
      <Trigger Name="KEY-CQUERY" TriggerText="count_query;"/>
      <Trigger Name="KEY-CREREC" TriggerText="create_record;"/>
      <Trigger Name="KEY-DELREC" TriggerText="null;"/>
      <Trigger Name="KEY-DOWN" TriggerText="down;"/>
      <Trigger Name="KEY-DUP-ITEM" KeyboardHelpText="Record Error" TriggerText="--&amp;#10;-- steve pusey 22/4/96&amp;#10;--&amp;#10;BEGIN&amp;#10;&amp;#10;  oasis_standard_procs.key_dupitem_trigger;&amp;#10;&amp;#10;END;" DisplayInKeyboardHelp="true"/>
      <Trigger Name="KEY-DUPREC" TriggerText="duplicate_record;"/>
      <Trigger Name="KEY-EDIT" TriggerText="EDIT_TEXTITEM;"/>
      <Trigger Name="KEY-ENTER" TriggerText="null;"/>
      <Trigger Name="KEY-ENTQRY" TriggerText="enter_query;"/>
      <Trigger Name="KEY-EXEQRY" TriggerText="execute_query;"/>
      <Trigger Name="KEY-EXIT" TriggerText="--&amp;#10;-- fires when form is exited&amp;#10;--&amp;#10;-- Date&#x9;&#x9;by &#x9;&#x9;change&amp;#10;-- 10/1994&#x9;David Massie&#x9;Creation&amp;#10;-- 1995&#x9;&#x9;Nagy Tharwat&#x9;Upgrade to v9 - moved code into library procedure&amp;#10;-- 2/5/1996&#x9;Steve Pusey&#x9;Upgrade to V10 &amp;#10;--&#x9;&#x9;&#x9;&#x9;- removed code to check for system.mode = 'ENTER-QUERY', I can't&amp;#10;--&#x9;&#x9;&#x9;&#x9;- see why this code is not in the library !&amp;#10;--&amp;#10;BEGIN&amp;#10;   &amp;#10;  oasis_exit_form;&amp;#10;&amp;#10;END;"/>
      <Trigger Name="KEY-HELP" TriggerText="GET_HELP;"/>
      <Trigger Name="KEY-LISTVAL" TriggerText="list_values;"/>
      <Trigger Name="KEY-NEXT-ITEM" TriggerText="next_item;"/>
      <Trigger Name="KEY-NXTREC" TriggerText="next_record;"/>
      <Trigger Name="KEY-NXTSET" TriggerText="next_set;"/>
      <Trigger Name="KEY-OTHERS" TriggerText="NULL;"/>
      <Trigger Name="KEY-PREV-ITEM" TriggerText="PREVIOUS_ITEM;"/>
      <Trigger Name="KEY-PRINT" TriggerText="print;"/>
      <Trigger Name="KEY-PRVREC" TriggerText="PREVIOUS_RECORD;"/>
      <Trigger Name="KEY-SCRDOWN" TriggerText="SCROLL_DOWN;"/>
      <Trigger Name="KEY-SCRUP" TriggerText="SCROLL_UP;"/>
      <Trigger Name="KEY-UP" TriggerText="UP;"/>
      <VisualAttribute Name="CURR_ITEM_RED" ParentModule="PAS_OLD" ParentModuleType="25" ParentName="CURR_ITEM_RED" ParentFilename="pas_old.olb" ParentFilepath="" ParentType="39"/>
      <VisualAttribute Name="BACKGROUND_CANVAS_BLUE" ParentModule="PAS_OLD" ParentModuleType="25" ParentName="BACKGROUND_CANVAS_BLUE" ParentFilename="pas_old.olb" ParentFilepath="" ParentType="39"/>
      <VisualAttribute Name="BACKGROUND_CANVAS" ParentModule="PAS_OLD" ParentModuleType="25" ParentName="BACKGROUND_CANVAS" ParentFilename="pas_old.olb" ParentFilepath="" ParentType="39"/>
      <VisualAttribute Name="TEXT_ITEM_BPT" ParentModule="PAS_OLD" ParentModuleType="25" ParentName="TEXT_ITEM_BPT" ParentFilename="pas_old.olb" ParentFilepath="" ParentType="39"/>
      <VisualAttribute Name="TEXT_ITEM_BPT_GREY" ParentModule="PAS_OLD" ParentModuleType="25" ParentName="TEXT_ITEM_BPT_GREY" ParentFilename="pas_old.olb" ParentFilepath="" ParentType="39"/>
      <VisualAttribute Name="TEXT_ITEM_VA" ParentModule="PAS_OLD" ParentModuleType="25" ParentName="TEXT_ITEM_VA" ParentFilename="pas_old.olb" ParentFilepath="" ParentType="39"/>
      <VisualAttribute Name="CURR_ITEM_VA" ParentModule="PAS_OLD" ParentModuleType="25" ParentName="CURR_ITEM_VA" ParentFilename="pas_old.olb" ParentFilepath="" ParentType="39"/>
      <VisualAttribute Name="TEXT_ITEM_VA_LOV" BackColor="white" FontName="Arial" FontSize="900" FontStyle="Plain" DirtyInfo="true" FontWeight="Medium" FontSpacing="Normal" ForegroundColor="black" FillPattern="transparent"/>
      <VisualAttribute Name="DISP_RED" ParentModule="PAS_OLD" ParentModuleType="25" ParentName="DISP_RED" ParentFilename="pas_old.olb" ParentFilepath="" ParentType="39"/>
      <VisualAttribute Name="DISP_RED2" ParentModule="PAS_OLD" ParentModuleType="25" ParentName="DISP_RED2" ParentFilename="pas_old.olb" ParentFilepath="" ParentType="39"/>
      <VisualAttribute Name="DISP_GREEN" ParentModule="PAS_OLD" ParentModuleType="25" ParentName="DISP_GREEN" ParentFilename="pas_old.olb" ParentFilepath="" ParentType="39"/>
      <VisualAttribute Name="DISP_GREEN2" ParentModule="PAS_OLD" ParentModuleType="25" ParentName="DISP_GREEN2" ParentFilename="pas_old.olb" ParentFilepath="" ParentType="39"/>
      <VisualAttribute Name="WEB_BTN" BackColor="white" FontName="Arial" FontSize="900" FontStyle="Plain" FontWeight="Medium" FontSpacing="Normal"/>
      <VisualAttribute Name="WEB_TEXT_BUTTON" ParentModule="PAS_CUI" ParentModuleType="25" ParentName="WEB_TEXT_BUTTON" ParentFilename="pas_cui.olb" ParentFilepath="" ParentType="39"/>
      <VisualAttribute Name="WEB_TEXT_BUTTON_CLICK" ParentModule="PAS_CUI" ParentModuleType="25" ParentName="WEB_TEXT_BUTTON_CLICK" ParentFilename="pas_cui.olb" ParentFilepath="" ParentType="39"/>
      <VisualAttribute Name="WEB_BPT_WINGDINGS" BackColor="white" FontName="Wingdings" FontSize="1400" FontStyle="Plain" FontWeight="Medium" FontSpacing="Normal" ForegroundColor="Top Blue"/>
      <VisualAttribute Name="V7_VA_TOOLTIP" BackColor="r100g100b88" FontName="Arial" FontSize="900" FontStyle="Plain" FontWeight="Medium" FontSpacing="Normal" ForegroundColor="Black"/>
      <VisualAttribute Name="MENU_TEXT_ITEMS" BackColor="Side Green" FontName="Arial" VisualAttributeType="Common" FontSize="900" DirtyInfo="true" FontWeight="Bold" ForegroundColor="darkcyan"/>
      <VisualAttribute Name="MENU_TEXT_ITEMS_INV" BackColor="darkcyan" FontName="Arial" VisualAttributeType="Common" FontSize="900" DirtyInfo="true" FontWeight="Bold" ForegroundColor="Side Green"/>
      <VisualAttribute Name="MENU_PROMPT" VisualAttributeType="Prompt" PromptForegroundColor="darkgray" DirtyInfo="true" PromptFontName="Arial" PromptFontSize="900" PromptFontStyle="Plain" PromptFontWeight="Bold" PromptFontSpacing="Normal"/>
      <VisualAttribute Name="FORM_TITLE_VA" ParentModule="PAS_CUI" ParentModuleType="25" ParentName="FORM_TITLE_VA" ParentFilename="pas_cui.olb" DirtyInfo="true" ParentFilepath="" ParentType="39"/>
      <VisualAttribute Name="SECTION_TITLE_VA" ParentModule="PAS_CUI" ParentModuleType="25" ParentName="SECTION_TITLE_VA" ParentFilename="pas_cui.olb" DirtyInfo="true" ParentFilepath="" ParentType="39"/>
      <VisualAttribute Name="BACKGROUND_LINK_BOX_VA" ParentModule="PAS_CUI" ParentModuleType="25" ParentName="BACKGROUND_LINK_BOX_VA" ParentFilename="pas_cui.olb" DirtyInfo="true" ParentFilepath="" ParentType="39"/>
      <VisualAttribute Name="CUI_TOOLTIP_VA" ParentModule="PAS_CUI" ParentModuleType="25" ParentName="CUI_TOOLTIP_VA" ParentFilename="pas_cui.olb" DirtyInfo="true" ParentFilepath="" ParentType="39"/>
      <VisualAttribute Name="MENU_TEXT_ITEMS_VA" ParentModule="PAS_CUI" ParentModuleType="25" ParentName="MENU_TEXT_ITEMS_VA" ParentFilename="pas_cui.olb" DirtyInfo="true" ParentFilepath="" ParentType="39"/>
      <Window Name="MAIN_FORM_WINDOW" ShowHorizontalScrollbar="false" HorizontalToolbarCanvasName="TOOLBAR_CANVAS" ClearAllowed="true" MinimizeAllowed="true" Title="Template Form - Root Window Title" Width="755" InheritMenu="true" WindowStyle="Document" ResizeAllowed="true" HideOnExit="false" XPosition="0" YPosition="0" Bevel="None" MaximizeAllowed="true" DirtyInfo="true" VisualAttributeName="DEFAULT" Modal="false" MoveAllowed="true" ShowVerticalScrollbar="false" Height="480"/>
      <Window Name="WND_HIDE" Width="540" Height="324"/>
      <ObjectGroup Name="ACTIONS_OG" ParentModule="PAS_CUI" ParentModuleType="25" ParentName="ACTIONS_OG" ParentFilename="PAS_CUI.olb" DirtyInfo="true" ParentType="23">
         <ObjectGroupChild Name="C_ACTIONS" SubclassSubObject="true"/>
         <ObjectGroupChild Name="C_BASE" SubclassSubObject="true"/>
         <ObjectGroupChild Name="C_FUNCTIONS" SubclassSubObject="true"/>
         <ObjectGroupChild Name="MENU_CANVAS_CLASS" SubclassSubObject="true"/>
         <ObjectGroupChild Name="MENU_CANVAS_VA" SubclassSubObject="true"/>
         <ObjectGroupChild Name="MENU_ITEM_CLASS" SubclassSubObject="true"/>
         <ObjectGroupChild Name="TOP_MENU" SubclassSubObject="true"/>
         <ObjectGroupChild Name="LT_TOOLBAR_MAIN" SubclassSubObject="true"/>
         <ObjectGroupChild Name="HCI_UPGRADE" SubclassSubObject="true"/>
         <ObjectGroupChild Name="HCI_UPGRADE" SubclassSubObject="true"/>
         <ObjectGroupChild Name="LHM_RESET_CANVAS_STACK" SubclassSubObject="true"/>
         <ObjectGroupChild Name="LOCAL_RESET_CANVAS_STACK" SubclassSubObject="true"/>
      </ObjectGroup>
      <ObjectGroup Name="KEY_TRIGGERS" ObjectGroupType="22">
         <ObjectGroupChild Name="KEY-CLRFRM" Type="Trigger"/>
         <ObjectGroupChild Name="KEY-CLRBLK" Type="Trigger"/>
         <ObjectGroupChild Name="KEY-CLRREC" Type="Trigger"/>
         <ObjectGroupChild Name="KEY-COMMIT" Type="Trigger"/>
         <ObjectGroupChild Name="KEY-CQUERY" Type="Trigger"/>
         <ObjectGroupChild Name="KEY-CREREC" Type="Trigger"/>
         <ObjectGroupChild Name="KEY-DELREC" Type="Trigger"/>
         <ObjectGroupChild Name="KEY-DOWN" Type="Trigger"/>
         <ObjectGroupChild Name="KEY-DUP-ITEM" Type="Trigger"/>
         <ObjectGroupChild Name="KEY-DUPREC" Type="Trigger"/>
         <ObjectGroupChild Name="KEY-EDIT" Type="Trigger"/>
         <ObjectGroupChild Name="KEY-ENTER" Type="Trigger"/>
         <ObjectGroupChild Name="KEY-ENTQRY" Type="Trigger"/>
         <ObjectGroupChild Name="KEY-EXEQRY" Type="Trigger"/>
         <ObjectGroupChild Name="KEY-LISTVAL" Type="Trigger"/>
         <ObjectGroupChild Name="KEY-NEXT-ITEM" Type="Trigger"/>
         <ObjectGroupChild Name="KEY-NXTREC" Type="Trigger"/>
         <ObjectGroupChild Name="KEY-NXTSET" Type="Trigger"/>
         <ObjectGroupChild Name="KEY-OTHERS" Type="Trigger"/>
         <ObjectGroupChild Name="KEY-PREV-ITEM" Type="Trigger"/>
         <ObjectGroupChild Name="KEY-PRINT" Type="Trigger"/>
         <ObjectGroupChild Name="KEY-PRVREC" Type="Trigger"/>
         <ObjectGroupChild Name="KEY-SCRDOWN" Type="Trigger"/>
         <ObjectGroupChild Name="KEY-SCRUP" Type="Trigger"/>
         <ObjectGroupChild Name="KEY-UP" Type="Trigger"/>
      </ObjectGroup>
      <ObjectGroup Name="ABOUT_FORM_PARAMETERS" ObjectGroupType="22">
         <ObjectGroupChild Name="P_TEMPLATE" Type="ModuleParameter"/>
         <ObjectGroupChild Name="P_VERSION" Type="ModuleParameter"/>
         <ObjectGroupChild Name="P_DATE" Type="ModuleParameter"/>
      </ObjectGroup>
      <ObjectGroup Name="ON_TRIGGERS" ObjectGroupType="22">
         <ObjectGroupChild Name="ON-MESSAGE" Type="Trigger"/>
         <ObjectGroupChild Name="ON-ERROR" Type="Trigger"/>
      </ObjectGroup>
      <ObjectGroup Name="WEBUTIL" DirtyInfo="true" ObjectGroupType="22" Comment="The WebUtil object group contains everything needed to use WebUtil in your form - Subclass the Object Group into your Form ">
         <ObjectGroupChild Name="WEBUTIL_ERROR" DirtyInfo="true" Type="Alert"/>
         <ObjectGroupChild Name="WEBUTIL_CANVAS" DirtyInfo="true" Type="Canvas"/>
         <ObjectGroupChild Name="WEBUTIL" DirtyInfo="true" Type="Block"/>
      </ObjectGroup>
   </FormModule>
</Module>
