<?xml version = '1.0' encoding = 'UTF-8'?>
<Module version="122010300" xmlns="http://xmlns.oracle.com/Forms">
   <FormModule Name="CHKDATA" ValidationUnit="Default" FirstNavigationBlockName="B_HEADER" HorizontalToolbarCanvas=" " ConsoleWindow="MAIN_FORM_WINDOW" MenuModule="OASIS" CursorMode="Open" InitializeMenu="DEFAULTMENUAPP" Use3dControls="true" RuntimeComp="5.0" DirtyInfo="true" MouseNavigationLimit="Form" SavepointMode="true">
      <Coordinate CharacterCellWidth="7" RealUnit="Point" DefaultFontScaling="false" CharacterCellHeight="16" CoordinateSystem="Real"/>
      <Alert Name="ONE_BTN_ALERT" DirtyInfo="true" Button1Label="OK" VisualAttributeName="DEFAULT" Button2Label="" DefaultAlertButton="Button 1" AlertStyle="Note"/>
      <Alert Name="TWO_BTN_ALERT" DirtyInfo="true" Button1Label="Yes" VisualAttributeName="DEFAULT" Button2Label="No" DefaultAlertButton="Button 1" AlertStyle="Note"/>
      <Alert Name="THREE_BTN_ALERT" DirtyInfo="true" Button1Label="Yes" VisualAttributeName="DEFAULT" Button2Label="No" Button3Label="Cancel" DefaultAlertButton="Button 1" AlertStyle="Note"/>
      <Alert Name="STANDARD_ALERT" DirtyInfo="true" Button1Label="OK" VisualAttributeName="DEFAULT" Button2Label="" DefaultAlertButton="Button 1" AlertStyle="Note"/>
      <Alert Name="WARNING_ALERT" DirtyInfo="true" Button1Label="OK" VisualAttributeName="DEFAULT" Button2Label="" DefaultAlertButton="Button 1" AlertStyle="Note"/>
      <Alert Name="ERROR_ALERT" DirtyInfo="true" Button1Label="OK" VisualAttributeName="DEFAULT" Button2Label="" DefaultAlertButton="Button 1" AlertStyle="Note"/>
      <Alert Name="QUESTION_ALERT" DirtyInfo="true" Button1Label="Yes" VisualAttributeName="DEFAULT" Button2Label="No" DefaultAlertButton="Button 1" AlertStyle="Note"/>
      <Block Name="CONTROL" RecordsBufferedCount="0" RecordsDisplayCount="1" RecordsFetchedCount="1" EnforcedColumnSecurity="false" InsertAllowed="false" EnforcedPrimaryKey="false" RecordOrientation="Vertical" UpdateAllowed="false" DeleteAllowed="false" DirtyInfo="true" VisualAttributeName="DEFAULT" KeyMode="Unique" DatabaseBlock="false" QueryDataSourceType="None" QueryAllowed="false" LockMode="Immediate" DMLDataType="None" NavigationStyle="Same Record" ShowScrollbar="false">
         <Item Name="TIMEOUT" DatabaseItem="false" Bevel="None" DirtyInfo="true" Width="0" ItemType="Bean Area" KeyboardNavigable="false" ImplementationClass="com.capula.eoasis.Timeout" Height="0"/>
         <Item Name="NAVIGATE_BUTTON" ValidateFromList="false" EditXPosition="0" LovXPosition="0" EditYPosition="0" Justification="Left" LovYPosition="0" DistanceBetweenRecords="0" ListStyle="Poplist" MaximumLength="30" FixedLength="false" WrapStyle="Word" AutoSkip="false" CompressionQuality="None" XPosition="369" Required="false" YPosition="2" DatabaseItem="false" Bevel="Raised" CanvasName="CNV_HIDE" MultiLine="false" CaseInsensitiveQuery="false" CaseRestriction="Mixed" ParentType="29" CheckBoxOtherValues="Not Allowed" ConcealData="false" SizingStyle="Crop" ShowHorizontalScrollbar="false" IconFilename="compass" TabPageName="" InsertAllowed="true" DataType="Char" UpdateAllowed="true" ParentModule="CHKDATA" UpdateIfNull="false" ParentModuleType="12" PrimaryKey="false" ParentName="TOOLBAR_BUTTON_CLASS" DirtyInfo="true" KeepCursorPosition="false" VisualAttributeName="WEB_BTN" Label="NAV" QueryAllowed="true" QueryLength="30" LockRecord="false" DisplayQuality="High" ShowVerticalScrollbar="false" TooltipVisualAttributeGroup="V7_VA_TOOLTIP">
            <Trigger Name="WHEN-MOUSE-ENTER" TriggerText="--&amp;#10;-- Steve Pusey 15/4/96&amp;#10;--&amp;#10;-- Show button hint&amp;#10;--&amp;#10;BEGIN&amp;#10;&amp;#10;  oasis_menu.show_navigate_button_hint;&amp;#10;&amp;#10;END;"/>
            <Trigger Name="WHEN-BUTTON-PRESSED" TriggerText="--&amp;#10;-- Steve Pusey 15/4/96&amp;#10;--&amp;#10;-- toggle between navigation and default menus&amp;#10;--&amp;#10;BEGIN&amp;#10;&amp;#10;  oasis_menu.toggle_menu;&amp;#10;&amp;#10;END;"/>
         </Item>
         <Item Name="CHKDATAX_BTN" ValidateFromList="false" LovXPosition="0" Justification="Left" LovYPosition="0" ListStyle="Poplist" MaximumLength="30" WrapStyle="Word" AutoSkip="false" CompressionQuality="None" XPosition="389" YPosition="2" DatabaseItem="false" Bevel="Raised" CanvasName="CNV_HIDE" MultiLine="false" CaseInsensitiveQuery="false" CaseRestriction="Mixed" ParentType="29" CheckBoxOtherValues="Not Allowed" PrimaryKey="false" DirtyInfo="true" QueryAllowed="true" QueryLength="30" DisplayQuality="High" EditXPosition="0" EditYPosition="0" DistanceBetweenRecords="0" FillPattern="transparent" FixedLength="false" Required="false" ForegroundColor="black" ConcealData="false" SizingStyle="Crop" ShowHorizontalScrollbar="false" Iconic="true" IconFilename="expimp20" TabPageName="" InsertAllowed="true" DataType="Char" UpdateAllowed="true" ParentModule="CHKDATA" UpdateIfNull="false" ParentModuleType="12" ParentName="TOOLBAR_BUTTON_CLASS" KeepCursorPosition="false" VisualAttributeName="WEB_BTN" LockRecord="false" ShowVerticalScrollbar="false" TooltipVisualAttributeGroup="V7_VA_TOOLTIP">
            <Trigger Name="WHEN-BUTTON-PRESSED" DirtyInfo="true" TriggerText="-- Call the export/import screen&amp;#10;-- data   by  change&amp;#10;-- 20/4/00 La  Creation&amp;#10;BEGIN&amp;#10; &amp;#10;  oasis_call_form_v2('CHKDATAX', NO_HIDE, DO_REPLACE);&amp;#10;     &amp;#10;END;&amp;#10;"/>
            <Trigger Name="WHEN-MOUSE-ENTER" DirtyInfo="true" TriggerText="display_button_hint (10444);"/>
            <Trigger Name="WHEN-MOUSE-LEAVE" DirtyInfo="true" TriggerText="kill_hint_timer;"/>
         </Item>
         <Item Name="TOOL2_BUTTON" ValidateFromList="false" LovXPosition="0" Justification="Left" LovYPosition="0" ListStyle="Poplist" MaximumLength="30" WrapStyle="Word" AutoSkip="false" CompressionQuality="None" XPosition="409" YPosition="2" DatabaseItem="false" Bevel="Raised" CanvasName="CNV_HIDE" MultiLine="false" CaseInsensitiveQuery="false" CaseRestriction="Mixed" ParentType="29" CheckBoxOtherValues="Not Allowed" PrimaryKey="false" DirtyInfo="true" QueryAllowed="true" QueryLength="30" DisplayQuality="High" EditXPosition="0" EditYPosition="0" DistanceBetweenRecords="0" FillPattern="transparent" FixedLength="false" Required="false" ForegroundColor="black" ConcealData="false" SizingStyle="Crop" ShowHorizontalScrollbar="false" Iconic="false" TabPageName="" InsertAllowed="true" DataType="Char" UpdateAllowed="true" ParentModule="CHKDATA" UpdateIfNull="false" ParentModuleType="12" ParentName="TOOLBAR_BUTTON_CLASS" KeepCursorPosition="false" VisualAttributeName="WEB_BTN" LockRecord="false" ShowVerticalScrollbar="false" TooltipVisualAttributeGroup="V7_VA_TOOLTIP"/>
         <Item Name="TOOL3_BUTTON" ValidateFromList="false" LovXPosition="0" Justification="Left" LovYPosition="0" ListStyle="Poplist" MaximumLength="30" WrapStyle="Word" AutoSkip="false" CompressionQuality="None" XPosition="429" YPosition="2" DatabaseItem="false" Bevel="Raised" CanvasName="CNV_HIDE" MultiLine="false" CaseInsensitiveQuery="false" CaseRestriction="Mixed" ParentType="29" CheckBoxOtherValues="Not Allowed" PrimaryKey="false" DirtyInfo="true" QueryAllowed="true" QueryLength="30" DisplayQuality="High" EditXPosition="0" EditYPosition="0" DistanceBetweenRecords="0" FillPattern="transparent" FixedLength="false" Required="false" ForegroundColor="black" ConcealData="false" SizingStyle="Crop" ShowHorizontalScrollbar="false" Iconic="false" TabPageName="" InsertAllowed="true" DataType="Char" UpdateAllowed="true" ParentModule="CHKDATA" UpdateIfNull="false" ParentModuleType="12" ParentName="TOOLBAR_BUTTON_CLASS" KeepCursorPosition="false" VisualAttributeName="WEB_BTN" LockRecord="false" ShowVerticalScrollbar="false" TooltipVisualAttributeGroup="V7_VA_TOOLTIP"/>
         <Item Name="TOOL4_BUTTON" ValidateFromList="false" LovXPosition="0" Justification="Left" LovYPosition="0" ListStyle="Poplist" MaximumLength="30" WrapStyle="Word" AutoSkip="false" CompressionQuality="None" XPosition="449" YPosition="2" DatabaseItem="false" Bevel="Raised" CanvasName="CNV_HIDE" MultiLine="false" CaseInsensitiveQuery="false" CaseRestriction="Mixed" ParentType="29" CheckBoxOtherValues="Not Allowed" PrimaryKey="false" DirtyInfo="true" QueryAllowed="true" QueryLength="30" DisplayQuality="High" EditXPosition="0" EditYPosition="0" DistanceBetweenRecords="0" FillPattern="transparent" FixedLength="false" Required="false" ForegroundColor="black" ConcealData="false" SizingStyle="Crop" ShowHorizontalScrollbar="false" Iconic="false" TabPageName="" InsertAllowed="true" DataType="Char" UpdateAllowed="true" ParentModule="CHKDATA" UpdateIfNull="false" ParentModuleType="12" ParentName="TOOLBAR_BUTTON_CLASS" KeepCursorPosition="false" VisualAttributeName="WEB_BTN" LockRecord="false" ShowVerticalScrollbar="false" TooltipVisualAttributeGroup="V7_VA_TOOLTIP"/>
         <Item Name="TOOL5_BUTTON" ValidateFromList="false" LovXPosition="0" Justification="Left" LovYPosition="0" ListStyle="Poplist" MaximumLength="30" WrapStyle="Word" AutoSkip="false" CompressionQuality="None" XPosition="469" YPosition="2" DatabaseItem="false" Bevel="Raised" CanvasName="CNV_HIDE" MultiLine="false" CaseInsensitiveQuery="false" CaseRestriction="Mixed" ParentType="29" CheckBoxOtherValues="Not Allowed" PrimaryKey="false" DirtyInfo="true" QueryAllowed="true" QueryLength="30" DisplayQuality="High" EditXPosition="0" EditYPosition="0" DistanceBetweenRecords="0" FillPattern="transparent" FixedLength="false" Required="false" ForegroundColor="black" ConcealData="false" SizingStyle="Crop" ShowHorizontalScrollbar="false" Iconic="false" TabPageName="" InsertAllowed="true" DataType="Char" UpdateAllowed="true" ParentModule="CHKDATA" UpdateIfNull="false" ParentModuleType="12" ParentName="TOOLBAR_BUTTON_CLASS" KeepCursorPosition="false" VisualAttributeName="WEB_BTN" LockRecord="false" ShowVerticalScrollbar="false" TooltipVisualAttributeGroup="V7_VA_TOOLTIP"/>
         <Item Name="TOOL6_BUTTON" ValidateFromList="false" LovXPosition="0" Justification="Left" LovYPosition="0" ListStyle="Poplist" MaximumLength="30" WrapStyle="Word" AutoSkip="false" CompressionQuality="None" XPosition="489" YPosition="2" DatabaseItem="false" Bevel="Raised" CanvasName="CNV_HIDE" MultiLine="false" CaseInsensitiveQuery="false" CaseRestriction="Mixed" ParentType="29" CheckBoxOtherValues="Not Allowed" PrimaryKey="false" DirtyInfo="true" QueryAllowed="true" QueryLength="30" DisplayQuality="High" EditXPosition="0" EditYPosition="0" DistanceBetweenRecords="0" FillPattern="transparent" FixedLength="false" Required="false" ForegroundColor="black" ConcealData="false" SizingStyle="Crop" ShowHorizontalScrollbar="false" Iconic="false" TabPageName="" InsertAllowed="true" DataType="Char" UpdateAllowed="true" ParentModule="CHKDATA" UpdateIfNull="false" ParentModuleType="12" ParentName="TOOLBAR_BUTTON_CLASS" KeepCursorPosition="false" VisualAttributeName="WEB_BTN" LockRecord="false" ShowVerticalScrollbar="false" TooltipVisualAttributeGroup="V7_VA_TOOLTIP"/>
         <Item Name="TOOL7_BUTTON" ValidateFromList="false" LovXPosition="0" Justification="Left" LovYPosition="0" ListStyle="Poplist" MaximumLength="30" WrapStyle="Word" AutoSkip="false" CompressionQuality="None" XPosition="509" YPosition="2" DatabaseItem="false" Bevel="Raised" CanvasName="CNV_HIDE" MultiLine="false" CaseInsensitiveQuery="false" CaseRestriction="Mixed" ParentType="29" CheckBoxOtherValues="Not Allowed" PrimaryKey="false" DirtyInfo="true" QueryAllowed="true" QueryLength="30" DisplayQuality="High" EditXPosition="0" EditYPosition="0" DistanceBetweenRecords="0" FillPattern="transparent" FixedLength="false" Required="false" ForegroundColor="black" ConcealData="false" SizingStyle="Crop" ShowHorizontalScrollbar="false" Iconic="false" TabPageName="" InsertAllowed="true" DataType="Char" UpdateAllowed="true" ParentModule="CHKDATA" UpdateIfNull="false" ParentModuleType="12" ParentName="TOOLBAR_BUTTON_CLASS" KeepCursorPosition="false" VisualAttributeName="WEB_BTN" LockRecord="false" ShowVerticalScrollbar="false" TooltipVisualAttributeGroup="V7_VA_TOOLTIP"/>
         <Item Name="TOOL8_BUTTON" ValidateFromList="false" LovXPosition="0" Justification="Left" LovYPosition="0" ListStyle="Poplist" MaximumLength="30" WrapStyle="Word" AutoSkip="false" CompressionQuality="None" XPosition="529" YPosition="2" DatabaseItem="false" Bevel="Raised" CanvasName="CNV_HIDE" MultiLine="false" CaseInsensitiveQuery="false" CaseRestriction="Mixed" ParentType="29" CheckBoxOtherValues="Not Allowed" PrimaryKey="false" DirtyInfo="true" QueryAllowed="true" QueryLength="30" DisplayQuality="High" EditXPosition="0" EditYPosition="0" DistanceBetweenRecords="0" FillPattern="transparent" FixedLength="false" Required="false" ForegroundColor="black" ConcealData="false" SizingStyle="Crop" ShowHorizontalScrollbar="false" Iconic="false" TabPageName="" InsertAllowed="true" DataType="Char" UpdateAllowed="true" ParentModule="CHKDATA" UpdateIfNull="false" ParentModuleType="12" ParentName="TOOLBAR_BUTTON_CLASS" KeepCursorPosition="false" VisualAttributeName="WEB_BTN" LockRecord="false" ShowVerticalScrollbar="false" TooltipVisualAttributeGroup="V7_VA_TOOLTIP"/>
         <Item Name="TOOL9_BUTTON" ValidateFromList="false" LovXPosition="0" Justification="Left" LovYPosition="0" ListStyle="Poplist" MaximumLength="30" WrapStyle="Word" AutoSkip="false" CompressionQuality="None" XPosition="549" YPosition="2" DatabaseItem="false" Bevel="Raised" CanvasName="CNV_HIDE" MultiLine="false" CaseInsensitiveQuery="false" CaseRestriction="Mixed" ParentType="29" CheckBoxOtherValues="Not Allowed" PrimaryKey="false" DirtyInfo="true" QueryAllowed="true" QueryLength="30" DisplayQuality="High" EditXPosition="0" EditYPosition="0" DistanceBetweenRecords="0" FillPattern="transparent" FixedLength="false" Required="false" ForegroundColor="black" ConcealData="false" SizingStyle="Crop" ShowHorizontalScrollbar="false" Iconic="false" TabPageName="" InsertAllowed="true" DataType="Char" UpdateAllowed="true" ParentModule="CHKDATA" UpdateIfNull="false" ParentModuleType="12" ParentName="TOOLBAR_BUTTON_CLASS" KeepCursorPosition="false" VisualAttributeName="WEB_BTN" LockRecord="false" ShowVerticalScrollbar="false" TooltipVisualAttributeGroup="V7_VA_TOOLTIP"/>
         <Item Name="TOOL10_BUTTON" ValidateFromList="false" LovXPosition="0" Justification="Left" LovYPosition="0" ListStyle="Poplist" MaximumLength="30" WrapStyle="Word" AutoSkip="false" CompressionQuality="None" XPosition="569" YPosition="2" DatabaseItem="false" Bevel="Raised" CanvasName="CNV_HIDE" MultiLine="false" CaseInsensitiveQuery="false" CaseRestriction="Mixed" ParentType="29" CheckBoxOtherValues="Not Allowed" PrimaryKey="false" DirtyInfo="true" QueryAllowed="true" QueryLength="30" DisplayQuality="High" EditXPosition="0" EditYPosition="0" DistanceBetweenRecords="0" FillPattern="transparent" FixedLength="false" Required="false" ForegroundColor="black" ConcealData="false" SizingStyle="Crop" ShowHorizontalScrollbar="false" Iconic="false" TabPageName="" InsertAllowed="true" DataType="Char" UpdateAllowed="true" ParentModule="CHKDATA" UpdateIfNull="false" ParentModuleType="12" ParentName="TOOLBAR_BUTTON_CLASS" KeepCursorPosition="false" VisualAttributeName="WEB_BTN" LockRecord="false" ShowVerticalScrollbar="false" TooltipVisualAttributeGroup="V7_VA_TOOLTIP"/>
         <Trigger Name="WHEN-MOUSE-LEAVE" TriggerText="Kill_Hint_Timer;"/>
      </Block>
      <Block Name="TEXT" RecordsBufferedCount="0" RecordsDisplayCount="1" RecordsFetchedCount="0" WhereClause="" EnforcedColumnSecurity="false" InsertAllowed="true" EnforcedPrimaryKey="false" RecordOrientation="Vertical" UpdateAllowed="true" DMLDataName="" DeleteAllowed="true" QueryDataSourceName="" DirtyInfo="true" VisualAttributeName="DEFAULT" KeyMode="Unique" DatabaseBlock="false" QueryDataSourceType="None" QueryAllowed="true" LockMode="Immediate" DMLDataType="None" NavigationStyle="Same Record" ShowScrollbar="false">
         <Item Name="FUNCTION_ID" ValidateFromList="false" LovXPosition="0" Justification="Left" LovYPosition="0" ListStyle="Poplist" Width="36" MaximumLength="6" WrapStyle="Word" AutoSkip="false" CompressionQuality="None" XPosition="108" YPosition="35" DatabaseItem="true" Bevel="Plain" AutoHint="false" MouseNavigate="true" MultiLine="false" CaseInsensitiveQuery="false" KeyboardNavigable="true" CaseRestriction="Mixed" CheckBoxOtherValues="Not Allowed" PrimaryKey="false" DirtyInfo="true" DefaultButton="false" QueryAllowed="true" Visible="true" QueryLength="6" DisplayQuality="High" EditXPosition="0" EditYPosition="0" Enabled="true" DistanceBetweenRecords="4364" FixedLength="false" Required="true" Height="14" ConcealData="false" Hint="Enter value for : FUNCTION_ID" SizingStyle="Crop" ShowHorizontalScrollbar="false" Iconic="false" InsertAllowed="true" ItemType="Display Item" DataType="Number" UpdateAllowed="true" UpdateIfNull="false" KeepCursorPosition="false" VisualAttributeName="DEFAULT" Label="Function Id" LockRecord="false" ShowVerticalScrollbar="false" TooltipVisualAttributeGroup="V7_VA_TOOLTIP"/>
         <Item Name="LANGUAGE_ID" ValidateFromList="false" LovXPosition="0" Justification="Left" LovYPosition="0" ListStyle="Poplist" Width="24" MaximumLength="4" WrapStyle="Word" AutoSkip="false" CompressionQuality="None" XPosition="576" YPosition="35" DatabaseItem="true" Bevel="Plain" AutoHint="false" MouseNavigate="true" MultiLine="false" CaseInsensitiveQuery="false" KeyboardNavigable="true" CaseRestriction="Mixed" CheckBoxOtherValues="Not Allowed" PrimaryKey="false" DirtyInfo="true" DefaultButton="false" QueryAllowed="true" Visible="true" QueryLength="4" DisplayQuality="High" EditXPosition="0" EditYPosition="0" Enabled="true" DistanceBetweenRecords="4364" FixedLength="false" Required="true" Height="14" ConcealData="false" Hint="Enter value for : LANGUAGE_ID" SizingStyle="Crop" ShowHorizontalScrollbar="false" Iconic="false" InsertAllowed="true" ItemType="Display Item" DataType="Number" UpdateAllowed="true" UpdateIfNull="false" KeepCursorPosition="false" VisualAttributeName="DEFAULT" Label="Language Id" LockRecord="false" ShowVerticalScrollbar="false" TooltipVisualAttributeGroup="V7_VA_TOOLTIP"/>
         <Item Name="CONTROL_ITEM" ValidateFromList="false" LovXPosition="0" Justification="Left" LovYPosition="0" ListStyle="Poplist" Width="0" MaximumLength="1" WrapStyle="Word" AutoSkip="false" BackColor="white" CompressionQuality="None" XPosition="0" YPosition="1" DatabaseItem="false" Bevel="None" AutoHint="false" MouseNavigate="true" CanvasName="TOOLBAR_CANVAS" MultiLine="false" CaseInsensitiveQuery="false" KeyboardNavigable="true" CaseRestriction="Mixed" CheckBoxOtherValues="Not Allowed" Comment="This item is created as a hidden enterable field to allow the query on this block to operate" PrimaryKey="false" DirtyInfo="true" DefaultButton="false" QueryAllowed="true" Visible="true" QueryLength="1" DisplayQuality="High" EditXPosition="0" EditYPosition="0" Enabled="true" DistanceBetweenRecords="0" FillPattern="transparent" FixedLength="false" Required="false" FontName="Fixedsys" FontSize="900" FontStyle="Plain" FontWeight="Demilight" FontSpacing="Normal" ForegroundColor="black" Height="0" ConcealData="false" SizingStyle="Crop" ShowHorizontalScrollbar="false" Iconic="false" InsertAllowed="true" ItemType="Text Item" DataType="Char" UpdateAllowed="true" UpdateIfNull="false" KeepCursorPosition="false" LockRecord="false" ShowVerticalScrollbar="false" TooltipVisualAttributeGroup="V7_VA_TOOLTIP"/>
         <Item Name="BPT_BTN_TEST" ValidateFromList="false" EditXPosition="0" LovXPosition="0" EditYPosition="0" Justification="End" LovYPosition="0" Enabled="true" ListStyle="Poplist" Width="89" FixedLength="false" WrapStyle="Word" AutoSkip="false" CompressionQuality="None" XPosition="14" Required="false" YPosition="21" DatabaseItem="false" AutoHint="false" MouseNavigate="true" CanvasName="" MultiLine="false" CaseInsensitiveQuery="false" KeyboardNavigable="true" CaseRestriction="Mixed" ParentType="29" CheckBoxOtherValues="Not Allowed" ConcealData="false" SizingStyle="Crop" ShowHorizontalScrollbar="false" Iconic="false" TabPageName="" InsertAllowed="true" UpdateAllowed="true" ParentModule="CHKDATA" UpdateIfNull="false" ParentModuleType="12" ParentName="BPT_BLUE_CLASS" DirtyInfo="true" KeepCursorPosition="false" DefaultButton="false" QueryAllowed="true" Visible="false" QueryLength="80" LockRecord="false" DisplayQuality="High" ShowVerticalScrollbar="false" TooltipVisualAttributeGroup="V7_VA_TOOLTIP"/>
         <Item Name="BPT_1" ValidateFromList="false" EditXPosition="0" LovXPosition="0" EditYPosition="0" Justification="End" LovYPosition="0" Enabled="true" ListStyle="Poplist" Width="46" FixedLength="false" WrapStyle="Word" AutoSkip="false" CompressionQuality="None" XPosition="16" Required="false" YPosition="8" DatabaseItem="false" AutoHint="false" MouseNavigate="true" CanvasName="CANVAS0" MultiLine="false" CaseInsensitiveQuery="false" KeyboardNavigable="true" CaseRestriction="Mixed" ParentType="29" CheckBoxOtherValues="Not Allowed" ConcealData="false" SizingStyle="Crop" ShowHorizontalScrollbar="false" Iconic="false" TabPageName="" InsertAllowed="true" UpdateAllowed="true" ParentModule="CHKDATA" UpdateIfNull="false" ParentModuleType="12" ParentName="BPT_BLUE_CLASS" DirtyInfo="true" KeepCursorPosition="false" DefaultButton="false" QueryAllowed="true" QueryLength="80" LockRecord="false" DisplayQuality="High" ShowVerticalScrollbar="false" TooltipVisualAttributeGroup="V7_VA_TOOLTIP"/>
         <Item Name="BPT_2" ValidateFromList="false" EditXPosition="0" LovXPosition="0" EditYPosition="0" LovYPosition="0" Enabled="true" ListStyle="Poplist" Width="69" FixedLength="false" WrapStyle="Word" AutoSkip="false" CompressionQuality="None" XPosition="25" Required="false" YPosition="34" DatabaseItem="false" AutoHint="false" MouseNavigate="true" CanvasName="C_DATA_LINKS" MultiLine="false" CaseInsensitiveQuery="false" KeyboardNavigable="true" CaseRestriction="Mixed" ParentType="29" CheckBoxOtherValues="Not Allowed" ConcealData="false" SizingStyle="Crop" ShowHorizontalScrollbar="false" Iconic="false" TabPageName="" InsertAllowed="true" UpdateAllowed="true" ParentModule="CHKDATA" UpdateIfNull="false" ParentModuleType="12" ParentName="BPT_GREY_CLASS" DirtyInfo="true" KeepCursorPosition="false" DefaultButton="false" QueryAllowed="true" QueryLength="80" LockRecord="false" DisplayQuality="High" ShowVerticalScrollbar="false" TooltipVisualAttributeGroup="V7_VA_TOOLTIP"/>
         <Item Name="BPT_3" ValidateFromList="false" EditXPosition="0" LovXPosition="0" EditYPosition="0" LovYPosition="0" Enabled="true" ListStyle="Poplist" Width="121" FixedLength="false" WrapStyle="Word" AutoSkip="false" CompressionQuality="None" XPosition="106" Required="false" YPosition="34" DatabaseItem="false" AutoHint="false" MouseNavigate="true" CanvasName="C_DATA_LINKS" MultiLine="false" CaseInsensitiveQuery="false" KeyboardNavigable="true" CaseRestriction="Mixed" ParentType="29" CheckBoxOtherValues="Not Allowed" ConcealData="false" SizingStyle="Crop" ShowHorizontalScrollbar="false" Iconic="false" TabPageName="" InsertAllowed="true" UpdateAllowed="true" ParentModule="CHKDATA" UpdateIfNull="false" ParentModuleType="12" ParentName="BPT_GREY_CLASS" DirtyInfo="true" KeepCursorPosition="false" DefaultButton="false" QueryAllowed="true" QueryLength="80" LockRecord="false" DisplayQuality="High" ShowVerticalScrollbar="false" TooltipVisualAttributeGroup="V7_VA_TOOLTIP"/>
         <Item Name="BPT_4" ValidateFromList="false" EditXPosition="0" LovXPosition="0" EditYPosition="0" LovYPosition="0" Enabled="true" ListStyle="Poplist" Width="254" FixedLength="false" WrapStyle="Word" AutoSkip="false" CompressionQuality="None" XPosition="285" Required="false" YPosition="34" DatabaseItem="false" AutoHint="false" MouseNavigate="true" CanvasName="C_DATA_LINKS" MultiLine="false" CaseInsensitiveQuery="false" KeyboardNavigable="true" CaseRestriction="Mixed" ParentType="29" CheckBoxOtherValues="Not Allowed" ConcealData="false" SizingStyle="Crop" ShowHorizontalScrollbar="false" Iconic="false" TabPageName="" InsertAllowed="true" UpdateAllowed="true" ParentModule="CHKDATA" UpdateIfNull="false" ParentModuleType="12" ParentName="BPT_GREY_CLASS" DirtyInfo="true" KeepCursorPosition="false" DefaultButton="false" QueryAllowed="true" QueryLength="80" LockRecord="false" DisplayQuality="High" ShowVerticalScrollbar="false" TooltipVisualAttributeGroup="V7_VA_TOOLTIP"/>
         <Item Name="BPT_5" ValidateFromList="false" EditXPosition="0" LovXPosition="0" EditYPosition="0" LovYPosition="0" Enabled="true" ListStyle="Poplist" Width="275" FixedLength="false" WrapStyle="Word" AutoSkip="false" CompressionQuality="None" XPosition="286" Required="false" YPosition="213" DatabaseItem="false" AutoHint="false" MouseNavigate="true" CanvasName="C_DATA_LINKS" MultiLine="false" CaseInsensitiveQuery="false" KeyboardNavigable="true" CaseRestriction="Mixed" ParentType="29" CheckBoxOtherValues="Not Allowed" ConcealData="false" SizingStyle="Crop" ShowHorizontalScrollbar="false" Iconic="false" TabPageName="" InsertAllowed="true" UpdateAllowed="true" ParentModule="CHKDATA" UpdateIfNull="false" ParentModuleType="12" ParentName="BPT_GREY_CLASS" DirtyInfo="true" KeepCursorPosition="false" DefaultButton="false" QueryAllowed="true" QueryLength="80" LockRecord="false" DisplayQuality="High" ShowVerticalScrollbar="false" TooltipVisualAttributeGroup="V7_VA_TOOLTIP"/>
         <Item Name="BPT_6" ValidateFromList="false" EditXPosition="0" LovXPosition="0" EditYPosition="0" LovYPosition="0" Enabled="true" ListStyle="Poplist" Width="275" FixedLength="false" WrapStyle="Word" AutoSkip="false" CompressionQuality="None" XPosition="286" Required="false" YPosition="226" DatabaseItem="false" AutoHint="false" MouseNavigate="true" CanvasName="C_DATA_LINKS" MultiLine="false" CaseInsensitiveQuery="false" KeyboardNavigable="true" CaseRestriction="Mixed" ParentType="29" CheckBoxOtherValues="Not Allowed" ConcealData="false" SizingStyle="Crop" ShowHorizontalScrollbar="false" Iconic="false" TabPageName="" InsertAllowed="true" UpdateAllowed="true" ParentModule="CHKDATA" UpdateIfNull="false" ParentModuleType="12" ParentName="BPT_GREY_CLASS" DirtyInfo="true" KeepCursorPosition="false" DefaultButton="false" QueryAllowed="true" QueryLength="80" LockRecord="false" DisplayQuality="High" ShowVerticalScrollbar="false" TooltipVisualAttributeGroup="V7_VA_TOOLTIP"/>
         <Item Name="BPT_7" ValidateFromList="false" EditXPosition="0" LovXPosition="0" EditYPosition="0" LovYPosition="0" Enabled="true" ListStyle="Poplist" Width="275" FixedLength="false" WrapStyle="Word" AutoSkip="false" CompressionQuality="None" XPosition="286" Required="false" YPosition="239" DatabaseItem="false" AutoHint="false" MouseNavigate="true" CanvasName="C_DATA_LINKS" MultiLine="false" CaseInsensitiveQuery="false" KeyboardNavigable="true" CaseRestriction="Mixed" ParentType="29" CheckBoxOtherValues="Not Allowed" ConcealData="false" SizingStyle="Crop" ShowHorizontalScrollbar="false" Iconic="false" TabPageName="" InsertAllowed="true" UpdateAllowed="true" ParentModule="CHKDATA" UpdateIfNull="false" ParentModuleType="12" ParentName="BPT_GREY_CLASS" DirtyInfo="true" KeepCursorPosition="false" DefaultButton="false" QueryAllowed="true" QueryLength="80" LockRecord="false" DisplayQuality="High" ShowVerticalScrollbar="false" TooltipVisualAttributeGroup="V7_VA_TOOLTIP"/>
         <Item Name="BPT_8" ValidateFromList="false" EditXPosition="0" LovXPosition="0" EditYPosition="0" LovYPosition="0" Enabled="true" ListStyle="Poplist" Width="275" FixedLength="false" WrapStyle="Word" AutoSkip="false" CompressionQuality="None" XPosition="286" Required="false" YPosition="252" DatabaseItem="false" AutoHint="false" MouseNavigate="true" CanvasName="C_DATA_LINKS" MultiLine="false" CaseInsensitiveQuery="false" KeyboardNavigable="true" CaseRestriction="Mixed" ParentType="29" CheckBoxOtherValues="Not Allowed" ConcealData="false" SizingStyle="Crop" ShowHorizontalScrollbar="false" Iconic="false" TabPageName="" InsertAllowed="true" UpdateAllowed="true" ParentModule="CHKDATA" UpdateIfNull="false" ParentModuleType="12" ParentName="BPT_GREY_CLASS" DirtyInfo="true" KeepCursorPosition="false" DefaultButton="false" QueryAllowed="true" QueryLength="80" LockRecord="false" DisplayQuality="High" ShowVerticalScrollbar="false" TooltipVisualAttributeGroup="V7_VA_TOOLTIP"/>
         <Item Name="BPT_9" ValidateFromList="false" EditXPosition="0" LovXPosition="0" EditYPosition="0" LovYPosition="0" Enabled="true" ListStyle="Poplist" Width="275" FixedLength="false" WrapStyle="Word" AutoSkip="false" CompressionQuality="None" XPosition="286" Required="false" YPosition="265" DatabaseItem="false" AutoHint="false" MouseNavigate="true" CanvasName="C_DATA_LINKS" MultiLine="false" CaseInsensitiveQuery="false" KeyboardNavigable="true" CaseRestriction="Mixed" ParentType="29" CheckBoxOtherValues="Not Allowed" ConcealData="false" SizingStyle="Crop" ShowHorizontalScrollbar="false" Iconic="false" TabPageName="" InsertAllowed="true" UpdateAllowed="true" ParentModule="CHKDATA" UpdateIfNull="false" ParentModuleType="12" ParentName="BPT_GREY_CLASS" DirtyInfo="true" KeepCursorPosition="false" DefaultButton="false" QueryAllowed="true" QueryLength="80" LockRecord="false" DisplayQuality="High" ShowVerticalScrollbar="false" TooltipVisualAttributeGroup="V7_VA_TOOLTIP"/>
         <Item Name="BPT_10" ValidateFromList="false" EditXPosition="0" LovXPosition="0" EditYPosition="0" LovYPosition="0" Enabled="true" ListStyle="Poplist" Width="275" FixedLength="false" WrapStyle="Word" AutoSkip="false" CompressionQuality="None" XPosition="286" Required="false" YPosition="278" DatabaseItem="false" AutoHint="false" MouseNavigate="true" CanvasName="C_DATA_LINKS" MultiLine="false" CaseInsensitiveQuery="false" KeyboardNavigable="true" CaseRestriction="Mixed" ParentType="29" CheckBoxOtherValues="Not Allowed" ConcealData="false" SizingStyle="Crop" ShowHorizontalScrollbar="false" Iconic="false" TabPageName="" InsertAllowed="true" UpdateAllowed="true" ParentModule="CHKDATA" UpdateIfNull="false" ParentModuleType="12" ParentName="BPT_GREY_CLASS" DirtyInfo="true" KeepCursorPosition="false" DefaultButton="false" QueryAllowed="true" QueryLength="80" LockRecord="false" DisplayQuality="High" ShowVerticalScrollbar="false" TooltipVisualAttributeGroup="V7_VA_TOOLTIP"/>
         <Item Name="BPT_11" ValidateFromList="false" LovXPosition="0" Justification="Start" LovYPosition="0" ListStyle="Poplist" Width="275" MaximumLength="80" WrapStyle="Word" AutoSkip="false" CompressionQuality="None" XPosition="6" YPosition="9" DatabaseItem="false" AutoHint="false" MouseNavigate="true" CanvasName="C_DATA_LINKS" MultiLine="false" CaseInsensitiveQuery="false" KeyboardNavigable="true" CaseRestriction="Mixed" ParentType="29" CheckBoxOtherValues="Not Allowed" PrimaryKey="false" DirtyInfo="true" DefaultButton="false" QueryAllowed="true" Visible="true" QueryLength="80" DisplayQuality="High" EditXPosition="0" EditYPosition="0" Enabled="true" DistanceBetweenRecords="0" FixedLength="false" Required="false" Height="12" ConcealData="false" SizingStyle="Crop" ShowHorizontalScrollbar="false" Iconic="false" TabPageName="" InsertAllowed="true" DataType="Char" UpdateAllowed="true" ParentModule="CHKDATA" UpdateIfNull="false" ParentModuleType="12" ParentName="SECTION_TITLE_CLASS" KeepCursorPosition="false" LockRecord="false" ShowVerticalScrollbar="false" TooltipVisualAttributeGroup="V7_VA_TOOLTIP"/>
         <Item Name="BPT_12" ValidateFromList="false" LovXPosition="0" Justification="Start" LovYPosition="0" ListStyle="Poplist" Width="275" MaximumLength="80" WrapStyle="Word" AutoSkip="false" CompressionQuality="None" XPosition="115" YPosition="49" DatabaseItem="false" AutoHint="false" MouseNavigate="true" CanvasName="CNV_CONTENT" MultiLine="false" CaseInsensitiveQuery="false" KeyboardNavigable="true" CaseRestriction="Mixed" ParentType="29" CheckBoxOtherValues="Not Allowed" PrimaryKey="false" DirtyInfo="true" DefaultButton="false" QueryAllowed="true" Visible="true" QueryLength="80" DisplayQuality="High" EditXPosition="0" EditYPosition="0" Enabled="true" DistanceBetweenRecords="0" FixedLength="false" Required="false" Height="12" ConcealData="false" SizingStyle="Crop" ShowHorizontalScrollbar="false" Iconic="false" TabPageName="" InsertAllowed="true" DataType="Char" UpdateAllowed="true" ParentModule="CHKDATA" UpdateIfNull="false" ParentModuleType="12" ParentName="SECTION_TITLE_CLASS" KeepCursorPosition="false" LockRecord="false" ShowVerticalScrollbar="false" TooltipVisualAttributeGroup="V7_VA_TOOLTIP"/>
         <Item Name="DSP_BREADCRUMB" Justification="Start" TabPageName="" Width="278" MaximumLength="4000" ItemType="Display Item" BackColor="white" XPosition="95" FontName="Arial" YPosition="4" DatabaseItem="false" Bevel="None" FontSize="1000" FontStyle="Italic" DirtyInfo="true" FontWeight="Bold" FontSpacing="Normal" ForegroundColor="darkcyan" CanvasName="CNV_HIDE" Visible="false" Height="15"/>
         <Trigger Name="WHEN-MOUSE-DOUBLECLICK" TriggerText="--&amp;#10;-- steve pusey 19/4/96&amp;#10;--&amp;#10;-- change value in current boilerplate text item&amp;#10;--&amp;#10;BEGIN&amp;#10;&amp;#10;  boilerplate.change_boilerplate;&amp;#10;&amp;#10;END;"/>
      </Block>
      <Block Name="B_HEADER" DirtyInfo="true" ScrollbarWidth="9" ScrollbarLength="135">
         <Item Name="KEY_TYPE_B" Justification="Start" Width="65" MaximumLength="15" ItemType="Text Item" XPosition="66" YPosition="8" DatabaseItem="false" Bevel="Plain" DirtyInfo="true" VisualAttributeName="TEXT_ITEM_VA" CanvasName="CANVAS0" CaseRestriction="Upper" TooltipVisualAttributeGroup="V7_VA_TOOLTIP" Height="14">
            <Trigger Name="KEY-LISTVAL" DirtyInfo="true" TriggerText="--&amp;#10;-- show lov&amp;#10;--&amp;#10;-- date&#x9;&#x9;&#x9;&#x9;&#x9;by&#x9;&#x9;&#x9;change&amp;#10;-- 06/04/2000&#x9;&#x9;Steve&#x9;&#x9;Created&amp;#10;--&amp;#10;DECLARE&amp;#10;&#x9;&amp;#10;&#x9;v_ok&#x9;&#x9;&#x9;&#x9;&#x9;&#x9;boolean;&amp;#10;&#x9;v_code&#x9;&#x9;&#x9;&#x9;&#x9;number;&amp;#10;&amp;#10;BEGIN&amp;#10;&#x9;&amp;#10;&#x9;v_ok := show_codes_lov (&amp;#10;&#x9;&#x9;'CODES_LOV',&amp;#10;&#x9;&#x9;:B_HEADER.KEY_TYPE_DESC,&amp;#10;&#x9;&#x9;:B_HEADER.KEY_TYPE_B,&amp;#10;&#x9;&#x9;v_code,&amp;#10;&#x9;&#x9;10190,&amp;#10;&#x9;&#x9;TRUE&amp;#10;&#x9;);&amp;#10;&#x9;&amp;#10;END;"/>
            <Trigger Name="WHEN-VALIDATE-ITEM" DirtyInfo="true" TriggerText="--&amp;#10;-- validate key_type for code_type 10190&amp;#10;--&amp;#10;-- date&#x9;&#x9;&#x9;&#x9;&#x9;by&#x9;&#x9;&#x9;change&amp;#10;-- 06/04/2000&#x9;&#x9;Steve&#x9;&#x9;Created&amp;#10;--&amp;#10;DECLARE&amp;#10;&#x9;&amp;#10;&#x9;v_ok&#x9;&#x9;&#x9;&#x9;&#x9;&#x9;&#x9;&#x9;boolean;&amp;#10;&#x9;v_code&#x9;&#x9;&#x9;&#x9;&#x9;&#x9;&#x9;number;&amp;#10;&#x9;&amp;#10;BEGIN&amp;#10;&#x9;&amp;#10;&#x9;IF :SYSTEM.MODE = 'NORMAL' THEN&amp;#10;&#x9;&#x9;&amp;#10;&#x9;&#x9;IF :B_HEADER.KEY_TYPE_B is NOT NULL THEN&amp;#10;&#x9;&#x9;                     &amp;#10;--&#x9;&#x9;&#x9;:B_HEADER.KEY_TYPE_DESC := null;&amp;#10;&#x9;&#x9;&#x9;&amp;#10;--&#x9;&#x9;ELSE&amp;#10;&#x9;&#x9;&#x9;&amp;#10;&#x9;&#x9;&#x9;v_ok := validate_user_code (&amp;#10;&#x9;&#x9;&#x9;&#x9;10190,&amp;#10;&#x9;&#x9;&#x9;&#x9;:B_HEADER.KEY_TYPE_B,&amp;#10;&#x9;&#x9;&#x9;&#x9;v_code,&amp;#10;&#x9;&#x9;&#x9;&#x9;:B_HEADER.KEY_TYPE_DESC,&amp;#10;&#x9;&#x9;&#x9;&#x9;684, -- invalid code, please re-enter&amp;#10;&#x9;&#x9;&#x9;&#x9;'VALIDATE'&amp;#10;&#x9;&#x9;&#x9;);&amp;#10;&#x9;&amp;#10;&#x9;&#x9;END IF;&amp;#10;&#x9;&#x9;                     &amp;#10;&#x9;END IF;&amp;#10;&#x9;&amp;#10;END;"/>
         </Item>
         <Item Name="KEY_TYPE_DESC" Justification="Start" Width="391" InsertAllowed="false" MaximumLength="80" ItemType="Text Item" UpdateAllowed="false" XPosition="132" YPosition="8" DatabaseItem="false" Bevel="Plain" DirtyInfo="true" VisualAttributeName="TEXT_ITEM_VA" CanvasName="CANVAS0" QueryAllowed="false" KeyboardNavigable="false" CaseRestriction="Upper" TooltipVisualAttributeGroup="V7_VA_TOOLTIP" Height="14"/>
         <Item Name="KEY_TYPE_LOV_BTN" IconFilename="b_lov_b3" Width="19" ParentModule="CHKDATA" XPosition="524" ParentModuleType="12" YPosition="7" ParentName="LOV_BUTTON_CLASS" DirtyInfo="true" VisualAttributeName="WEB_BTN" Label="PUSH_BUTTON338" CanvasName="CANVAS0" KeyboardNavigable="false" ParentType="29" TooltipVisualAttributeGroup="V7_VA_TOOLTIP" Height="15">
            <Trigger Name="WHEN-MOUSE-CLICK" DirtyInfo="true" TriggerText="--&amp;#10;-- show lov&amp;#10;--&amp;#10;-- date&#x9;&#x9;&#x9;&#x9;&#x9;by&#x9;&#x9;&#x9;change&amp;#10;-- 06/04/2000&#x9;&#x9;Steve&#x9;&#x9;Created&amp;#10;--&amp;#10;BEGIN&amp;#10;&#x9;&amp;#10;&#x9;go_item ('B_HEADER.KEY_TYPE_B');&amp;#10;&#x9;do_key ('LIST_VALUES');&amp;#10;&#x9;&amp;#10;END;"/>
         </Item>
         <Trigger Name="KEY-EXEQRY" DirtyInfo="true" TriggerText="--&amp;#10;-- goto CHECKLIST_DATA_LINKS block&amp;#10;--&amp;#10;-- date&#x9;&#x9;&#x9;&#x9;by&#x9;&#x9;change&amp;#10;-- 06/04/2000&#x9;Steve&#x9;Created&amp;#10;-- 09/09/2003 Vid   null key_type now means that the data link is visible for all check_lists.&amp;#10;--&amp;#10;BEGIN&amp;#10;&#x9;&amp;#10;--vv 09/09/2003 null key_type now means that the data link is visible for all check_lists.&amp;#10;--&#x9;IF :B_HEADER.KEY_TYPE_B is NOT NULL THEN&amp;#10;&#x9;&#x9;&amp;#10;&#x9;&#x9;go_block ('CHECKLIST_DATA_LINKS');&amp;#10;&#x9;&#x9;do_key ('EXECUTE_QUERY');&amp;#10;&#x9;&#x9;&amp;#10;--&#x9;END IF;&amp;#10;&#x9;&amp;#10;END;"/>
         <Trigger Name="KEY-NXTBLK" DirtyInfo="true" TriggerText="-- Move to next block&amp;#10;-- data   by  change&amp;#10;-- 20/4/00 La  Creation&amp;#10;BEGIN&amp;#10; do_key('execute_query');&amp;#10;END;"/>
         <Trigger Name="WHEN-NEW-BLOCK-INSTANCE" DirtyInfo="true" TriggerText="hide_view('C_DATA_LINKS');"/>
      </Block>
      <Block Name="CHECKLIST_DATA_LINKS" RecordsDisplayCount="17" WhereClause="where NVL(key_type, ' ') = NVL(:B_HEADER.KEY_TYPE_B, ' ')" OrderByClause="order by user_code" QueryDataSourceName="CHECKLIST_DATA_LINKS" DirtyInfo="true" ScrollbarCanvasName="C_DATA_LINKS" ScrollbarTabPageName="" ScrollbarWidth="11" ScrollbarXPosition="13" ScrollbarYPosition="49" ShowScrollbar="true" ScrollbarLength="238">
         <Item Name="USER_CODE" PromptAttachmentEdge="Top" TabPageName="" PromptAlign="Center" Width="80" MaximumLength="15" ItemType="Text Item" RecordVisualAttributeGroupName="CURR_ITEM_VA" ParentModule="CHKDATA" XPosition="24" ParentModuleType="12" YPosition="49" ParentName="TEXT_ITEM_CLASS" Bevel="Plain" DirtyInfo="true" CanvasName="C_DATA_LINKS" ColumnName="USER_CODE" PromptDisplayStyle="First Record" CaseRestriction="Upper" ItemsDisplay="0" ParentType="29" TooltipVisualAttributeGroup="V7_VA_TOOLTIP" Height="14"/>
         <Item Name="DESCRIPTION" PromptAttachmentEdge="Top" TabPageName="" PromptAlign="Center" Width="150" MaximumLength="80" ItemType="Text Item" RecordVisualAttributeGroupName="CURR_ITEM_VA" ParentModule="CHKDATA" XPosition="104" ParentModuleType="12" YPosition="49" ParentName="TEXT_ITEM_CLASS" Bevel="Plain" DirtyInfo="true" CanvasName="C_DATA_LINKS" ColumnName="DESCRIPTION" PromptDisplayStyle="First Record" CaseRestriction="Upper" ItemsDisplay="0" ParentType="29" TooltipVisualAttributeGroup="V7_VA_TOOLTIP" Height="14"/>
         <Item Name="SELECT_STATEMENT" PromptAttachmentEdge="Top" TabPageName="" PromptAlign="Center" Width="320" MaximumLength="2000" ItemType="Text Item" ParentModule="CHKDATA" XPosition="285" ParentModuleType="12" YPosition="49" ParentName="TEXT_ITEM_CLASS" Bevel="Plain" DirtyInfo="true" CanvasName="C_DATA_LINKS" MultiLine="true" ColumnName="SELECT_STATEMENT" PromptDisplayStyle="First Record" ItemsDisplay="1" ParentType="29" ShowVerticalScrollbar="true" TooltipVisualAttributeGroup="V7_VA_TOOLTIP" Height="145"/>
         <Item Name="TEST_SQL_BTN" Width="100" ItemType="Push Button" XPosition="285" YPosition="194" DirtyInfo="true" VisualAttributeName="WEB_BTN" Label="xTest" ForegroundColor="black" CanvasName="C_DATA_LINKS" ItemsDisplay="1" TooltipVisualAttributeGroup="V7_VA_TOOLTIP" Height="17">
            <Trigger Name="WHEN-BUTTON-PRESSED" DirtyInfo="true" TriggerText="--&amp;#10;-- check that the sql is valid&amp;#10;--&amp;#10;-- date&#x9;&#x9;&#x9;&#x9;by&#x9;&#x9;&#x9;   change&amp;#10;-- 06/04/2000&#x9;Steve&#x9;&#x9;   Created&amp;#10;-- 10/06/2014 Eric Chan  SF 14345: Amended so it also accepts the &quot;new&quot; bind variable :DATASET_ID&amp;#10;--&amp;#10;DECLARE&amp;#10;&#x9;&amp;#10;&#x9;v_rg_id&#x9;&#x9;&#x9;&#x9;&#x9;&#x9;&#x9;&#x9;recordgroup;&amp;#10;&#x9;vn_ok&#x9;&#x9;&#x9;&#x9;&#x9;&#x9;&#x9;&#x9;&#x9;number;&amp;#10;&amp;#10;BEGIN&amp;#10;&#x9;&amp;#10;&#x9;IF :CHECKLIST_DATA_LINKS.SELECT_STATEMENT is NOT NULL THEN&amp;#10;&#x9;&#x9;&amp;#10;&#x9;&#x9;v_rg_id := find_group ('CHKDATA_TEST_RG');&amp;#10;&#x9;&#x9;&amp;#10;&#x9;&#x9;IF not id_null (v_rg_id) THEN&amp;#10;&#x9;&#x9;&#x9;delete_group (v_rg_id);&amp;#10;&#x9;&#x9;END IF;&amp;#10;&amp;#10;&#x9;&#x9;:SYSTEM.MESSAGE_LEVEL := 25; -- supress error messages&amp;#10;&amp;#10;&#x9;&#x9;-- replace :KEY with '1', :CONTEXT_KEY with '1' and replace all ' with double quotes !&amp;#10;&#x9;&#x9;-- SF14345 : 10/06/2014 : Add :DATASET_ID to the list&amp;#10;&#x9;&#x9;v_rg_id := create_group_from_query ('CHKDATA_TEST_RG', &amp;#10;&#x9;&#x9;&#x9;replace(replace(replace(:CHECKLIST_DATA_LINKS.SELECT_STATEMENT, ':CONTEXT_KEY', '''1'''), ':KEY', '''1'''), ':DATASET_ID', '''1''')&amp;#10;&#x9;&#x9;);&amp;#10;&#x9;&#x9;&amp;#10;&#x9;&#x9;vn_ok := populate_group (v_rg_id);&amp;#10;&#x9;&#x9;&amp;#10;&#x9;&#x9;:SYSTEM.MESSAGE_LEVEL := 0;&amp;#10;&#x9;&#x9;&amp;#10;&#x9;&#x9;IF nvl(vn_ok,-1) in (0, 1403) THEN&amp;#10;&#x9;&#x9;&#x9;-- success (0 - success, 1403 - select statement returned no data)&amp;#10;&amp;#10;&#x9;&#x9;&#x9;display_alert ('WARNING_ALERT', 8403); -- parse was successful&amp;#10;&#x9;&#x9;&#x9;&amp;#10;&#x9;&#x9;ELSE&amp;#10;&#x9;&#x9;&amp;#10;&#x9;&#x9;&#x9;display_standard_alert (DBMS_ERROR_TEXT);&#x9;&amp;#10;&#x9;&#x9;&#x9;display_alert ('WARNING_ALERT', 8404); -- error parsing select statement&amp;#10;&#x9;&#x9;&#x9;&amp;#10;&#x9;&#x9;END IF;&amp;#10;&#x9;&#x9;&amp;#10;&#x9;&#x9;-- free up memory&amp;#10;&#x9;&#x9;v_rg_id := find_group ('CHKDATA_TEST_RG');&amp;#10;&#x9;&#x9;&amp;#10;&#x9;&#x9;IF not id_null (v_rg_id) THEN&amp;#10;&#x9;&#x9;&#x9;delete_group (v_rg_id);&amp;#10;&#x9;&#x9;END IF;&amp;#10;&#x9;&#x9;&amp;#10;&#x9;END IF;&amp;#10;&#x9;&amp;#10;&#x9;exception&amp;#10;&#x9;&#x9;when others then&amp;#10;&#x9;&#x9;&#x9;display_standard_alert (sqlerrm);&amp;#10;&#x9;&amp;#10;END;"/>
            <Trigger Name="WHEN-MOUSE-ENTER" DirtyInfo="true" TriggerText="display_button_hint ('10868');"/>
            <Trigger Name="WHEN-MOUSE-LEAVE" DirtyInfo="true" TriggerText="kill_hint_timer;"/>
         </Item>
         <Item Name="CHECKLIST_DATA_LINK_ID" Prompt="Checklist Data Link Id" Bevel="Plain" DirtyInfo="true" Width="117" MaximumLength="25" ItemType="Display Item" Visible="false" ColumnName="CHECKLIST_DATA_LINK_ID" TooltipVisualAttributeGroup="V7_VA_TOOLTIP" Height="14"/>
         <Item Name="KEY_TYPE" Prompt="Key Type" Bevel="Plain" DirtyInfo="true" Width="50" MaximumLength="10" ItemType="Display Item" Visible="false" ColumnName="KEY_TYPE" TooltipVisualAttributeGroup="V7_VA_TOOLTIP" Height="14"/>
         <Item Name="AMEND_BY_USER" Prompt="Amend By User" Bevel="Plain" DirtyInfo="true" Width="50" MaximumLength="40" ItemType="Display Item" Visible="false" ColumnName="AMEND_BY_USER" DataType="Number" TooltipVisualAttributeGroup="V7_VA_TOOLTIP" Height="14"/>
         <Item Name="AMEND_LAST_DATE" Prompt="Amend Last Date" Bevel="Plain" DirtyInfo="true" Width="54" MaximumLength="30" ItemType="Display Item" ColumnName="AMEND_LAST_DATE" DataType="Datetime" TooltipVisualAttributeGroup="V7_VA_TOOLTIP" Height="14"/>
         <Item Name="AMEND_BY_MODULE" Prompt="Amend By Module" Bevel="Plain" DirtyInfo="true" Width="50" MaximumLength="10" ItemType="Display Item" Visible="false" ColumnName="AMEND_BY_MODULE" TooltipVisualAttributeGroup="V7_VA_TOOLTIP" Height="14"/>
         <DataSourceColumn DSCLength="25" DSCMandatory="false" DSCPrecision="0" DSCName="CHECKLIST_DATA_LINK_ID" DSCScale="0" DSCType="VARCHAR2" DSCNochildren="false" Type="Query"/>
         <DataSourceColumn DSCLength="15" DSCMandatory="false" DSCPrecision="0" DSCName="USER_CODE" DSCScale="0" DSCType="VARCHAR2" DSCNochildren="false" Type="Query"/>
         <DataSourceColumn DSCLength="80" DSCMandatory="false" DSCPrecision="0" DSCName="DESCRIPTION" DSCScale="0" DSCType="VARCHAR2" DSCNochildren="false" Type="Query"/>
         <DataSourceColumn DSCLength="2000" DSCMandatory="false" DSCPrecision="0" DSCName="SELECT_STATEMENT" DSCScale="0" DSCType="VARCHAR2" DSCNochildren="false" Type="Query"/>
         <DataSourceColumn DSCLength="10" DSCMandatory="false" DSCPrecision="0" DSCName="KEY_TYPE" DSCScale="0" DSCType="VARCHAR2" DSCNochildren="false" Type="Query"/>
         <DataSourceColumn DSCLength="0" DSCMandatory="false" DSCPrecision="0" DSCName="AMEND_BY_USER" DSCScale="0" DSCType="NUMBER" DSCNochildren="false" Type="Query"/>
         <DataSourceColumn DSCLength="0" DSCMandatory="false" DSCPrecision="0" DSCName="AMEND_LAST_DATE" DSCScale="0" DSCType="DATE" DSCNochildren="false" Type="Query"/>
         <DataSourceColumn DSCLength="10" DSCMandatory="false" DSCPrecision="0" DSCName="AMEND_BY_MODULE" DSCScale="0" DSCType="VARCHAR2" DSCNochildren="false" Type="Query"/>
         <Trigger Name="KEY-PRVBLK" DirtyInfo="true" TriggerText="-- move to previous block&amp;#10;-- date   by  change&amp;#10;-- 20/4/00 La  Creation&amp;#10;BEGIN&amp;#10; go_block ('B_HEADER');&amp;#10;END;"/>
         <Trigger Name="WHEN-CREATE-RECORD" DirtyInfo="true" TriggerText="--&amp;#10;-- set default values&amp;#10;--&amp;#10;-- date&#x9;&#x9;&#x9;&#x9;&#x9;by&#x9;&#x9;&#x9;change&amp;#10;-- 06/04/2000&#x9;&#x9;Steve&#x9;&#x9;Created&amp;#10;--&amp;#10;BEGIN&amp;#10;&#x9;&amp;#10;&#x9;:CHECKLIST_DATA_LINKS.KEY_TYPE := :B_HEADER.KEY_TYPE_B;&amp;#10;&#x9;&amp;#10;END;"/>
         <Trigger Name="PRE-INSERT" DirtyInfo="true" TriggerText="--&amp;#10;-- set null canvas items&amp;#10;--&amp;#10;-- date&#x9;&#x9;&#x9;&#x9;&#x9;by&#x9;&#x9;&#x9;&#x9;change&amp;#10;-- 06/04/2000&#x9;&#x9;Steve&#x9;&#x9;&#x9;Created&amp;#10;--&amp;#10;DECLARE&amp;#10;&#x9;&amp;#10;&#x9;v_null&#x9;&#x9;&#x9;&#x9;&#x9;&#x9;&#x9;number(1);&amp;#10;&#x9;v_al_btn&#x9;&#x9;&#x9;&#x9;&#x9;&#x9;number;&#x9;&amp;#10;&#x9;&amp;#10;&#x9;cursor c_id is&amp;#10;&#x9;&#x9;select m10.site_code||to_char(checklist_data_link_id.NEXTVAL)&amp;#10;&#x9;&#x9;from maps010 m10&amp;#10;&#x9;&#x9;where m10.hospital_id = oaslogon_package.get_hospital_id;&amp;#10;&amp;#10;  -- check the user_code is unique for this key_type&amp;#10;  cursor c_uccheck is&amp;#10;  &#x9;select null&amp;#10;  &#x9;from checklist_data_links&amp;#10;  &#x9;where user_code = :CHECKLIST_DATA_LINKS.USER_CODE&amp;#10;  &#x9;  and key_type = :CHECKLIST_DATA_LINKS.KEY_TYPE;&amp;#10;&amp;#10;BEGIN&amp;#10;&amp;#10;&#x9;:CHECKLIST_DATA_LINKS.AMEND_BY_USER := :GLOBAL.USER_ID;&amp;#10;&#x9;:CHECKLIST_DATA_LINKS.AMEND_LAST_DATE := sysdate;&amp;#10;&#x9;:CHECKLIST_DATA_LINKS.AMEND_BY_MODULE := 'CHKDATAPI';&amp;#10;&#x9;&amp;#10;&#x9;open c_id;&amp;#10;&#x9;fetch c_id into&#x9;:CHECKLIST_DATA_LINKS.CHECKLIST_DATA_LINK_ID;&amp;#10;&#x9;close c_id;&amp;#10;&#x9;&amp;#10;&#x9;IF :CHECKLIST_DATA_LINKS.KEY_TYPE is NULL THEN&amp;#10;&#x9;&#x9;:CHECKLIST_DATA_LINKS.KEY_TYPE := :B_HEADER.KEY_TYPE_B;&amp;#10;&#x9;END IF;&amp;#10;&amp;#10;  open c_uccheck;&amp;#10;  fetch c_uccheck into v_null;&amp;#10;  &amp;#10;  IF c_uccheck%FOUND THEN&amp;#10;  &#x9;&amp;#10;  &#x9;v_al_btn := display_alert_return_plus ('WARNING_ALERT', get_error_message (8405)||' '||:CHECKLIST_DATA_LINKS.USER_CODE); -- ERROR : User code xxx is not unique&amp;#10;  &#x9;RAISE FORM_TRIGGER_FAILURE;&amp;#10;  &#x9;&amp;#10;  END IF;&amp;#10;  &amp;#10;  close c_uccheck;&amp;#10;&amp;#10;END;"/>
         <Trigger Name="PRE-UPDATE" DirtyInfo="true" TriggerText="--&amp;#10;-- update amend_xxx items&amp;#10;--&amp;#10;-- date&#x9;&#x9;&#x9;&#x9;&#x9;by&#x9;&#x9;&#x9;&#x9;change&amp;#10;-- 06/04/2000&#x9;&#x9;Steve&#x9;&#x9;&#x9;Created&amp;#10;--&amp;#10;DECLARE&amp;#10;&#x9;&amp;#10;&#x9;v_null&#x9;&#x9;&#x9;&#x9;&#x9;&#x9;&#x9;number(1);&amp;#10;&#x9;v_al_btn&#x9;&#x9;&#x9;&#x9;&#x9;&#x9;number;&amp;#10;&#x9;&#x9;&amp;#10;&#x9;-- check the user_code is unique for this key_type&amp;#10;  cursor c_uccheck is&amp;#10;  &#x9;select null&amp;#10;  &#x9;from checklist_data_links&amp;#10;  &#x9;where user_code = :CHECKLIST_DATA_LINKS.USER_CODE&amp;#10;  &#x9;  and key_type = :CHECKLIST_DATA_LINKS.KEY_TYPE&amp;#10;  &#x9;  and rowid != :CHECKLIST_DATA_LINKS.ROWID;&amp;#10;&amp;#10;BEGIN&amp;#10;&amp;#10;&#x9;:CHECKLIST_DATA_LINKS.AMEND_BY_USER := :GLOBAL.USER_ID;&amp;#10;&#x9;:CHECKLIST_DATA_LINKS.AMEND_LAST_DATE := sysdate;&amp;#10;&#x9;:CHECKLIST_DATA_LINKS.AMEND_BY_MODULE := 'CHKDATAPU';&amp;#10;&#x9;&amp;#10;&#x9;open c_uccheck;&amp;#10;  fetch c_uccheck into v_null;&amp;#10;  &amp;#10;  IF c_uccheck%FOUND THEN&amp;#10;  &#x9;&amp;#10;  &#x9;v_al_btn := display_alert_return_plus ('WARNING_ALERT', get_error_message (8405)||' '||:CHECKLIST_DATA_LINKS.USER_CODE); -- ERROR : User code xxx is not unique&amp;#10;  &#x9;RAISE FORM_TRIGGER_FAILURE;&amp;#10;  &#x9;&amp;#10;  END IF;&amp;#10;  &amp;#10;  close c_uccheck;&amp;#10;&amp;#10;END;"/>
         <Trigger Name="KEY-DELREC" DirtyInfo="true" TriggerText="delete_record;"/>
      </Block>
      <Block Name="BUTTONS" DirtyInfo="true" DatabaseBlock="false" ScrollbarWidth="14" ScrollbarLength="135">
         <Item Name="GOTO_BTN" IconFilename="goto" Width="64" ItemType="Text Item" ParentModule="CHKDATA" XPosition="551" ParentModuleType="12" YPosition="9" DatabaseItem="false" ParentName="BUTTON_CLASS" Bevel="None" DirtyInfo="true" VisualAttributeName="WEB_TEXT_BUTTON" Label="PUSH_BUTTON335" CanvasName="CANVAS0" KeyboardNavigable="false" ParentType="29" TooltipVisualAttributeGroup="V7_VA_TOOLTIP" Height="14">
            <Trigger Name="WHEN-MOUSE-CLICK" DirtyInfo="true" TriggerText="--&amp;#10;-- goto CHECKLIST_DATA_LINKS block&amp;#10;--&amp;#10;-- date&#x9;&#x9;&#x9;&#x9;by&#x9;&#x9;change&amp;#10;-- 06/04/2000&#x9;Steve&#x9;Created&amp;#10;--&amp;#10;BEGIN&amp;#10;&#x9;oasis_when_mouse_click.when_mouse_click;&amp;#10;&#x9;&amp;#10;&#x9;IF :SYSTEM.CURSOR_BLOCK != 'B_HEADER' THEN&#x9;&#x9;&amp;#10;&#x9;&#x9;go_block ('B_HEADER');&amp;#10;  END IF;&amp;#10;&amp;#10;&#x9;do_key ('EXECUTE_QUERY');&amp;#10;&#x9;&#x9;&#x9;&amp;#10;END;"/>
         </Item>
         <Trigger Name="WHEN-MOUSE-DOWN" DirtyInfo="true" TriggerText="SET_ITEM_PROPERTY(:SYSTEM.TRIGGER_ITEM,VISUAL_ATTRIBUTE,'WEB_TEXT_BUTTON_CLICK');"/>
         <Trigger Name="WHEN-MOUSE-UP" DirtyInfo="true" TriggerText="SET_ITEM_PROPERTY(:SYSTEM.TRIGGER_ITEM, VISUAL_ATTRIBUTE, 'WEB_TEXT_BUTTON');&amp;#10;DEFAULT_VALUE(NULL,'GLOBAL.LAST_ITEM');&amp;#10;IF :global.last_item IS NOT NULL THEN&amp;#10;&#x9;GO_ITEM(:global.last_item);&amp;#10;END IF;"/>
         <Trigger Name="KEY-CLRBLK" DirtyInfo="true" TriggerText="NULL;"/>
         <Trigger Name="KEY-CLRREC" DirtyInfo="true" TriggerText="NULL;"/>
         <Trigger Name="KEY-CLRFRM" DirtyInfo="true" TriggerText="NULL;"/>
         <Trigger Name="KEY-DELREC" DirtyInfo="true" TriggerText="NULL;"/>
         <Trigger Name="KEY-ENTQRY" DirtyInfo="true" TriggerText="NULL;"/>
         <Trigger Name="KEY-EXEQRY" DirtyInfo="true" TriggerText="NULL;"/>
         <Trigger Name="KEY-CREREC" DirtyInfo="true" TriggerText="NULL;"/>
         <Trigger Name="KEY-NXTREC" DirtyInfo="true" TriggerText="NULL;"/>
         <Trigger Name="KEY-PRVREC" DirtyInfo="true" TriggerText="NULL;"/>
         <Trigger Name="KEY-SCRDOWN" DirtyInfo="true" TriggerText="NULL;"/>
         <Trigger Name="KEY-SCRUP" DirtyInfo="true" TriggerText="NULL;"/>
         <Trigger Name="KEY-DOWN" DirtyInfo="true" TriggerText="NULL;"/>
         <Trigger Name="KEY-UP" DirtyInfo="true" TriggerText="NULL;"/>
         <Trigger Name="WHEN-NEW-ITEM-INSTANCE" DirtyInfo="true" TriggerText="NULL; -- To ensure the form level trigger does not fire for the buttons"/>
      </Block>
      <Block Name="TITLES" ScrollbarWidth="14" ScrollbarLength="135">
         <Item Name="DSP_TITLE" Justification="Start" TabPageName="" Width="279" MaximumLength="30" ParentModule="CHKDATA" XPosition="105" ParentModuleType="12" YPosition="3" DatabaseItem="false" ParentName="FORM_TITLE_CLASS" DirtyInfo="true" CanvasName="CNV_CONTENT" ParentType="29"/>
         <Item Name="INFO_BUTTON" ValidateFromList="false" LovXPosition="0" Justification="Left" LovYPosition="0" ListStyle="Poplist" Width="20" MaximumLength="30" WrapStyle="Word" AutoSkip="false" BackColor="white" CompressionQuality="None" XPosition="410" YPosition="21" DatabaseItem="false" Bevel="Raised" AutoHint="false" MouseNavigate="false" CanvasName="CNV_HIDE" MultiLine="false" CaseInsensitiveQuery="false" KeyboardNavigable="false" CaseRestriction="Mixed" CheckBoxOtherValues="Not Allowed" ImplementationClass="" OtherValues="exit50" PrimaryKey="false" DirtyInfo="true" DefaultButton="false" QueryAllowed="true" Visible="true" QueryLength="30" DisplayQuality="High" EditXPosition="0" EditYPosition="0" Enabled="true" DistanceBetweenRecords="0" FillPattern="transparent" FixedLength="false" Required="false" FontName="Fixedsys" FontSize="900" FontStyle="Plain" FontWeight="Medium" FontSpacing="Normal" ForegroundColor="black" ItemsDisplay="1" Height="16" ConcealData="false" SizingStyle="Crop" ShowHorizontalScrollbar="false" Iconic="true" IconFilename="b_info_b" TabPageName="" InsertAllowed="true" ItemType="Push Button" DataType="Char" UpdateAllowed="true" UpdateIfNull="false" KeepCursorPosition="false" LockRecord="false" ShowVerticalScrollbar="false">
            <Trigger Name="WHEN-BUTTON-PRESSED" DirtyInfo="true" TriggerText="call_form('TK_EXP');"/>
         </Item>
         <Item Name="PATIENT_NAME_M" ValidateFromList="false" LovXPosition="0" Justification="Start" LovYPosition="0" ListStyle="Poplist" Width="200" MaximumLength="80" WrapStyle="Word" AutoSkip="false" BackColor="white" CompressionQuality="None" XPosition="435" YPosition="24" DatabaseItem="false" Bevel="None" AutoHint="false" MouseNavigate="true" CanvasName="CNV_HIDE" MultiLine="false" CaseInsensitiveQuery="false" KeyboardNavigable="true" CaseRestriction="Mixed" CheckBoxOtherValues="Not Allowed" CheckedValue="" SynchronizedItemName="" OtherValues="" PrimaryKey="false" DirtyInfo="true" DefaultButton="false" QueryAllowed="true" Visible="true" QueryLength="80" DisplayQuality="High" EditXPosition="0" EditYPosition="0" Enabled="true" DistanceBetweenRecords="4364" FixedLength="false" Required="false" FontName="Arial" FontSize="800" FontStyle="Plain" FontWeight="Demilight" FontSpacing="Normal" ForegroundColor="gray96" FormatMask="" Height="12" ConcealData="false" SizingStyle="Crop" ShowHorizontalScrollbar="false" Iconic="false" IconFilename="" TabPageName="" InsertAllowed="true" ItemType="Display Item" CopyValueFromItem="" DataType="Char" UncheckedValue="" UpdateAllowed="true" UpdateIfNull="false" KeepCursorPosition="false" VisualAttributeName="TEXT_ITEM_BPT_RED" LockRecord="false" ShowVerticalScrollbar="false"/>
         <Item Name="HISTORY_BUTTON" Width="19" BackColor="white" XPosition="724" FontName="Arial" YPosition="21" FontSize="1000" FontStyle="Plain" FontWeight="Bold" PromptFontName="Arial" FontSpacing="Normal" ForegroundColor="r100g50b0" MouseNavigate="false" CanvasName="CNV_HIDE" KeyboardNavigable="false" Height="16" Prompt="" Iconic="true" IconFilename="b_lov_b3" TabPageName="" PromptAttachmentOffset="3" PromptAlignOffset="1" PromptFontSize="1000" ItemType="Push Button" ImplementationClass="" DirtyInfo="true" Label="" PromptFontStyle="Plain" PromptFontWeight="Bold" PromptFontSpacing="Normal">
            <Trigger Name="WHEN-BUTTON-PRESSED" DirtyInfo="true" TriggerText="DECLARE&amp;#10;  --&amp;#10;  p_count number;&amp;#10;  --&amp;#10;BEGIN&amp;#10;  --&amp;#10;/*  quick_patient_search_v3.init_search;  -- This will reset the search block.&amp;#10;  --&amp;#10;  :CONT.ID_ITEM   := 'H';&amp;#10;  p_count := count_matching_patients('NOVALIDATE');&#x9;&#x9;&#x9;&#x9;&#x9;&#x9;&amp;#10;  :CONT.COUNT_NO := p_count;&amp;#10;  --&amp;#10;  IF NVL(p_count, 0) = 0 THEN&amp;#10;    --&amp;#10;  &#x9;:CONT.ID_ITEM   := 'C';&amp;#10;  &#x9;GO_ITEM('CONT.PAT_NAME_1');&amp;#10;    do_key('execute_query');&amp;#10;    --&amp;#10;  END IF;&amp;#10;*/ null;  --&amp;#10;END;&#x9;"/>
         </Item>
      </Block>
      <Block Name="LT_FUNCTIONS" DirtyInfo="true" DatabaseBlock="false" ScrollbarWidth="14" ScrollbarLength="135">
         <Item Name="IMG_FUNCTIONS" Width="16" XPosition="79" YPosition="0" DatabaseItem="false" Bevel="None" PromptFontName="Arial" ParentType="29" Height="14" Prompt="Functions" TabPageName="" PromptAttachmentOffset="36" PromptAlignOffset="0" PromptFontSize="900" ItemType="Image" ImageFormat="BMP" ParentModule="PAS_CUI" ParentModuleType="25" ParentName="MENU_ITEM_CLASS" ParentFilename="PAS_CUI.olb" PromptForegroundColor="Allscripts Link Blue" DirtyInfo="true" PromptFontStyle="Plain" PromptFontWeight="Bold" PromptFontSpacing="Normal">
            <Trigger Name="WHEN-MOUSE-CLICK" DirtyInfo="true" TriggerText="HCI_UPGRADE.functions_when_mouse_click;"/>
         </Item>
         <Item Name="NAVIGATE_BUTTON" Justification="Start" TabPageName="" DistanceBetweenRecords="0" Width="80" ItemType="Display Item" PopupMenuName="BOILER_PLATE" ParentModule="PAS_CUI" XPosition="5" ParentModuleType="25" YPosition="20" DatabaseItem="false" ParentName="MENU_ITEM_CLASS" Bevel="None" ParentFilename="PAS_CUI.olb" FontStyle="Plain" DirtyInfo="true" FontSpacing="Normal" KeyboardNavigable="false" ParentType="29">
            <Trigger Name="WHEN-MOUSE-CLICK" DirtyInfo="true" TriggerText="--&amp;#10;-- Steve Pusey 15/4/96&amp;#10;--&amp;#10;-- toggle between navigation and default menus&amp;#10;--&amp;#10;BEGIN&amp;#10;&#x9;oasis_when_mouse_click.when_mouse_click;&amp;#10;&amp;#10;  oasis_menu.toggle_menu;&amp;#10;END;&amp;#10;"/>
         </Item>
         <Item Name="CHKDATAX_BTN" Justification="Start" TabPageName="" Width="80" ItemType="Display Item" PopupMenuName="BOILER_PLATE" ParentModule="PAS_CUI" XPosition="5" ParentModuleType="25" YPosition="38" DatabaseItem="false" ParentName="MENU_ITEM_CLASS" Bevel="None" ParentFilename="PAS_CUI.olb" FontStyle="Plain" DirtyInfo="true" FontSpacing="Normal" KeyboardNavigable="false" ParentType="29">
            <Trigger Name="WHEN-MOUSE-CLICK" DirtyInfo="true" TriggerText="-- Call the export/import screen&amp;#10;-- data   by  change&amp;#10;-- 20/4/00 La  Creation&amp;#10;BEGIN&amp;#10;&#x9;oasis_when_mouse_click.when_mouse_click;&amp;#10;&#x9;&amp;#10;  oasis_call_form_v2('CHKDATAX', NO_HIDE, DO_REPLACE);&amp;#10;END;&amp;#10;"/>
         </Item>
         <Trigger Name="WHEN-NEW-BLOCK-INSTANCE" DirtyInfo="true" TriggerText="READ_IMAGE_FILE(hci_upgrade.g_image_directory || 'pas_expand_menu.gif', 'gif', 'LT_FUNCTIONS.IMG_FUNCTIONS');"/>
         <Trigger Name="WHEN-MOUSE-DOWN" DirtyInfo="true" TriggerText="SET_ITEM_PROPERTY(:SYSTEM.TRIGGER_ITEM,VISUAL_ATTRIBUTE,'WEB_TEXT_BUTTON_CLICK');"/>
         <Trigger Name="WHEN-MOUSE-UP" DirtyInfo="true" TriggerText="SET_ITEM_PROPERTY(:SYSTEM.TRIGGER_ITEM,VISUAL_ATTRIBUTE,'WEB_TEXT_BUTTON');"/>
         <Trigger Name="WHEN-NEW-ITEM-INSTANCE" DirtyInfo="true" TriggerText="NULL;"/>
      </Block>
      <Canvas Name="TOOLBAR_CANVAS" BackColor="patient_live_blue" ParentModule="CHKDATA" ParentModuleType="12" ParentName="TOOLBAR_CANVAS_CLASS" DirtyInfo="true" Width="768" ParentType="29">
         <Graphics Name="LINE372" InternalLineWidth="228" Width="755" EdgeForegroundColor="gray16" FillPattern="none" EdgePattern="Solid" JoinStyle="Bevel" BackColor="patient_live_blue" XPosition="0" YPosition="62" Bevel="None" DirtyInfo="true" GraphicsType="Line" HorizontalMargin="8" ScrollbarWidth="15" VerticalMargin="16" HorizontalObjectOffset="15" Height="0" StartPromptOffset="8"/>
      </Canvas>
      <Canvas Name="CANVAS0" ViewportXPositionOnCanvas="0" ViewportYPositionOnCanvas="0" ShowHorizontalScrollbar="false" CanvasType="Stacked" Width="630" WindowName="MAIN_FORM_WINDOW" Bevel="None" DirtyInfo="true" VisualAttributeName="BACKGROUND_CANVAS_BLUE" Visible="false" DisplayViewport="true" ShowVerticalScrollbar="false" Height="340" ViewportHeight="340" ViewportXPosition="109" ViewportWidth="630" ViewportYPosition="65" RaiseOnEnter="false">
         <Graphics Name="RECT1" InternalLineWidth="113" InternalRotationAngle="0" Width="0" EdgeForegroundColor="black" EdgeBackColor="black" FillPattern="none" EdgePattern="transparent" DashStyle="Solid" CapStyle="Butt" JoinStyle="Mitre" BackColor="white" XPosition="111" YPosition="137" Bevel="None" ForegroundColor="black" GraphicsType="Rectangle" HorizontalMargin="5" ScrollbarWidth="9" VerticalMargin="14" HorizontalObjectOffset="9" Height="0" StartPromptOffset="5"/>
      </Canvas>
      <Canvas Name="C_DATA_LINKS" Width="630" WindowName="MAIN_FORM_WINDOW" ParentModule="CHKDATA" ParentModuleType="12" ParentName="STACKED_CANVAS_CLASS" Bevel="None" DirtyInfo="true" DisplayViewport="true" ParentType="29" Height="300" ViewportHeight="300" ViewportXPosition="109" ViewportWidth="630" ViewportYPosition="100">
         <Graphics Name="GROUP363" DirtyInfo="true" GraphicsType="Group" HorizontalMargin="5" ScrollbarWidth="9" VerticalMargin="14" HorizontalObjectOffset="9" StartPromptOffset="5"/>
         <Graphics Name="SECTION_LINE1" InternalLineWidth="113" Width="601" EdgeForegroundColor="gray16" EdgePattern="solid" JoinStyle="Bevel" BackColor="Line Green" XPosition="6" YPosition="21" Bevel="None" DirtyInfo="true" ForegroundColor="white" GraphicsType="Line" HorizontalMargin="7" ScrollbarWidth="14" VerticalMargin="14" HorizontalObjectOffset="14" Height="0" StartPromptOffset="7"/>
         <Graphics Name="BLUE_CIRCLE1" Width="21" Dither="false" ClipWidth="21" ImageFilename="CHKDATA_C_DATA_LINKS_BLUE_CIRCLE1.tif" ClipHeight="19" XPosition="605" YPosition="3" DirtyInfo="true" GraphicsType="Image" HorizontalMargin="7" ScrollbarWidth="14" VerticalMargin="14" HorizontalObjectOffset="14" Height="19" StartPromptOffset="7"/>
         <Graphics Name="SECTION_NUMBER1" Width="14" FillPattern="none" EdgePattern="none" JoinStyle="Bevel" BackColor="Side Green" XPosition="620" WrapText="false" YPosition="8" BoundingBoxScalable="false" Bevel="None" HorizontalOrigin="Right" HorizontalJustification="Center" ForegroundColor="darkcyan" GraphicsFontWeight="Bold" GraphicsFontSpacing="Normal" GraphicsType="Text" ScrollbarWidth="14" Height="12" GraphicsFontName="Arial" GraphicsFontSize="1000" GraphicsFontStyle="0" GraphicsText="2" DirtyInfo="true" GraphicsFontColor="white" GraphicsFontColorCode="1" HorizontalMargin="7" VerticalMargin="14" HorizontalObjectOffset="14" StartPromptOffset="7">
            <CompoundText Name="CMPTXT207">
               <TextSegment Name="TEXTSTR208" FontName="Arial" FontSize="1000" FontStyle="Plain" DirtyInfo="true" FontWeight="Bold" FontSpacing="Normal" ForegroundColor="white" Text="2"/>
            </CompoundText>
         </Graphics>
      </Canvas>
      <Canvas Name="CNV_CONTENT" BackColor="white" Bevel="None" DirtyInfo="true" ForegroundColor="black" Width="755" WindowName="MAIN_FORM_WINDOW" Height="415" ViewportHeight="324" ViewportWidth="540">
         <Graphics Name="SECTION_LINE1" InternalLineWidth="113" Width="601" EdgeForegroundColor="gray16" EdgePattern="solid" JoinStyle="Bevel" BackColor="Line Green" XPosition="115" YPosition="61" Bevel="None" DirtyInfo="true" ForegroundColor="white" GraphicsType="Line" HorizontalMargin="7" ScrollbarWidth="14" VerticalMargin="14" HorizontalObjectOffset="14" Height="0" StartPromptOffset="7"/>
         <Graphics Name="BLUE_CIRCLE1" Width="21" Dither="false" ClipWidth="21" ImageFilename="CHKDATA_CNV_CONTENT_BLUE_CIRCLE1.tif" ClipHeight="19" XPosition="714" YPosition="43" DirtyInfo="true" GraphicsType="Image" HorizontalMargin="7" ScrollbarWidth="14" VerticalMargin="14" HorizontalObjectOffset="14" Height="19" StartPromptOffset="7"/>
         <Graphics Name="SECTION_NUMBER1" Width="13" FillPattern="none" EdgePattern="none" JoinStyle="Bevel" BackColor="Side Green" XPosition="728" WrapText="false" YPosition="48" BoundingBoxScalable="false" Bevel="None" HorizontalOrigin="Right" HorizontalJustification="Center" ForegroundColor="darkcyan" GraphicsFontWeight="Bold" GraphicsFontSpacing="Normal" GraphicsType="Text" ScrollbarWidth="14" Height="11" GraphicsFontName="Arial" GraphicsFontSize="1000" GraphicsFontStyle="0" GraphicsText="1" DirtyInfo="true" GraphicsFontColor="white" GraphicsFontColorCode="1" HorizontalMargin="7" VerticalMargin="14" HorizontalObjectOffset="14" StartPromptOffset="7">
            <CompoundText Name="CMPTXT207">
               <TextSegment Name="TEXTSTR208" FontName="Arial" FontSize="1000" FontStyle="Plain" DirtyInfo="true" FontWeight="Bold" FontSpacing="Normal" ForegroundColor="white" Text="1"/>
            </CompoundText>
         </Graphics>
      </Canvas>
      <Canvas Name="CNV_HIDE" Bevel="None" DirtyInfo="true" Width="800" Visible="false" WindowName="WND_HIDE" Height="410" ViewportHeight="324" ViewportWidth="540">
         <Graphics Name="PAT_DETAIL_HEADING" Width="72" EdgeForegroundColor="Line Green" FillPattern="none" EdgePattern="none" JoinStyle="Bevel" BackColor="Line Green" XPosition="409" YPosition="3" Bevel="None" HorizontalJustification="Start" ForegroundColor="white" GraphicsFontWeight="Bold" GraphicsFontSpacing="Normal" GraphicsType="Text" ScrollbarWidth="14" Height="10" GraphicsFontName="Arial" GraphicsFontSize="1000" GraphicsFontStyle="0" GraphicsText="Patient Currently Selected" DirtyInfo="true" GraphicsFontColor="darkcyan" GraphicsFontColorCode="41" HorizontalMargin="7" VerticalMargin="14" HorizontalObjectOffset="14" StartPromptOffset="7">
            <CompoundText Name="CMPTXT58">
               <TextSegment Name="TEXTSTR59" FontName="Arial" FontSize="1000" FontStyle="Plain" DirtyInfo="true" FontWeight="Bold" FontSpacing="Normal" ForegroundColor="darkcyan" Text="Patient Currently Selected"/>
            </CompoundText>
         </Graphics>
         <Graphics Name="PAT_DETAIL_UNDERLINE" InternalLineWidth="113" Width="336" EdgeForegroundColor="Line Green" EdgePattern="solid" JoinStyle="Bevel" BackColor="Line Green" XPosition="408" YPosition="17" Bevel="None" DirtyInfo="true" ForegroundColor="white" GraphicsType="Line" HorizontalMargin="7" ScrollbarWidth="14" VerticalMargin="14" HorizontalObjectOffset="14" Height="0" StartPromptOffset="7"/>
      </Canvas>
      <ModuleParameter Name="P_RELEASE" ParentModule="PAS_RELEASE" ParentModuleType="25" ParentName="P_RELEASE" ParentFilename="PAS_RELEASE.olb" DirtyInfo="true" ParentType="13"/>
      <ModuleParameter Name="P_VERSION" DirtyInfo="true" Comment="Used by ABOUT_FORM window, the form version, update after each update" ParameterInitializeValue="0"/>
      <ModuleParameter Name="P_DATE" DirtyInfo="true" Comment="Used by ABOUT_FORM window, the date the form was last updated, update after each update" ParameterInitializeValue="04-NOV-2016"/>
      <ModuleParameter Name="P_TEMPLATE" DirtyInfo="true" Comment="Used by ABOUT_FORM window, the template used to create this form" ParameterInitializeValue="TEMPLATE_V11"/>
      <ModuleParameter Name="P_LOV_CODE" DirtyInfo="true" ParameterDataType="Number"/>
      <ModuleParameter Name="P_LOV_CODE_TYPE" DirtyInfo="true" ParameterDataType="Number"/>
      <ModuleParameter Name="P_LOV_USER_CODE" DirtyInfo="true"/>
      <ModuleParameter Name="P_LOV_DESCRIPTION" DirtyInfo="true"/>
      <ModuleParameter Name="API_VERSION" ParameterInitializeValue="V2.3"/>
      <ModuleParameter Name="P_BREADCRUMB"/>
      <LOV Name="CODES_LOV" DirtyInfo="true" VisualAttributeName="TEXT_ITEM_VA_LOV" AutoPosition="true" Width="400" RecordGroupName="CODES_LOV" Height="300">
         <LOVColumnMapping Name="DESCRIPTION" ReturnItem="PARAMETER.P_LOV_DESCRIPTION" DirtyInfo="true" Title="Description" DisplayWidth="200"/>
         <LOVColumnMapping Name="USER_CODE" ReturnItem="PARAMETER.P_LOV_USER_CODE" DirtyInfo="true" Title="User_Code" DisplayWidth="100"/>
         <LOVColumnMapping Name="CODE" ReturnItem="PARAMETER.P_LOV_CODE" DirtyInfo="true" Title="Code" DisplayWidth="100"/>
      </LOV>
      <Menu Name="BOILER_PLATE" DirtyInfo="true">
         <MenuItem Name="CHANGE_PROMPT" DirtyInfo="true" Label="Change Prompt" MenuItemCode="message('Change Boilerplate prompt');pause;"/>
      </Menu>
      <ProgramUnit Name="INIT_FORM" ProgramUnitText="PACKAGE BODY init_form IS&amp;#10;--&amp;#10;-- steve pusey 2/5/1996&amp;#10;--&amp;#10;-- program units to initialise form&amp;#10;--&amp;#10;-- add code to init_form and init_format_masks program units, add other init procs to the&amp;#10;-- init_form procedure, for example if you write a procedure called init_toolbar then add &amp;#10;-- this to the init_form procedure. The init_form procedure is called from the &amp;#10;-- WHEN-NEW-FORM-INSTANCE trigger&amp;#10;--&amp;#10;&amp;#10;---------------------------------------------------------------------------------------&amp;#10;-- INTERNAL PACKAGE VARIABLES &amp;#10;---------------------------------------------------------------------------------------&amp;#10;&amp;#10;---------------------------------------------------------------------------------------&amp;#10;-- INTERNAL PROGRAM UNITS (DECLARATION)&amp;#10;---------------------------------------------------------------------------------------&amp;#10;&amp;#10;  procedure init_list_items;&amp;#10;  procedure init_format_masks;&amp;#10;&amp;#10;---------------------------------------------------------------------------------------&amp;#10;-- PROGRAM UNITS (CODE)&amp;#10;---------------------------------------------------------------------------------------&amp;#10;&amp;#10;-- ##########################################################################################&amp;#10;&amp;#10;  procedure init_list_items is&amp;#10;  --&amp;#10;  -- initialise list items&amp;#10;  --&amp;#10;  -- date&#x9;by&#x9;&#x9;change&amp;#10;  -- 2/5/1996   Steve Pusey&#x9;Creation of template procedure&amp;#10;  --&amp;#10;  BEGIN&amp;#10;&amp;#10;    -- cut &amp; paste this code&amp;#10;    -- populate_poplist_from_codes ('BLOCK.ITEM', &lt;CODE_TYPE>);&amp;#10;&amp;#10;    null;&amp;#10;  &amp;#10;  END init_list_items;&amp;#10;&amp;#10;-- ##########################################################################################&amp;#10;&amp;#10;  procedure init_format_masks is&amp;#10;  --&amp;#10;  -- set the format masks for date, datetime, and numeric items&amp;#10;  --&amp;#10;  -- date&#x9;by&#x9;&#x9;change&amp;#10;  -- 2/5/1996   Steve Pusey&#x9;Creation of template procedure&amp;#10;  --&amp;#10;  BEGIN&amp;#10;&amp;#10;    -- copy &amp; paste this line&amp;#10;    -- set_format_mask ('BLOCK.ITEM');&amp;#10;&amp;#10;    null;&amp;#10;   &amp;#10;  END init_format_masks;&amp;#10;&amp;#10;-- ##########################################################################################&amp;#10;&amp;#10;  procedure init_form is&amp;#10;  --&amp;#10;  -- initialise form&amp;#10;  --&amp;#10;  -- date&#x9;by&#x9;&#x9;change&amp;#10;  -- 2/5/1996   Steve Pusey&#x9;Creation of template procedure&amp;#10;  --&amp;#10;  &amp;#10;  &#x9;v_ok&#x9;&#x9;&#x9;&#x9;&#x9;&#x9;&#x9;boolean;&amp;#10;  &#x9;v_code&#x9;&#x9;&#x9;&#x9;&#x9;&#x9;number;&amp;#10;&#x9;&#x9;v_query&#x9;&#x9;&#x9;&#x9;&#x9;&#x9;varchar2(1000);&amp;#10;&amp;#10;&#x9;&#x9;cursor c_dl is&amp;#10;&#x9;&#x9;&#x9;select key_type&amp;#10;&#x9;&#x9;&#x9;from checklist_data_links&amp;#10;&#x9;&#x9;&#x9;where checklist_data_link_id = :GLOBAL.CHECKLIST_DATA_LINK_ID;&amp;#10;  &amp;#10;  BEGIN&amp;#10;&amp;#10;    init_list_items;&amp;#10;    init_format_masks;&amp;#10;&amp;#10;&#x9;&#x9;set_item_property ('CHECKLIST_DATA_LINKS.TEST_SQL_BTN', LABEL, :TEXT.BPT_BTN_TEST);&amp;#10;&#x9;&#x9;&amp;#10;&#x9;&#x9;default_value ('', 'GLOBAL.KEY_TYPE');&amp;#10;&#x9;&#x9;default_value ('', 'GLOBAL.CHECKLIST_DATA_LINK_ID');&amp;#10;&#x9;&#x9;&amp;#10;&#x9;&#x9;IF :GLOBAL.CHECKLIST_DATA_LINK_ID IS NOT NULL THEN&amp;#10;&#x9;&#x9;&#x9;&amp;#10;&#x9;&#x9;&#x9;open c_dl;&amp;#10;&#x9;&#x9;&#x9;fetch c_dl into :B_HEADER.KEY_TYPE_B;&amp;#10;&#x9;&#x9;&#x9;close c_dl;&amp;#10;&#x9;&#x9;&#x9;&amp;#10;&#x9;&#x9;&#x9;v_ok := validate_user_code (&amp;#10;&#x9;&#x9;&#x9;&#x9;10190,&amp;#10;&#x9;&#x9;&#x9;&#x9;:B_HEADER.KEY_TYPE_B,&amp;#10;&#x9;&#x9;&#x9;&#x9;v_code,&amp;#10;&#x9;&#x9;&#x9;&#x9;:B_HEADER.KEY_TYPE_DESC,&amp;#10;&#x9;&#x9;&#x9;&#x9;684, -- invalid code, please re-enter&amp;#10;&#x9;&#x9;&#x9;&#x9;'NOVALIDATE'&amp;#10;&#x9;&#x9;&#x9;);&amp;#10;&amp;#10;&#x9;&#x9;&#x9;-- query datalink&amp;#10;&#x9;&#x9;&#x9;v_query := get_block_property ('CHECKLIST_DATA_LINKS', DEFAULT_WHERE);&amp;#10;&#x9;&#x9;&#x9;&amp;#10;&#x9;&#x9;&#x9;set_block_property ('CHECKLIST_DATA_LINKS', DEFAULT_WHERE, &amp;#10;&#x9;&#x9;&#x9;&#x9;'WHERE CHECKLIST_DATA_LINK_ID = :GLOBAL.CHECKLIST_DATA_LINK_ID'&amp;#10;&#x9;&#x9;&#x9;);&amp;#10;&#x9;&#x9;&#x9;&amp;#10;&#x9;&#x9;&#x9;go_block ('CHECKLIST_DATA_LINKS');&amp;#10;&#x9;&#x9;&#x9;do_key ('EXECUTE_QUERY');&amp;#10;&amp;#10;&#x9;&#x9;&#x9;-- reset query&amp;#10;&#x9;&#x9;&#x9;set_block_property ('CHECKLIST_DATA_LINKS', DEFAULT_WHERE, v_query);&amp;#10;&amp;#10;&#x9;&#x9;ELSIF :GLOBAL.KEY_TYPE is NOT NULL THEN&amp;#10;&#x9;&#x9;&#x9;&amp;#10;&#x9;&#x9;&#x9;:B_HEADER.KEY_TYPE_B := :GLOBAL.KEY_TYPE;&amp;#10;&#x9;&#x9;&#x9;&amp;#10;&#x9;&#x9;&#x9;v_ok := validate_user_code (&amp;#10;&#x9;&#x9;&#x9;&#x9;10190,&amp;#10;&#x9;&#x9;&#x9;&#x9;:B_HEADER.KEY_TYPE_B,&amp;#10;&#x9;&#x9;&#x9;&#x9;v_code,&amp;#10;&#x9;&#x9;&#x9;&#x9;:B_HEADER.KEY_TYPE_DESC,&amp;#10;&#x9;&#x9;&#x9;&#x9;684, -- invalid code, please re-enter&amp;#10;&#x9;&#x9;&#x9;&#x9;'NOVALIDATE'&amp;#10;&#x9;&#x9;&#x9;);&amp;#10;&#x9;&#x9;&#x9;&amp;#10;&#x9;&#x9;&#x9;IF v_ok THEN&amp;#10;&#x9;&#x9;&#x9;&#x9;go_block ('CHECKLIST_DATA_LINKS');&amp;#10;&#x9;&#x9;&#x9;&#x9;do_key ('EXECUTE_QUERY');&amp;#10;&#x9;&#x9;&#x9;END IF;&amp;#10;&#x9;&#x9;&#x9;&amp;#10;&#x9;&#x9;END IF;&amp;#10;&#x9;&#x9;&amp;#10;&#x9;&#x9;erase ('GLOBAL.KEY_TYPE');&amp;#10;&#x9;&#x9;erase ('GLOBAL.CHECKLIST_DATA_LINK_ID');&amp;#10;&amp;#10;  END init_form;&amp;#10;&amp;#10;-- ##########################################################################################&amp;#10;&amp;#10;END init_form;" ProgramUnitType="Package Body"/>
      <ProgramUnit Name="INIT_FORM" ProgramUnitText="PACKAGE init_form IS&amp;#10;--&amp;#10;-- steve pusey 2/5/1996&amp;#10;--&amp;#10;-- program units to initialise form&amp;#10;--&amp;#10;&amp;#10;---------------------------------------------------------------------------------------&amp;#10;-- EXTERNAL PACKAGE VARIABLES&amp;#10;---------------------------------------------------------------------------------------&amp;#10;&amp;#10;---------------------------------------------------------------------------------------&amp;#10;-- EXTERNAL PROGRAM UNITS (DECLARATION) &amp;#10;---------------------------------------------------------------------------------------&amp;#10;&amp;#10;  procedure init_form;&amp;#10;&amp;#10;END init_form;" ProgramUnitType="Package Spec"/>
      <PropertyClass Name="BUTTON_CLASS" ParentModule="PAS_OLD" ParentModuleType="25" ParentName="BUTTON_CLASS" ParentFilename="PAS_OLD.olb" DirtyInfo="true" ParentType="29"/>
      <PropertyClass Name="OK_BUTTON_CLASS" ParentModule="PAS_OLD" ParentModuleType="25" ParentName="OK_BUTTON_CLASS" ParentFilename="PAS_OLD.olb" DirtyInfo="true" ParentType="29"/>
      <PropertyClass Name="CANCEL_BUTTON_CLASS" ParentModule="PAS_OLD" ParentModuleType="25" ParentName="CANCEL_BUTTON_CLASS" ParentFilename="PAS_OLD.olb" DirtyInfo="true" ParentType="29"/>
      <PropertyClass Name="TOOLBAR_BUTTON_CLASS" ParentModule="PAS_OLD" ParentModuleType="25" ParentName="TOOLBAR_BUTTON_CLASS" ParentFilename="PAS_OLD.olb" DirtyInfo="true" ParentType="29"/>
      <PropertyClass Name="GOTO_BUTTON_CLASS" ParentModule="PAS_OLD" ParentModuleType="25" ParentName="GOTO_BUTTON_CLASS" ParentFilename="PAS_OLD.olb" DirtyInfo="true" ParentType="29"/>
      <PropertyClass Name="GOBACK_BUTTON_CLASS" ParentModule="PAS_OLD" ParentModuleType="25" ParentName="GOBACK_BUTTON_CLASS" ParentFilename="PAS_OLD.olb" DirtyInfo="true" ParentType="29"/>
      <PropertyClass Name="LOV_BUTTON_CLASS" ParentModule="PAS_OLD" ParentModuleType="25" ParentName="LOV_BUTTON_CLASS" ParentFilename="PAS_OLD.olb" DirtyInfo="true" ParentType="29"/>
      <PropertyClass Name="BPT_CLASS" ParentModule="PAS_OLD" ParentModuleType="25" ParentName="BPT_CLASS" ParentFilename="PAS_OLD.olb" DirtyInfo="true" ParentType="29"/>
      <PropertyClass Name="BPT_BLUE_CLASS" ParentModule="PAS_OLD" ParentModuleType="25" ParentName="BPT_BLUE_CLASS" ParentFilename="PAS_OLD.olb" DirtyInfo="true" ParentType="29"/>
      <PropertyClass Name="BPT_GREY_CLASS" ParentModule="PAS_OLD" ParentModuleType="25" ParentName="BPT_GREY_CLASS" ParentFilename="PAS_OLD.olb" DirtyInfo="true" ParentType="29"/>
      <PropertyClass Name="TEXT_ITEM_CLASS" ParentModule="PAS_OLD" ParentModuleType="25" ParentName="TEXT_ITEM_CLASS" ParentFilename="PAS_OLD.olb" DirtyInfo="true" ParentType="29"/>
      <PropertyClass Name="FORM_TITLE_CLASS" ParentModule="PAS_CUI" ParentModuleType="25" ParentName="FORM_TITLE_CLASS" ParentFilename="PAS_CUI.olb" DirtyInfo="true" ParentType="29"/>
      <PropertyClass Name="TEXT_ITEM_DATE_CLASS" ParentModule="PAS_OLD" ParentModuleType="25" ParentName="TEXT_ITEM_DATE_CLASS" ParentFilename="PAS_OLD.olb" DirtyInfo="true" ParentType="29"/>
      <PropertyClass Name="TEXT_ITEM_NUMBER_CLASS" ParentModule="PAS_OLD" ParentModuleType="25" ParentName="TEXT_ITEM_NUMBER_CLASS" ParentFilename="PAS_OLD.olb" DirtyInfo="true" ParentType="29"/>
      <PropertyClass Name="TOOLBAR_CANVAS_CLASS" ParentModule="PAS_CUI" ParentModuleType="25" ParentName="TOOLBAR_CANVAS_CLASS" ParentFilename="PAS_CUI.olb" DirtyInfo="true" ParentType="29"/>
      <PropertyClass Name="TEXT_ITEM_DATETIME_CLASS" ParentModule="PAS_OLD" ParentModuleType="25" ParentName="TEXT_ITEM_DATETIME_CLASS" ParentFilename="PAS_OLD.olb" DirtyInfo="true" ParentType="29"/>
      <PropertyClass Name="DISPLAY_ITEM_CLASS" ParentModule="PAS_OLD" ParentModuleType="25" ParentName="DISPLAY_ITEM_CLASS" ParentFilename="PAS_OLD.olb" DirtyInfo="true" ParentType="29"/>
      <PropertyClass Name="SECTION_TITLE_CLASS" ParentModule="PAS_CUI" ParentModuleType="25" ParentName="SECTION_TITLE_CLASS" ParentFilename="PAS_CUI.olb" DirtyInfo="true" ParentType="29"/>
      <PropertyClass Name="STACKED_CANVAS_CLASS" ParentModule="PAS_OLD" ParentModuleType="25" ParentName="STACKED_CANVAS_CLASS" ParentFilename="PAS_OLD.olb" DirtyInfo="true" ParentType="29"/>
      <PropertyClass Name="WINDOW_CLASS" ParentModule="PAS_OLD" ParentModuleType="25" ParentName="WINDOW_CLASS" ParentFilename="PAS_OLD.olb" DirtyInfo="true" ParentType="29"/>
      <PropertyClass Name="ID_CLASS" ParentModule="PAS_OLD" ParentModuleType="25" ParentName="ID_CLASS" ParentFilename="PAS_OLD.olb" DirtyInfo="true" ParentType="29"/>
      <RecordGroup Name="CODES_LOV" DirtyInfo="true" RecordGroupFetchSize="0" RecordGroupQuery="select 'NULL' description, null user_code, TO_NUMBER(null) code&amp;#10;from dual&amp;#10;union&amp;#10;select description, user_code, code&amp;#10;from codes&amp;#10;where code_type = :PARAMETER.P_LOV_CODE_TYPE&amp;#10;and active_flag = 'Y'&amp;#10;order by description" RecordGroupType="Query">
         <RecordGroupColumn Name="DESCRIPTION" DirtyInfo="true" ColumnDataType="Character" MaximumLength="80"/>
         <RecordGroupColumn Name="USER_CODE" DirtyInfo="true" ColumnDataType="Character" MaximumLength="15"/>
         <RecordGroupColumn Name="CODE" DirtyInfo="true" ColumnDataType="Number" MaximumLength="23"/>
      </RecordGroup>
      <Trigger Name="WHEN-MOUSE-CLICK" TriggerText="--&amp;#10;-- call stdlib procedure to handle mouse click&amp;#10;-- N.B. standard left button click is not affected &amp;#10;--&amp;#10;-- date&#x9;&#x9;by&#x9;&#x9;change&amp;#10;-- 31-05-1996&#x9;Steve Pusey&#x9;Creation&amp;#10;--&amp;#10;BEGIN&amp;#10;&amp;#10;  oasis_when_mouse_click.when_mouse_click;&amp;#10;&amp;#10;END;"/>
      <Trigger Name="WHEN-NEW-FORM-INSTANCE" TriggerText="--&amp;#10;-- fires when form is entered, PRE-FORM fires before this trigger&amp;#10;--&amp;#10;-- Date&#x9;&#x9;by &#x9;&#x9;change&amp;#10;-- 10/1994&#x9;David Massie&#x9;Creation&amp;#10;-- 1995&#x9;&#x9;Nagy Tharwat&#x9;Upgrade to v9 - moved code into library procedure&amp;#10;-- 2/5/1996&#x9;Steve Pusey&#x9;Upgrade to V10 &amp;#10;--&#x9;&#x9;&#x9;&#x9;- versions into oasis_new_form_instance&amp;#10;--&#x9;&#x9;&#x9;&#x9;- Tidied code and added comments&amp;#10;--&amp;#10;&amp;#10;DECLARE&amp;#10;&amp;#10;  v_error_no             number(4); -- returned from oasis_new_form_instance&amp;#10;&amp;#10;BEGIN&amp;#10;&amp;#10;  -- version 2 form (gets bpt and window titles fromm files)&amp;#10;  oasis_new_form_instance_v2(v_error_no, 2); &amp;#10;&amp;#10;  if v_error_no > 0 then&amp;#10;    display_alert ('ERROR_ALERT', v_error_no);&amp;#10;    exit_form (NO_VALIDATE);&amp;#10;  end if;&amp;#10;&amp;#10;-- *** Insert additional code into init_form package ***&amp;#10;&amp;#10;  init_form.init_form;&amp;#10;  &amp;#10;  hci_upgrade.pr_initialise_images;&amp;#10;&amp;#10;END;"/>
      <Trigger Name="ON-MESSAGE" TriggerText="--&amp;#10;-- steve pusey 19/4/96&amp;#10;--&amp;#10;BEGIN&amp;#10;&amp;#10;  oasis_standard_procs.on_message;&amp;#10;&amp;#10;END;"/>
      <Trigger Name="ON-ERROR" TriggerText="--&amp;#10;-- steve pusey 19/4/96&amp;#10;--&amp;#10;BEGIN&amp;#10;&amp;#10;&#x9;oasis_standard_procs.on_error;&amp;#10;&amp;#10;END;"/>
      <Trigger Name="WHEN-WINDOW-CLOSED" DirtyInfo="true"/>
      <Trigger Name="PRE_BLOCK" DirtyInfo="true" FireInQuery="true" TriggerText="/* This trigger resets the 40352_count global to allow the Last line of query message to be displayed */&amp;#10;begin&amp;#10;  :GLOBAL.40352_COUNT := 0;&amp;#10;end;" DisplayInKeyboardHelp="false"/>
      <Trigger Name="WHEN-TIMER-EXPIRED" TriggerText="Button_Hint;"/>
      <Trigger Name="PRE_QUERY" DirtyInfo="true" FireInQuery="true" TriggerText="/* This trigger resets the 40352_count global to allow the Last line of query message to be displayed */&amp;#10;begin&amp;#10;  :GLOBAL.40352_COUNT := 0;&amp;#10;end;" DisplayInKeyboardHelp="false"/>
      <Trigger Name="POST-FORM" DirtyInfo="true" TriggerText="/* This trigger clears the Global variables used within the form */&amp;#10;begin&amp;#10;&#x9;sqa_exit_handler;&amp;#10;  erase('GLOBAL.ROOT_WINDOW_NAME');&amp;#10;  erase('GLOBAL.LAST_ITEM');&amp;#10;end;&amp;#10;"/>
      <Trigger Name="EASY_BUTTON_TRIGGER" TriggerText="NULL;"/>
      <Trigger Name="DRILLDN_BUTTON_TRIGGER" TriggerText="NULL;"/>
      <Trigger Name="KEY-CLRFRM" ParentModule="PAS_CUI" ParentModuleType="25" ParentName="KEY-CLRFRM" ParentFilename="PAS_CUI.olb" DirtyInfo="true" ParentType="37"/>
      <Trigger Name="KEY-CLRREC" TriggerText="clear_record;" DisplayInKeyboardHelp="true"/>
      <Trigger Name="KEY-CLRBLK" TriggerText="clear_block;" DisplayInKeyboardHelp="true"/>
      <Trigger Name="KEY-COMMIT" TriggerText="commit_form;" DisplayInKeyboardHelp="true"/>
      <Trigger Name="KEY-CQUERY" TriggerText="count_query;" DisplayInKeyboardHelp="true"/>
      <Trigger Name="KEY-CREREC" TriggerText="create_record;" DisplayInKeyboardHelp="true"/>
      <Trigger Name="KEY-DELREC" TriggerText="null;" DisplayInKeyboardHelp="true"/>
      <Trigger Name="KEY-DOWN" TriggerText="down;" DisplayInKeyboardHelp="true"/>
      <Trigger Name="KEY-DUP-ITEM" DirtyInfo="true" KeyboardHelpText="Record Error" TriggerText="--&amp;#10;-- steve pusey 22/4/96&amp;#10;--&amp;#10;BEGIN&amp;#10;&amp;#10;  oasis_standard_procs.key_dupitem_trigger;&amp;#10;&amp;#10;END;" DisplayInKeyboardHelp="true"/>
      <Trigger Name="KEY-DUPREC" TriggerText="duplicate_record;" DisplayInKeyboardHelp="true"/>
      <Trigger Name="KEY-EDIT" TriggerText="EDIT_TEXTITEM;" DisplayInKeyboardHelp="true"/>
      <Trigger Name="KEY-ENTER" TriggerText="null;" DisplayInKeyboardHelp="true"/>
      <Trigger Name="KEY-ENTQRY" TriggerText="enter_query;" DisplayInKeyboardHelp="true"/>
      <Trigger Name="KEY-EXEQRY" TriggerText="execute_query;" DisplayInKeyboardHelp="true"/>
      <Trigger Name="KEY-EXIT" TriggerText="--&amp;#10;-- fires when form is exited&amp;#10;--&amp;#10;-- Date&#x9;&#x9;by &#x9;&#x9;change&amp;#10;-- 10/1994&#x9;David Massie&#x9;Creation&amp;#10;-- 1995&#x9;&#x9;Nagy Tharwat&#x9;Upgrade to v9 - moved code into library procedure&amp;#10;-- 2/5/1996&#x9;Steve Pusey&#x9;Upgrade to V10 &amp;#10;--&#x9;&#x9;&#x9;&#x9;- removed code to check for system.mode = 'ENTER-QUERY', I can't&amp;#10;--&#x9;&#x9;&#x9;&#x9;- see why this code is not in the library !&amp;#10;--&amp;#10;BEGIN&amp;#10;   &amp;#10;  oasis_exit_form;&amp;#10;&amp;#10;END;" DisplayInKeyboardHelp="true"/>
      <Trigger Name="KEY-HELP" TriggerText="GET_HELP;" DisplayInKeyboardHelp="true"/>
      <Trigger Name="KEY-LISTVAL" TriggerText="list_values;" DisplayInKeyboardHelp="true"/>
      <Trigger Name="KEY-NEXT-ITEM" TriggerText="replace_t_with_current_date;&amp;#10;next_item;" DisplayInKeyboardHelp="true"/>
      <Trigger Name="KEY-NXTREC" TriggerText="next_record;" DisplayInKeyboardHelp="true"/>
      <Trigger Name="KEY-NXTSET" TriggerText="next_set;" DisplayInKeyboardHelp="true"/>
      <Trigger Name="KEY-OTHERS" TriggerText="NULL;" DisplayInKeyboardHelp="true"/>
      <Trigger Name="KEY-PREV-ITEM" TriggerText="replace_t_with_current_date;&amp;#10;PREVIOUS_ITEM;" DisplayInKeyboardHelp="true"/>
      <Trigger Name="KEY-PRINT" TriggerText="print;" DisplayInKeyboardHelp="true"/>
      <Trigger Name="KEY-PRVREC" TriggerText="PREVIOUS_RECORD;" DisplayInKeyboardHelp="true"/>
      <Trigger Name="KEY-SCRDOWN" TriggerText="SCROLL_DOWN;" DisplayInKeyboardHelp="true"/>
      <Trigger Name="KEY-SCRUP" TriggerText="SCROLL_UP;" DisplayInKeyboardHelp="true"/>
      <Trigger Name="KEY-UP" TriggerText="UP;" DisplayInKeyboardHelp="true"/>
      <Trigger Name="WHEN-NEW-ITEM-INSTANCE" DirtyInfo="true" TriggerText="/* This trigger activates the hint message for the associated item */&amp;#10;begin&amp;#10;  :global.last_item := :system.trigger_item;&amp;#10;  display_text_hint;&amp;#10;end;&amp;#10;"/>
      <Trigger Name="WHEN-MOUSE-ENTER" DirtyInfo="true" TriggerText="sqa_mouse_handler;"/>
      <Trigger Name="WHEN-WINDOW-RESIZED" DirtyInfo="true" TriggerText="sqa_evt_handler;"/>
      <Trigger Name="WHEN-CUSTOM-ITEM-EVENT" DirtyInfo="true" TriggerText="if :system.custom_item_event = 'TIMEOUT' then&amp;#10;  process_timeout;     -- call the procedure in stdlib&amp;#10;end if;"/>
      <VisualAttribute Name="PINKBACK_VA" ParentModule="PAS_OLD" ParentModuleType="25" ParentName="PINKBACK_VA" ParentFilename="PAS_OLD.olb" DirtyInfo="true" ParentType="39"/>
      <VisualAttribute Name="GREYBACK_VA" ParentModule="PAS_OLD" ParentModuleType="25" ParentName="GREYBACK_VA" ParentFilename="PAS_OLD.olb" DirtyInfo="true" ParentType="39"/>
      <VisualAttribute Name="LBLUEBACK_VA" ParentModule="PAS_OLD" ParentModuleType="25" ParentName="LBLUEBACK_VA" ParentFilename="PAS_OLD.olb" DirtyInfo="true" ParentType="39"/>
      <VisualAttribute Name="SECTION_TITLE_VA" ParentModule="PAS_CUI" ParentModuleType="25" ParentName="SECTION_TITLE_VA" ParentFilename="PAS_CUI.olb" DirtyInfo="true" ParentType="39"/>
      <VisualAttribute Name="AMBERBACK_VA" ParentModule="PAS_OLD" ParentModuleType="25" ParentName="AMBERBACK_VA" ParentFilename="PAS_OLD.olb" DirtyInfo="true" ParentType="39"/>
      <VisualAttribute Name="GREENBACK_VA" ParentModule="PAS_OLD" ParentModuleType="25" ParentName="GREENBACK_VA" ParentFilename="PAS_OLD.olb" DirtyInfo="true" ParentType="39"/>
      <VisualAttribute Name="REDBACK_VA" ParentModule="PAS_OLD" ParentModuleType="25" ParentName="REDBACK_VA" ParentFilename="PAS_OLD.olb" DirtyInfo="true" ParentType="39"/>
      <VisualAttribute Name="FORM_TITLE_VA" ParentModule="PAS_CUI" ParentModuleType="25" ParentName="FORM_TITLE_VA" ParentFilename="PAS_CUI.olb" DirtyInfo="true" ParentType="39"/>
      <VisualAttribute Name="DISP_TRAFFIC_AMBER_BTN" ParentModule="PAS_OLD" ParentModuleType="25" ParentName="DISP_TRAFFIC_AMBER_BTN" ParentFilename="PAS_OLD.olb" DirtyInfo="true" ParentType="39"/>
      <VisualAttribute Name="MENU_TEXT_ITEMS_VA" ParentModule="PAS_CUI" ParentModuleType="25" ParentName="MENU_TEXT_ITEMS_VA" ParentFilename="PAS_CUI.olb" DirtyInfo="true" ParentType="39"/>
      <VisualAttribute Name="DISP_TRAFFIC_GREEN_BTN" ParentModule="PAS_OLD" ParentModuleType="25" ParentName="DISP_TRAFFIC_GREEN_BTN" ParentFilename="PAS_OLD.olb" DirtyInfo="true" ParentType="39"/>
      <VisualAttribute Name="DISP_TRAFFIC_RED_BTN" ParentModule="PAS_OLD" ParentModuleType="25" ParentName="DISP_TRAFFIC_RED_BTN" ParentFilename="PAS_OLD.olb" DirtyInfo="true" ParentType="39"/>
      <VisualAttribute Name="DEFAULT_ATTRIBUTE" BackColor="white" FontName="Arial" FontSize="900" FontStyle="Plain" FontWeight="Bold" FontSpacing="Normal" ForegroundColor="blue" FillPattern="transparent"/>
      <VisualAttribute Name="BACKGROUND_CANVAS_BLUE" ParentModule="PAS_OLD" ParentModuleType="25" ParentName="BACKGROUND_CANVAS_BLUE" ParentFilename="PAS_OLD.olb" DirtyInfo="true" ParentType="39"/>
      <VisualAttribute Name="BACKGROUND_CANVAS" ParentModule="PAS_OLD" ParentModuleType="25" ParentName="BACKGROUND_CANVAS" ParentFilename="PAS_OLD.olb" DirtyInfo="true" ParentType="39"/>
      <VisualAttribute Name="TEXT_ITEM_BPT" ParentModule="PAS_OLD" ParentModuleType="25" ParentName="TEXT_ITEM_BPT" ParentFilename="PAS_OLD.olb" DirtyInfo="true" ParentType="39"/>
      <VisualAttribute Name="TEXT_ITEM_BPT_GREY" ParentModule="PAS_OLD" ParentModuleType="25" ParentName="TEXT_ITEM_BPT_GREY" ParentFilename="PAS_OLD.olb" DirtyInfo="true" ParentType="39"/>
      <VisualAttribute Name="TEXT_ITEM_VA" ParentModule="PAS_OLD" ParentModuleType="25" ParentName="TEXT_ITEM_VA" ParentFilename="PAS_OLD.olb" DirtyInfo="true" ParentType="39"/>
      <VisualAttribute Name="CURR_ITEM_VA" ParentModule="PAS_OLD" ParentModuleType="25" ParentName="CURR_ITEM_VA" ParentFilename="PAS_OLD.olb" DirtyInfo="true" ParentType="39"/>
      <VisualAttribute Name="SOLID_GREY_VA" ParentModule="PAS_OLD" ParentModuleType="25" ParentName="SOLID_GREY_VA" ParentFilename="PAS_OLD.olb" DirtyInfo="true" ParentType="39"/>
      <VisualAttribute Name="DISP_RED" ParentModule="PAS_OLD" ParentModuleType="25" ParentName="DISP_RED" ParentFilename="PAS_OLD.olb" DirtyInfo="true" ParentType="39"/>
      <VisualAttribute Name="DISP_RED2" ParentModule="PAS_OLD" ParentModuleType="25" ParentName="DISP_RED2" ParentFilename="PAS_OLD.olb" DirtyInfo="true" ParentType="39"/>
      <VisualAttribute Name="DISP_GREEN" ParentModule="PAS_OLD" ParentModuleType="25" ParentName="DISP_GREEN" ParentFilename="PAS_OLD.olb" DirtyInfo="true" ParentType="39"/>
      <VisualAttribute Name="DISP_GREEN2" ParentModule="PAS_OLD" ParentModuleType="25" ParentName="DISP_GREEN2" ParentFilename="PAS_OLD.olb" DirtyInfo="true" ParentType="39"/>
      <VisualAttribute Name="SOLID_BLUE_VA" ParentModule="PAS_OLD" ParentModuleType="25" ParentName="SOLID_BLUE_VA" ParentFilename="PAS_OLD.olb" DirtyInfo="true" ParentType="39"/>
      <VisualAttribute Name="SOLID_PINK_VA" ParentModule="PAS_OLD" ParentModuleType="25" ParentName="SOLID_PINK_VA" ParentFilename="PAS_OLD.olb" DirtyInfo="true" ParentType="39"/>
      <VisualAttribute Name="WEB_BTN" BackColor="white" FontName="Arial" FontSize="900" FontStyle="Plain" FontWeight="Medium" FontSpacing="Normal"/>
      <VisualAttribute Name="WEB_TEXT_BUTTON" ParentModule="PAS_CUI" ParentModuleType="25" ParentName="WEB_TEXT_BUTTON" ParentFilename="PAS_CUI.olb" DirtyInfo="true" ParentType="39"/>
      <VisualAttribute Name="WEB_TEXT_BUTTON_CLICK" ParentModule="PAS_CUI" ParentModuleType="25" ParentName="WEB_TEXT_BUTTON_CLICK" ParentFilename="PAS_CUI.olb" DirtyInfo="true" ParentType="39"/>
      <VisualAttribute Name="WEB_BPT_WINGDINGS" BackColor="white" FontName="Wingdings" FontSize="1400" FontStyle="Plain" FontWeight="Medium" FontSpacing="Normal" ForegroundColor="Top Blue"/>
      <VisualAttribute Name="V7_VA_TOOLTIP" BackColor="r100g100b88" FontName="Arial" FontSize="900" FontStyle="Plain" FontWeight="Medium" FontSpacing="Normal" ForegroundColor="Black"/>
      <VisualAttribute Name="MENU_TEXT_ITEMS" BackColor="Side Green" FontName="Arial" VisualAttributeType="Common" FontSize="900" DirtyInfo="true" FontWeight="Bold" ForegroundColor="darkcyan"/>
      <VisualAttribute Name="MENU_TEXT_ITEMS_INV" BackColor="darkcyan" FontName="Arial" VisualAttributeType="Common" FontSize="900" DirtyInfo="true" FontWeight="Bold" ForegroundColor="Side Green"/>
      <VisualAttribute Name="MENU_PROMPT" VisualAttributeType="Prompt" PromptForegroundColor="darkgray" DirtyInfo="true" PromptFontName="Arial" PromptFontSize="900" PromptFontStyle="Plain" PromptFontWeight="Bold" PromptFontSpacing="Normal"/>
      <VisualAttribute Name="TEXT_ITEM_VA_LOV" ParentModule="PAS_OLD" ParentModuleType="25" ParentName="TEXT_ITEM_VA_LOV" ParentFilename="PAS_OLD.olb" DirtyInfo="true" ParentType="39"/>
      <Window Name="MAIN_FORM_WINDOW" ShowHorizontalScrollbar="false" HorizontalToolbarCanvasName="TOOLBAR_CANVAS" ClearAllowed="true" MinimizeAllowed="true" Title="Template Form - Root Window Title" Width="755" InheritMenu="true" WindowStyle="Document" ResizeAllowed="true" PrimaryCanvas="CNV_CONTENT" HideOnExit="false" XPosition="0" YPosition="0" Bevel="None" MaximizeAllowed="true" DirtyInfo="true" VisualAttributeName="DEFAULT" Modal="false" MoveAllowed="true" ShowVerticalScrollbar="false" Height="480"/>
      <Window Name="WND_HIDE" Width="540" Height="324"/>
      <ObjectGroup Name="ACTIONS_OG" ParentModule="PAS_CUI" ParentModuleType="25" ParentName="ACTIONS_OG" ParentFilename="PAS_CUI.olb" DirtyInfo="true" ParentType="23">
         <ObjectGroupChild Name="C_ACTIONS" SubclassSubObject="true"/>
         <ObjectGroupChild Name="C_BASE" SubclassSubObject="true"/>
         <ObjectGroupChild Name="C_FUNCTIONS" SubclassSubObject="true"/>
         <ObjectGroupChild Name="MENU_CANVAS_CLASS" SubclassSubObject="true"/>
         <ObjectGroupChild Name="MENU_CANVAS_VA" SubclassSubObject="true"/>
         <ObjectGroupChild Name="MENU_ITEM_CLASS" SubclassSubObject="true"/>
         <ObjectGroupChild Name="TOP_MENU" SubclassSubObject="true"/>
         <ObjectGroupChild Name="LT_TOOLBAR_MAIN" SubclassSubObject="true"/>
         <ObjectGroupChild Name="HCI_UPGRADE" SubclassSubObject="true"/>
         <ObjectGroupChild Name="HCI_UPGRADE" SubclassSubObject="true"/>
         <ObjectGroupChild Name="LHM_RESET_CANVAS_STACK" SubclassSubObject="true"/>
         <ObjectGroupChild Name="LOCAL_RESET_CANVAS_STACK" SubclassSubObject="true"/>
      </ObjectGroup>
      <ObjectGroup Name="KEY_TRIGGERS" DirtyInfo="true" ObjectGroupType="22">
         <ObjectGroupChild Name="KEY-CLRFRM" Type="Trigger"/>
         <ObjectGroupChild Name="KEY-CLRBLK" Type="Trigger"/>
         <ObjectGroupChild Name="KEY-CLRREC" Type="Trigger"/>
         <ObjectGroupChild Name="KEY-COMMIT" Type="Trigger"/>
         <ObjectGroupChild Name="KEY-CQUERY" Type="Trigger"/>
         <ObjectGroupChild Name="KEY-CREREC" Type="Trigger"/>
         <ObjectGroupChild Name="KEY-DELREC" Type="Trigger"/>
         <ObjectGroupChild Name="KEY-DOWN" Type="Trigger"/>
         <ObjectGroupChild Name="KEY-DUP-ITEM" Type="Trigger"/>
         <ObjectGroupChild Name="KEY-DUPREC" Type="Trigger"/>
         <ObjectGroupChild Name="KEY-EDIT" Type="Trigger"/>
         <ObjectGroupChild Name="KEY-ENTER" Type="Trigger"/>
         <ObjectGroupChild Name="KEY-ENTQRY" Type="Trigger"/>
         <ObjectGroupChild Name="KEY-EXEQRY" Type="Trigger"/>
         <ObjectGroupChild Name="KEY-LISTVAL" Type="Trigger"/>
         <ObjectGroupChild Name="KEY-NEXT-ITEM" Type="Trigger"/>
         <ObjectGroupChild Name="KEY-NXTREC" Type="Trigger"/>
         <ObjectGroupChild Name="KEY-NXTSET" Type="Trigger"/>
         <ObjectGroupChild Name="KEY-OTHERS" Type="Trigger"/>
         <ObjectGroupChild Name="KEY-PREV-ITEM" Type="Trigger"/>
         <ObjectGroupChild Name="KEY-PRINT" Type="Trigger"/>
         <ObjectGroupChild Name="KEY-PRVREC" Type="Trigger"/>
         <ObjectGroupChild Name="KEY-SCRDOWN" Type="Trigger"/>
         <ObjectGroupChild Name="KEY-SCRUP" Type="Trigger"/>
         <ObjectGroupChild Name="KEY-UP" Type="Trigger"/>
      </ObjectGroup>
      <ObjectGroup Name="ABOUT_FORM_PARAMETERS" DirtyInfo="true" ObjectGroupType="22">
         <ObjectGroupChild Name="P_TEMPLATE" Type="ModuleParameter"/>
         <ObjectGroupChild Name="P_VERSION" Type="ModuleParameter"/>
         <ObjectGroupChild Name="P_DATE" Type="ModuleParameter"/>
      </ObjectGroup>
      <ObjectGroup Name="ON_TRIGGERS" DirtyInfo="true" ObjectGroupType="22">
         <ObjectGroupChild Name="ON-MESSAGE" Type="Trigger"/>
         <ObjectGroupChild Name="ON-ERROR" Type="Trigger"/>
      </ObjectGroup>
   </FormModule>
</Module>
