<?xml version = '1.0' encoding = 'UTF-8'?>
<Module version="122010300" xmlns="http://xmlns.oracle.com/Forms">
   <FormModule Name="CHKREMOV" CursorMode="Open" InitializeMenu="DEFAULTMENUAPP" Use3dControls="true" RuntimeComp="5.0" ValidationUnit="Default" DirtyInfo="true" MouseNavigationLimit="Form" SavepointMode="true" HorizontalToolbarCanvas=" " ConsoleWindow="MAIN_FORM_WINDOW" MenuModule="OASIS">
      <Coordinate CharacterCellWidth="7" RealUnit="Point" DefaultFontScaling="false" CharacterCellHeight="16" CoordinateSystem="Real"/>
      <Alert Name="STANDARD_ALERT" Button1Label="OK" VisualAttributeName="DEFAULT" Button2Label="" DefaultAlertButton="Button 1" AlertStyle="Note"/>
      <Alert Name="WARNING_ALERT" Button1Label="OK" VisualAttributeName="DEFAULT" Button2Label="" DefaultAlertButton="Button 1" AlertStyle="Caution"/>
      <Alert Name="ERROR_ALERT" Button1Label="OK" VisualAttributeName="DEFAULT" Button2Label="" DefaultAlertButton="Button 1" AlertStyle="Stop"/>
      <Alert Name="QUESTION_ALERT" Button1Label="Yes" VisualAttributeName="DEFAULT" Button2Label="No" DefaultAlertButton="Button 1" AlertStyle="Stop"/>
      <Block Name="BUTTONS" DirtyInfo="true" DatabaseBlock="false" ScrollbarWidth="14" ScrollbarLength="135">
         <Item Name="CLOSE_BTN" ValidateFromList="false" LovXPosition="0" Justification="Center" LovYPosition="0" ListStyle="Poplist" Width="70" MaximumLength="30" WrapStyle="Word" AutoSkip="false" CompressionQuality="None" XPosition="415" YPosition="359" DatabaseItem="false" Bevel="None" AutoHint="false" MouseNavigate="false" CanvasName="CNV_CONTENT" MultiLine="false" CaseInsensitiveQuery="false" KeyboardNavigable="false" CaseRestriction="Mixed" CheckBoxOtherValues="Not Allowed" OtherValues="afprvr20" PrimaryKey="false" DirtyInfo="true" DefaultButton="false" QueryAllowed="true" Visible="true" QueryLength="30" DisplayQuality="High" EditXPosition="0" EditYPosition="0" Enabled="true" DistanceBetweenRecords="0" FillPattern="transparent" FixedLength="false" Required="false" ItemsDisplay="1" Height="14" ConcealData="false" SizingStyle="Crop" ShowHorizontalScrollbar="false" Iconic="true" IconFilename="afprvr20" InsertAllowed="true" ItemType="Display Item" DataType="Char" UpdateAllowed="true" UpdateIfNull="false" KeepCursorPosition="false" VisualAttributeName="WEB_TEXT_BUTTON" Label="Prev Rec" LockRecord="false" ShowVerticalScrollbar="false" LovName="">
            <Trigger Name="WHEN-MOUSE-CLICK" DirtyInfo="true" TriggerText="oasis_when_mouse_click.when_mouse_click;  &amp;#10;oasis_exit_form;&amp;#10;"/>
         </Item>
         <Item Name="SUBMIT_BTN" ValidateFromList="false" LovXPosition="0" Justification="Center" LovYPosition="0" ListStyle="Poplist" Width="70" MaximumLength="30" WrapStyle="Word" AutoSkip="false" CompressionQuality="None" XPosition="486" YPosition="359" DatabaseItem="false" Bevel="None" AutoHint="false" MouseNavigate="false" CanvasName="CNV_CONTENT" MultiLine="false" CaseInsensitiveQuery="false" KeyboardNavigable="false" CaseRestriction="Mixed" CheckBoxOtherValues="Not Allowed" OtherValues="afprvr20" PrimaryKey="false" DirtyInfo="true" DefaultButton="false" QueryAllowed="true" Visible="true" QueryLength="30" DisplayQuality="High" EditXPosition="0" EditYPosition="0" Enabled="true" DistanceBetweenRecords="0" FillPattern="transparent" FixedLength="false" Required="false" ItemsDisplay="1" Height="14" ConcealData="false" SizingStyle="Crop" ShowHorizontalScrollbar="false" Iconic="true" IconFilename="afprvr20" InsertAllowed="true" ItemType="Display Item" DataType="Char" InitializeValue="Close" UpdateAllowed="true" UpdateIfNull="false" KeepCursorPosition="false" VisualAttributeName="WEB_TEXT_BUTTON" Label="Prev Rec" LockRecord="false" ShowVerticalScrollbar="false" LovName="">
            <Trigger Name="WHEN-MOUSE-CLICK" DirtyInfo="true" TriggerText="declare&amp;#10;&#x9;vc_message varchar2(1000);&amp;#10;begin&amp;#10;oasis_when_mouse_click.when_mouse_click;  &amp;#10;go_block('CHECK_LIST_KEY_LINKS');&amp;#10;first_record;&amp;#10;LOOP&#x9;&amp;#10;&#x9;IF :CHECK_LIST_KEY_LINKS.REMOVE_FLAG = 'Y' THEN&amp;#10;&#x9;&#x9;&#x9;OASDATASET_PACKAGE.removeAnsweredDataset(&amp;#10;    &#x9;:CHECK_LIST_KEY_LINKS.CHECK_ANSWER_MASTER_ID&amp;#10;   &#x9;&#x9;,:CHECK_LIST_KEY_LINKS.AMEND_BY_USER&amp;#10;   &#x9;&#x9;,vc_message&amp;#10;   &#x9;&#x9;);    &amp;#10;&#x9;&#x9;&#x9;IF vc_message &lt;> 'OK' THEN&amp;#10;&#x9;&#x9;&#x9;&#x9;display_standard_alert(vc_message);&amp;#10;&#x9;&#x9;&#x9;&#x9;raise form_trigger_failure;&#x9;&amp;#10;&#x9;&#x9;&#x9;END IF;&#x9;   &#x9;   &amp;#10;&#x9;END IF;&amp;#10;&#x9;IF (:System.Last_Record = 'TRUE') THEN&amp;#10;     exit;&amp;#10;  ELSE    &amp;#10;&#x9;&#x9;next_record;  &#x9;&#x9;&amp;#10;  END IF;    &amp;#10;END LOOP;&amp;#10;:system.message_level := 10;&amp;#10;commit_form;&amp;#10;:system.message_level := 0;&amp;#10;execute_query;&amp;#10;end;&amp;#10;&amp;#10;"/>
         </Item>
         <Item Name="SELECT_ALL_BTN" ValidateFromList="false" LovXPosition="0" Justification="Center" LovYPosition="0" ListStyle="Poplist" Width="70" MaximumLength="30" WrapStyle="Word" AutoSkip="false" CompressionQuality="None" XPosition="557" YPosition="359" DatabaseItem="false" Bevel="None" AutoHint="false" MouseNavigate="false" CanvasName="CNV_CONTENT" MultiLine="false" CaseInsensitiveQuery="false" KeyboardNavigable="false" CaseRestriction="Mixed" CheckBoxOtherValues="Not Allowed" OtherValues="afprvr20" PrimaryKey="false" DirtyInfo="true" DefaultButton="false" QueryAllowed="true" Visible="true" QueryLength="30" DisplayQuality="High" EditXPosition="0" EditYPosition="0" Enabled="true" DistanceBetweenRecords="0" FillPattern="transparent" FixedLength="false" Required="false" ItemsDisplay="1" Height="14" ConcealData="false" SizingStyle="Crop" ShowHorizontalScrollbar="false" Iconic="true" IconFilename="afprvr20" InsertAllowed="true" ItemType="Display Item" DataType="Char" InitializeValue="Close" UpdateAllowed="true" UpdateIfNull="false" KeepCursorPosition="false" VisualAttributeName="WEB_TEXT_BUTTON" Label="Prev Rec" LockRecord="false" ShowVerticalScrollbar="false" LovName="">
            <Trigger Name="WHEN-MOUSE-CLICK" DirtyInfo="true" TriggerText="--&amp;#10;-- date&#x9;&#x9;&#x9;&#x9;&#x9;by&#x9;&#x9;&#x9;&#x9;&#x9;change&amp;#10;-- 02/08/2010&#x9;&#x9;Vanitha M&#x9;&#x9;NSPEC 598 Changes - Select All Link&amp;#10;BEGIN&amp;#10;&amp;#10;&#x9;oasis_when_mouse_click.when_mouse_click;  &amp;#10;  &amp;#10;&#x9;go_block('CHECK_LIST_KEY_LINKS');&amp;#10;  first_record;&amp;#10;  LOOP&amp;#10;  &#x9;:CHECK_LIST_KEY_LINKS.REMOVE_FLAG := 'Y';&amp;#10;    IF(:System.Last_Record = 'TRUE') THEN&amp;#10;      exit;&amp;#10;    ELSE  &amp;#10;      next_record;  &amp;#10;    END IF;    &amp;#10;    &amp;#10;  END LOOP;&amp;#10;&amp;#10;END;"/>
         </Item>
         <Trigger Name="WHEN-MOUSE-DOWN" DirtyInfo="true" TriggerText="--SET_ITEM_PROPERTY(:SYSTEM.TRIGGER_ITEM,VISUAL_ATTRIBUTE,'WEB_TEXT_BUTTON_CLICK');&amp;#10;null;"/>
         <Trigger Name="WHEN-MOUSE-UP" DirtyInfo="true" TriggerText="/*SET_ITEM_PROPERTY(:SYSTEM.TRIGGER_ITEM, VISUAL_ATTRIBUTE, 'WEB_TEXT_BUTTON');&amp;#10;DEFAULT_VALUE(NULL,'GLOBAL.LAST_ITEM');&amp;#10;IF :global.last_item IS NOT NULL THEN&amp;#10;&#x9;GO_ITEM(:global.last_item);&amp;#10;END IF;&amp;#10;&amp;#10;*/&amp;#10;&amp;#10;NULL;"/>
         <Trigger Name="KEY-CLRBLK" DirtyInfo="true" TriggerText="NULL;"/>
         <Trigger Name="KEY-CLRREC" DirtyInfo="true" TriggerText="NULL;"/>
         <Trigger Name="KEY-CLRFRM" DirtyInfo="true" TriggerText="NULL;"/>
         <Trigger Name="KEY-DELREC" DirtyInfo="true" TriggerText="NULL;"/>
         <Trigger Name="KEY-ENTQRY" DirtyInfo="true" TriggerText="NULL;"/>
         <Trigger Name="KEY-EXEQRY" DirtyInfo="true" TriggerText="NULL;"/>
         <Trigger Name="KEY-CREREC" DirtyInfo="true" TriggerText="NULL;"/>
         <Trigger Name="KEY-NXTREC" DirtyInfo="true" TriggerText="NULL;"/>
         <Trigger Name="KEY-PRVREC" DirtyInfo="true" TriggerText="NULL;"/>
         <Trigger Name="KEY-SCRDOWN" DirtyInfo="true" TriggerText="NULL;"/>
         <Trigger Name="KEY-SCRUP" DirtyInfo="true" TriggerText="NULL;"/>
         <Trigger Name="KEY-DOWN" DirtyInfo="true" TriggerText="NULL;"/>
         <Trigger Name="KEY-UP" DirtyInfo="true" TriggerText="NULL;"/>
         <Trigger Name="WHEN-NEW-ITEM-INSTANCE" DirtyInfo="true" TriggerText="NULL; -- To ensure the form level trigger does not fire for the buttons"/>
      </Block>
      <Block Name="TITLES" DirtyInfo="true" ScrollbarWidth="14" ScrollbarLength="135">
         <Item Name="DSP_TITLE" Justification="Start" TabPageName="" Width="266" MaximumLength="30" ParentModule="CHKREMOV" XPosition="105" ParentModuleType="12" YPosition="10" DatabaseItem="false" ParentName="FORM_TITLE_CLASS" DirtyInfo="true" CanvasName="CNV_CONTENT" ParentType="29"/>
      </Block>
      <Block Name="CHECK_LIST_KEY_LINKS" RecordsDisplayCount="15" WhereClause="WHERE CHECK_LIST_KEY_LINKS.key_type = :PARAMETER.P_KEY_TYPE and CHECK_LIST_KEY_LINKS.key = :PARAMETER.P_CHECK_LIST_KEY_ID&amp;#10;AND exists (select 1 from check_list_answer_master clam, check_list_master clm &amp;#10;WHERE clam.check_list_type = clm.check_list_type &amp;#10;AND clam.check_answer_master_id = CHECK_LIST_KEY_LINKS.CHECK_ANSWER_MASTER_ID&amp;#10;)  " RecordVisualAttributeGroupName="CURR_ITEM_VA" OrderByClause="AMEND_LAST_DATE DESC" QueryDataSourceName="CHECK_LIST_KEY_LINKS" DirtyInfo="true" ScrollbarCanvasName="CNV_CONTENT" ScrollbarTabPageName="" ScrollbarWidth="10" ScrollbarXPosition="129" ScrollbarYPosition="114" ShowScrollbar="true" ScrollbarLength="210">
         <Item Name="CHECK_ANSWER_MASTER_ID" Prompt="Check Answer Master Id" Required="true" DirtyInfo="true" Width="74" MaximumLength="40" ItemType="Text Item" ColumnName="CHECK_ANSWER_MASTER_ID" DataType="Number" Height="14"/>
         <Item Name="CHECK_LIST_TYPE" DatabaseItem="false" DirtyInfo="true" Width="68" Visible="false" Height="14"/>
         <Item Name="AMEND_BY_USER" Prompt="Amend By User" Required="true" DirtyInfo="true" Width="74" MaximumLength="40" ItemType="Text Item" ColumnName="AMEND_BY_USER" DataType="Number" Height="14"/>
         <Item Name="AMEND_LAST_DATE" Prompt="Amend Last Date" Required="true" DirtyInfo="true" Width="81" MaximumLength="11" ItemType="Text Item" ColumnName="AMEND_LAST_DATE" DataType="Date" Height="14"/>
         <Item Name="AMEND_BY_MODULE" Prompt="Amend By Module" Required="true" DirtyInfo="true" Width="74" MaximumLength="10" ItemType="Text Item" ColumnName="AMEND_BY_MODULE" Height="14"/>
         <Item Name="CREATED_BY_USER" Prompt="Created By User" Required="true" DirtyInfo="true" Width="74" MaximumLength="40" ItemType="Text Item" ColumnName="CREATED_BY_USER" DataType="Number" Height="14"/>
         <Item Name="CREATED_DATE" Prompt="Created Date" Required="true" DirtyInfo="true" Width="81" MaximumLength="11" ItemType="Text Item" ColumnName="CREATED_DATE" DataType="Date" Height="14"/>
         <Item Name="CREATED_BY_MODULE" Prompt="Created By Module" Required="true" DirtyInfo="true" Width="74" MaximumLength="10" ItemType="Text Item" ColumnName="CREATED_BY_MODULE" Height="14"/>
         <Item Name="EXT_KEY_ID" Prompt="Ext Key Id" DirtyInfo="true" Width="74" MaximumLength="40" ItemType="Text Item" ColumnName="EXT_KEY_ID" DataType="Number" Height="14"/>
         <Item Name="RELATIONSHIP" Prompt="Relationship" DirtyInfo="true" Width="74" MaximumLength="10" ItemType="Text Item" ColumnName="RELATIONSHIP" Height="14"/>
         <Item Name="LAST_REVIEW_DATE" Prompt="Last Review Date" DirtyInfo="true" Width="81" MaximumLength="11" ItemType="Text Item" ColumnName="LAST_REVIEW_DATE" DataType="Date" Height="14"/>
         <Item Name="LAST_REVIEW_USERID" Prompt="Last Review Userid" DirtyInfo="true" Width="74" MaximumLength="40" ItemType="Text Item" ColumnName="LAST_REVIEW_USERID" DataType="Number" Height="14"/>
         <Item Name="REVIEW_REQ" Prompt="Review Req" DirtyInfo="true" Width="14" MaximumLength="1" ItemType="Text Item" ColumnName="REVIEW_REQ" Height="14"/>
         <Item Name="PROCESS_STATUS" Prompt="Process Status" DirtyInfo="true" Width="74" MaximumLength="40" ItemType="Text Item" ColumnName="PROCESS_STATUS" DataType="Number" Height="14"/>
         <Item Name="APPLIES_START" Prompt="Applies Start" DirtyInfo="true" Width="81" MaximumLength="11" ItemType="Text Item" ColumnName="APPLIES_START" DataType="Date" Height="14"/>
         <Item Name="APPLIES_END" Prompt="Applies End" DirtyInfo="true" Width="81" MaximumLength="11" ItemType="Text Item" ColumnName="APPLIES_END" DataType="Date" Height="14"/>
         <Item Name="CHECK_LIST_KEY_LINKS_ID" Prompt="Check List Key Links Id" PromptAttachmentEdge="Top" TabPageName="" PromptAlign="Center" Width="74" MaximumLength="40" ItemType="Text Item" DataType="Number" XPosition="335" Required="true" YPosition="83" DirtyInfo="true" CanvasName="" Visible="false" ColumnName="CHECK_LIST_KEY_LINKS_ID" PromptDisplayStyle="First Record" ItemsDisplay="0" Height="14"/>
         <Item Name="KEY_TYPE" Prompt="Key Type" PromptAttachmentEdge="Top" TabPageName="" PromptAlign="Center" Width="74" MaximumLength="10" ItemType="Text Item" XPosition="412" Required="true" YPosition="83" DirtyInfo="true" CanvasName="" Visible="false" ColumnName="KEY_TYPE" PromptDisplayStyle="First Record" ItemsDisplay="0" Height="14"/>
         <Item Name="KEY" Prompt="Key" PromptAttachmentEdge="Top" TabPageName="" PromptAlign="Center" Width="74" MaximumLength="40" ItemType="Text Item" CopyValueFromItem="" DataType="Number" XPosition="511" YPosition="90" DirtyInfo="true" CanvasName="" Visible="false" ColumnName="KEY" PromptDisplayStyle="First Record" ItemsDisplay="0" Height="14"/>
         <Item Name="DSP_CHECK_LIST_NAME" Justification="Start" TabPageName="" Width="200" InsertAllowed="false" MaximumLength="40" ItemType="Text Item" Comment="Format mask is set from set_format_mask procedure in init_form package" DataType="Char" FixedLength="false" UpdateAllowed="false" XPosition="140" YPosition="114" DatabaseItem="false" Bevel="Plain" DirtyInfo="true" VisualAttributeName="TEXT_ITEM_VA" FormatMask="" CanvasName="CNV_CONTENT" CaseRestriction="Upper" ShowVerticalScrollbar="true" Height="14"/>
         <Item Name="DSP_DATE_RECORDED" Justification="Start" TabPageName="" ItemType="Text Item" FixedLength="false" ParentModule="PAS_CUI" XPosition="341" ParentModuleType="25" YPosition="114" DatabaseItem="false" ParentName="CUI_DATETIME_DISP" ParentFilename="PAS_CUI.olb" DirtyInfo="true" CanvasName="CNV_CONTENT" ParentType="29" ShowVerticalScrollbar="true"/>
         <Item Name="DSP_STATUS" Justification="Start" TabPageName="" Width="200" InsertAllowed="false" MaximumLength="30" ItemType="Text Item" Comment="Format mask is set from set_format_mask procedure in init_form package" DataType="Char" FixedLength="false" UpdateAllowed="false" XPosition="427" YPosition="114" DatabaseItem="false" Bevel="Plain" DirtyInfo="true" VisualAttributeName="TEXT_ITEM_VA" FormatMask="" CanvasName="CNV_CONTENT" CaseRestriction="Upper" ShowVerticalScrollbar="true" Height="14"/>
         <Item Name="REMOVE_FLAG" CheckedValue="Y" Width="10" ItemType="Check Box" UncheckedValue="N" XPosition="628" YPosition="114" DatabaseItem="false" DirtyInfo="true" Label="" CanvasName="CNV_CONTENT" CheckBoxOtherValues="Unchecked" Height="14">
            <Trigger Name="WHEN-CHECKBOX-CHANGED" DirtyInfo="true" TriggerText="SET_RECORD_PROPERTY(:SYSTEM.CURSOR_RECORD, 'CHECK_LIST_KEY_LINKS', STATUS, CHANGED_STATUS);"/>
         </Item>
         <DataSourceColumn DSCLength="0" DSCMandatory="true" DSCPrecision="0" DSCName="CHECK_LIST_KEY_LINKS_ID" DSCScale="-127" DSCType="NUMBER" DSCNochildren="false" Type="Query"/>
         <DataSourceColumn DSCLength="0" DSCMandatory="true" DSCPrecision="0" DSCName="CHECK_ANSWER_MASTER_ID" DSCScale="-127" DSCType="NUMBER" DSCNochildren="false" Type="Query"/>
         <DataSourceColumn DSCLength="10" DSCMandatory="true" DSCPrecision="0" DSCName="KEY_TYPE" DSCScale="0" DSCType="VARCHAR2" DSCNochildren="false" Type="Query"/>
         <DataSourceColumn DSCLength="0" DSCMandatory="false" DSCPrecision="0" DSCName="KEY" DSCScale="-127" DSCType="NUMBER" DSCNochildren="false" Type="Query"/>
         <DataSourceColumn DSCLength="0" DSCMandatory="true" DSCPrecision="0" DSCName="AMEND_BY_USER" DSCScale="-127" DSCType="NUMBER" DSCNochildren="false" Type="Query"/>
         <DataSourceColumn DSCLength="0" DSCMandatory="true" DSCPrecision="0" DSCName="AMEND_LAST_DATE" DSCScale="0" DSCType="DATE" DSCNochildren="false" Type="Query"/>
         <DataSourceColumn DSCLength="10" DSCMandatory="true" DSCPrecision="0" DSCName="AMEND_BY_MODULE" DSCScale="0" DSCType="VARCHAR2" DSCNochildren="false" Type="Query"/>
         <DataSourceColumn DSCLength="0" DSCMandatory="true" DSCPrecision="0" DSCName="CREATED_BY_USER" DSCScale="-127" DSCType="NUMBER" DSCNochildren="false" Type="Query"/>
         <DataSourceColumn DSCLength="0" DSCMandatory="true" DSCPrecision="0" DSCName="CREATED_DATE" DSCScale="0" DSCType="DATE" DSCNochildren="false" Type="Query"/>
         <DataSourceColumn DSCLength="10" DSCMandatory="true" DSCPrecision="0" DSCName="CREATED_BY_MODULE" DSCScale="0" DSCType="VARCHAR2" DSCNochildren="false" Type="Query"/>
         <DataSourceColumn DSCLength="0" DSCMandatory="false" DSCPrecision="0" DSCName="EXT_KEY_ID" DSCScale="-127" DSCType="NUMBER" DSCNochildren="false" Type="Query"/>
         <DataSourceColumn DSCLength="10" DSCMandatory="false" DSCPrecision="0" DSCName="RELATIONSHIP" DSCScale="0" DSCType="VARCHAR2" DSCNochildren="false" Type="Query"/>
         <DataSourceColumn DSCLength="0" DSCMandatory="false" DSCPrecision="0" DSCName="LAST_REVIEW_DATE" DSCScale="0" DSCType="DATE" DSCNochildren="false" Type="Query"/>
         <DataSourceColumn DSCLength="0" DSCMandatory="false" DSCPrecision="0" DSCName="LAST_REVIEW_USERID" DSCScale="-127" DSCType="NUMBER" DSCNochildren="false" Type="Query"/>
         <DataSourceColumn DSCLength="1" DSCMandatory="false" DSCPrecision="0" DSCName="REVIEW_REQ" DSCScale="0" DSCType="VARCHAR2" DSCNochildren="false" Type="Query"/>
         <DataSourceColumn DSCLength="0" DSCMandatory="false" DSCPrecision="0" DSCName="PROCESS_STATUS" DSCScale="-127" DSCType="NUMBER" DSCNochildren="false" Type="Query"/>
         <DataSourceColumn DSCLength="0" DSCMandatory="false" DSCPrecision="0" DSCName="APPLIES_START" DSCScale="0" DSCType="DATE" DSCNochildren="false" Type="Query"/>
         <DataSourceColumn DSCLength="0" DSCMandatory="false" DSCPrecision="0" DSCName="APPLIES_END" DSCScale="0" DSCType="DATE" DSCNochildren="false" Type="Query"/>
         <Trigger Name="POST-QUERY" DirtyInfo="true" TriggerText="DATA_POST_QUERY;"/>
         <Trigger Name="KEY-CLRREC" DirtyInfo="true" TriggerText="null;"/>
         <Trigger Name="KEY-CREREC" DirtyInfo="true" TriggerText="null;"/>
         <Trigger Name="WHEN-MOUSE-CLICK" DirtyInfo="true" TriggerText="IF :SYSTEM.RECORD_STATUS != 'QUERY' THEN&amp;#10;  GO_RECORD(TO_NUMBER(:SYSTEM.TRIGGER_RECORD)-1);&amp;#10;END IF;&amp;#10;"/>
         <Trigger Name="WHEN-MOUSE-DOUBLECLICK" DirtyInfo="true" TriggerText="--PROCESS_DATASET_CHOICE(:CHECK_LIST_KEY_LINKS.CHECK_ANSWER_MASTER_ID);&amp;#10;EXECUTE_QUERY;"/>
         <Trigger Name="KEY-DOWN" DirtyInfo="true" TriggerText="IF :System.Last_Record &lt;> 'TRUE' THEN&amp;#10;  DOWN;&amp;#10;  CHECK_PACKAGE_FAILURE;&amp;#10;END IF;"/>
      </Block>
      <Block Name="LT_FUNCTIONS" DirtyInfo="true" DatabaseBlock="false" ScrollbarWidth="14" ScrollbarLength="135">
         <Item Name="IMG_FUNCTIONS" Prompt="Functions" TabPageName="" PromptAttachmentOffset="36" PromptAlignOffset="0" PromptFontSize="900" Width="16" ItemType="Image" ImageFormat="BMP" XPosition="79" YPosition="0" DatabaseItem="false" Bevel="None" PromptForegroundColor="Allscripts Link Blue" DirtyInfo="true" VisualAttributeName="MENU_TEXT_ITEMS_VA" PromptFontName="Arial" PromptFontStyle="Plain" PromptFontWeight="Bold" PromptFontSpacing="Normal" Height="14">
            <Trigger Name="WHEN-MOUSE-CLICK" DirtyInfo="true" TriggerText="HCI_UPGRADE.functions_when_mouse_click;"/>
         </Item>
         <Trigger Name="WHEN-NEW-BLOCK-INSTANCE" DirtyInfo="true" TriggerText="READ_IMAGE_FILE(hci_upgrade.g_image_directory || 'pas_expand_menu.gif', 'gif', 'LT_FUNCTIONS.IMG_FUNCTIONS');"/>
         <Trigger Name="WHEN-MOUSE-DOWN" DirtyInfo="true" TriggerText="SET_ITEM_PROPERTY(:SYSTEM.TRIGGER_ITEM,VISUAL_ATTRIBUTE,'WEB_TEXT_BUTTON_CLICK');"/>
         <Trigger Name="WHEN-MOUSE-UP" DirtyInfo="true" TriggerText="SET_ITEM_PROPERTY(:SYSTEM.TRIGGER_ITEM,VISUAL_ATTRIBUTE,'WEB_TEXT_BUTTON');"/>
         <Trigger Name="WHEN-NEW-ITEM-INSTANCE" DirtyInfo="true" TriggerText="NULL;"/>
      </Block>
      <Block Name="TEXT" RecordsBufferedCount="0" RecordsDisplayCount="1" RecordsFetchedCount="0" WhereClause="" EnforcedColumnSecurity="false" InsertAllowed="true" EnforcedPrimaryKey="false" RecordOrientation="Vertical" UpdateAllowed="true" DMLDataName="" DeleteAllowed="true" QueryDataSourceName="" DirtyInfo="true" VisualAttributeName="DEFAULT" KeyMode="Unique" DatabaseBlock="false" QueryDataSourceType="None" QueryAllowed="true" LockMode="Immediate" DMLDataType="None" NavigationStyle="Same Record" ShowScrollbar="false">
         <Item Name="BPT_1" ValidateFromList="false" LovXPosition="0" Justification="Start" LovYPosition="0" ListStyle="Poplist" Width="182" MaximumLength="80" WrapStyle="Word" AutoSkip="false" BackColor="r55g85b100" CompressionQuality="None" XPosition="140" YPosition="100" DatabaseItem="false" Bevel="None" AutoHint="false" MouseNavigate="true" CanvasName="CNV_CONTENT" MultiLine="false" CaseInsensitiveQuery="false" KeyboardNavigable="true" CaseRestriction="Mixed" CheckBoxOtherValues="Not Allowed" PrimaryKey="false" DirtyInfo="true" DefaultButton="false" QueryAllowed="true" Visible="true" QueryLength="80" DisplayQuality="High" EditXPosition="0" EditYPosition="0" Enabled="true" DistanceBetweenRecords="0" FillPattern="transparent" FixedLength="false" Required="false" FontName="Arial" FontSize="900" FontStyle="Plain" FontWeight="Medium" FontSpacing="Normal" ForegroundColor="black" Height="11" ConcealData="false" SizingStyle="Crop" ShowHorizontalScrollbar="false" Iconic="false" TabPageName="" InsertAllowed="true" ItemType="Display Item" DataType="Char" UpdateAllowed="true" UpdateIfNull="false" KeepCursorPosition="false" VisualAttributeName="TEXT_ITEM_BPT_GREY" LockRecord="false" ShowVerticalScrollbar="false" TooltipVisualAttributeGroup="V7_VA_TOOLTIP"/>
         <Item Name="BPT_2" ValidateFromList="false" LovXPosition="0" Justification="Start" LovYPosition="0" ListStyle="Poplist" Width="60" MaximumLength="80" WrapStyle="Word" AutoSkip="false" BackColor="r55g85b100" CompressionQuality="None" XPosition="626" YPosition="100" DatabaseItem="false" Bevel="None" AutoHint="false" MouseNavigate="true" CanvasName="CNV_CONTENT" MultiLine="false" CaseInsensitiveQuery="false" KeyboardNavigable="true" CaseRestriction="Mixed" CheckBoxOtherValues="Not Allowed" PrimaryKey="false" DirtyInfo="true" DefaultButton="false" QueryAllowed="true" Visible="true" QueryLength="80" DisplayQuality="High" EditXPosition="0" EditYPosition="0" Enabled="true" DistanceBetweenRecords="0" FillPattern="transparent" FixedLength="false" Required="false" FontName="Arial" FontSize="900" FontStyle="Plain" FontWeight="Medium" FontSpacing="Normal" ForegroundColor="black" Height="11" ConcealData="false" SizingStyle="Crop" ShowHorizontalScrollbar="false" Iconic="false" InsertAllowed="true" ItemType="Display Item" DataType="Char" UpdateAllowed="true" UpdateIfNull="false" KeepCursorPosition="false" VisualAttributeName="TEXT_ITEM_BPT_GREY" LockRecord="false" ShowVerticalScrollbar="false" TooltipVisualAttributeGroup="V7_VA_TOOLTIP"/>
         <Item Name="BPT_3" ValidateFromList="false" LovXPosition="0" Justification="Start" LovYPosition="0" ListStyle="Poplist" Width="90" MaximumLength="80" WrapStyle="Word" AutoSkip="false" BackColor="r55g85b100" CompressionQuality="None" XPosition="428" YPosition="100" DatabaseItem="false" Bevel="None" AutoHint="false" MouseNavigate="true" CanvasName="CNV_CONTENT" MultiLine="false" CaseInsensitiveQuery="false" KeyboardNavigable="true" CaseRestriction="Mixed" CheckBoxOtherValues="Not Allowed" PrimaryKey="false" DirtyInfo="true" DefaultButton="false" QueryAllowed="true" Visible="true" QueryLength="80" DisplayQuality="High" EditXPosition="0" EditYPosition="0" Enabled="true" DistanceBetweenRecords="0" FillPattern="transparent" FixedLength="false" Required="false" FontName="Arial" FontSize="900" FontStyle="Plain" FontWeight="Medium" FontSpacing="Normal" ForegroundColor="black" Height="11" ConcealData="false" SizingStyle="Crop" ShowHorizontalScrollbar="false" Iconic="false" InsertAllowed="true" ItemType="Display Item" DataType="Char" UpdateAllowed="true" UpdateIfNull="false" KeepCursorPosition="false" VisualAttributeName="TEXT_ITEM_BPT_GREY" LockRecord="false" ShowVerticalScrollbar="false" TooltipVisualAttributeGroup="V7_VA_TOOLTIP"/>
         <Item Name="BPT_4" ValidateFromList="false" LovXPosition="0" Justification="Start" LovYPosition="0" ListStyle="Poplist" Width="63" MaximumLength="80" WrapStyle="Word" AutoSkip="false" BackColor="r55g85b100" CompressionQuality="None" XPosition="342" YPosition="100" DatabaseItem="false" Bevel="None" AutoHint="false" MouseNavigate="true" CanvasName="CNV_CONTENT" MultiLine="false" CaseInsensitiveQuery="false" KeyboardNavigable="true" CaseRestriction="Mixed" CheckBoxOtherValues="Not Allowed" PrimaryKey="false" DirtyInfo="true" DefaultButton="false" QueryAllowed="true" Visible="true" QueryLength="80" DisplayQuality="High" EditXPosition="0" EditYPosition="0" Enabled="true" DistanceBetweenRecords="0" FillPattern="transparent" FixedLength="false" Required="false" FontName="Arial" FontSize="900" FontStyle="Plain" FontWeight="Medium" FontSpacing="Normal" ForegroundColor="black" Height="11" ConcealData="false" SizingStyle="Crop" ShowHorizontalScrollbar="false" Iconic="false" InsertAllowed="true" ItemType="Display Item" DataType="Char" UpdateAllowed="true" UpdateIfNull="false" KeepCursorPosition="false" VisualAttributeName="TEXT_ITEM_BPT_GREY" LockRecord="false" ShowVerticalScrollbar="false" TooltipVisualAttributeGroup="V7_VA_TOOLTIP"/>
         <Item Name="FUNCTION_ID" ValidateFromList="false" LovXPosition="0" Justification="Left" LovYPosition="0" ListStyle="Poplist" Width="36" MaximumLength="6" WrapStyle="Word" AutoSkip="false" CompressionQuality="None" XPosition="108" YPosition="35" DatabaseItem="true" Bevel="Plain" AutoHint="false" MouseNavigate="true" MultiLine="false" CaseInsensitiveQuery="false" KeyboardNavigable="true" CaseRestriction="Mixed" CheckBoxOtherValues="Not Allowed" PrimaryKey="false" DefaultButton="false" QueryAllowed="true" Visible="true" QueryLength="6" DisplayQuality="High" EditXPosition="0" EditYPosition="0" Enabled="true" DistanceBetweenRecords="4364" FixedLength="false" Required="true" Height="14" ConcealData="false" Hint="Enter value for : FUNCTION_ID" SizingStyle="Crop" ShowHorizontalScrollbar="false" Iconic="false" InsertAllowed="true" ItemType="Display Item" DataType="Number" UpdateAllowed="true" UpdateIfNull="false" KeepCursorPosition="false" VisualAttributeName="DEFAULT" Label="Function Id" LockRecord="false" ShowVerticalScrollbar="false" TooltipVisualAttributeGroup="V7_VA_TOOLTIP"/>
         <Item Name="LANGUAGE_ID" ValidateFromList="false" LovXPosition="0" Justification="Left" LovYPosition="0" ListStyle="Poplist" Width="24" MaximumLength="4" WrapStyle="Word" AutoSkip="false" CompressionQuality="None" XPosition="576" YPosition="35" DatabaseItem="true" Bevel="Plain" AutoHint="false" MouseNavigate="true" MultiLine="false" CaseInsensitiveQuery="false" KeyboardNavigable="true" CaseRestriction="Mixed" CheckBoxOtherValues="Not Allowed" PrimaryKey="false" DefaultButton="false" QueryAllowed="true" Visible="true" QueryLength="4" DisplayQuality="High" EditXPosition="0" EditYPosition="0" Enabled="true" DistanceBetweenRecords="4364" FixedLength="false" Required="true" Height="14" ConcealData="false" Hint="Enter value for : LANGUAGE_ID" SizingStyle="Crop" ShowHorizontalScrollbar="false" Iconic="false" InsertAllowed="true" ItemType="Display Item" DataType="Number" UpdateAllowed="true" UpdateIfNull="false" KeepCursorPosition="false" VisualAttributeName="DEFAULT" Label="Language Id" LockRecord="false" ShowVerticalScrollbar="false" TooltipVisualAttributeGroup="V7_VA_TOOLTIP"/>
         <Item Name="DSP_BREADCRUMB" Justification="Start" TabPageName="" Width="278" MaximumLength="4000" ItemType="Display Item" BackColor="white" XPosition="95" FontName="Arial" YPosition="4" DatabaseItem="false" Bevel="None" FontSize="1000" FontStyle="Italic" DirtyInfo="true" FontWeight="Bold" FontSpacing="Normal" ForegroundColor="darkcyan" CanvasName="CNV_HIDE" Visible="false" Height="15"/>
         <Trigger Name="WHEN-MOUSE-DOUBLECLICK" TriggerText="--&amp;#10;-- steve pusey 19/4/96&amp;#10;--&amp;#10;-- change value in current boilerplate text item&amp;#10;--&amp;#10;BEGIN&amp;#10;&amp;#10;  boilerplate.change_boilerplate;&amp;#10;&amp;#10;END;"/>
      </Block>
      <Canvas Name="CNV_CONTENT" ViewportXPositionOnCanvas="0" ViewportYPositionOnCanvas="0" Width="755" WindowName="MAIN_FORM_WINDOW" BackColor="white" Bevel="None" DirtyInfo="true" ForegroundColor="black" Visible="true" Height="481" ViewportHeight="324" ViewportWidth="540">
         <Graphics Name="SECTION_LINE1" InternalLineWidth="113" Width="580" EdgeForegroundColor="gray16" EdgePattern="solid" JoinStyle="Bevel" BackColor="Line Green" XPosition="125" YPosition="83" Bevel="None" DirtyInfo="true" ForegroundColor="white" GraphicsType="Line" HorizontalMargin="7" ScrollbarWidth="14" VerticalMargin="14" HorizontalObjectOffset="14" Height="0" StartPromptOffset="7"/>
         <Graphics Name="IMAGE1128" Width="15" Dither="false" ClipWidth="15" ImageFilename="CHKREMOV_CNV_CONTENT_IMAGE1128.tif" ClipHeight="15" XPosition="108" YPosition="68" DirtyInfo="true" GraphicsType="Image" HorizontalMargin="8" ScrollbarWidth="15" VerticalMargin="16" HorizontalObjectOffset="15" Height="15" StartPromptOffset="8"/>
         <Graphics Name="SECTION_NUMBER2" Width="14" FillPattern="none" EdgePattern="none" JoinStyle="Bevel" BackColor="Side Green" XPosition="118" WrapText="false" YPosition="70" BoundingBoxScalable="false" Bevel="None" HorizontalOrigin="Right" HorizontalJustification="Center" ForegroundColor="darkcyan" GraphicsFontWeight="Medium" GraphicsFontSpacing="Normal" GraphicsType="Text" ScrollbarWidth="14" Height="12" GraphicsFontName="Arial" GraphicsFontSize="900" GraphicsFontStyle="0" GraphicsText="1" DirtyInfo="true" GraphicsFontColor="Black" GraphicsFontColorCode="0" HorizontalMargin="7" VerticalMargin="14" HorizontalObjectOffset="14" StartPromptOffset="7">
            <CompoundText Name="CMPTXT207">
               <TextSegment Name="TEXTSTR208" FontName="Arial" FontSize="900" FontStyle="Plain" DirtyInfo="true" FontWeight="Medium" FontSpacing="Normal" ForegroundColor="Black" Text="1"/>
            </CompoundText>
         </Graphics>
      </Canvas>
      <Canvas Name="CNV_HIDE" Bevel="None" DirtyInfo="true" Width="800" Visible="false" WindowName="MAIN_FORM_WINDOW" Height="410" ViewportHeight="324" ViewportWidth="540"/>
      <ModuleParameter Name="P_RELEASE" ParentModule="PAS_RELEASE" ParentModuleType="25" ParentName="P_RELEASE" ParentFilename="pas_release.olb" DirtyInfo="true" ParentFilepath="" ParentType="13"/>
      <ModuleParameter Name="P_VERSION" DirtyInfo="true" Comment="Used by ABOUT_FORM window, the form version, update after each update" ParameterInitializeValue="1"/>
      <ModuleParameter Name="P_DATE" DirtyInfo="true" Comment="Used by ABOUT_FORM window, the date the form was last updated, update after each update" ParameterInitializeValue="10-Dec-2019"/>
      <ModuleParameter Name="P_COUNT_TEXT" Comment="used as a default value for an item in the CONT block"/>
      <ModuleParameter Name="P_LOV_CODE" ParameterDataType="Number" Comment="returned from codes_lov"/>
      <ModuleParameter Name="P_LOV_USER_CODE" ParameterDataType="Char" Comment="returned from codes_lov"/>
      <ModuleParameter Name="P_LOV_DESCRIPTION" ParameterDataType="Char" Comment="returned from codes_lov"/>
      <ModuleParameter Name="P_OUT_ON_PASS_TEXT" Comment="used as a default value for an item in the CONT block"/>
      <ModuleParameter Name="P_QS_TMP_PAT_FAMILY" Comment="Used in qs_list_patients, as a temporary store to build up RG on patient's family name"/>
      <ModuleParameter Name="P_QS_SDX_FAM_NAME" Comment="Used in qs_list_patients, as a temporary store to build up RG on patient's SOUNDEX family name"/>
      <ModuleParameter Name="P_QS_STATUS_TEXT"/>
      <ModuleParameter Name="MAXPATRETURN" ParameterDataType="Number" Comment="maximam patient return in search"/>
      <ModuleParameter Name="P_TEMPLATE" Comment="Used by ABOUT_FORM window, the template used to create this form" ParameterInitializeValue="TEMPLATE_V10"/>
      <ModuleParameter Name="API_VERSION" ParameterInitializeValue="V2.3"/>
      <ModuleParameter Name="P_BREADCRUMB"/>
      <ModuleParameter Name="P_CHECK_LIST_KEY_ID" DirtyInfo="true" ParameterDataType="Number"/>
      <ModuleParameter Name="P_KEY_TYPE" DirtyInfo="true"/>
      <Menu Name="BOILER_PLATE" DirtyInfo="true">
         <MenuItem Name="CHANGE_PROMPT" DirtyInfo="true" Label="Change Prompt" MenuItemCode="message('Change Boilerplate prompt');pause;"/>
      </Menu>
      <ProgramUnit Name="INIT_FORM" ProgramUnitText="PACKAGE BODY init_form IS&amp;#10;--&amp;#10;-- steve pusey 2/5/1996&amp;#10;--&amp;#10;-- program units to initialise form&amp;#10;--&amp;#10;-- add code to init_form and init_format_masks program units, add other init procs to the&amp;#10;-- init_form procedure, for example if you write a procedure called init_toolbar then add &amp;#10;-- this to the init_form procedure. The init_form procedure is called from the &amp;#10;-- WHEN-NEW-FORM-INSTANCE trigger&amp;#10;--&amp;#10;&amp;#10;---------------------------------------------------------------------------------------&amp;#10;-- INTERNAL PACKAGE VARIABLES &amp;#10;---------------------------------------------------------------------------------------&amp;#10;&amp;#10;---------------------------------------------------------------------------------------&amp;#10;-- INTERNAL PROGRAM UNITS (DECLARATION)&amp;#10;---------------------------------------------------------------------------------------&amp;#10;&amp;#10;  procedure init_list_items;&amp;#10;  procedure init_format_masks;&amp;#10;&amp;#10;---------------------------------------------------------------------------------------&amp;#10;-- PROGRAM UNITS (CODE)&amp;#10;---------------------------------------------------------------------------------------&amp;#10;&amp;#10;-- ##########################################################################################&amp;#10;&amp;#10;  procedure init_list_items is&amp;#10;  --&amp;#10;  -- initialise list items&amp;#10;  --&amp;#10;  -- date&#x9;by&#x9;&#x9;change&amp;#10;  -- 2/5/1996   Steve Pusey&#x9;Creation of template procedure&amp;#10;  --&amp;#10;  BEGIN&amp;#10;&amp;#10;    -- cut &amp; paste this code&amp;#10;    -- populate_poplist_from_codes ('BLOCK.ITEM', &lt;CODE_TYPE>);&amp;#10;&amp;#10;    null;&amp;#10;    &amp;#10;  &amp;#10;  END init_list_items;&amp;#10;&amp;#10;-- ##########################################################################################&amp;#10;&amp;#10;  procedure init_format_masks is&amp;#10;  --&amp;#10;  -- set the format masks for date, datetime, and numeric items&amp;#10;  --&amp;#10;  -- date&#x9;by&#x9;&#x9;change&amp;#10;  -- 2/5/1996   Steve Pusey&#x9;Creation of template procedure&amp;#10;  --&amp;#10;  BEGIN&amp;#10;&amp;#10;    -- copy &amp; paste this line&amp;#10;    -- set_format_mask ('BLOCK.ITEM');    &amp;#10;    set_format_mask('CHECK_LIST_KEY_LINKS.DSP_DATE_RECORDED');&amp;#10;    &amp;#10;  END init_format_masks;&amp;#10;&amp;#10;-- ##########################################################################################&amp;#10;&amp;#10;  procedure init_form is&amp;#10;  --&amp;#10;  -- initialise form&amp;#10;  --&amp;#10;  -- date&#x9;by&#x9;&#x9;change&amp;#10;  -- 2/5/1996   Steve Pusey&#x9;Creation of template procedure&amp;#10;  --&amp;#10;  BEGIN&amp;#10;&amp;#10;    init_list_items;&amp;#10;    init_format_masks;&amp;#10;&amp;#10;    --qs_init_form_get_patient_v3 ('CONT');&amp;#10;    &amp;#10;        &#x9;&amp;#10;&#x9;&#x9;:PARAMETER.P_KEY_TYPE := :GLOBAL.CHECK_LIST_KEY_TYPE;&amp;#10;&#x9;&#x9;:PARAMETER.P_CHECK_LIST_KEY_ID := :GLOBAL.CHECK_LIST_KEY_ID;   &#x9;&#x9;&amp;#10;       &amp;#10;    go_block('CHECK_LIST_KEY_LINKS');    &amp;#10;    EXECUTE_QUERY;&amp;#10;    &amp;#10;&amp;#10;  END init_form;&amp;#10;&amp;#10;-- ##########################################################################################&amp;#10;&amp;#10;END init_form;" ProgramUnitType="Package Body"/>
      <ProgramUnit Name="INIT_FORM" ProgramUnitText="PACKAGE init_form IS&amp;#10;--&amp;#10;-- steve pusey 2/5/1996&amp;#10;--&amp;#10;-- program units to initialise form&amp;#10;--&amp;#10;&amp;#10;---------------------------------------------------------------------------------------&amp;#10;-- EXTERNAL PACKAGE VARIABLES&amp;#10;---------------------------------------------------------------------------------------&amp;#10;&amp;#10;---------------------------------------------------------------------------------------&amp;#10;-- EXTERNAL PROGRAM UNITS (DECLARATION) &amp;#10;---------------------------------------------------------------------------------------&amp;#10;&amp;#10;  procedure init_form;&amp;#10;&amp;#10;END init_form;" ProgramUnitType="Package Spec"/>
      <ProgramUnit Name="CHECK_PACKAGE_FAILURE" ProgramUnitText="Procedure Check_Package_Failure IS&amp;#10;BEGIN&amp;#10;  IF NOT ( Form_Success ) THEN&amp;#10;    RAISE Form_Trigger_Failure;&amp;#10;  END IF;&amp;#10;END;" ProgramUnitType="Procedure"/>
      <ProgramUnit Name="DATA_POST_QUERY" ProgramUnitText="PROCEDURE DATA_POST_QUERY IS&amp;#10;  --&amp;#10;  CURSOR c_check_list_details IS&amp;#10;  SELECT clm.description,&amp;#10;         clam.date_recorded,&amp;#10;         oasis_package.user_code(10716,clam.locked_ind) status,&amp;#10;         clam.check_list_type&amp;#10;  FROM  check_list_answer_master clam,&amp;#10;        check_list_master clm        &amp;#10;  WHERE clam.check_list_type = clm.check_list_type  &amp;#10;  AND   clam.check_answer_master_id = :CHECK_LIST_KEY_LINKS.CHECK_ANSWER_MASTER_ID;  &amp;#10;  --&amp;#10;BEGIN&#x9;&amp;#10;&#x9;--&amp;#10;  OPEN c_check_list_details;&amp;#10;  FETCH c_check_list_details INTO :CHECK_LIST_KEY_LINKS.DSP_CHECK_LIST_NAME,&amp;#10;                                  :CHECK_LIST_KEY_LINKS.DSP_DATE_RECORDED,&amp;#10;                                  :CHECK_LIST_KEY_LINKS.DSP_STATUS,&amp;#10;                                  :CHECK_LIST_KEY_LINKS.CHECK_LIST_TYPE;&amp;#10;  CLOSE c_check_list_details;&amp;#10;  --&amp;#10;  &amp;#10;EXCEPTION&amp;#10;&#x9;WHEN OTHERS THEN &amp;#10;&#x9;  MESSAGE('ERROR IN CPA_DATA_POST_QUERY '||SQLERRM);&amp;#10;END;" ProgramUnitType="Procedure"/>
      <PropertyClass Name="WEB_TEXT_BUTTON" DirtyInfo="true"/>
      <PropertyClass Name="BUTTON_CLASS" ParentModule="PAS_OLD" ParentModuleType="25" ParentName="BUTTON_CLASS" ParentFilename="pas_old.olb" ParentFilepath="" ParentType="29"/>
      <PropertyClass Name="OK_BUTTON_CLASS" ParentModule="PAS_OLD" ParentModuleType="25" ParentName="OK_BUTTON_CLASS" ParentFilename="pas_old.olb" ParentFilepath="" ParentType="29"/>
      <PropertyClass Name="CANCEL_BUTTON_CLASS" ParentModule="PAS_OLD" ParentModuleType="25" ParentName="CANCEL_BUTTON_CLASS" ParentFilename="pas_old.olb" ParentFilepath="" ParentType="29"/>
      <PropertyClass Name="TOOLBAR_BUTTON_CLASS" ParentModule="PAS_OLD" ParentModuleType="25" ParentName="TOOLBAR_BUTTON_CLASS" ParentFilename="pas_old.olb" ParentFilepath="" ParentType="29"/>
      <PropertyClass Name="GOTO_BUTTON_CLASS" ParentModule="PAS_OLD" ParentModuleType="25" ParentName="GOTO_BUTTON_CLASS" ParentFilename="pas_old.olb" ParentFilepath="" ParentType="29"/>
      <PropertyClass Name="GOBACK_BUTTON_CLASS" ParentModule="PAS_OLD" ParentModuleType="25" ParentName="GOBACK_BUTTON_CLASS" ParentFilename="pas_old.olb" ParentFilepath="" ParentType="29"/>
      <PropertyClass Name="LOV_BUTTON_CLASS" ParentModule="PAS_OLD" ParentModuleType="25" ParentName="LOV_BUTTON_CLASS" ParentFilename="pas_old.olb" ParentFilepath="" ParentType="29"/>
      <PropertyClass Name="BPT_CLASS" ParentModule="PAS_OLD" ParentModuleType="25" ParentName="BPT_CLASS" ParentFilename="pas_old.olb" ParentFilepath="" ParentType="29"/>
      <PropertyClass Name="BPT_BLUE_CLASS" ParentModule="PAS_OLD" ParentModuleType="25" ParentName="BPT_BLUE_CLASS" ParentFilename="pas_old.olb" ParentFilepath="" ParentType="29"/>
      <PropertyClass Name="BPT_GREY_CLASS" ParentModule="PAS_OLD" ParentModuleType="25" ParentName="BPT_GREY_CLASS" ParentFilename="pas_old.olb" ParentFilepath="" ParentType="29"/>
      <PropertyClass Name="TEXT_ITEM_CLASS" ParentModule="PAS_OLD" ParentModuleType="25" ParentName="TEXT_ITEM_CLASS" ParentFilename="pas_old.olb" ParentFilepath="" ParentType="29"/>
      <PropertyClass Name="TEXT_ITEM_DATE_CLASS" ParentModule="PAS_OLD" ParentModuleType="25" ParentName="TEXT_ITEM_DATE_CLASS" ParentFilename="pas_old.olb" ParentFilepath="" ParentType="29"/>
      <PropertyClass Name="TEXT_ITEM_NUMBER_CLASS" ParentModule="PAS_OLD" ParentModuleType="25" ParentName="TEXT_ITEM_NUMBER_CLASS" ParentFilename="pas_old.olb" ParentFilepath="" ParentType="29"/>
      <PropertyClass Name="TEXT_ITEM_DATETIME_CLASS" ParentModule="PAS_OLD" ParentModuleType="25" ParentName="TEXT_ITEM_DATETIME_CLASS" ParentFilename="pas_old.olb" ParentFilepath="" ParentType="29"/>
      <PropertyClass Name="DISPLAY_ITEM_CLASS" ParentModule="PAS_OLD" ParentModuleType="25" ParentName="DISPLAY_ITEM_CLASS" ParentFilename="pas_old.olb" ParentFilepath="" ParentType="29"/>
      <PropertyClass Name="STACKED_CANVAS_CLASS" ParentModule="PAS_OLD" ParentModuleType="25" ParentName="STACKED_CANVAS_CLASS" ParentFilename="pas_old.olb" ParentFilepath="" ParentType="29"/>
      <PropertyClass Name="WINDOW_CLASS" ParentModule="PAS_OLD" ParentModuleType="25" ParentName="WINDOW_CLASS" ParentFilename="pas_old.olb" ParentFilepath="" ParentType="29"/>
      <PropertyClass Name="ID_CLASS" ParentModule="PAS_OLD" ParentModuleType="25" ParentName="ID_CLASS" ParentFilename="pas_old.olb" ParentFilepath="" ParentType="29"/>
      <PropertyClass Name="FORM_TITLE_CLASS" ParentModule="PAS_CUI" ParentModuleType="25" ParentName="FORM_TITLE_CLASS" ParentFilename="pas_cui.olb" DirtyInfo="true" ParentFilepath="" ItemType="Display Item" ParentType="29"/>
      <PropertyClass Name="SECTION_TITLE_CLASS" ParentModule="PAS_CUI" ParentModuleType="25" ParentName="SECTION_TITLE_CLASS" ParentFilename="pas_cui.olb" DirtyInfo="true" ParentFilepath="" ItemType="Display Item" ParentType="29"/>
      <PropertyClass Name="BACKGROUND_LINK_BOX_CLASS" ParentModule="PAS_CUI" ParentModuleType="25" ParentName="BACKGROUND_LINK_BOX_CLASS" ParentFilename="pas_cui.olb" DirtyInfo="true" ParentFilepath="" ParentType="29"/>
      <PropertyClass Name="CUI_DATE_INPUT" ParentModule="PAS_CUI" ParentModuleType="25" ParentName="CUI_DATE_INPUT" ParentFilename="pas_cui.olb" DirtyInfo="true" ParentFilepath="" ParentType="29"/>
      <PropertyClass Name="CUI_DATE_DISP" ParentModule="PAS_CUI" ParentModuleType="25" ParentName="CUI_DATE_DISP" ParentFilename="pas_cui.olb" DirtyInfo="true" ParentFilepath="" ParentType="29"/>
      <PropertyClass Name="CUI_DATETIME_INPUT" ParentModule="PAS_CUI" ParentModuleType="25" ParentName="CUI_DATETIME_INPUT" ParentFilename="pas_cui.olb" DirtyInfo="true" ParentFilepath="" ParentType="29"/>
      <PropertyClass Name="CUI_DATETIME_DISP" ParentModule="PAS_CUI" ParentModuleType="25" ParentName="CUI_DATETIME_DISP" ParentFilename="pas_cui.olb" DirtyInfo="true" ParentFilepath="" ParentType="29"/>
      <PropertyClass Name="MENU_ITEM_CLASS" ParentModule="PAS_CUI" ParentModuleType="25" ParentName="MENU_ITEM_CLASS" ParentFilename="pas_cui.olb" DirtyInfo="true" ParentFilepath="" ParentType="29"/>
      <PropertyClass Name="TOOLBAR_CANVAS_CLASS" ParentModule="PAS_CUI" ParentModuleType="25" ParentName="TOOLBAR_CANVAS_CLASS" ParentFilename="PAS_CUI.olb" DirtyInfo="true" ParentType="29"/>
      <Trigger Name="WHEN-MOUSE-CLICK" TriggerText="--&amp;#10;-- call stdlib procedure to handle mouse click&amp;#10;-- N.B. standard left button click is not affected &amp;#10;--&amp;#10;-- date&#x9;&#x9;by&#x9;&#x9;change&amp;#10;-- 31-05-1996&#x9;Steve Pusey&#x9;Creation&amp;#10;--&amp;#10;BEGIN&amp;#10;&amp;#10;  oasis_when_mouse_click.when_mouse_click;&amp;#10;&amp;#10;END;"/>
      <Trigger Name="WHEN-NEW-ITEM-INSTANCE" TriggerText="/* This trigger activates the hint message for the associated item */&amp;#10;begin&amp;#10;&#x9;:global.last_item := :system.trigger_item;&amp;#10;&#x9;&amp;#10;  display_text_hint;       &amp;#10;  &amp;#10;end;"/>
      <Trigger Name="WHEN-NEW-FORM-INSTANCE" TriggerText="-- Date       Version      By          Change&amp;#10;-- 10/12/2019 V2020.0.0.0  Srikanth N  TFS ID 5796528: Adding  procedure for patient view audit. &amp;#10;-- fires when form is entered, PRE-FORM fires before this trigger&amp;#10;--&amp;#10;DECLARE&amp;#10;&amp;#10;  v_error_no             number(4) := 0; -- returned from oasis_new_form_instance&amp;#10;&amp;#10;BEGIN&amp;#10;&amp;#10;  -- Defaults as copied from PATPAT&amp;#10;  DEFAULT_VALUE('1','GLOBAL.LANGUAGE_ID');&amp;#10;  DEFAULT_VALUE('0','global.ITEM_ID');&amp;#10;  DEFAULT_VALUE('OFF','global.default_hint_flag');&amp;#10;  DEFAULT_VALUE('2377','GLOBAL.USER_ID'); &amp;#10;  DEFAULT_VALUE('0','GLOBAL.JOB_ID');&amp;#10;  DEFAULT_VALUE('0','GLOBAL.PATIENT_ID');&amp;#10;  DEFAULT_VALUE('0','GLOBAL.USER_STAFF_ID'); &amp;#10;  DEFAULT_VALUE('264','GLOBAL.USER_STAFF_ID');&amp;#10;&amp;#10;  -- version 2 form (gets bpt and window titles fromm files)&amp;#10;  oasis_new_form_instance_v2(v_error_no, 2); &amp;#10;&amp;#10;  if v_error_no > 0 then&amp;#10;    display_alert ('ERROR_ALERT', v_error_no);&amp;#10;    exit_form (NO_VALIDATE);    &amp;#10;  end if;&amp;#10;&amp;#10;  hci_upgrade.pr_initialise_images;&amp;#10;  patient_banner.populate;&amp;#10;  init_form.init_form;&amp;#10;&#x9;audit_patient_view(p_patient_id => :GLOBAL.PATIENT_ID);&amp;#10;EXCEPTION&amp;#10;  WHEN OTHERS THEN&amp;#10;    MESSAGE(' v_error_no '|| v_error_no||' SQLERRM '||SQLERRM);&amp;#10;END;&amp;#10;&amp;#10;"/>
      <Trigger Name="ON-ERROR" TriggerText="--&amp;#10;-- steve pusey 19/4/96&amp;#10;--&amp;#10;BEGIN&amp;#10;&amp;#10;  oasis_standard_procs.on_error;&amp;#10;&amp;#10;END;"/>
      <Trigger Name="ON-MESSAGE" TriggerText="--&amp;#10;-- steve pusey 19/4/96&amp;#10;--&amp;#10;BEGIN&amp;#10;&amp;#10;  oasis_standard_procs.on_message;&amp;#10;&amp;#10;END;"/>
      <Trigger Name="WHEN-WINDOW-CLOSED" DirtyInfo="true" TriggerText="/* This trigger ensures proper navigation when a window is closed using the windows close function */&amp;#10;begin&amp;#10;  :GLOBAL.WINDOW_NAME := get_view_property(get_item_property(:SYSTEM.CURSOR_ITEM,&amp;#10;     item_canvas), window_name);&amp;#10;  hide_window(:GLOBAL.WINDOW_NAME);&amp;#10;  erase('GLOBAL.WINDOW_NAME');&amp;#10;end;&amp;#10;"/>
      <Trigger Name="PRE_BLOCK" FireInQuery="true" TriggerText="/* This trigger resets the 40352_count global to allow the Last line of query message to be displayed */&amp;#10;begin&amp;#10;  :GLOBAL.40352_COUNT := 0;&amp;#10;end;" DisplayInKeyboardHelp="false"/>
      <Trigger Name="WHEN-TIMER-EXPIRED" TriggerText="Button_Hint;"/>
      <Trigger Name="PRE_QUERY" FireInQuery="true" TriggerText="/* This trigger resets the 40352_count global to allow the Last line of query message to be displayed */&amp;#10;begin&amp;#10;  :GLOBAL.40352_COUNT := 0;&amp;#10;end;" DisplayInKeyboardHelp="false"/>
      <Trigger Name="POST-FORM" DirtyInfo="true" TriggerText="/* This trigger clears the Global variables used within the form */&amp;#10;begin&amp;#10;  erase('GLOBAL.ROOT_WINDOW_NAME');&amp;#10;  ERASE ('GLOBAL.LAST_ITEM');&amp;#10;  --ERASE ('GLOBAL.USER_STAFF_ID');&amp;#10;end;&amp;#10;"/>
      <Trigger Name="EASY_BUTTON_TRIGGER" TriggerText="NULL;"/>
      <Trigger Name="DRILLDN_BUTTON_TRIGGER" TriggerText="NULL;"/>
      <Trigger Name="KEY-CLRFRM" ParentModule="PAS_CUI" ParentModuleType="25" ParentName="KEY-CLRFRM" ParentFilename="pas_cui.olb" DirtyInfo="true" ParentFilepath="" ParentType="37"/>
      <Trigger Name="KEY-CLRREC" TriggerText="clear_record;"/>
      <Trigger Name="KEY-CLRBLK" TriggerText="clear_block;"/>
      <Trigger Name="KEY-CQUERY" TriggerText="count_query;"/>
      <Trigger Name="KEY-CREREC" TriggerText="create_record;"/>
      <Trigger Name="KEY-DELREC" TriggerText="null;"/>
      <Trigger Name="KEY-DOWN" TriggerText="down;"/>
      <Trigger Name="KEY-DUP-ITEM" KeyboardHelpText="Record Error" TriggerText="--&amp;#10;-- steve pusey 22/4/96&amp;#10;--&amp;#10;BEGIN&amp;#10;&amp;#10;  oasis_standard_procs.key_dupitem_trigger;&amp;#10;&amp;#10;END;" DisplayInKeyboardHelp="true"/>
      <Trigger Name="KEY-DUPREC" TriggerText="duplicate_record;"/>
      <Trigger Name="KEY-EDIT" TriggerText="EDIT_TEXTITEM;"/>
      <Trigger Name="KEY-ENTER" TriggerText="null;"/>
      <Trigger Name="KEY-ENTQRY" TriggerText="enter_query;"/>
      <Trigger Name="KEY-EXEQRY" TriggerText="execute_query;"/>
      <Trigger Name="KEY-EXIT" TriggerText="--&amp;#10;-- fires when form is exited&amp;#10;--&amp;#10;-- Date&#x9;&#x9;by &#x9;&#x9;change&amp;#10;-- 10/1994&#x9;David Massie&#x9;Creation&amp;#10;-- 1995&#x9;&#x9;Nagy Tharwat&#x9;Upgrade to v9 - moved code into library procedure&amp;#10;-- 2/5/1996&#x9;Steve Pusey&#x9;Upgrade to V10 &amp;#10;--&#x9;&#x9;&#x9;&#x9;- removed code to check for system.mode = 'ENTER-QUERY', I can't&amp;#10;--&#x9;&#x9;&#x9;&#x9;- see why this code is not in the library !&amp;#10;--&amp;#10;BEGIN&amp;#10;   &amp;#10;  oasis_exit_form;&amp;#10;&amp;#10;END;"/>
      <Trigger Name="KEY-HELP" TriggerText="GET_HELP;"/>
      <Trigger Name="KEY-LISTVAL" TriggerText="list_values;"/>
      <Trigger Name="KEY-NEXT-ITEM" TriggerText="replace_t_with_current_date;&amp;#10;next_item;"/>
      <Trigger Name="KEY-NXTREC" TriggerText="next_record;"/>
      <Trigger Name="KEY-NXTSET" TriggerText="next_set;"/>
      <Trigger Name="KEY-OTHERS" TriggerText="NULL;"/>
      <Trigger Name="KEY-PREV-ITEM" TriggerText="replace_t_with_current_date;&amp;#10;PREVIOUS_ITEM;"/>
      <Trigger Name="KEY-PRINT" TriggerText="print;"/>
      <Trigger Name="KEY-PRVREC" TriggerText="PREVIOUS_RECORD;"/>
      <Trigger Name="KEY-SCRDOWN" TriggerText="SCROLL_DOWN;"/>
      <Trigger Name="KEY-SCRUP" TriggerText="SCROLL_UP;"/>
      <Trigger Name="KEY-UP" TriggerText="UP;"/>
      <Trigger Name="KEY-COMMIT" DirtyInfo="true" TriggerText="commit_form;"/>
      <VisualAttribute Name="YELLOW_HIGH_VA" BackColor="yellow" DirtyInfo="true" FillPattern="transparent"/>
      <VisualAttribute Name="RED_HIGH_VA" BackColor="red" DirtyInfo="true" FillPattern="transparent"/>
      <VisualAttribute Name="WHITE_BACKGROUND_VA" BackColor="white" DirtyInfo="true" ForegroundColor="black"/>
      <VisualAttribute Name="REDBACK_VA" BackColor="red" FontName="Arial" FontSize="900" FontStyle="Plain" DirtyInfo="true" FontWeight="Medium" FontSpacing="Normal" ForegroundColor="black" FillPattern="transparent"/>
      <VisualAttribute Name="DISP_BLUE_VA" BackColor="blue" FontName="Arial" FontSize="900" FontStyle="Plain" DirtyInfo="true" FontWeight="Medium" FontSpacing="Normal" ForegroundColor="black" FillPattern="solid"/>
      <VisualAttribute Name="TEXT_ITEM_VA_LOV" BackColor="white" FontName="Arial" FontSize="900" FontStyle="Plain" DirtyInfo="true" FontWeight="Medium" FontSpacing="Normal" ForegroundColor="black" FillPattern="transparent"/>
      <VisualAttribute Name="CURR_ITEM_RED" ParentModule="PAS_OLD" ParentModuleType="25" ParentName="CURR_ITEM_RED" ParentFilename="pas_old.olb" ParentFilepath="" ParentType="39"/>
      <VisualAttribute Name="BACKGROUND_CANVAS_BLUE" ParentModule="PAS_OLD" ParentModuleType="25" ParentName="BACKGROUND_CANVAS_BLUE" ParentFilename="pas_old.olb" ParentFilepath="" ParentType="39"/>
      <VisualAttribute Name="BACKGROUND_CANVAS" ParentModule="PAS_OLD" ParentModuleType="25" ParentName="BACKGROUND_CANVAS" ParentFilename="pas_old.olb" ParentFilepath="" ParentType="39"/>
      <VisualAttribute Name="TEXT_ITEM_BPT" ParentModule="PAS_OLD" ParentModuleType="25" ParentName="TEXT_ITEM_BPT" ParentFilename="pas_old.olb" ParentFilepath="" ParentType="39"/>
      <VisualAttribute Name="TEXT_ITEM_BPT_GREY" ParentModule="PAS_OLD" ParentModuleType="25" ParentName="TEXT_ITEM_BPT_GREY" ParentFilename="pas_old.olb" ParentFilepath="" ParentType="39"/>
      <VisualAttribute Name="TEXT_ITEM_VA" ParentModule="PAS_OLD" ParentModuleType="25" ParentName="TEXT_ITEM_VA" ParentFilename="pas_old.olb" ParentFilepath="" ParentType="39"/>
      <VisualAttribute Name="CURR_ITEM_VA" ParentModule="PAS_OLD" ParentModuleType="25" ParentName="CURR_ITEM_VA" ParentFilename="pas_old.olb" ParentFilepath="" ParentType="39"/>
      <VisualAttribute Name="DISP_RED" ParentModule="PAS_OLD" ParentModuleType="25" ParentName="DISP_RED" ParentFilename="pas_old.olb" ParentFilepath="" ParentType="39"/>
      <VisualAttribute Name="DISP_RED2" ParentModule="PAS_OLD" ParentModuleType="25" ParentName="DISP_RED2" ParentFilename="pas_old.olb" ParentFilepath="" ParentType="39"/>
      <VisualAttribute Name="DISP_GREEN" ParentModule="PAS_OLD" ParentModuleType="25" ParentName="DISP_GREEN" ParentFilename="pas_old.olb" ParentFilepath="" ParentType="39"/>
      <VisualAttribute Name="DISP_GREEN2" ParentModule="PAS_OLD" ParentModuleType="25" ParentName="DISP_GREEN2" ParentFilename="pas_old.olb" ParentFilepath="" ParentType="39"/>
      <VisualAttribute Name="WEB_BTN" BackColor="white" FontName="Arial" FontSize="900" FontStyle="Plain" FontWeight="Medium" FontSpacing="Normal"/>
      <VisualAttribute Name="WEB_BPT_WINGDINGS" BackColor="white" FontName="Wingdings" FontSize="1400" FontStyle="Plain" FontWeight="Medium" FontSpacing="Normal" ForegroundColor="Top Blue"/>
      <VisualAttribute Name="V7_VA_TOOLTIP" BackColor="r100g100b88" FontName="Arial" FontSize="900" FontStyle="Plain" FontWeight="Medium" FontSpacing="Normal" ForegroundColor="Black"/>
      <VisualAttribute Name="MENU_TEXT_ITEMS" BackColor="Side Green" FontName="Arial" VisualAttributeType="Common" FontSize="900" DirtyInfo="true" FontWeight="Bold" ForegroundColor="darkcyan"/>
      <VisualAttribute Name="MENU_TEXT_ITEMS_INV" BackColor="darkcyan" FontName="Arial" VisualAttributeType="Common" FontSize="900" DirtyInfo="true" FontWeight="Bold" ForegroundColor="Side Green"/>
      <VisualAttribute Name="MENU_PROMPT" VisualAttributeType="Prompt" PromptForegroundColor="darkgray" DirtyInfo="true" PromptFontName="Arial" PromptFontSize="900" PromptFontStyle="Plain" PromptFontWeight="Bold" PromptFontSpacing="Normal"/>
      <VisualAttribute Name="FORM_TITLE_VA" ParentModule="PAS_CUI" ParentModuleType="25" ParentName="FORM_TITLE_VA" ParentFilename="pas_cui.olb" DirtyInfo="true" ParentFilepath="" ParentType="39"/>
      <VisualAttribute Name="SECTION_TITLE_VA" ParentModule="PAS_CUI" ParentModuleType="25" ParentName="SECTION_TITLE_VA" ParentFilename="pas_cui.olb" DirtyInfo="true" ParentFilepath="" ParentType="39"/>
      <VisualAttribute Name="BACKGROUND_LINK_BOX_VA" ParentModule="PAS_CUI" ParentModuleType="25" ParentName="BACKGROUND_LINK_BOX_VA" ParentFilename="pas_cui.olb" DirtyInfo="true" ParentFilepath="" ParentType="39"/>
      <VisualAttribute Name="CUI_TOOLTIP_VA" ParentModule="PAS_CUI" ParentModuleType="25" ParentName="CUI_TOOLTIP_VA" ParentFilename="pas_cui.olb" DirtyInfo="true" ParentFilepath="" ParentType="39"/>
      <VisualAttribute Name="MENU_TEXT_ITEMS_VA" ParentModule="PAS_CUI" ParentModuleType="25" ParentName="MENU_TEXT_ITEMS_VA" ParentFilename="pas_cui.olb" DirtyInfo="true" ParentFilepath="" ParentType="39"/>
      <VisualAttribute Name="WEB_TEXT_BUTTON_CLICK" ParentModule="PAS_CUI" ParentModuleType="25" ParentName="WEB_TEXT_BUTTON_CLICK" ParentFilename="PAS_CUI.olb" DirtyInfo="true" ParentType="39"/>
      <VisualAttribute Name="WEB_TEXT_BUTTON" ParentModule="PAS_CUI" ParentModuleType="25" ParentName="WEB_TEXT_BUTTON" ParentFilename="PAS_CUI.olb" DirtyInfo="true" ParentType="39"/>
      <Window Name="WND_ACTUAL_START_DATE_UPDATE" XPosition="250" YPosition="170" DirtyInfo="true" Title=" " Width="253" Height="99" WindowStyle="Dialog" HideOnExit="true"/>
      <Window Name="WND_DELETE_DATASETS" ClearAllowed="true" MinimizeAllowed="false" Title=" " Width="253" WindowStyle="Dialog" ResizeAllowed="false" HideOnExit="true" XPosition="270" YPosition="210" MaximizeAllowed="false" DirtyInfo="true" MoveAllowed="true" Height="99"/>
      <Window Name="MAIN_FORM_WINDOW" ShowHorizontalScrollbar="false" ClearAllowed="true" MinimizeAllowed="true" Title="Template Form - Root Window Title" Width="755" InheritMenu="true" WindowStyle="Document" ResizeAllowed="true" PrimaryCanvas="CNV_CONTENT" HideOnExit="false" XPosition="0" YPosition="0" Bevel="None" MaximizeAllowed="true" DirtyInfo="true" VisualAttributeName="DEFAULT" Modal="false" MoveAllowed="true" ShowVerticalScrollbar="false" Height="481"/>
      <ObjectGroup Name="PATIENT_BANNER_OG" ParentModule="PAS_CUI" ParentModuleType="25" ParentName="PATIENT_BANNER_OG" ParentFilename="PAS_CUI.olb" DirtyInfo="true" ParentType="23">
         <ObjectGroupChild Name="P_PATIENT_BANNER_VERSION" SubclassSubObject="true"/>
         <ObjectGroupChild Name="B_PATIENT_BANNER" SubclassSubObject="true"/>
         <ObjectGroupChild Name="TOOLBAR_CANVAS" SubclassSubObject="true"/>
         <ObjectGroupChild Name="TOOLBAR_CANVAS_CLASS" SubclassSubObject="true"/>
         <ObjectGroupChild Name="PB_ZONE_2_CANVAS" SubclassSubObject="true"/>
         <ObjectGroupChild Name="IMAGE_BUTTON_CLASS" SubclassSubObject="true"/>
         <ObjectGroupChild Name="PATIENT_BANNER_ITEM_CLASS" SubclassSubObject="true"/>
         <ObjectGroupChild Name="CUI_TOOLTIP_VA" SubclassSubObject="true"/>
         <ObjectGroupChild Name="PATIENT_BANNER_ALIVE" SubclassSubObject="true"/>
         <ObjectGroupChild Name="PATIENT_BANNER_ALIVE_SMALL" SubclassSubObject="true"/>
         <ObjectGroupChild Name="PATIENT_BANNER_ALIVE_BIG" SubclassSubObject="true"/>
         <ObjectGroupChild Name="PATIENT_BANNER_ALIVE_LABEL" SubclassSubObject="true"/>
         <ObjectGroupChild Name="PATIENT_BANNER_ALIVE_LINK" SubclassSubObject="true"/>
         <ObjectGroupChild Name="PATIENT_BANNER_DEAD" SubclassSubObject="true"/>
         <ObjectGroupChild Name="PATIENT_BANNER_DEAD_SMALL" SubclassSubObject="true"/>
         <ObjectGroupChild Name="PATIENT_BANNER_DEAD_BIG" SubclassSubObject="true"/>
         <ObjectGroupChild Name="PATIENT_BANNER_DEAD_LABEL" SubclassSubObject="true"/>
         <ObjectGroupChild Name="PATIENT_BANNER_DEAD_LINK" SubclassSubObject="true"/>
         <ObjectGroupChild Name="PATIENT_BANNER" SubclassSubObject="true"/>
         <ObjectGroupChild Name="PATIENT_BANNER" SubclassSubObject="true"/>
      </ObjectGroup>
      <ObjectGroup Name="ACTIONS_OG" ParentModule="PAS_CUI" ParentModuleType="25" ParentName="ACTIONS_OG" ParentFilename="PAS_CUI.olb" DirtyInfo="true" ParentType="23">
         <ObjectGroupChild Name="C_ACTIONS" SubclassSubObject="true"/>
         <ObjectGroupChild Name="C_BASE" SubclassSubObject="true"/>
         <ObjectGroupChild Name="C_FUNCTIONS" SubclassSubObject="true"/>
         <ObjectGroupChild Name="MENU_CANVAS_CLASS" SubclassSubObject="true"/>
         <ObjectGroupChild Name="MENU_CANVAS_VA" SubclassSubObject="true"/>
         <ObjectGroupChild Name="MENU_ITEM_CLASS" SubclassSubObject="true"/>
         <ObjectGroupChild Name="TOP_MENU" SubclassSubObject="true"/>
         <ObjectGroupChild Name="LT_TOOLBAR_MAIN" SubclassSubObject="true"/>
         <ObjectGroupChild Name="HCI_UPGRADE" SubclassSubObject="true"/>
         <ObjectGroupChild Name="HCI_UPGRADE" SubclassSubObject="true"/>
         <ObjectGroupChild Name="LHM_RESET_CANVAS_STACK" SubclassSubObject="true"/>
         <ObjectGroupChild Name="LOCAL_RESET_CANVAS_STACK" SubclassSubObject="true"/>
      </ObjectGroup>
      <ObjectGroup Name="KEY_TRIGGERS" DirtyInfo="true" ObjectGroupType="22">
         <ObjectGroupChild Name="KEY-CLRFRM" Type="Trigger"/>
         <ObjectGroupChild Name="KEY-CLRBLK" Type="Trigger"/>
         <ObjectGroupChild Name="KEY-CLRREC" Type="Trigger"/>
         <ObjectGroupChild Name="KEY-CQUERY" Type="Trigger"/>
         <ObjectGroupChild Name="KEY-CREREC" Type="Trigger"/>
         <ObjectGroupChild Name="KEY-DELREC" Type="Trigger"/>
         <ObjectGroupChild Name="KEY-DOWN" Type="Trigger"/>
         <ObjectGroupChild Name="KEY-DUP-ITEM" Type="Trigger"/>
         <ObjectGroupChild Name="KEY-DUPREC" Type="Trigger"/>
         <ObjectGroupChild Name="KEY-EDIT" Type="Trigger"/>
         <ObjectGroupChild Name="KEY-ENTER" Type="Trigger"/>
         <ObjectGroupChild Name="KEY-ENTQRY" Type="Trigger"/>
         <ObjectGroupChild Name="KEY-EXEQRY" Type="Trigger"/>
         <ObjectGroupChild Name="KEY-LISTVAL" Type="Trigger"/>
         <ObjectGroupChild Name="KEY-NEXT-ITEM" Type="Trigger"/>
         <ObjectGroupChild Name="KEY-NXTREC" Type="Trigger"/>
         <ObjectGroupChild Name="KEY-NXTSET" Type="Trigger"/>
         <ObjectGroupChild Name="KEY-OTHERS" Type="Trigger"/>
         <ObjectGroupChild Name="KEY-PREV-ITEM" Type="Trigger"/>
         <ObjectGroupChild Name="KEY-PRINT" Type="Trigger"/>
         <ObjectGroupChild Name="KEY-PRVREC" Type="Trigger"/>
         <ObjectGroupChild Name="KEY-SCRDOWN" Type="Trigger"/>
         <ObjectGroupChild Name="KEY-SCRUP" Type="Trigger"/>
         <ObjectGroupChild Name="KEY-UP" Type="Trigger"/>
      </ObjectGroup>
      <ObjectGroup Name="ABOUT_FORM_PARAMETERS" ObjectGroupType="22">
         <ObjectGroupChild Name="P_TEMPLATE" Type="ModuleParameter"/>
         <ObjectGroupChild Name="P_VERSION" Type="ModuleParameter"/>
         <ObjectGroupChild Name="P_DATE" Type="ModuleParameter"/>
      </ObjectGroup>
      <ObjectGroup Name="ON_TRIGGERS" ObjectGroupType="22">
         <ObjectGroupChild Name="ON-MESSAGE" Type="Trigger"/>
         <ObjectGroupChild Name="ON-ERROR" Type="Trigger"/>
      </ObjectGroup>
   </FormModule>
</Module>
