<?xml version = '1.0' encoding = 'UTF-8'?>
<Module version="122010300" xmlns="http://xmlns.oracle.com/Forms">
   <FormModule Name="CHKSSIOS" ValidationUnit="Default" Comment="08/11/2002 Pete Hayes - espec033 New Module" HorizontalToolbarCanvas=" " ConsoleWindow="MAIN_FORM_WINDOW" MenuModule="OASIS" CursorMode="Open" InitializeMenu="DEFAULTMENUAPP" Use3dControls="true" RuntimeComp="5.0" DirtyInfo="true" MouseNavigationLimit="Form" SavepointMode="true">
      <Coordinate CharacterCellWidth="7" RealUnit="Point" DefaultFontScaling="false" CharacterCellHeight="16" CoordinateSystem="Real"/>
      <Alert Name="STANDARD_ALERT" DirtyInfo="true" Button1Label="OK" VisualAttributeName="DEFAULT" Button2Label="" DefaultAlertButton="Button 1" AlertStyle="Note"/>
      <Alert Name="WARNING_ALERT" DirtyInfo="true" Button1Label="OK" VisualAttributeName="DEFAULT" Button2Label="" DefaultAlertButton="Button 1" AlertStyle="Note"/>
      <Alert Name="ERROR_ALERT" DirtyInfo="true" Button1Label="OK" VisualAttributeName="DEFAULT" Button2Label="" DefaultAlertButton="Button 1" AlertStyle="Note"/>
      <Alert Name="QUESTION_ALERT" DirtyInfo="true" Button1Label="Yes" VisualAttributeName="DEFAULT" Button2Label="No" DefaultAlertButton="Button 1" AlertStyle="Note"/>
      <Block Name="CONTROL" RecordsBufferedCount="0" RecordsDisplayCount="1" RecordsFetchedCount="1" EnforcedColumnSecurity="false" InsertAllowed="false" EnforcedPrimaryKey="false" RecordOrientation="Vertical" UpdateAllowed="false" DeleteAllowed="false" DirtyInfo="true" VisualAttributeName="DEFAULT" KeyMode="Unique" DatabaseBlock="false" QueryDataSourceType="None" QueryAllowed="false" LockMode="Immediate" DMLDataType="None" NavigationStyle="Same Record" ShowScrollbar="false">
         <Item Name="TIMEOUT" Bevel="None" DirtyInfo="true" Width="0" MouseNavigate="false" ItemType="Bean Area" KeyboardNavigable="false" ImplementationClass="com.capula.eoasis.Timeout" Height="0"/>
         <Trigger Name="WHEN-MOUSE-LEAVE" TriggerText="Kill_Hint_Timer;"/>
      </Block>
      <Block Name="CHECKLIST_TYPE" DeleteAllowed="false" DirtyInfo="true" InsertAllowed="false" DatabaseBlock="false" ScrollbarWidth="14" ScrollbarLength="135" UpdateAllowed="false">
         <Item Name="CHECKLIST_DESCRIPTION" Justification="Start" Width="494" MaximumLength="40" ParentModule="CHKSSIOS" XPosition="98" ParentModuleType="12" YPosition="14" ParentName="DISPLAY_ITEM_CLASS" Bevel="Plain" DirtyInfo="true" CanvasName="C_CHECKLIST_SS_IOS" ParentType="29" TooltipVisualAttributeGroup="V7_VA_TOOLTIP" Height="14"/>
      </Block>
      <Block Name="CHECKLIST_SESSION_STAFF_IOS" RecordsDisplayCount="17" WhereClause="CHECK_LIST_TYPE = :PARAMETER.P_CHECK_LIST_TYPE" EnforcedPrimaryKey="true" RecordVisualAttributeGroupName="CURR_ITEM_VA" OrderByClause="SESSION_STAFF_IOS_ID,&amp;#10;CHECK_LIST_TYPE" QueryDataSourceName="CHECKLIST_SESSION_STAFF_IOS" DirtyInfo="true" ScrollbarCanvasName="C_CHECKLIST_SS_IOS" ScrollbarTabPageName="" ScrollbarWidth="12" ScrollbarXPosition="12" ScrollbarYPosition="61" ShowScrollbar="true" ScrollbarLength="238">
         <Item Name="SPECIALTY_DESCRIPTION" Width="107" InsertAllowed="false" MaximumLength="80" UpdateAllowed="false" ParentModule="CHKSSIOS" XPosition="24" ParentModuleType="12" YPosition="61" DatabaseItem="false" ParentName="TEXT_ITEM_CLASS" Bevel="Plain" DirtyInfo="true" CanvasName="C_CHECKLIST_SS_IOS" QueryAllowed="false" CaseRestriction="Upper" ParentType="29" TooltipVisualAttributeGroup="V7_VA_TOOLTIP" Height="14">
            <Trigger Name="WHEN-MOUSE-DOUBLECLICK" DirtyInfo="true" TriggerText="do_lov_dialogue;"/>
         </Item>
         <Item Name="SESSION_DESCRIPTION" TabPageName="" Width="108" InsertAllowed="false" MaximumLength="80" UpdateAllowed="false" ParentModule="CHKSSIOS" XPosition="131" ParentModuleType="12" YPosition="61" DatabaseItem="false" ParentName="TEXT_ITEM_CLASS" Bevel="Plain" DirtyInfo="true" CanvasName="C_CHECKLIST_SS_IOS" QueryAllowed="false" ParentType="29" TooltipVisualAttributeGroup="V7_VA_TOOLTIP" Height="14">
            <Trigger Name="WHEN-MOUSE-DOUBLECLICK" DirtyInfo="true" TriggerText="do_lov_dialogue;"/>
         </Item>
         <Item Name="SESSION_STAFF_DESCRIPTION" TabPageName="" Width="108" InsertAllowed="false" MaximumLength="80" UpdateAllowed="false" ParentModule="CHKSSIOS" XPosition="239" ParentModuleType="12" YPosition="61" DatabaseItem="false" ParentName="TEXT_ITEM_CLASS" Bevel="Plain" DirtyInfo="true" CanvasName="C_CHECKLIST_SS_IOS" QueryAllowed="false" ParentType="29" TooltipVisualAttributeGroup="V7_VA_TOOLTIP" Height="14">
            <Trigger Name="WHEN-MOUSE-DOUBLECLICK" DirtyInfo="true" TriggerText="do_lov_dialogue;"/>
         </Item>
         <Item Name="IOS_DESCRIPTION" TabPageName="" Width="108" InsertAllowed="false" MaximumLength="200" UpdateAllowed="false" ParentModule="CHKSSIOS" XPosition="347" ParentModuleType="12" YPosition="61" DatabaseItem="false" ParentName="TEXT_ITEM_CLASS" Bevel="Plain" DirtyInfo="true" CanvasName="C_CHECKLIST_SS_IOS" QueryAllowed="false" ParentType="29" TooltipVisualAttributeGroup="V7_VA_TOOLTIP" Height="14">
            <Trigger Name="WHEN-MOUSE-DOUBLECLICK" DirtyInfo="true" TriggerText="do_lov_dialogue;"/>
         </Item>
         <Item Name="BTN_SESSION_IOS" IconFilename="b_lov_b3" Width="19" ParentModule="CHKSSIOS" XPosition="455" ParentModuleType="12" YPosition="61" ParentName="LOV_BUTTON_CLASS" DirtyInfo="true" VisualAttributeName="WEB_BTN" CanvasName="C_CHECKLIST_SS_IOS" KeyboardNavigable="false" ParentType="29" TooltipVisualAttributeGroup="V7_VA_TOOLTIP" Height="14">
            <Trigger Name="WHEN-BUTTON-PRESSED" DirtyInfo="true" TriggerText="do_lov_dialogue;"/>
         </Item>
         <Item Name="APPLIES_START" ParentModule="CHKSSIOS" XPosition="474" ParentModuleType="12" YPosition="61" ParentName="CUI_DATE_INPUT" DirtyInfo="true" TabPageName="" CanvasName="C_CHECKLIST_SS_IOS" ParentType="29"/>
         <Item Name="APPLIES_END" ParentModule="CHKSSIOS" XPosition="539" ParentModuleType="12" YPosition="61" ParentName="CUI_DATE_INPUT" DirtyInfo="true" CanvasName="C_CHECKLIST_SS_IOS" ColumnName="APPLIES_END" ParentType="29">
            <Trigger Name="WHEN-VALIDATE-ITEM" DirtyInfo="true" TriggerText="--&amp;#10;-- DATE&#x9;&#x9;&#x9;&#x9;BY&#x9;&#x9;&#x9;CHANGE&amp;#10;-- 02/09/2003 Quintin&#x9;Created&amp;#10;--&amp;#10;&amp;#10;BEGIN&amp;#10;&#x9;&amp;#10;&#x9;IF :CHECKLIST_SESSION_STAFF_IOS.APPLIES_START > nvl(:CHECKLIST_SESSION_STAFF_IOS.APPLIES_END,:CHECKLIST_SESSION_STAFF_IOS.APPLIES_START) THEN&amp;#10;&#x9;&#x9;display_alert('WARNING_ALERT',7088);&amp;#10;&#x9;&#x9;RAISE form_trigger_failure;&amp;#10;&#x9;END IF;&amp;#10;&#x9;&amp;#10;END;"/>
         </Item>
         <Item Name="SESSION_STAFF_IOS_ID" Prompt="Session Staff Ios Id" PrimaryKey="true" Bevel="Plain" DirtyInfo="true" Width="74" MaximumLength="40" ItemType="Text Item" ColumnName="SESSION_STAFF_IOS_ID" DataType="Number" TooltipVisualAttributeGroup="V7_VA_TOOLTIP" Height="14"/>
         <Item Name="CHECK_LIST_TYPE" Prompt="Check List Type" PrimaryKey="true" Bevel="Plain" DirtyInfo="true" Width="176" MaximumLength="25" ItemType="Text Item" ColumnName="CHECK_LIST_TYPE" TooltipVisualAttributeGroup="V7_VA_TOOLTIP" Height="14"/>
         <Item Name="AMEND_BY_USER" Prompt="Amend By User" Bevel="Plain" DirtyInfo="true" Width="74" MaximumLength="40" ItemType="Text Item" ColumnName="AMEND_BY_USER" DataType="Number" TooltipVisualAttributeGroup="V7_VA_TOOLTIP" Height="14"/>
         <Item Name="AMEND_LAST_DATE" Prompt="Amend Last Date" Bevel="Plain" DirtyInfo="true" Width="81" MaximumLength="11" ItemType="Text Item" ColumnName="AMEND_LAST_DATE" DataType="Date" TooltipVisualAttributeGroup="V7_VA_TOOLTIP" Height="14"/>
         <Item Name="AMEND_BY_MODULE" Prompt="Amend By Module" Bevel="Plain" DirtyInfo="true" Width="74" MaximumLength="10" ItemType="Text Item" ColumnName="AMEND_BY_MODULE" TooltipVisualAttributeGroup="V7_VA_TOOLTIP" Height="14"/>
         <Item Name="CREATED_BY_USER" Prompt="Created By User" Bevel="Plain" DirtyInfo="true" Width="74" MaximumLength="40" ItemType="Text Item" ColumnName="CREATED_BY_USER" DataType="Number" TooltipVisualAttributeGroup="V7_VA_TOOLTIP" Height="14"/>
         <Item Name="CREATED_DATE" Prompt="Created Date" Bevel="Plain" DirtyInfo="true" Width="81" MaximumLength="11" ItemType="Text Item" ColumnName="CREATED_DATE" DataType="Date" TooltipVisualAttributeGroup="V7_VA_TOOLTIP" Height="14"/>
         <Item Name="CREATED_BY_MODULE" Prompt="Created By Module" Bevel="Plain" DirtyInfo="true" Width="74" MaximumLength="10" ItemType="Text Item" ColumnName="CREATED_BY_MODULE" TooltipVisualAttributeGroup="V7_VA_TOOLTIP" Height="14"/>
         <Item Name="CHECKLIST_SESSIONSTAFFIOS_ID" Bevel="Plain" DirtyInfo="true" Width="68" DataType="Number" TooltipVisualAttributeGroup="V7_VA_TOOLTIP" Height="14"/>
         <DataSourceColumn DSCLength="0" DSCMandatory="false" DSCPrecision="0" DSCName="SESSION_STAFF_IOS_ID" DSCScale="0" DSCType="NUMBER" DSCNochildren="false" Type="Query"/>
         <DataSourceColumn DSCLength="25" DSCMandatory="false" DSCPrecision="0" DSCName="CHECK_LIST_TYPE" DSCScale="0" DSCType="VARCHAR2" DSCNochildren="false" Type="Query"/>
         <DataSourceColumn DSCLength="0" DSCMandatory="false" DSCPrecision="0" DSCName="AMEND_BY_USER" DSCScale="0" DSCType="NUMBER" DSCNochildren="false" Type="Query"/>
         <DataSourceColumn DSCLength="0" DSCMandatory="false" DSCPrecision="0" DSCName="AMEND_LAST_DATE" DSCScale="0" DSCType="DATE" DSCNochildren="false" Type="Query"/>
         <DataSourceColumn DSCLength="10" DSCMandatory="false" DSCPrecision="0" DSCName="AMEND_BY_MODULE" DSCScale="0" DSCType="VARCHAR2" DSCNochildren="false" Type="Query"/>
         <DataSourceColumn DSCLength="0" DSCMandatory="false" DSCPrecision="0" DSCName="CREATED_BY_USER" DSCScale="0" DSCType="NUMBER" DSCNochildren="false" Type="Query"/>
         <DataSourceColumn DSCLength="0" DSCMandatory="false" DSCPrecision="0" DSCName="CREATED_DATE" DSCScale="0" DSCType="DATE" DSCNochildren="false" Type="Query"/>
         <DataSourceColumn DSCLength="10" DSCMandatory="false" DSCPrecision="0" DSCName="CREATED_BY_MODULE" DSCScale="0" DSCType="VARCHAR2" DSCNochildren="false" Type="Query"/>
         <Trigger Name="PRE-INSERT" DirtyInfo="true" TriggerText="/****************************************************************&amp;#10; * Date&#x9;&#x9;&#x9;&#x9;&#x9;By&#x9;&#x9;&#x9;Change&amp;#10; *&amp;#10; * 13-NOV-2002&#x9;Peter&#x9;&#x9;New for espec041&amp;#10; * 02-SEP-2003&#x9;Quintin added applies_start and applies_end checks&amp;#10; *&amp;#10; * Description:&amp;#10; *&amp;#10; * Set all off screen audit fields.&amp;#10; *&amp;#10; ****************************************************************&amp;#10; */&amp;#10;&amp;#10;BEGIN&amp;#10;&#x9;&amp;#10;&#x9;IF :CHECKLIST_SESSION_STAFF_IOS.APPLIES_START IS NULL THEN&amp;#10;&#x9;&#x9;display_alert('WARNING_ALERT',8552);&amp;#10;&#x9;&#x9;RAISE form_trigger_failure;&amp;#10;&#x9;END IF;&amp;#10;&#x9;&amp;#10;&#x9;IF :CHECKLIST_SESSION_STAFF_IOS.APPLIES_START > nvl(:CHECKLIST_SESSION_STAFF_IOS.APPLIES_END,:CHECKLIST_SESSION_STAFF_IOS.APPLIES_START) THEN&amp;#10;&#x9;&#x9;display_alert('WARNING_ALERT',7088);&amp;#10;&#x9;&#x9;RAISE form_trigger_failure;&amp;#10;&#x9;END IF;&amp;#10;&#x9;&amp;#10;   set_cssios_amend_fields(p_function => 'INSERT');&amp;#10;END;"/>
         <Trigger Name="PRE-UPDATE" DirtyInfo="true" TriggerText="/****************************************************************&amp;#10; * Date&#x9;&#x9;&#x9;&#x9;&#x9;By&#x9;&#x9;&#x9;Change&amp;#10; *&amp;#10; * 13-NOV-2002&#x9;Peter&#x9;&#x9;New for espec041&amp;#10; * 02-SEP-2003&#x9;Quintin added applies_start and applies_end checks&amp;#10; *&amp;#10; * Description:&amp;#10; *&amp;#10; * Set off screen audit fields but not CREATED_ ones.&amp;#10; *&amp;#10; ****************************************************************&amp;#10; */&amp;#10;BEGIN&amp;#10;&#x9;&amp;#10;&#x9;IF :CHECKLIST_SESSION_STAFF_IOS.APPLIES_START IS NULL THEN&amp;#10;&#x9;&#x9;display_alert('WARNING_ALERT',8552);&amp;#10;&#x9;&#x9;RAISE form_trigger_failure;&amp;#10;&#x9;END IF;&amp;#10;&#x9;&amp;#10;&#x9;IF :CHECKLIST_SESSION_STAFF_IOS.APPLIES_START > nvl(:CHECKLIST_SESSION_STAFF_IOS.APPLIES_END,:CHECKLIST_SESSION_STAFF_IOS.APPLIES_START) THEN&amp;#10;&#x9;&#x9;display_alert('WARNING_ALERT',7088);&amp;#10;&#x9;&#x9;RAISE form_trigger_failure;&amp;#10;&#x9;END IF;&#x9;&amp;#10;&#x9;&amp;#10;   set_cssios_amend_fields(p_function => 'UPDATE');&amp;#10;END;"/>
         <Trigger Name="KEY-DELREC" DirtyInfo="true" TriggerText="/****************************************************************&amp;#10; * Date&#x9;&#x9;&#x9;&#x9;&#x9;By&#x9;&#x9;&#x9;Change&amp;#10; *&amp;#10; * 13-NOV-2002&#x9;Peter&#x9;&#x9;New for espec041&amp;#10; *&amp;#10; *&amp;#10; * Description:&amp;#10; *&amp;#10; * Override form level default.&amp;#10; *&amp;#10; ****************************************************************&amp;#10; */&amp;#10;BEGIN&amp;#10;   /* This is only permissable if no appointment has been booked against this member of staff.  */&amp;#10;   DELETE_RECORD;&amp;#10;END;"/>
         <Trigger Name="POST-QUERY" DirtyInfo="true" TriggerText="/****************************************************************&amp;#10; * Date&#x9;&#x9;&#x9;&#x9;&#x9;By&#x9;&#x9;&#x9;Change&amp;#10; *&amp;#10; * 13-NOV-2002&#x9;Peter&#x9;&#x9;New for espec041&amp;#10; *&amp;#10; *&amp;#10; * Description:&amp;#10; *&amp;#10; * Display the description fields but leave the record with&amp;#10; * 'QUERY' status to stop record and item validation.&amp;#10; *&amp;#10; ****************************************************************&amp;#10; */&amp;#10;BEGIN&amp;#10;   cssi_set_display_fields(pb_set_record_to_query => TRUE);&amp;#10;END;"/>
         <Trigger Name="WHEN-VALIDATE-RECORD" DirtyInfo="true" TriggerText="/****************************************************************&amp;#10; * Date&#x9;&#x9;&#x9;&#x9;&#x9;By&#x9;&#x9;&#x9;Change&amp;#10; *&amp;#10; * 13-NOV-2002&#x9;Peter&#x9;&#x9;New for espec041&amp;#10; *&amp;#10; *&amp;#10; * Description:&amp;#10; *&amp;#10; * Ensure mandatory fields have been entered.&amp;#10; *&amp;#10; ****************************************************************&amp;#10; */&amp;#10;BEGIN&amp;#10;   check_mandatory.css_ios;&amp;#10;END;"/>
         <Trigger Name="WHEN-NEW-RECORD-INSTANCE" DirtyInfo="true" TriggerText="/****************************************************************&amp;#10; * Date&#x9;&#x9;&#x9;&#x9;&#x9;By&#x9;&#x9;&#x9;Change&amp;#10; *&amp;#10; * 13-NOV-2002&#x9;Peter&#x9;&#x9;New for espec041&amp;#10; *&amp;#10; *&amp;#10; * Description:&amp;#10; *&amp;#10; * Perform a post when moving onto a new record - post will&amp;#10; * only occur if there are records of status 'CHANGED' or &amp;#10; * 'INSERT' as pb_guarentee is FALSE.&amp;#10; *&amp;#10; ****************************************************************&amp;#10; */&amp;#10;BEGIN&amp;#10;   do_post(pb_guarentee => FALSE);&amp;#10;END;"/>
         <Trigger Name="WHEN-CREATE-RECORD" DirtyInfo="true" TriggerText="BEGIN&amp;#10;&#x9;&amp;#10;&#x9;:CHECKLIST_SESSION_STAFF_IOS.APPLIES_START := sysdate;&amp;#10;&#x9;&amp;#10;END;"/>
      </Block>
      <Block Name="TEXT" RecordsBufferedCount="0" RecordsDisplayCount="1" RecordsFetchedCount="0" WhereClause="" EnforcedColumnSecurity="false" InsertAllowed="true" EnforcedPrimaryKey="false" RecordOrientation="Vertical" UpdateAllowed="true" DMLDataName="" DeleteAllowed="true" QueryDataSourceName="" DirtyInfo="true" VisualAttributeName="DEFAULT" KeyMode="Unique" DatabaseBlock="false" QueryDataSourceType="None" QueryAllowed="true" LockMode="Immediate" DMLDataType="None" NavigationStyle="Same Record" ShowScrollbar="false">
         <Item Name="FUNCTION_ID" ValidateFromList="false" LovXPosition="0" Justification="Left" LovYPosition="0" ListStyle="Poplist" Width="36" MaximumLength="6" WrapStyle="Word" AutoSkip="false" CompressionQuality="None" XPosition="108" YPosition="35" DatabaseItem="true" Bevel="Plain" AutoHint="false" MouseNavigate="true" MultiLine="false" CaseInsensitiveQuery="false" KeyboardNavigable="true" CaseRestriction="Mixed" CheckBoxOtherValues="Not Allowed" PrimaryKey="false" DefaultButton="false" QueryAllowed="true" Visible="true" QueryLength="6" DisplayQuality="High" EditXPosition="0" EditYPosition="0" Enabled="true" DistanceBetweenRecords="4364" FixedLength="false" Required="true" Height="14" ConcealData="false" Hint="Enter value for : FUNCTION_ID" SizingStyle="Crop" ShowHorizontalScrollbar="false" Iconic="false" InsertAllowed="true" ItemType="Display Item" DataType="Number" UpdateAllowed="true" UpdateIfNull="false" KeepCursorPosition="false" VisualAttributeName="DEFAULT" Label="Function Id" LockRecord="false" ShowVerticalScrollbar="false" TooltipVisualAttributeGroup="V7_VA_TOOLTIP"/>
         <Item Name="LANGUAGE_ID" ValidateFromList="false" LovXPosition="0" Justification="Left" LovYPosition="0" ListStyle="Poplist" Width="24" MaximumLength="4" WrapStyle="Word" AutoSkip="false" CompressionQuality="None" XPosition="576" YPosition="35" DatabaseItem="true" Bevel="Plain" AutoHint="false" MouseNavigate="true" MultiLine="false" CaseInsensitiveQuery="false" KeyboardNavigable="true" CaseRestriction="Mixed" CheckBoxOtherValues="Not Allowed" PrimaryKey="false" DefaultButton="false" QueryAllowed="true" Visible="true" QueryLength="4" DisplayQuality="High" EditXPosition="0" EditYPosition="0" Enabled="true" DistanceBetweenRecords="4364" FixedLength="false" Required="true" Height="14" ConcealData="false" Hint="Enter value for : LANGUAGE_ID" SizingStyle="Crop" ShowHorizontalScrollbar="false" Iconic="false" InsertAllowed="true" ItemType="Display Item" DataType="Number" UpdateAllowed="true" UpdateIfNull="false" KeepCursorPosition="false" VisualAttributeName="DEFAULT" Label="Language Id" LockRecord="false" ShowVerticalScrollbar="false" TooltipVisualAttributeGroup="V7_VA_TOOLTIP"/>
         <Item Name="CONTROL_ITEM" ValidateFromList="false" LovXPosition="0" Justification="Left" LovYPosition="0" ListStyle="Poplist" Width="0" MaximumLength="1" WrapStyle="Word" AutoSkip="false" BackColor="white" CompressionQuality="None" XPosition="0" YPosition="1" DatabaseItem="false" Bevel="None" AutoHint="false" MouseNavigate="true" CanvasName="TOOLBAR_CANVAS" MultiLine="false" CaseInsensitiveQuery="false" KeyboardNavigable="true" CaseRestriction="Mixed" CheckBoxOtherValues="Not Allowed" Comment="This item is created as a hidden enterable field to allow the query on this block to operate" PrimaryKey="false" DirtyInfo="true" DefaultButton="false" QueryAllowed="true" Visible="true" QueryLength="1" DisplayQuality="High" EditXPosition="0" EditYPosition="0" Enabled="true" DistanceBetweenRecords="0" FillPattern="transparent" FixedLength="false" Required="false" FontName="Fixedsys" FontSize="900" FontStyle="Plain" FontWeight="Demilight" FontSpacing="Normal" ForegroundColor="black" Height="0" ConcealData="false" SizingStyle="Crop" ShowHorizontalScrollbar="false" Iconic="false" InsertAllowed="true" ItemType="Text Item" DataType="Char" UpdateAllowed="true" UpdateIfNull="false" KeepCursorPosition="false" LockRecord="false" ShowVerticalScrollbar="false" TooltipVisualAttributeGroup="V7_VA_TOOLTIP"/>
         <Item Name="BPT_1" Justification="End" DistanceBetweenRecords="0" Width="81" MaximumLength="80" ItemType="Display Item" DataType="Char" XPosition="13" YPosition="14" DatabaseItem="false" PrimaryKey="false" Bevel="None" DirtyInfo="true" VisualAttributeName="TEXT_ITEM_BPT_GREY" CanvasName="C_CHECKLIST_SS_IOS" Visible="true" TooltipVisualAttributeGroup="V7_VA_TOOLTIP" Height="13"/>
         <Item Name="BPT_2" ParentModule="CHKSSIOS" XPosition="25" ParentModuleType="12" YPosition="47" ParentName="BPT_CLASS" DirtyInfo="true" VisualAttributeName="TEXT_ITEM_BPT_GREY" Width="100" CanvasName="C_CHECKLIST_SS_IOS" ParentType="29" TooltipVisualAttributeGroup="V7_VA_TOOLTIP"/>
         <Item Name="BPT_3" ParentModule="CHKSSIOS" XPosition="132" ParentModuleType="12" YPosition="47" ParentName="BPT_CLASS" DirtyInfo="true" VisualAttributeName="TEXT_ITEM_BPT_GREY" Width="100" CanvasName="C_CHECKLIST_SS_IOS" ParentType="29" TooltipVisualAttributeGroup="V7_VA_TOOLTIP"/>
         <Item Name="BPT_4" Justification="Start" DistanceBetweenRecords="0" Width="105" MaximumLength="80" ItemType="Display Item" DataType="Char" XPosition="239" YPosition="47" DatabaseItem="false" PrimaryKey="false" Bevel="None" DirtyInfo="true" VisualAttributeName="TEXT_ITEM_BPT_GREY" CanvasName="C_CHECKLIST_SS_IOS" Visible="true" TooltipVisualAttributeGroup="V7_VA_TOOLTIP" Height="13"/>
         <Item Name="BPT_5" Justification="Start" DistanceBetweenRecords="0" Width="100" MaximumLength="80" ItemType="Display Item" DataType="Char" XPosition="348" YPosition="47" DatabaseItem="false" PrimaryKey="false" Bevel="None" DirtyInfo="true" VisualAttributeName="TEXT_ITEM_BPT_GREY" CanvasName="C_CHECKLIST_SS_IOS" Visible="true" TooltipVisualAttributeGroup="V7_VA_TOOLTIP" Height="13"/>
         <Item Name="BPT_7" Justification="Center" DistanceBetweenRecords="0" Width="51" FillPattern="transparent" MaximumLength="80" ItemType="Display Item" DataType="Char" BackColor="r55g85b100" XPosition="291" FontName="Arial" YPosition="27" DatabaseItem="false" PrimaryKey="false" Bevel="None" FontSize="900" FontStyle="Plain" DirtyInfo="true" FontWeight="Medium" FontSpacing="Normal" ForegroundColor="black" Visible="true" TooltipVisualAttributeGroup="V7_VA_TOOLTIP" Height="13"/>
         <Item Name="BPT_8" Justification="Center" DistanceBetweenRecords="0" Width="47" FillPattern="transparent" MaximumLength="80" ItemType="Display Item" DataType="Char" BackColor="r55g85b100" XPosition="348" FontName="Arial" YPosition="27" DatabaseItem="false" PrimaryKey="false" Bevel="None" FontSize="900" FontStyle="Plain" DirtyInfo="true" FontWeight="Medium" FontSpacing="Normal" ForegroundColor="black" Visible="true" TooltipVisualAttributeGroup="V7_VA_TOOLTIP" Height="13"/>
         <Item Name="BPT_9" Justification="Center" DistanceBetweenRecords="0" Width="51" FillPattern="transparent" MaximumLength="80" ItemType="Display Item" DataType="Char" BackColor="r55g85b100" XPosition="316" FontName="Arial" YPosition="12" DatabaseItem="false" PrimaryKey="false" Bevel="None" FontSize="900" FontStyle="Plain" DirtyInfo="true" FontWeight="Medium" FontSpacing="Normal" ForegroundColor="black" Visible="true" TooltipVisualAttributeGroup="V7_VA_TOOLTIP" Height="13"/>
         <Item Name="BPT_10" Justification="Start" DistanceBetweenRecords="0" Width="173" FillPattern="transparent" MaximumLength="80" ItemType="Display Item" DataType="Char" BackColor="r55g85b100" XPosition="21" FontName="Arial" YPosition="27" DatabaseItem="false" PrimaryKey="false" Bevel="None" FontSize="900" FontStyle="Plain" DirtyInfo="true" FontWeight="Medium" FontSpacing="Normal" ForegroundColor="black" Visible="true" TooltipVisualAttributeGroup="V7_VA_TOOLTIP" Height="13"/>
         <Item Name="BPT_11" ParentModule="CHKSSIOS" XPosition="473" ParentModuleType="12" YPosition="47" ParentName="BPT_GREY_CLASS" DirtyInfo="true" Width="54" CanvasName="C_CHECKLIST_SS_IOS" ParentType="29" TooltipVisualAttributeGroup="V7_VA_TOOLTIP"/>
         <Item Name="BPT_12" ParentModule="CHKSSIOS" XPosition="540" ParentModuleType="12" YPosition="47" ParentName="BPT_GREY_CLASS" DirtyInfo="true" Width="54" CanvasName="C_CHECKLIST_SS_IOS" ParentType="29" TooltipVisualAttributeGroup="V7_VA_TOOLTIP"/>
         <Item Name="BPT_13" Justification="Start" TabPageName="" DistanceBetweenRecords="0" Width="213" MaximumLength="80" DataType="Char" ParentModule="CHKSSIOS" XPosition="143" ParentModuleType="12" YPosition="45" DatabaseItem="false" PrimaryKey="false" ParentName="SECTION_TITLE_CLASS" DirtyInfo="true" CanvasName="CNV_CONTENT" Visible="true" ParentType="29" TooltipVisualAttributeGroup="V7_VA_TOOLTIP"/>
         <Item Name="DSP_BREADCRUMB" Justification="Start" TabPageName="" Width="278" MaximumLength="4000" ItemType="Display Item" BackColor="white" XPosition="95" FontName="Arial" YPosition="4" DatabaseItem="false" Bevel="None" FontSize="1000" FontStyle="Italic" DirtyInfo="true" FontWeight="Bold" FontSpacing="Normal" ForegroundColor="darkcyan" CanvasName="CNV_HIDE" Visible="false" Height="15"/>
         <Trigger Name="WHEN-MOUSE-DOUBLECLICK" TriggerText="/* Date&#x9;&#x9;&#x9;&#x9;By&#x9;&#x9;&#x9;Change&amp;#10; *&amp;#10; * 12-11-2002&#x9;Peter&#x9;&#x9;New for espec041&amp;#10; *&amp;#10; */&amp;#10;--&amp;#10;BEGIN&amp;#10;--&amp;#10;  boilerplate.change_boilerplate;&amp;#10;--&amp;#10;END;"/>
      </Block>
      <Block Name="BUTTONS" DirtyInfo="true" DatabaseBlock="false" ScrollbarWidth="14" ScrollbarLength="135">
         <Item Name="BTN_OK" Justification="Center" Width="35" ItemType="Text Item" RecordVisualAttributeGroupName="" XPosition="558" YPosition="320" DatabaseItem="false" Bevel="None" DirtyInfo="true" VisualAttributeName="WEB_TEXT_BUTTON" Label="PUSH_BUTTON416" CanvasName="C_CHECKLIST_SS_IOS" KeyboardNavigable="false" ItemsDisplay="1" TooltipVisualAttributeGroup="V7_VA_TOOLTIP" Height="14">
            <Trigger Name="WHEN-MOUSE-CLICK" DirtyInfo="true" TriggerText="oasis_when_mouse_click.when_mouse_click;&amp;#10;&amp;#10;IF :parameter.p_os_commit = 'Y' THEN&amp;#10;&amp;#10;   IF :SYSTEM.RECORD_STATUS = 'NEW' THEN&amp;#10;   &#x9;  CLEAR_RECORD;&amp;#10;      IF :SYSTEM.RECORD_STATUS = 'NEW' THEN&amp;#10;      &#x9; /* Block must be empty in which case user has either cleared or deleted all records in it.&amp;#10;      &#x9;  * There are still outstanding commits so do a commit which will set p_os_commit back to 'N'&amp;#10;      &#x9;  * through the post-database-commit trigger defined at form level. This is the only case where&amp;#10;      &#x9;  * default behaviour of stdlib procedure oasis_ok_btn is bypassed.&amp;#10;      &#x9;  */&amp;#10;      &#x9; DO_KEY('COMMIT_FORM');&amp;#10;      &#x9; RETURN;&amp;#10;      END IF;&amp;#10;   END IF;&amp;#10;&amp;#10;&#x9; /* Records are posted without being committed so set a record (any one) so that the form&amp;#10;&#x9;  * status becomes changed and the behaviour of oasis_ok_btn is preverved.&amp;#10;&#x9;  */&amp;#10;&amp;#10;   :checklist_session_staff_ios.check_list_type := :checklist_session_staff_ios.check_list_type;&amp;#10;&amp;#10;END IF;&amp;#10;--&amp;#10;/* Standard OASIS functionality for a pop-up dialogue window. */&amp;#10;oasis_ok_btn(p_item_name   => NULL,&amp;#10;             p_window_name => 'W_CHECKLIST_SS_IOS',&amp;#10;             p_canvas_name => 'C_CHECKLIST_SS_IOS',&amp;#10;             p_exit        => TRUE);"/>
         </Item>
         <Item Name="BTN_CANCEL" TabPageName="" Width="35" ItemType="Text Item" RecordVisualAttributeGroupName="" ParentModule="CHKSSIOS" XPosition="277" ParentModuleType="12" YPosition="238" DatabaseItem="false" ParentName="CANCEL_BUTTON_CLASS" Bevel="None" DirtyInfo="true" VisualAttributeName="WEB_TEXT_BUTTON" Label="PUSH_BUTTON417" CanvasName="CNV_HIDE" KeyboardNavigable="false" ItemsDisplay="1" ParentType="29" TooltipVisualAttributeGroup="V7_VA_TOOLTIP" Height="14">
            <Trigger Name="WHEN-MOUSE-CLICK" DirtyInfo="true" ExecuteHierarchy="Override" FireInQuery="true" TriggerText="oasis_when_mouse_click.when_mouse_click;&amp;#10;&amp;#10;/* Do this twice as the form may be in query mode. */&amp;#10;EXIT_FORM(NO_VALIDATE);&amp;#10;EXIT_FORM(NO_VALIDATE);"/>
         </Item>
         <Trigger Name="WHEN-MOUSE-DOWN" DirtyInfo="true" TriggerText="SET_ITEM_PROPERTY(:SYSTEM.TRIGGER_ITEM,VISUAL_ATTRIBUTE,'WEB_TEXT_BUTTON_CLICK');"/>
         <Trigger Name="WHEN-MOUSE-UP" DirtyInfo="true" TriggerText="SET_ITEM_PROPERTY(:SYSTEM.TRIGGER_ITEM, VISUAL_ATTRIBUTE, 'WEB_TEXT_BUTTON');&amp;#10;DEFAULT_VALUE(NULL,'GLOBAL.LAST_ITEM');&amp;#10;IF :global.last_item IS NOT NULL THEN&amp;#10;&#x9;GO_ITEM(:global.last_item);&amp;#10;END IF;"/>
         <Trigger Name="KEY-CLRBLK" DirtyInfo="true" TriggerText="NULL;"/>
         <Trigger Name="KEY-CLRREC" DirtyInfo="true" TriggerText="NULL;"/>
         <Trigger Name="KEY-CLRFRM" DirtyInfo="true" TriggerText="NULL;"/>
         <Trigger Name="KEY-DELREC" DirtyInfo="true" TriggerText="NULL;"/>
         <Trigger Name="KEY-ENTQRY" DirtyInfo="true" TriggerText="NULL;"/>
         <Trigger Name="KEY-EXEQRY" DirtyInfo="true" TriggerText="NULL;"/>
         <Trigger Name="KEY-CREREC" DirtyInfo="true" TriggerText="NULL;"/>
         <Trigger Name="KEY-NXTREC" DirtyInfo="true" TriggerText="NULL;"/>
         <Trigger Name="KEY-PRVREC" DirtyInfo="true" TriggerText="NULL;"/>
         <Trigger Name="KEY-SCRDOWN" DirtyInfo="true" TriggerText="NULL;"/>
         <Trigger Name="KEY-SCRUP" DirtyInfo="true" TriggerText="NULL;"/>
         <Trigger Name="KEY-DOWN" DirtyInfo="true" TriggerText="NULL;"/>
         <Trigger Name="KEY-UP" DirtyInfo="true" TriggerText="NULL;"/>
         <Trigger Name="WHEN-NEW-ITEM-INSTANCE" DirtyInfo="true" TriggerText="NULL; -- To ensure the form level trigger does not fire for the buttons"/>
      </Block>
      <Block Name="TITLES" ScrollbarWidth="14" ScrollbarLength="135">
         <Item Name="DSP_TITLE" Justification="Start" TabPageName="" Width="428" MaximumLength="80" ParentModule="CHKSSIOS" XPosition="105" ParentModuleType="12" YPosition="3" DatabaseItem="false" ParentName="FORM_TITLE_CLASS" DirtyInfo="true" CanvasName="CNV_CONTENT" ParentType="29"/>
         <Item Name="PATIENT_NAME_M" ValidateFromList="false" LovXPosition="0" Justification="Start" LovYPosition="0" ListStyle="Poplist" Width="200" MaximumLength="80" WrapStyle="Word" AutoSkip="false" BackColor="white" CompressionQuality="None" XPosition="435" YPosition="24" DatabaseItem="false" Bevel="None" AutoHint="false" MouseNavigate="true" CanvasName="CNV_HIDE" MultiLine="false" CaseInsensitiveQuery="false" KeyboardNavigable="true" CaseRestriction="Mixed" CheckBoxOtherValues="Not Allowed" CheckedValue="" SynchronizedItemName="" OtherValues="" PrimaryKey="false" DirtyInfo="true" DefaultButton="false" QueryAllowed="true" Visible="true" QueryLength="80" DisplayQuality="High" EditXPosition="0" EditYPosition="0" Enabled="true" DistanceBetweenRecords="4364" FixedLength="false" Required="false" FontName="Arial" FontSize="800" FontStyle="Plain" FontWeight="Demilight" FontSpacing="Normal" ForegroundColor="gray96" FormatMask="" Height="12" ConcealData="false" SizingStyle="Crop" ShowHorizontalScrollbar="false" Iconic="false" IconFilename="" TabPageName="" InsertAllowed="true" ItemType="Display Item" CopyValueFromItem="" DataType="Char" UncheckedValue="" UpdateAllowed="true" UpdateIfNull="false" KeepCursorPosition="false" VisualAttributeName="TEXT_ITEM_BPT_RED" LockRecord="false" ShowVerticalScrollbar="false"/>
      </Block>
      <Block Name="LT_FUNCTIONS" DirtyInfo="true" DatabaseBlock="false" ScrollbarWidth="14" ScrollbarLength="135">
         <Item Name="IMG_FUNCTIONS" Prompt="Functions" TabPageName="" PromptAttachmentOffset="36" PromptAlignOffset="0" PromptFontSize="900" Width="16" ItemType="Image" ImageFormat="BMP" XPosition="79" YPosition="0" DatabaseItem="false" Bevel="None" PromptForegroundColor="Allscripts Link Blue" DirtyInfo="true" VisualAttributeName="MENU_TEXT_ITEMS_VA" PromptFontName="Arial" PromptFontStyle="Plain" PromptFontWeight="Bold" PromptFontSpacing="Normal" Height="14">
            <Trigger Name="WHEN-MOUSE-CLICK" DirtyInfo="true" TriggerText="HCI_UPGRADE.functions_when_mouse_click;&amp;#10;"/>
         </Item>
         <Item Name="NAVIGATE_BUTTON" Justification="Start" TabPageName="" DistanceBetweenRecords="0" Width="80" ItemType="Display Item" PopupMenuName="BOILER_PLATE" ParentModule="CHKSSIOS" XPosition="5" ParentModuleType="12" YPosition="18" DatabaseItem="false" ParentName="MENU_ITEM_CLASS" Bevel="None" FontStyle="Plain" DirtyInfo="true" FontSpacing="Normal" KeyboardNavigable="false" ParentType="29">
            <Trigger Name="WHEN-MOUSE-CLICK" DirtyInfo="true" TriggerText="--&amp;#10;-- Steve Pusey 15/4/96&amp;#10;--&amp;#10;-- toggle between navigation and default menus&amp;#10;--&amp;#10;BEGIN&amp;#10;&#x9;oasis_when_mouse_click.when_mouse_click;&amp;#10;&amp;#10;  oasis_menu.toggle_menu;&amp;#10;END;"/>
         </Item>
         <Trigger Name="WHEN-NEW-BLOCK-INSTANCE" DirtyInfo="true" TriggerText="READ_IMAGE_FILE(hci_upgrade.g_image_directory || 'pas_expand_menu.gif', 'gif', 'LT_FUNCTIONS.IMG_FUNCTIONS');&amp;#10;"/>
         <Trigger Name="WHEN-MOUSE-DOWN" DirtyInfo="true" TriggerText="SET_ITEM_PROPERTY(:SYSTEM.TRIGGER_ITEM,VISUAL_ATTRIBUTE,'WEB_TEXT_BUTTON_CLICK');&amp;#10;"/>
         <Trigger Name="WHEN-MOUSE-UP" DirtyInfo="true" TriggerText="SET_ITEM_PROPERTY(:SYSTEM.TRIGGER_ITEM,VISUAL_ATTRIBUTE,'WEB_TEXT_BUTTON');&amp;#10;"/>
         <Trigger Name="WHEN-NEW-ITEM-INSTANCE" DirtyInfo="true" TriggerText="NULL;"/>
      </Block>
      <Canvas Name="TOOLBAR_CANVAS" BackColor="patient_live_blue" ParentModule="CHKSSIOS" ParentModuleType="12" ParentName="TOOLBAR_CANVAS_CLASS" DirtyInfo="true" Width="768" ParentType="29">
         <Graphics Name="BANNER_LINE" InternalLineWidth="227" Width="755" EdgeForegroundColor="gray16" EdgePattern="solid" JoinStyle="Bevel" XPosition="0" YPosition="63" GraphicsType="Line" HorizontalMargin="8" ScrollbarWidth="15" VerticalMargin="16" HorizontalObjectOffset="15" Height="0" StartPromptOffset="8"/>
      </Canvas>
      <Canvas Name="CANVAS0" ViewportXPositionOnCanvas="0" ViewportYPositionOnCanvas="0" ShowHorizontalScrollbar="false" CanvasType="Stacked" Width="590" WindowName="MAIN_FORM_WINDOW" Bevel="None" DirtyInfo="true" VisualAttributeName="BACKGROUND_CANVAS_BLUE" Visible="false" ShowVerticalScrollbar="false" Height="350" ViewportHeight="350" ViewportXPosition="0" ViewportWidth="590" ViewportYPosition="0" RaiseOnEnter="false"/>
      <Canvas Name="C_CHECKLIST_SS_IOS" ViewportXPositionOnCanvas="0" ViewportYPositionOnCanvas="0" CanvasType="Stacked" Width="630" WindowName="MAIN_FORM_WINDOW" ParentModule="CHKSSIOS" ParentModuleType="12" ParentName="STACKED_CANVAS_CLASS" Bevel="None" DirtyInfo="true" DisplayViewport="true" ParentType="29" Height="340" ViewportHeight="343" ViewportXPosition="114" ViewportWidth="630" ViewportYPosition="67">
         <Graphics Name="GROUP333" DirtyInfo="true" GraphicsType="Group" HorizontalMargin="7" ScrollbarWidth="14" VerticalMargin="14" HorizontalObjectOffset="14" StartPromptOffset="7"/>
         <Graphics Name="GROUP448" DirtyInfo="true" GraphicsType="Group" HorizontalMargin="7" ScrollbarWidth="14" VerticalMargin="14" HorizontalObjectOffset="14" StartPromptOffset="7"/>
      </Canvas>
      <Canvas Name="CNV_CONTENT" BackColor="white" Bevel="None" DirtyInfo="true" ForegroundColor="black" Width="755" WindowName="MAIN_FORM_WINDOW" Height="415" ViewportHeight="324" ViewportWidth="540">
         <Graphics Name="SECTION_LINE1" InternalLineWidth="113" Width="562" EdgeForegroundColor="gray16" EdgePattern="solid" JoinStyle="Bevel" BackColor="Line Green" XPosition="143" YPosition="61" Bevel="None" DirtyInfo="true" ForegroundColor="white" GraphicsType="Line" HorizontalMargin="7" ScrollbarWidth="14" VerticalMargin="14" HorizontalObjectOffset="14" Height="0" StartPromptOffset="7"/>
         <Graphics Name="SECTION_CIRCLE_1" Width="15" Dither="false" ClipWidth="15" ImageFilename="CHKSSIOS_CNV_CONTENT_SECTION_CIRCLE_1.tif" ClipHeight="15" XPosition="122" YPosition="45" DirtyInfo="true" GraphicsType="Image" HorizontalMargin="8" ScrollbarWidth="15" VerticalMargin="16" HorizontalObjectOffset="15" Height="15" StartPromptOffset="8"/>
         <Graphics Name="SECTION_NO_1" Width="14" FillPattern="none" EdgePattern="none" JoinStyle="Bevel" BackColor="Side Green" XPosition="132" WrapText="false" YPosition="46" BoundingBoxScalable="false" Bevel="None" HorizontalOrigin="Right" HorizontalJustification="Center" ForegroundColor="darkcyan" GraphicsFontWeight="Medium" GraphicsFontSpacing="Normal" GraphicsType="Text" ScrollbarWidth="14" Height="12" GraphicsFontName="Arial" GraphicsFontSize="900" GraphicsFontStyle="0" GraphicsText="1" DirtyInfo="true" GraphicsFontColor="Black" GraphicsFontColorCode="0" HorizontalMargin="7" VerticalMargin="14" HorizontalObjectOffset="14" StartPromptOffset="7">
            <CompoundText Name="CMPTXT207">
               <TextSegment Name="TEXTSTR208" FontName="Arial" FontSize="900" FontStyle="Plain" DirtyInfo="true" FontWeight="Medium" FontSpacing="Normal" ForegroundColor="Black" Text="1"/>
            </CompoundText>
         </Graphics>
      </Canvas>
      <Canvas Name="CNV_HIDE" Bevel="None" CanvasType="Content" DirtyInfo="true" Width="800" Visible="false" WindowName="MAIN_FORM_WINDOW" Height="410" ViewportHeight="324" ViewportWidth="540">
         <Graphics Name="PAT_DETAIL_HEADING" Width="72" EdgeForegroundColor="Line Green" FillPattern="none" EdgePattern="none" JoinStyle="Bevel" BackColor="Line Green" XPosition="409" YPosition="3" Bevel="None" HorizontalJustification="Start" ForegroundColor="white" GraphicsFontWeight="Bold" GraphicsFontSpacing="Normal" GraphicsType="Text" ScrollbarWidth="14" Height="10" GraphicsFontName="Arial" GraphicsFontSize="1000" GraphicsFontStyle="0" GraphicsText="Patient Currently Selected" DirtyInfo="true" GraphicsFontColor="darkcyan" GraphicsFontColorCode="41" HorizontalMargin="7" VerticalMargin="14" HorizontalObjectOffset="14" StartPromptOffset="7">
            <CompoundText Name="CMPTXT58">
               <TextSegment Name="TEXTSTR59" FontName="Arial" FontSize="1000" FontStyle="Plain" DirtyInfo="true" FontWeight="Bold" FontSpacing="Normal" ForegroundColor="darkcyan" Text="Patient Currently Selected"/>
            </CompoundText>
         </Graphics>
         <Graphics Name="PAT_DETAIL_UNDERLINE" InternalLineWidth="113" Width="336" EdgeForegroundColor="Line Green" EdgePattern="solid" JoinStyle="Bevel" BackColor="Line Green" XPosition="408" YPosition="17" Bevel="None" DirtyInfo="true" ForegroundColor="white" GraphicsType="Line" HorizontalMargin="7" ScrollbarWidth="14" VerticalMargin="14" HorizontalObjectOffset="14" Height="0" StartPromptOffset="7"/>
      </Canvas>
      <ModuleParameter Name="P_VERSION" DirtyInfo="true" Comment="Used by ABOUT_FORM window, the form version, update after each update" ParameterInitializeValue="1"/>
      <ModuleParameter Name="P_DATE" DirtyInfo="true" Comment="Used by ABOUT_FORM window, the date the form was last updated, update after each update" ParameterInitializeValue="18-Jul-2017"/>
      <ModuleParameter Name="P_SPECIALTY_CODE" DirtyInfo="true" ParameterDataType="Number"/>
      <ModuleParameter Name="P_SPECIALTY_DESCRIPTION" DirtyInfo="true"/>
      <ModuleParameter Name="P_IOS_DESCRIPTION" DirtyInfo="true"/>
      <ModuleParameter Name="P_IOS" DirtyInfo="true" ParameterDataType="Number"/>
      <ModuleParameter Name="P_SESSION_STAFF_IOS_ID" DirtyInfo="true" ParameterDataType="Number"/>
      <ModuleParameter Name="P_SESSION_STAFF_DESCRIPTION" DirtyInfo="true"/>
      <ModuleParameter Name="P_SESSION_STAFF_ID" DirtyInfo="true" ParameterDataType="Number"/>
      <ModuleParameter Name="P_SESSION_DESCRIPTION" DirtyInfo="true"/>
      <ModuleParameter Name="P_SESSION_CODE" DirtyInfo="true" ParameterDataType="Number"/>
      <ModuleParameter Name="P_CHECK_LIST_TYPE" DirtyInfo="true"/>
      <ModuleParameter Name="P_OS_COMMIT" DirtyInfo="true" Comment="**** PLEASE READ THIS ****"/>
      <ModuleParameter Name="P_TEMPLATE" DirtyInfo="true" Comment="Used by ABOUT_FORM window, the template used to create this form" ParameterInitializeValue="TEMPLATE_V11"/>
      <ModuleParameter Name="API_VERSION" ParameterInitializeValue="V2.3"/>
      <ModuleParameter Name="P_BREADCRUMB"/>
      <ModuleParameter Name="P_RELEASE" ParentModule="PAS_RELEASE" ParentModuleType="25" ParentName="P_RELEASE" ParentFilename="pas_release.olb" DirtyInfo="true" ParentFilepath="" ParentType="13"/>
      <LOV Name="LOV_SPECIALTY" XPosition="50" YPosition="150" DirtyInfo="true" VisualAttributeName="TEXT_ITEM_VA_LOV" Width="500" RecordGroupName="RGP_SPECIALTY" Height="200">
         <LOVColumnMapping Name="CODE" ReturnItem="PARAMETER.P_SPECIALTY_CODE" DirtyInfo="true" Title="Code" DisplayWidth="0"/>
         <LOVColumnMapping Name="DESCRIPTION" ReturnItem="PARAMETER.P_SPECIALTY_DESCRIPTION" DirtyInfo="true" Title="Description" DisplayWidth="547"/>
      </LOV>
      <LOV Name="LOV_SESS_STAFF_IOS" XPosition="50" YPosition="150" DirtyInfo="true" VisualAttributeName="TEXT_ITEM_VA_LOV" Width="500" RecordGroupName="RGP_SESS_STAFF_IOS" Height="200">
         <LOVColumnMapping Name="SESSION_STAFF_IOS_ID" ReturnItem="PARAMETER.P_SESSION_STAFF_IOS_ID" DirtyInfo="true" Title="Session_Staff_Ios_Id" DisplayWidth="0"/>
         <LOVColumnMapping Name="IOS" ReturnItem="PARAMETER.P_IOS" DirtyInfo="true" Title="Ios" DisplayWidth="0"/>
         <LOVColumnMapping Name="DESCRIPTION" ReturnItem="PARAMETER.P_IOS_DESCRIPTION" DirtyInfo="true" Title="Description" DisplayWidth="1357"/>
      </LOV>
      <LOV Name="LOV_SESSION_MASTER" XPosition="50" YPosition="150" DirtyInfo="true" VisualAttributeName="TEXT_ITEM_VA_LOV" Width="500" RecordGroupName="RGP_SESSION_MASTER" Height="200">
         <LOVColumnMapping Name="SESSION_CODE" ReturnItem="PARAMETER.P_SESSION_CODE" DirtyInfo="true" Title="Session_Code" DisplayWidth="0"/>
         <LOVColumnMapping Name="DESCRIPTION" ReturnItem="PARAMETER.P_SESSION_DESCRIPTION" DirtyInfo="true" Title="Description" DisplayWidth="547"/>
      </LOV>
      <LOV Name="LOV_SESSION_STAFF" XPosition="50" YPosition="150" DirtyInfo="true" VisualAttributeName="TEXT_ITEM_VA_LOV" Width="500" RecordGroupName="RGP_SESSION_STAFF" Height="200">
         <LOVColumnMapping Name="SESSION_STAFF_ID" ReturnItem="PARAMETER.P_SESSION_STAFF_ID" DirtyInfo="true" Title="Session_Staff_Id" DisplayWidth="0"/>
         <LOVColumnMapping Name="DESCRIPTION" ReturnItem="PARAMETER.P_SESSION_STAFF_DESCRIPTION" DirtyInfo="true" Title="Description" DisplayWidth="547"/>
      </LOV>
      <Menu Name="BOILER_PLATE" DirtyInfo="true">
         <MenuItem Name="CHANGE_PROMPT" DirtyInfo="true" Label="Change Prompt" MenuItemCode="message('Change Boilerplate prompt');pause;"/>
      </Menu>
      <ProgramUnit Name="INIT_FORM" ProgramUnitText="PACKAGE BODY init_form IS&amp;#10;--&amp;#10;/****************************************************************&amp;#10; * Date&#x9;&#x9;&#x9;&#x9;&#x9;By&#x9;&#x9;&#x9;Change&amp;#10; *&amp;#10; * 13-NOV-2002&#x9;Peter&#x9;&#x9;New for espec041&amp;#10; *&amp;#10; *&amp;#10; * Description:&amp;#10; *&amp;#10; * Package to initialise the form&amp;#10; *&amp;#10; ****************************************************************&amp;#10; */&amp;#10;--&amp;#10;  procedure init_list_items;&amp;#10;  procedure init_format_masks;&amp;#10;  PROCEDURE snap_window_to_canvas_view;&amp;#10;  PROCEDURE set_check_globals;&amp;#10;---------------------------------------------------------------------------------------&amp;#10;-- PROGRAM UNITS (CODE)&amp;#10;---------------------------------------------------------------------------------------&amp;#10;&amp;#10;-- ##########################################################################################&amp;#10;&amp;#10;  procedure init_list_items is&amp;#10;  --&amp;#10;  -- initialise list items&amp;#10;  --&amp;#10;  -- date&#x9;by&#x9;&#x9;change&amp;#10;  -- 2/5/1996   Steve Pusey&#x9;Creation of template procedure&amp;#10;  --&amp;#10;  BEGIN&amp;#10;&amp;#10;    -- cut &amp; paste this code&amp;#10;    -- populate_poplist_from_codes ('BLOCK.ITEM', &lt;CODE_TYPE>);&amp;#10;&amp;#10;    null;&amp;#10;  &amp;#10;  END init_list_items;&amp;#10;&amp;#10;-- ##########################################################################################&amp;#10;&amp;#10;  procedure init_format_masks is&amp;#10;  --&amp;#10;  -- set the format masks for date, datetime, and numeric items&amp;#10;  --&amp;#10;  -- date&#x9;by&#x9;&#x9;change&amp;#10;  -- 2/5/1996   Steve Pusey&#x9;Creation of template procedure&amp;#10;  --&amp;#10;  BEGIN&amp;#10;&amp;#10;    -- copy &amp; paste this line&amp;#10;    -- set_format_mask ('BLOCK.ITEM');&amp;#10;    &amp;#10;    set_format_mask ('CHECKLIST_SESSION_STAFF_IOS.APPLIES_START');&amp;#10;    set_format_mask ('CHECKLIST_SESSION_STAFF_IOS.APPLIES_END');&amp;#10;&amp;#10;    null;&amp;#10;   &amp;#10;  END init_format_masks;&amp;#10;&amp;#10;-- ##########################################################################################&amp;#10;&amp;#10;&amp;#10;&amp;#10;   PROCEDURE snap_window_to_canvas_view IS&amp;#10;&amp;#10;   ln_width  NUMBER;&amp;#10;   ln_height NUMBER;    &amp;#10;&amp;#10;   BEGIN&amp;#10;&#x9;&amp;#10;      ln_width  := GET_VIEW_PROPERTY('C_CHECKLIST_SS_IOS',WIDTH);&amp;#10;      ln_height := GET_VIEW_PROPERTY('C_CHECKLIST_SS_IOS',HEIGHT);&amp;#10;--      message('Width  is ' || ln_width || 'Height is ' || ln_height);&amp;#10;      SET_WINDOW_PROPERTY('W_CHECKLIST_SS_IOS',WIDTH,ln_width);&amp;#10;      SET_WINDOW_PROPERTY('W_CHECKLIST_SS_IOS',HEIGHT,ln_height);&amp;#10;&amp;#10;   END snap_window_to_canvas_view;&amp;#10;&amp;#10;&amp;#10;&amp;#10;&amp;#10;   PROCEDURE set_check_globals IS&amp;#10;&amp;#10;   CURSOR c_checklist_desc IS&amp;#10;      SELECT description&amp;#10;      FROM   check_list_master&amp;#10;      WHERE  check_list_type = :global.chkssios_check_list_type;&amp;#10;&amp;#10;   vc_check_list_description check_list_master.description%TYPE;&amp;#10;&amp;#10;   BEGIN&amp;#10;&amp;#10;--DEFAULT_VALUE('HCITRN940','GLOBAL.CHKSSIOS_CHECK_LIST_TYPE');&amp;#10;&amp;#10;   &#x9;  DEFAULT_VALUE('&lt;NULL>','GLOBAL.CHKSSIOS_CHECK_LIST_TYPE');&amp;#10;&amp;#10;  &#x9;  IF :global.chkssios_check_list_type = '&lt;NULL>' THEN&amp;#10;  &#x9; &#x9;   :checklist_type.checklist_description := 'No value supplied.';&amp;#10;  &#x9;  ELSE&amp;#10;  &#x9; &#x9;   OPEN  c_checklist_desc;&amp;#10;  &#x9; &#x9;   FETCH c_checklist_desc INTO vc_check_list_description;&amp;#10;  &#x9; &#x9;   CLOSE c_checklist_desc;&amp;#10;  &#x9; &#x9;   :checklist_type.checklist_description := vc_check_list_description;&amp;#10;  &#x9;  END IF;&amp;#10;  &#x9;  &amp;#10;  &#x9;  :parameter.p_check_list_type := :global.chkssios_check_list_type;&amp;#10;&amp;#10;      /* Global can now be removed. */&amp;#10;      ERASE('GLOBAL.CHKSSIOS_CHECK_LIST_TYPE');&amp;#10;&amp;#10;   END set_check_globals;&amp;#10;&amp;#10;&amp;#10;&amp;#10;procedure init_form is&amp;#10;  --&amp;#10;  -- initialise form&amp;#10;  --&amp;#10;  -- date&#x9;by&#x9;&#x9;change&amp;#10;  -- 2/5/1996   Steve Pusey&#x9;Creation of template procedure&amp;#10;  --&amp;#10;&amp;#10;  BEGIN&amp;#10;&amp;#10;    init_list_items;&amp;#10;    init_format_masks;&amp;#10;&#x9;&#x9;snap_window_to_canvas_view;&amp;#10;&#x9;&#x9;set_check_globals;&amp;#10;&#x9;&#x9;GO_BLOCK('CHECKLIST_SESSION_STAFF_IOS');&amp;#10;    EXECUTE_QUERY;&amp;#10;    :parameter.p_os_commit := 'N';&amp;#10;&amp;#10;  END init_form;&amp;#10;&amp;#10;-- ##########################################################################################&amp;#10;&amp;#10;END init_form;&amp;#10;" ProgramUnitType="Package Body"/>
      <ProgramUnit Name="INIT_FORM" ProgramUnitText="PACKAGE init_form IS&amp;#10;--&amp;#10;/****************************************************************&amp;#10; * Date&#x9;&#x9;&#x9;&#x9;&#x9;By&#x9;&#x9;&#x9;Change&amp;#10; *&amp;#10; * 13-NOV-2002&#x9;Peter&#x9;&#x9;New for espec041&amp;#10; *&amp;#10; *&amp;#10; * Description:&amp;#10; *&amp;#10; * Package to initialise the form&amp;#10; *&amp;#10; ****************************************************************&amp;#10; */&amp;#10;--&amp;#10;   PROCEDURE init_form;&amp;#10;--&amp;#10;END init_form;" ProgramUnitType="Package Spec"/>
      <ProgramUnit Name="CHECK_MANDATORY" ProgramUnitText="PACKAGE check_mandatory IS&amp;#10;--&amp;#10;/**********************************************************************&amp;#10; *&amp;#10; * Date&#x9;&#x9;&#x9;&#x9;&#x9;By&#x9;&#x9;&#x9;&#x9;Change&amp;#10; * -----------&#x9;--------&#x9;---------------------------------------------&amp;#10; * 12-NOV-2002&#x9;Peter&#x9;&#x9;&#x9;New for espec041&amp;#10; *&amp;#10; * Package to check for the mandatory values of each individual page&amp;#10; *&amp;#10; **********************************************************************&amp;#10; */&amp;#10;--&amp;#10;  PROCEDURE css_ios;&amp;#10;--&amp;#10;END check_mandatory;" ProgramUnitType="Package Spec"/>
      <ProgramUnit Name="CHECK_MANDATORY" ProgramUnitText="PACKAGE BODY check_mandatory IS&amp;#10;--&amp;#10;/**********************************************************************&amp;#10; *&amp;#10; * Date&#x9;&#x9;&#x9;&#x9;&#x9;By&#x9;&#x9;&#x9;&#x9;Change&amp;#10; * -----------&#x9;--------&#x9;---------------------------------------------&amp;#10; * 12-NOV-2002&#x9;Peter&#x9;&#x9;&#x9;New for espec041&amp;#10; *&amp;#10; * Package to check for the mandatory values of each individual page&amp;#10; *&amp;#10; **********************************************************************&amp;#10; */&amp;#10;--&amp;#10;PROCEDURE css_ios IS&amp;#10;--&amp;#10;v_ok  &#x9;BOOLEAN  := TRUE;&amp;#10;--&amp;#10;BEGIN&amp;#10;--&amp;#10;   IF :checklist_session_staff_ios.session_description IS NULL THEN&amp;#10;      DISPLAY_ITEM( 'checklist_session_staff_ios.session_description', 'curr_item_va' );&amp;#10;  &#x9;  v_ok := FALSE;&amp;#10;   ELSE&amp;#10;      DISPLAY_ITEM( 'checklist_session_staff_ios.session_description', 'TEXT_item_va' );&amp;#10;   END IF;&amp;#10;--&amp;#10;   IF :checklist_session_staff_ios.session_staff_description IS NULL THEN&amp;#10;      DISPLAY_ITEM( 'checklist_session_staff_ios.session_staff_description', 'curr_item_va' );&amp;#10;  &#x9;  v_ok := FALSE;&amp;#10;   ELSE&amp;#10;      DISPLAY_ITEM( 'checklist_session_staff_ios.session_staff_description', 'TEXT_item_va' );&amp;#10;   END IF;&amp;#10;--&amp;#10;   IF :checklist_session_staff_ios.ios_description IS NULL THEN&amp;#10;      DISPLAY_ITEM( 'checklist_session_staff_ios.ios_description', 'curr_item_va' );&amp;#10;  &#x9;  v_ok := FALSE;&amp;#10;   ELSE&amp;#10;      DISPLAY_ITEM( 'checklist_session_staff_ios.ios_description', 'TEXT_item_va' );&amp;#10;   END IF;&amp;#10;--&amp;#10;   IF NOT v_ok THEN&amp;#10;      DISPLAY_ALERT( 'Warning_alert', 7589 );&amp;#10;    &#x9;RAISE form_trigger_failure;&amp;#10;   END IF;&amp;#10;--&amp;#10;END css_ios;&amp;#10;--&amp;#10;END check_mandatory;" ProgramUnitType="Package Body"/>
      <ProgramUnit Name="DO_LOV_DIALOGUE" ProgramUnitText="PROCEDURE do_lov_dialogue IS&amp;#10;&amp;#10;/****************************************************************&amp;#10; * Date&#x9;&#x9;&#x9;&#x9;&#x9;By&#x9;&#x9;&#x9;Change&amp;#10; *&amp;#10; * 13-NOV-2002&#x9;Peter&#x9;&#x9;New for espec041&amp;#10; *&amp;#10; *&amp;#10; * Description:&amp;#10; *&amp;#10; * Performs Dialogue Operation when double click in the detail&amp;#10; * block or on press of the lov button.&amp;#10; *&amp;#10; * Display Active Sessions&amp;#10; * If Selected Then&amp;#10; *    Display Micro Sessions&amp;#10; *    If Selected Then&amp;#10; *       Display Items Of Service&amp;#10; *       If Selected&amp;#10; *          Populate current row with values.&amp;#10; *       Else&amp;#10; *          Call populate_all_ios&amp;#10; *       End If&amp;#10; *    Else&amp;#10; *       Call populate_all_micro_ios&amp;#10; *    End If&amp;#10; * End If&amp;#10; *&amp;#10; *&amp;#10; *&amp;#10; ****************************************************************&amp;#10; */&amp;#10;&amp;#10;BEGIN&amp;#10;&amp;#10;   CLEAR_MESSAGE;&amp;#10;&amp;#10;   :parameter.p_specialty_code            := NULL;&amp;#10;   :parameter.p_specialty_description     := NULL;&amp;#10;   :parameter.p_ios_description           := NULL;&amp;#10;   :parameter.p_ios                       := NULL;&amp;#10;   :parameter.p_session_staff_ios_id      := NULL;&amp;#10;   :parameter.p_session_staff_description := NULL;&amp;#10;   :parameter.p_session_staff_id          := NULL;&amp;#10;   :parameter.p_session_description       := NULL;&amp;#10;   :parameter.p_session_code              := NULL;&amp;#10;&amp;#10;   IF SHOW_LOV('LOV_SPECIALTY') THEN&amp;#10;&amp;#10;      IF SHOW_LOV('LOV_SESSION_MASTER') THEN&amp;#10;&amp;#10;         IF SHOW_LOV('LOV_SESSION_STAFF') THEN&amp;#10;&amp;#10;   &#x9;  &#x9;    IF SHOW_LOV('LOV_SESS_STAFF_IOS') THEN&amp;#10;&amp;#10;               :checklist_session_staff_ios.specialty_description      := :parameter.p_specialty_description;&amp;#10;               :checklist_session_staff_ios.session_staff_ios_id       := :parameter.p_session_staff_ios_id;&amp;#10;               :checklist_session_staff_ios.check_list_type            := :parameter.p_check_list_type;&amp;#10;               :checklist_session_staff_ios.session_description        := :parameter.p_session_description;&amp;#10;               :checklist_session_staff_ios.session_description        := :parameter.p_session_description;&amp;#10;               :checklist_session_staff_ios.session_staff_description  := :parameter.p_session_staff_description;&amp;#10;               :checklist_session_staff_ios.ios_description            := :parameter.p_ios_description;&amp;#10;&amp;#10;            ELSE&amp;#10;&amp;#10;               IF NOT form_success THEN&amp;#10;                  /* Lov is empty so dont attempt the autocreate. */&amp;#10;                  RETURN;&amp;#10;               END IF;&amp;#10;&amp;#10;               /* Can't do autopopulate without session_staff_id. */&amp;#10;               IF :parameter.p_session_staff_id IS NOT NULL THEN&amp;#10;                  populate_all_ios;&amp;#10;               END IF;&amp;#10;&amp;#10;            END IF;&amp;#10;&amp;#10;   &#x9;     ELSE&amp;#10;&amp;#10;            IF NOT form_success THEN&amp;#10;               /* Lov is empty so dont attempt the autocreate. */&amp;#10;               RETURN;&amp;#10;            END IF;&amp;#10;&amp;#10;            /* Can't do autopopulate without session_code. */&amp;#10;            IF :parameter.p_session_code IS NOT NULL THEN&amp;#10;               populate_all_ios;&amp;#10;            END IF;&amp;#10;&amp;#10;   &#x9;     END IF;&amp;#10;&amp;#10;      ELSE&amp;#10;&amp;#10;         /* Do nothing here as user has cancelled second lov so session_id is not known. */&amp;#10;&amp;#10;         NULL;&amp;#10;&amp;#10;      END IF;&amp;#10;&amp;#10;   ELSE&amp;#10;   &#x9;&amp;#10;      /* Do nothing here as user has cancelled second lov so session_id is not known. */&amp;#10;&amp;#10;      NULL;&amp;#10;   &#x9;&amp;#10;   END IF;&amp;#10;&amp;#10;END do_lov_dialogue;" ProgramUnitType="Procedure"/>
      <ProgramUnit Name="SET_CSSIOS_AMEND_FIELDS" ProgramUnitText="PROCEDURE set_cssios_amend_fields(p_function IN VARCHAR2) IS&amp;#10;/****************************************************************&amp;#10; * Date&#x9;&#x9;&#x9;&#x9;&#x9;By&#x9;&#x9;&#x9;Change&amp;#10; *&amp;#10; * 13-NOV-2002&#x9;Peter&#x9;&#x9;New for espec041&amp;#10; * 02-SEP-2003&#x9;Quintin added CHECKLIST_SESSIONSTAFFIOS_ID&amp;#10; *&amp;#10; * Description:&amp;#10; *&amp;#10; *&amp;#10; ****************************************************************&amp;#10; */&amp;#10; vd_sysdate date := sysdate;&amp;#10; &amp;#10; &#x9;CURSOR c_id IS&amp;#10;&#x9;&#x9;SELECT CHECKLIST_SESSIONSTAFFIOS_ID.NEXTVAL&amp;#10;&#x9;&#x9;FROM dual;&amp;#10;&#x9;&#x9;&amp;#10;BEGIN&amp;#10;&amp;#10;&#x9;IF p_function = 'INSERT' THEN&amp;#10;   &#x9;&amp;#10;&#x9;&#x9;OPEN c_id;&amp;#10;&#x9;&#x9;FETCH c_id INTO :CHECKLIST_SESSION_STAFF_IOS.CHECKLIST_SESSIONSTAFFIOS_ID;&amp;#10;&#x9;&#x9;CLOSE c_id;&amp;#10;&amp;#10;    :checklist_session_staff_ios.created_by_user   := :GLOBAL.USER_ID;&amp;#10;    :checklist_session_staff_ios.created_date      := vd_sysdate;&amp;#10;    :checklist_session_staff_ios.created_by_module := :SYSTEM.CURRENT_FORM;&amp;#10;&amp;#10;  END IF;  &amp;#10;&amp;#10;  :checklist_session_staff_ios.amend_by_user   := :GLOBAL.USER_ID;&amp;#10;  :checklist_session_staff_ios.amend_last_date := vd_sysdate;&amp;#10;  :checklist_session_staff_ios.amend_by_module := :SYSTEM.CURRENT_FORM;&amp;#10;&amp;#10;END set_cssios_amend_fields;" ProgramUnitType="Procedure"/>
      <ProgramUnit Name="CSSI_SET_DISPLAY_FIELDS" ProgramUnitText="PROCEDURE cssi_set_display_fields(pb_set_record_to_query IN BOOLEAN) IS&amp;#10;&amp;#10;/***********************************************************&amp;#10; *&amp;#10; * Post Query - Populate description fields and reset the&amp;#10; *              record's validation status.&amp;#10; *&amp;#10; ***********************************************************&amp;#10; */&amp;#10;&amp;#10;   CURSOR c_ios IS&amp;#10;      SELECT c.description,&amp;#10;             sm.description,&amp;#10;             ss.description,&amp;#10;             ios.description&amp;#10;      FROM   session_staff_ios ssi,&amp;#10;             ios_master        ios,&amp;#10;             session_staff     ss,&amp;#10;             session_master    sm,&amp;#10;             codes             c&amp;#10;      WHERE  ssi.session_staff_ios_id = :checklist_session_staff_ios.session_staff_ios_id&amp;#10;      AND    ssi.ios                  = ios.ios&amp;#10;      AND    ss.session_staff_id      = ssi.session_staff_id&amp;#10;      AND    sm.session_code          = ss.session_code&amp;#10;      AND    c.code                   = sm.specialty_code;&amp;#10;&amp;#10;   vc_specialty_description     codes.description%TYPE          := '&lt;Not Found>';&amp;#10;   vc_session_description       session_master.description%TYPE := '&lt;Not Found>';&amp;#10;   vc_session_staff_description session_staff.description%TYPE  := '&lt;Not Found>';&amp;#10;   vc_ios_description           ios_master.description%TYPE     := '&lt;Not Found>';&amp;#10;&amp;#10;BEGIN&amp;#10;&amp;#10;   OPEN  c_ios;&amp;#10;   FETCH c_ios INTO vc_specialty_description, vc_session_description, vc_session_staff_description, vc_ios_description;&amp;#10;   CLOSE c_ios;&amp;#10;&amp;#10;   :checklist_session_staff_ios.specialty_description     := vc_specialty_description;&amp;#10;   :checklist_session_staff_ios.session_description       := vc_session_description;&amp;#10;   :checklist_session_staff_ios.session_staff_description := vc_session_staff_description;&amp;#10;   :checklist_session_staff_ios.ios_description           := vc_ios_description;&amp;#10;&amp;#10;   IF pb_set_record_to_query THEN&amp;#10;      SET_RECORD_PROPERTY(:SYSTEM.TRIGGER_RECORD,'CHECKLIST_SESSION_STAFF_IOS',STATUS,QUERY_STATUS);&amp;#10;   END IF;&amp;#10;&amp;#10;END cssi_set_display_fields;" ProgramUnitType="Procedure"/>
      <ProgramUnit Name="POPULATE_ALL_IOS" ProgramUnitText="PROCEDURE populate_all_ios IS&amp;#10;&amp;#10;/*****************************************&amp;#10; *&amp;#10; * Date&#x9;&#x9;&#x9;&#x9;By&#x9;&#x9;&#x9;Change&amp;#10; *&amp;#10; *&amp;#10; *&amp;#10; *&amp;#10; *****************************************&amp;#10; */&amp;#10; vd_sysdate date := sysdate;&amp;#10;&amp;#10;CURSOR c_ss_ios_staff IS&amp;#10;   SELECT session_staff_ios_id&amp;#10;   FROM   session_staff_ios&amp;#10;   WHERE  session_staff_id = :parameter.p_session_staff_id&amp;#10;   AND    session_staff_ios_id NOT IN &amp;#10;              (SELECT session_staff_ios_id&amp;#10;               FROM   checklist_session_staff_ios&amp;#10;               WHERE  check_list_type = :parameter.p_check_list_type);&amp;#10;&amp;#10;CURSOR c_ss_ios_session IS&amp;#10;   SELECT ssi.session_staff_ios_id&amp;#10;   FROM   session_staff_ios ssi,&amp;#10;          session_staff      ss&amp;#10;   WHERE  ssi.session_staff_id = ss.session_staff_id&amp;#10;   AND    ss.session_code      = :parameter.p_session_code&amp;#10;   AND    vd_sysdate BETWEEN ss.applies_start AND NVL(ss.applies_end,vd_sysdate)&amp;#10;   AND    session_staff_ios_id NOT IN &amp;#10;              (SELECT session_staff_ios_id&amp;#10;               FROM   checklist_session_staff_ios&amp;#10;               WHERE  check_list_type = :parameter.p_check_list_type);&amp;#10;&amp;#10;   vc_alert_message  VARCHAR2(200);&amp;#10;   lb_guarentee_post BOOLEAN := FALSE;&amp;#10;   vn_user_language  NUMBER;&amp;#10;&amp;#10;PROCEDURE local_do_insert(pn_session_staff_ios_id IN NUMBER) IS&amp;#10;&amp;#10;BEGIN&amp;#10;&amp;#10;   INSERT INTO checklist_session_staff_ios&amp;#10;   (session_staff_ios_id,&amp;#10;    check_list_type,&amp;#10;    amend_by_user,&amp;#10;    amend_last_date,&amp;#10;    amend_by_module,&amp;#10;    created_by_user,&amp;#10;    created_date,&amp;#10;    created_by_module&amp;#10;   )&amp;#10;   VALUES&amp;#10;   (pn_session_staff_ios_id,&amp;#10;    :parameter.p_check_list_type,&amp;#10;    :global.user_id,&amp;#10;    vd_sysdate,&amp;#10;    :SYSTEM.CURRENT_FORM,&amp;#10;    :global.user_id,&amp;#10;    vd_sysdate,&amp;#10;    :SYSTEM.CURRENT_FORM&amp;#10;   );&amp;#10;&amp;#10;   lb_guarentee_post := TRUE;&amp;#10;&amp;#10;END local_do_insert;&amp;#10;&amp;#10;&amp;#10;BEGIN -- populate_all_ios&amp;#10;&amp;#10;   /* Need the language to get the error text. */&amp;#10;   vn_user_language := oaslogon_package.get_user_language;&amp;#10;&amp;#10;   IF :parameter.p_session_staff_id IS NULL THEN&amp;#10;      /* 'Autocreate all Micro Sessions and IOS for the selected Session?'; */&amp;#10;      vc_alert_message := oasis_package.getErrorText(9016,vn_user_language);&amp;#10;   ELSE &amp;#10;   &#x9;  /* Only the IOS IS NULL so : 'Autocreate all IOS for the selected Micro Session?'; */&amp;#10;      vc_alert_message := oasis_package.getErrorText(9015,vn_user_language);&amp;#10;   END IF;&amp;#10;&amp;#10;   IF display_alert_return_plus('QUESTION_ALERT',vc_alert_message) = ALERT_BUTTON2 THEN&amp;#10;      /* Abandon as user does not wish to continue with autocreate. */&amp;#10;      RETURN;&amp;#10;   END IF;&amp;#10;&amp;#10;   IF :SYSTEM.RECORD_STATUS IN ('NEW','INSERT') THEN&amp;#10;   &#x9;  CLEAR_RECORD;&amp;#10;   END IF;&amp;#10;&amp;#10;   IF :parameter.p_session_staff_id IS NOT NULL THEN&amp;#10;      FOR r_ss_ios IN c_ss_ios_staff LOOP&amp;#10;         local_do_insert(r_ss_ios.session_staff_ios_id);&amp;#10;      END LOOP;&amp;#10;   ELSIF :parameter.p_session_code IS NOT NULL THEN&amp;#10;      FOR r_ss_ios IN c_ss_ios_session LOOP&amp;#10;         local_do_insert(r_ss_ios.session_staff_ios_id);&amp;#10;      END LOOP;&amp;#10;   END IF;&amp;#10;&amp;#10;   do_post(pb_guarentee => lb_guarentee_post);&amp;#10;   EXECUTE_QUERY;&amp;#10;&amp;#10;END populate_all_ios;" ProgramUnitType="Procedure"/>
      <ProgramUnit Name="DO_POST" ProgramUnitText="PROCEDURE do_post(pb_guarentee IN BOOLEAN) IS&amp;#10;/****************************************************************&amp;#10; * Date&#x9;&#x9;&#x9;&#x9;&#x9;By&#x9;&#x9;&#x9;Change&amp;#10; *&amp;#10; * 13-NOV-2002&#x9;Peter&#x9;&#x9;New for espec041&amp;#10; *&amp;#10; *&amp;#10; * Description:&amp;#10; *&amp;#10; * Perform a post only if there are &quot;uncommitted/unposted&quot;&amp;#10; * records.&amp;#10; *&amp;#10; ****************************************************************&amp;#10; */&amp;#10;BEGIN&amp;#10;&amp;#10;   ENTER;&amp;#10;&#x9; IF NOT form_success THEN&amp;#10;&#x9; &#x9;  RAISE FORM_TRIGGER_FAILURE;&amp;#10;&#x9; END IF;&amp;#10;&amp;#10;&#x9; IF :SYSTEM.FORM_STATUS = 'CHANGED' OR pb_guarentee THEN&amp;#10;&amp;#10;      :SYSTEM.MESSAGE_LEVEL := 15;&amp;#10;      POST;&amp;#10;      :SYSTEM.MESSAGE_LEVEL := 0;&amp;#10;      :parameter.p_os_commit := 'Y';&amp;#10;&amp;#10;   END IF;&amp;#10;&amp;#10;EXCEPTION&amp;#10;&amp;#10;   WHEN others THEN&amp;#10;&amp;#10;      :SYSTEM.MESSAGE_LEVEL := 0;&amp;#10;      RAISE;&amp;#10;&amp;#10;END do_post;" ProgramUnitType="Procedure"/>
      <ProgramUnit Name="CHECK_DUPLICATES_NOT_USED" ProgramUnitText="PROCEDURE check_duplicates_NOT_USED IS&amp;#10;&amp;#10;CURSOR c_dup IS&amp;#10;   SELECT 'Y'&amp;#10;   FROM   checklist_session_staff_ios&amp;#10;   WHERE  session_staff_ios_id   = :checklist_session_staff_ios.session_staff_ios_id&amp;#10;   AND    check_list_type        = :checklist_session_staff_ios.check_list_type;&amp;#10;&amp;#10;vc_found VARCHAR2(01) := 'N';&amp;#10;&amp;#10;BEGIN&amp;#10;&amp;#10;   OPEN  c_dup;&amp;#10;   FETCH c_dup INTO vc_found;&amp;#10;   CLOSE c_dup;&amp;#10;&amp;#10;   IF vc_found = 'Y' THEN&amp;#10;   &#x9;  MESSAGE('RECORD ALREADY EXISTS');&amp;#10;   &#x9;  RAISE FORM_TRIGGER_FAILURE;&amp;#10;   END IF;&amp;#10;&amp;#10;END check_duplicates_NOT_USED;" ProgramUnitType="Procedure"/>
      <PropertyClass Name="BUTTON_CLASS" ParentModule="PAS_OLD" ParentModuleType="25" ParentName="BUTTON_CLASS" ParentFilename="pas_old.olb" ParentFilepath="" ParentType="29"/>
      <PropertyClass Name="OK_BUTTON_CLASS" ParentModule="PAS_OLD" ParentModuleType="25" ParentName="OK_BUTTON_CLASS" ParentFilename="pas_old.olb" ParentFilepath="" ParentType="29"/>
      <PropertyClass Name="CANCEL_BUTTON_CLASS" ParentModule="PAS_OLD" ParentModuleType="25" ParentName="CANCEL_BUTTON_CLASS" ParentFilename="pas_old.olb" ParentFilepath="" ParentType="29"/>
      <PropertyClass Name="TOOLBAR_BUTTON_CLASS" ParentModule="PAS_OLD" ParentModuleType="25" ParentName="TOOLBAR_BUTTON_CLASS" ParentFilename="pas_old.olb" ParentFilepath="" ParentType="29"/>
      <PropertyClass Name="GOTO_BUTTON_CLASS" ParentModule="PAS_OLD" ParentModuleType="25" ParentName="GOTO_BUTTON_CLASS" ParentFilename="pas_old.olb" ParentFilepath="" ParentType="29"/>
      <PropertyClass Name="GOBACK_BUTTON_CLASS" ParentModule="PAS_OLD" ParentModuleType="25" ParentName="GOBACK_BUTTON_CLASS" ParentFilename="pas_old.olb" ParentFilepath="" ParentType="29"/>
      <PropertyClass Name="LOV_BUTTON_CLASS" ParentModule="PAS_OLD" ParentModuleType="25" ParentName="LOV_BUTTON_CLASS" ParentFilename="pas_old.olb" ParentFilepath="" ParentType="29"/>
      <PropertyClass Name="BPT_CLASS" ParentModule="PAS_OLD" ParentModuleType="25" ParentName="BPT_CLASS" ParentFilename="pas_old.olb" ParentFilepath="" ParentType="29"/>
      <PropertyClass Name="BPT_BLUE_CLASS" ParentModule="PAS_OLD" ParentModuleType="25" ParentName="BPT_BLUE_CLASS" ParentFilename="pas_old.olb" ParentFilepath="" ParentType="29"/>
      <PropertyClass Name="BPT_GREY_CLASS" ParentModule="PAS_OLD" ParentModuleType="25" ParentName="BPT_GREY_CLASS" ParentFilename="pas_old.olb" ParentFilepath="" ParentType="29"/>
      <PropertyClass Name="TEXT_ITEM_CLASS" ParentModule="PAS_OLD" ParentModuleType="25" ParentName="TEXT_ITEM_CLASS" ParentFilename="pas_old.olb" ParentFilepath="" ParentType="29"/>
      <PropertyClass Name="TEXT_ITEM_DATE_CLASS" ParentModule="PAS_OLD" ParentModuleType="25" ParentName="TEXT_ITEM_DATE_CLASS" ParentFilename="pas_old.olb" ParentFilepath="" ParentType="29"/>
      <PropertyClass Name="TEXT_ITEM_NUMBER_CLASS" ParentModule="PAS_OLD" ParentModuleType="25" ParentName="TEXT_ITEM_NUMBER_CLASS" ParentFilename="pas_old.olb" ParentFilepath="" ParentType="29"/>
      <PropertyClass Name="TEXT_ITEM_DATETIME_CLASS" ParentModule="PAS_OLD" ParentModuleType="25" ParentName="TEXT_ITEM_DATETIME_CLASS" ParentFilename="pas_old.olb" ParentFilepath="" ParentType="29"/>
      <PropertyClass Name="DISPLAY_ITEM_CLASS" ParentModule="PAS_OLD" ParentModuleType="25" ParentName="DISPLAY_ITEM_CLASS" ParentFilename="pas_old.olb" ParentFilepath="" ParentType="29"/>
      <PropertyClass Name="STACKED_CANVAS_CLASS" ParentModule="PAS_OLD" ParentModuleType="25" ParentName="STACKED_CANVAS_CLASS" ParentFilename="pas_old.olb" ParentFilepath="" ParentType="29"/>
      <PropertyClass Name="WINDOW_CLASS" ParentModule="PAS_OLD" ParentModuleType="25" ParentName="WINDOW_CLASS" ParentFilename="pas_old.olb" ParentFilepath="" ParentType="29"/>
      <PropertyClass Name="ID_CLASS" ParentModule="PAS_OLD" ParentModuleType="25" ParentName="ID_CLASS" ParentFilename="pas_old.olb" ParentFilepath="" ParentType="29"/>
      <PropertyClass Name="FORM_TITLE_CLASS" ParentModule="PAS_CUI" ParentModuleType="25" ParentName="FORM_TITLE_CLASS" ParentFilename="pas_cui.olb" DirtyInfo="true" ParentFilepath="" ItemType="Display Item" ParentType="29"/>
      <PropertyClass Name="SECTION_TITLE_CLASS" ParentModule="PAS_CUI" ParentModuleType="25" ParentName="SECTION_TITLE_CLASS" ParentFilename="pas_cui.olb" DirtyInfo="true" ParentFilepath="" ItemType="Display Item" ParentType="29"/>
      <PropertyClass Name="BACKGROUND_LINK_BOX_CLASS" ParentModule="PAS_CUI" ParentModuleType="25" ParentName="BACKGROUND_LINK_BOX_CLASS" ParentFilename="pas_cui.olb" DirtyInfo="true" ParentFilepath="" ParentType="29"/>
      <PropertyClass Name="CUI_DATE_INPUT" ParentModule="PAS_CUI" ParentModuleType="25" ParentName="CUI_DATE_INPUT" ParentFilename="pas_cui.olb" DirtyInfo="true" ParentFilepath="" ParentType="29"/>
      <PropertyClass Name="CUI_DATE_DISP" ParentModule="PAS_CUI" ParentModuleType="25" ParentName="CUI_DATE_DISP" ParentFilename="pas_cui.olb" DirtyInfo="true" ParentFilepath="" ParentType="29"/>
      <PropertyClass Name="CUI_DATETIME_INPUT" ParentModule="PAS_CUI" ParentModuleType="25" ParentName="CUI_DATETIME_INPUT" ParentFilename="pas_cui.olb" DirtyInfo="true" ParentFilepath="" ParentType="29"/>
      <PropertyClass Name="TOOLBAR_CANVAS_CLASS" ParentModule="PAS_CUI" ParentModuleType="25" ParentName="TOOLBAR_CANVAS_CLASS" ParentFilename="PAS_CUI.olb" DirtyInfo="true" ParentType="29"/>
      <PropertyClass Name="CUI_DATETIME_DISP" ParentModule="PAS_CUI" ParentModuleType="25" ParentName="CUI_DATETIME_DISP" ParentFilename="pas_cui.olb" DirtyInfo="true" ParentFilepath="" ParentType="29"/>
      <PropertyClass Name="MENU_ITEM_CLASS" ParentModule="PAS_CUI" ParentModuleType="25" ParentName="MENU_ITEM_CLASS" ParentFilename="pas_cui.olb" DirtyInfo="true" ParentFilepath="" ParentType="29"/>
      <RecordGroup Name="RGP_SPECIALTY" DirtyInfo="true" RecordGroupFetchSize="0" RecordGroupQuery="SELECT c.code,&amp;#10;       UPPER(c.description) description&amp;#10;FROM   checklist_code_links ccl,&amp;#10;       codes                  c&amp;#10;WHERE  ccl.check_list_type = :parameter.p_check_list_type&amp;#10;AND    c.code = ccl.code&amp;#10;ORDER BY c.description" RecordGroupType="Query">
         <RecordGroupColumn Name="CODE" DirtyInfo="true" ColumnDataType="Number" MaximumLength="23"/>
         <RecordGroupColumn Name="DESCRIPTION" DirtyInfo="true" ColumnDataType="Character" MaximumLength="80"/>
      </RecordGroup>
      <RecordGroup Name="RGP_SESS_STAFF_IOS" DirtyInfo="true" RecordGroupFetchSize="0" RecordGroupQuery="SELECT ssi.session_staff_ios_id,&amp;#10;      ios.ios,&amp;#10;      ios.description&amp;#10;FROM  session_staff_ios ssi,&amp;#10;      ios_master        ios&amp;#10;WHERE ssi.session_staff_id = :parameter.p_session_staff_id&amp;#10;AND   ios.ios              = ssi.ios&amp;#10;ORDER BY ios.description" RecordGroupType="Query">
         <RecordGroupColumn Name="SESSION_STAFF_IOS_ID" DirtyInfo="true" ColumnDataType="Number" MaximumLength="23"/>
         <RecordGroupColumn Name="IOS" DirtyInfo="true" ColumnDataType="Number" MaximumLength="23"/>
         <RecordGroupColumn Name="DESCRIPTION" DirtyInfo="true" ColumnDataType="Character" MaximumLength="200"/>
      </RecordGroup>
      <RecordGroup Name="RGP_SESSION_MASTER" DirtyInfo="true" RecordGroupFetchSize="0" RecordGroupQuery="SELECT session_code, description&amp;#10;FROM   session_master&amp;#10;WHERE  SYSDATE BETWEEN applies_start AND NVL(applies_end,SYSDATE)&amp;#10;AND    specialty_code = :parameter.p_specialty_code&amp;#10;ORDER BY description" RecordGroupType="Query">
         <RecordGroupColumn Name="SESSION_CODE" DirtyInfo="true" ColumnDataType="Number" MaximumLength="23"/>
         <RecordGroupColumn Name="DESCRIPTION" DirtyInfo="true" ColumnDataType="Character" MaximumLength="80"/>
      </RecordGroup>
      <RecordGroup Name="RGP_SESSION_STAFF" DirtyInfo="true" RecordGroupFetchSize="0" RecordGroupQuery="SELECT session_staff_id, description&amp;#10;FROM session_staff&amp;#10;WHERE session_code = :parameter.p_session_code&amp;#10;AND   SYSDATE BETWEEN applies_start AND NVL(applies_end,SYSDATE)&amp;#10;ORDER BY description" RecordGroupType="Query">
         <RecordGroupColumn Name="SESSION_STAFF_ID" DirtyInfo="true" ColumnDataType="Number" MaximumLength="23"/>
         <RecordGroupColumn Name="DESCRIPTION" DirtyInfo="true" ColumnDataType="Character" MaximumLength="80"/>
      </RecordGroup>
      <Trigger Name="WHEN-MOUSE-CLICK" TriggerText="--&amp;#10;-- call stdlib procedure to handle mouse click&amp;#10;-- N.B. standard left button click is not affected &amp;#10;--&amp;#10;-- date&#x9;&#x9;by&#x9;&#x9;change&amp;#10;-- 31-05-1996&#x9;Steve Pusey&#x9;Creation&amp;#10;--&amp;#10;BEGIN&amp;#10;&amp;#10;  oasis_when_mouse_click.when_mouse_click;&amp;#10;&amp;#10;END;"/>
      <Trigger Name="WHEN-NEW-ITEM-INSTANCE" TriggerText="/* This trigger activates the hint message for the associated item */&amp;#10;begin&amp;#10;&#x9;:global.last_item := :system.trigger_item;&amp;#10;  display_text_hint;&amp;#10;end;"/>
      <Trigger Name="WHEN-NEW-FORM-INSTANCE" TriggerText="--&amp;#10;-- fires when form is entered, PRE-FORM fires before this trigger&amp;#10;--&amp;#10;-- Date&#x9;&#x9;by &#x9;&#x9;change&amp;#10;-- 10/1994&#x9;David Massie&#x9;Creation&amp;#10;-- 1995&#x9;&#x9;Nagy Tharwat&#x9;Upgrade to v9 - moved code into library procedure&amp;#10;-- 2/5/1996&#x9;Steve Pusey&#x9;Upgrade to V10 &amp;#10;--&#x9;&#x9;&#x9;&#x9;- versions into oasis_new_form_instance&amp;#10;--&#x9;&#x9;&#x9;&#x9;- Tidied code and added comments&amp;#10;--&amp;#10;&amp;#10;DECLARE&amp;#10;&amp;#10;  v_error_no             number(4); -- returned from oasis_new_form_instance&amp;#10;&amp;#10;BEGIN&amp;#10;&amp;#10;  -- version 2 form (gets bpt and window titles fromm files)&amp;#10;  oasis_new_form_instance_v2(v_error_no, 2); &amp;#10;&amp;#10;  if v_error_no > 0 then&amp;#10;    display_alert ('ERROR_ALERT', v_error_no);&amp;#10;    exit_form (NO_VALIDATE);&amp;#10;  end if;&amp;#10;&amp;#10;-- *** Insert additional code into init_form package ***&amp;#10;&amp;#10;  init_form.init_form;&amp;#10;  &amp;#10;  hci_upgrade.pr_initialise_images;&amp;#10;&amp;#10;END;"/>
      <Trigger Name="ON-MESSAGE" TriggerText="--&amp;#10;-- steve pusey 19/4/96&amp;#10;--&amp;#10;BEGIN&amp;#10;&amp;#10;  oasis_standard_procs.on_message;&amp;#10;&amp;#10;END;"/>
      <Trigger Name="ON-ERROR" TriggerText="--&amp;#10;-- steve pusey 19/4/96&amp;#10;--&amp;#10;BEGIN&amp;#10;&amp;#10;  oasis_standard_procs.on_error;&amp;#10;&amp;#10;END;"/>
      <Trigger Name="WHEN-WINDOW-CLOSED" DirtyInfo="true" TriggerText="/* This trigger ensures proper navigation when a window is closed using the windows close function */&amp;#10;begin&amp;#10;  :GLOBAL.WINDOW_NAME := get_view_property(get_item_property(:SYSTEM.CURSOR_ITEM,&amp;#10;     item_canvas), window_name);&amp;#10;  hide_window(:GLOBAL.WINDOW_NAME);&amp;#10;  erase('GLOBAL.WINDOW_NAME');&amp;#10;end;&amp;#10;"/>
      <Trigger Name="PRE_BLOCK" FireInQuery="true" TriggerText="/* This trigger resets the 40352_count global to allow the Last line of query message to be displayed */&amp;#10;begin&amp;#10;  :GLOBAL.40352_COUNT := 0;&amp;#10;end;" DisplayInKeyboardHelp="false"/>
      <Trigger Name="WHEN-TIMER-EXPIRED" TriggerText="Button_Hint;"/>
      <Trigger Name="PRE_QUERY" FireInQuery="true" TriggerText="/* This trigger resets the 40352_count global to allow the Last line of query message to be displayed */&amp;#10;begin&amp;#10;  :GLOBAL.40352_COUNT := 0;&amp;#10;end;" DisplayInKeyboardHelp="false"/>
      <Trigger Name="POST-FORM" DirtyInfo="true" TriggerText="/* This trigger clears the Global variables used within the form */&amp;#10;begin&amp;#10;&#x9;sqa_exit_handler;&amp;#10;  erase('GLOBAL.ROOT_WINDOW_NAME');&amp;#10;  erase('GLOBAL.LAST_ITEM');&amp;#10;end;&amp;#10;"/>
      <Trigger Name="EASY_BUTTON_TRIGGER" TriggerText="NULL;"/>
      <Trigger Name="DRILLDN_BUTTON_TRIGGER" TriggerText="NULL;"/>
      <Trigger Name="KEY-CLRFRM" ParentModule="PAS_CUI" ParentModuleType="25" ParentName="KEY-CLRFRM" ParentFilename="pas_cui.olb" ParentFilepath="" ParentType="37"/>
      <Trigger Name="KEY-CLRREC" TriggerText="clear_record;"/>
      <Trigger Name="KEY-CLRBLK" TriggerText="clear_block;"/>
      <Trigger Name="KEY-COMMIT" TriggerText="commit_form;"/>
      <Trigger Name="KEY-CQUERY" TriggerText="count_query;"/>
      <Trigger Name="KEY-CREREC" TriggerText="create_record;"/>
      <Trigger Name="KEY-DELREC" TriggerText="null;"/>
      <Trigger Name="KEY-DOWN" TriggerText="down;"/>
      <Trigger Name="KEY-DUP-ITEM" KeyboardHelpText="Record Error" TriggerText="--&amp;#10;-- steve pusey 22/4/96&amp;#10;--&amp;#10;BEGIN&amp;#10;&amp;#10;  oasis_standard_procs.key_dupitem_trigger;&amp;#10;&amp;#10;END;" DisplayInKeyboardHelp="true"/>
      <Trigger Name="KEY-DUPREC" TriggerText="duplicate_record;"/>
      <Trigger Name="KEY-EDIT" TriggerText="EDIT_TEXTITEM;"/>
      <Trigger Name="KEY-ENTER" TriggerText="null;"/>
      <Trigger Name="KEY-ENTQRY" TriggerText="enter_query;"/>
      <Trigger Name="KEY-EXEQRY" TriggerText="execute_query;"/>
      <Trigger Name="KEY-EXIT" TriggerText="--&amp;#10;-- fires when form is exited&amp;#10;--&amp;#10;-- Date&#x9;&#x9;by &#x9;&#x9;change&amp;#10;-- 10/1994&#x9;David Massie&#x9;Creation&amp;#10;-- 1995&#x9;&#x9;Nagy Tharwat&#x9;Upgrade to v9 - moved code into library procedure&amp;#10;-- 2/5/1996&#x9;Steve Pusey&#x9;Upgrade to V10 &amp;#10;--&#x9;&#x9;&#x9;&#x9;- removed code to check for system.mode = 'ENTER-QUERY', I can't&amp;#10;--&#x9;&#x9;&#x9;&#x9;- see why this code is not in the library !&amp;#10;--&amp;#10;BEGIN&amp;#10;   &amp;#10;  oasis_exit_form;&amp;#10;&amp;#10;END;"/>
      <Trigger Name="KEY-HELP" TriggerText="GET_HELP;"/>
      <Trigger Name="KEY-LISTVAL" TriggerText="list_values;"/>
      <Trigger Name="KEY-NEXT-ITEM" TriggerText="replace_t_with_current_date;&amp;#10;next_item;"/>
      <Trigger Name="KEY-NXTREC" TriggerText="next_record;"/>
      <Trigger Name="KEY-NXTSET" TriggerText="next_set;"/>
      <Trigger Name="KEY-OTHERS" TriggerText="NULL;"/>
      <Trigger Name="KEY-PREV-ITEM" TriggerText="replace_t_with_current_date;&amp;#10;PREVIOUS_ITEM;"/>
      <Trigger Name="KEY-PRINT" TriggerText="print;"/>
      <Trigger Name="KEY-PRVREC" TriggerText="PREVIOUS_RECORD;"/>
      <Trigger Name="KEY-SCRDOWN" TriggerText="SCROLL_DOWN;"/>
      <Trigger Name="KEY-SCRUP" TriggerText="SCROLL_UP;"/>
      <Trigger Name="KEY-UP" TriggerText="UP;"/>
      <Trigger Name="POST-DATABASE-COMMIT" DirtyInfo="true" TriggerText=":parameter.p_os_commit := 'N';"/>
      <Trigger Name="WHEN-MOUSE-ENTER" DirtyInfo="true" TriggerText="sqa_mouse_handler;"/>
      <Trigger Name="WHEN-WINDOW-RESIZED" DirtyInfo="true" TriggerText="sqa_evt_handler;"/>
      <Trigger Name="WHEN-CUSTOM-ITEM-EVENT" DirtyInfo="true" TriggerText="if :system.custom_item_event = 'TIMEOUT' then&amp;#10;  process_timeout;     -- call the procedure in stdlib&amp;#10;end if;"/>
      <VisualAttribute Name="GREENBACK_VA" BackColor="r70g100b55" FontName="Arial" FontSize="900" FontStyle="Plain" DirtyInfo="true" FontWeight="Medium" FontSpacing="Normal" ForegroundColor="black" FillPattern="transparent"/>
      <VisualAttribute Name="CURR_ITEM_RED" ParentModule="PAS_OLD" ParentModuleType="25" ParentName="CURR_ITEM_RED" ParentFilename="pas_old.olb" DirtyInfo="true" ParentFilepath="" ParentType="39"/>
      <VisualAttribute Name="BACKGROUND_CANVAS_BLUE" ParentModule="PAS_OLD" ParentModuleType="25" ParentName="BACKGROUND_CANVAS_BLUE" ParentFilename="pas_old.olb" ParentFilepath="" ParentType="39"/>
      <VisualAttribute Name="BACKGROUND_CANVAS" ParentModule="PAS_OLD" ParentModuleType="25" ParentName="BACKGROUND_CANVAS" ParentFilename="pas_old.olb" ParentFilepath="" ParentType="39"/>
      <VisualAttribute Name="TEXT_ITEM_BPT" ParentModule="PAS_OLD" ParentModuleType="25" ParentName="TEXT_ITEM_BPT" ParentFilename="pas_old.olb" ParentFilepath="" ParentType="39"/>
      <VisualAttribute Name="TEXT_ITEM_BPT_GREY" ParentModule="PAS_OLD" ParentModuleType="25" ParentName="TEXT_ITEM_BPT_GREY" ParentFilename="pas_old.olb" ParentFilepath="" ParentType="39"/>
      <VisualAttribute Name="TEXT_ITEM_VA" ParentModule="PAS_OLD" ParentModuleType="25" ParentName="TEXT_ITEM_VA" ParentFilename="pas_old.olb" DirtyInfo="true" ParentFilepath="" ParentType="39"/>
      <VisualAttribute Name="CURR_ITEM_VA" ParentModule="PAS_OLD" ParentModuleType="25" ParentName="CURR_ITEM_VA" ParentFilename="pas_old.olb" ParentFilepath="" ParentType="39"/>
      <VisualAttribute Name="DISP_RED" ParentModule="PAS_OLD" ParentModuleType="25" ParentName="DISP_RED" ParentFilename="pas_old.olb" ParentFilepath="" ParentType="39"/>
      <VisualAttribute Name="DISP_RED2" ParentModule="PAS_OLD" ParentModuleType="25" ParentName="DISP_RED2" ParentFilename="pas_old.olb" ParentFilepath="" ParentType="39"/>
      <VisualAttribute Name="DISP_GREEN" ParentModule="PAS_OLD" ParentModuleType="25" ParentName="DISP_GREEN" ParentFilename="pas_old.olb" ParentFilepath="" ParentType="39"/>
      <VisualAttribute Name="DISP_GREEN2" ParentModule="PAS_OLD" ParentModuleType="25" ParentName="DISP_GREEN2" ParentFilename="pas_old.olb" ParentFilepath="" ParentType="39"/>
      <VisualAttribute Name="WEB_BTN" BackColor="white" FontName="Arial" FontSize="900" FontStyle="Plain" FontWeight="Medium" FontSpacing="Normal"/>
      <VisualAttribute Name="WEB_TEXT_BUTTON" ParentModule="PAS_CUI" ParentModuleType="25" ParentName="WEB_TEXT_BUTTON" ParentFilename="pas_cui.olb" ParentFilepath="" ParentType="39"/>
      <VisualAttribute Name="WEB_TEXT_BUTTON_CLICK" ParentModule="PAS_CUI" ParentModuleType="25" ParentName="WEB_TEXT_BUTTON_CLICK" ParentFilename="pas_cui.olb" ParentFilepath="" ParentType="39"/>
      <VisualAttribute Name="WEB_BPT_WINGDINGS" BackColor="white" FontName="Wingdings" FontSize="1400" FontStyle="Plain" FontWeight="Medium" FontSpacing="Normal" ForegroundColor="Top Blue"/>
      <VisualAttribute Name="V7_VA_TOOLTIP" BackColor="r100g100b88" FontName="Arial" FontSize="900" FontStyle="Plain" FontWeight="Medium" FontSpacing="Normal" ForegroundColor="Black"/>
      <VisualAttribute Name="MENU_TEXT_ITEMS" BackColor="Side Green" FontName="Arial" VisualAttributeType="Common" FontSize="900" DirtyInfo="true" FontWeight="Bold" ForegroundColor="darkcyan"/>
      <VisualAttribute Name="MENU_TEXT_ITEMS_INV" BackColor="darkcyan" FontName="Arial" VisualAttributeType="Common" FontSize="900" DirtyInfo="true" FontWeight="Bold" ForegroundColor="Side Green"/>
      <VisualAttribute Name="MENU_PROMPT" VisualAttributeType="Prompt" PromptForegroundColor="darkgray" DirtyInfo="true" PromptFontName="Arial" PromptFontSize="900" PromptFontStyle="Plain" PromptFontWeight="Bold" PromptFontSpacing="Normal"/>
      <VisualAttribute Name="TEXT_ITEM_VA_LOV" DirtyInfo="true"/>
      <VisualAttribute Name="FORM_TITLE_VA" ParentModule="PAS_CUI" ParentModuleType="25" ParentName="FORM_TITLE_VA" ParentFilename="pas_cui.olb" DirtyInfo="true" ParentFilepath="" ParentType="39"/>
      <VisualAttribute Name="SECTION_TITLE_VA" ParentModule="PAS_CUI" ParentModuleType="25" ParentName="SECTION_TITLE_VA" ParentFilename="pas_cui.olb" DirtyInfo="true" ParentFilepath="" ParentType="39"/>
      <VisualAttribute Name="BACKGROUND_LINK_BOX_VA" ParentModule="PAS_CUI" ParentModuleType="25" ParentName="BACKGROUND_LINK_BOX_VA" ParentFilename="pas_cui.olb" DirtyInfo="true" ParentFilepath="" ParentType="39"/>
      <VisualAttribute Name="CUI_TOOLTIP_VA" ParentModule="PAS_CUI" ParentModuleType="25" ParentName="CUI_TOOLTIP_VA" ParentFilename="pas_cui.olb" DirtyInfo="true" ParentFilepath="" ParentType="39"/>
      <VisualAttribute Name="MENU_TEXT_ITEMS_VA" ParentModule="PAS_CUI" ParentModuleType="25" ParentName="MENU_TEXT_ITEMS_VA" ParentFilename="pas_cui.olb" DirtyInfo="true" ParentFilepath="" ParentType="39"/>
      <Window Name="MAIN_FORM_WINDOW" ShowHorizontalScrollbar="false" HorizontalToolbarCanvasName="TOOLBAR_CANVAS" ClearAllowed="true" MinimizeAllowed="true" Title="Template Form - Root Window Title" Width="755" InheritMenu="true" WindowStyle="Document" ResizeAllowed="true" PrimaryCanvas="CNV_CONTENT" HideOnExit="false" XPosition="0" YPosition="0" Bevel="None" MaximizeAllowed="true" DirtyInfo="true" VisualAttributeName="DEFAULT" Modal="false" MoveAllowed="true" ShowVerticalScrollbar="false" Height="480"/>
      <Window Name="W_CHECKLIST_SS_IOS" HorizontalToolbarCanvasName="" Width="587" WindowStyle="Dialog" PrimaryCanvas="" ParentModule="CHKSSIOS" XPosition="115" ParentModuleType="12" YPosition="120" ParentName="WINDOW_CLASS" DirtyInfo="true" ParentType="29" Height="319"/>
      <ObjectGroup Name="ACTIONS_OG" ParentModule="PAS_CUI" ParentModuleType="25" ParentName="ACTIONS_OG" ParentFilename="PAS_CUI.olb" DirtyInfo="true" ParentType="23">
         <ObjectGroupChild Name="C_ACTIONS" SubclassSubObject="true"/>
         <ObjectGroupChild Name="C_BASE" SubclassSubObject="true"/>
         <ObjectGroupChild Name="C_FUNCTIONS" SubclassSubObject="true"/>
         <ObjectGroupChild Name="MENU_CANVAS_CLASS" SubclassSubObject="true"/>
         <ObjectGroupChild Name="MENU_CANVAS_VA" SubclassSubObject="true"/>
         <ObjectGroupChild Name="MENU_ITEM_CLASS" SubclassSubObject="true"/>
         <ObjectGroupChild Name="TOP_MENU" SubclassSubObject="true"/>
         <ObjectGroupChild Name="LT_TOOLBAR_MAIN" SubclassSubObject="true"/>
         <ObjectGroupChild Name="HCI_UPGRADE" SubclassSubObject="true"/>
         <ObjectGroupChild Name="HCI_UPGRADE" SubclassSubObject="true"/>
         <ObjectGroupChild Name="LHM_RESET_CANVAS_STACK" SubclassSubObject="true"/>
         <ObjectGroupChild Name="LOCAL_RESET_CANVAS_STACK" SubclassSubObject="true"/>
      </ObjectGroup>
      <ObjectGroup Name="KEY_TRIGGERS" ObjectGroupType="22">
         <ObjectGroupChild Name="KEY-CLRFRM" Type="Trigger"/>
         <ObjectGroupChild Name="KEY-CLRBLK" Type="Trigger"/>
         <ObjectGroupChild Name="KEY-CLRREC" Type="Trigger"/>
         <ObjectGroupChild Name="KEY-COMMIT" Type="Trigger"/>
         <ObjectGroupChild Name="KEY-CQUERY" Type="Trigger"/>
         <ObjectGroupChild Name="KEY-CREREC" Type="Trigger"/>
         <ObjectGroupChild Name="KEY-DELREC" Type="Trigger"/>
         <ObjectGroupChild Name="KEY-DOWN" Type="Trigger"/>
         <ObjectGroupChild Name="KEY-DUP-ITEM" Type="Trigger"/>
         <ObjectGroupChild Name="KEY-DUPREC" Type="Trigger"/>
         <ObjectGroupChild Name="KEY-EDIT" Type="Trigger"/>
         <ObjectGroupChild Name="KEY-ENTER" Type="Trigger"/>
         <ObjectGroupChild Name="KEY-ENTQRY" Type="Trigger"/>
         <ObjectGroupChild Name="KEY-EXEQRY" Type="Trigger"/>
         <ObjectGroupChild Name="KEY-LISTVAL" Type="Trigger"/>
         <ObjectGroupChild Name="KEY-NEXT-ITEM" Type="Trigger"/>
         <ObjectGroupChild Name="KEY-NXTREC" Type="Trigger"/>
         <ObjectGroupChild Name="KEY-NXTSET" Type="Trigger"/>
         <ObjectGroupChild Name="KEY-OTHERS" Type="Trigger"/>
         <ObjectGroupChild Name="KEY-PREV-ITEM" Type="Trigger"/>
         <ObjectGroupChild Name="KEY-PRINT" Type="Trigger"/>
         <ObjectGroupChild Name="KEY-PRVREC" Type="Trigger"/>
         <ObjectGroupChild Name="KEY-SCRDOWN" Type="Trigger"/>
         <ObjectGroupChild Name="KEY-SCRUP" Type="Trigger"/>
         <ObjectGroupChild Name="KEY-UP" Type="Trigger"/>
      </ObjectGroup>
      <ObjectGroup Name="ABOUT_FORM_PARAMETERS" ObjectGroupType="22">
         <ObjectGroupChild Name="P_TEMPLATE" Type="ModuleParameter"/>
         <ObjectGroupChild Name="P_VERSION" Type="ModuleParameter"/>
         <ObjectGroupChild Name="P_DATE" Type="ModuleParameter"/>
      </ObjectGroup>
      <ObjectGroup Name="ON_TRIGGERS" ObjectGroupType="22">
         <ObjectGroupChild Name="ON-MESSAGE" Type="Trigger"/>
         <ObjectGroupChild Name="ON-ERROR" Type="Trigger"/>
      </ObjectGroup>
   </FormModule>
</Module>
