<?xml version = '1.0' encoding = 'UTF-8'?>
<Module version="122010300" xmlns="http://xmlns.oracle.com/Forms">
   <FormModule Name="CLSITES" ValidationUnit="Default" FirstNavigationBlockName="SITE_MASTER" HorizontalToolbarCanvas=" " ConsoleWindow="SITE_MASTER" MenuModule="OASIS" MenuRole="" CursorMode="Open" InitializeMenu="DEFAULTMENUAPP" Use3dControls="true" RuntimeComp="5.0" DirtyInfo="true" MouseNavigationLimit="Form" SavepointMode="true">
      <Coordinate CharacterCellWidth="7" RealUnit="Point" DefaultFontScaling="false" CharacterCellHeight="16" CoordinateSystem="Real"/>
      <Alert Name="STANDARD_ALERT" DirtyInfo="true" Button1Label="OK" VisualAttributeName="DEFAULT" Button2Label="" DefaultAlertButton="Button 1" AlertStyle="Note"/>
      <Alert Name="WARNING_ALERT" DirtyInfo="true" Button1Label="OK" VisualAttributeName="DEFAULT" Button2Label="" DefaultAlertButton="Button 1" AlertStyle="Note"/>
      <Alert Name="ERROR_ALERT" DirtyInfo="true" Button1Label="OK" VisualAttributeName="DEFAULT" Button2Label="" DefaultAlertButton="Button 1" AlertStyle="Note"/>
      <Alert Name="QUESTION_ALERT" DirtyInfo="true" Button1Label="Yes" VisualAttributeName="DEFAULT" Button2Label="No" DefaultAlertButton="Button 1" AlertStyle="Note"/>
      <Block Name="CONTROL" RecordsBufferedCount="0" RecordsDisplayCount="1" RecordsFetchedCount="1" EnforcedColumnSecurity="false" InsertAllowed="false" EnforcedPrimaryKey="false" RecordOrientation="Vertical" UpdateAllowed="false" DeleteAllowed="false" DirtyInfo="true" VisualAttributeName="DEFAULT" KeyMode="Unique" DatabaseBlock="false" QueryDataSourceType="None" QueryAllowed="false" LockMode="Immediate" DMLDataType="None" NavigationStyle="Same Record" ShowScrollbar="false">
         <Item Name="TIMEOUT" DatabaseItem="false" Bevel="None" DirtyInfo="true" Width="0" MouseNavigate="false" ItemType="Bean Area" KeyboardNavigable="false" ImplementationClass="com.capula.eoasis.Timeout" Height="0"/>
         <Trigger Name="WHEN-MOUSE-LEAVE" TriggerText="Kill_Hint_Timer;"/>
      </Block>
      <Block Name="TEXT" RecordsBufferedCount="0" RecordsDisplayCount="1" RecordsFetchedCount="0" WhereClause="" EnforcedPrimaryKey="false" RecordOrientation="Vertical" NavigationStyle="Same Record" ShowScrollbar="false" NextNavigationBlockName="" EnforcedColumnSecurity="false" InsertAllowed="false" UpdateAllowed="true" DMLDataName="" DeleteAllowed="false" QueryDataSourceName="" DirtyInfo="true" VisualAttributeName="DEFAULT" KeyMode="Unique" PreviousNavigationBlockName="" DatabaseBlock="false" QueryDataSourceType="None" QueryAllowed="false" LockMode="Immediate" DMLDataType="None">
         <Item Name="FUNCTION_ID" ValidateFromList="false" LovXPosition="0" Justification="Left" LovYPosition="0" ListStyle="Poplist" Width="36" MaximumLength="6" WrapStyle="Word" AutoSkip="false" CompressionQuality="None" XPosition="108" YPosition="35" DatabaseItem="true" Bevel="Plain" AutoHint="false" MouseNavigate="true" MultiLine="false" CaseInsensitiveQuery="false" KeyboardNavigable="true" CaseRestriction="Mixed" CheckBoxOtherValues="Not Allowed" PrimaryKey="false" DefaultButton="false" QueryAllowed="true" Visible="true" QueryLength="6" DisplayQuality="High" EditXPosition="0" EditYPosition="0" Enabled="true" DistanceBetweenRecords="4364" FixedLength="false" Required="true" Height="14" ConcealData="false" Hint="Enter value for : FUNCTION_ID" SizingStyle="Crop" ShowHorizontalScrollbar="false" Iconic="false" InsertAllowed="true" ItemType="Text Item" DataType="Number" UpdateAllowed="true" UpdateIfNull="false" KeepCursorPosition="false" VisualAttributeName="DEFAULT" Label="Function Id" LockRecord="false" ShowVerticalScrollbar="false" TooltipVisualAttributeGroup="V7_VA_TOOLTIP" LovName=""/>
         <Item Name="LANGUAGE_ID" ValidateFromList="false" LovXPosition="0" Justification="Left" LovYPosition="0" ListStyle="Poplist" Width="24" MaximumLength="4" WrapStyle="Word" AutoSkip="false" CompressionQuality="None" XPosition="576" YPosition="35" DatabaseItem="true" Bevel="Plain" AutoHint="false" MouseNavigate="true" MultiLine="false" CaseInsensitiveQuery="false" KeyboardNavigable="true" CaseRestriction="Mixed" CheckBoxOtherValues="Not Allowed" PrimaryKey="false" DefaultButton="false" QueryAllowed="true" Visible="true" QueryLength="4" DisplayQuality="High" EditXPosition="0" EditYPosition="0" Enabled="true" DistanceBetweenRecords="4364" FixedLength="false" Required="true" Height="14" ConcealData="false" Hint="Enter value for : LANGUAGE_ID" SizingStyle="Crop" ShowHorizontalScrollbar="false" Iconic="false" InsertAllowed="true" ItemType="Text Item" DataType="Number" UpdateAllowed="true" UpdateIfNull="false" KeepCursorPosition="false" VisualAttributeName="DEFAULT" Label="Language Id" LockRecord="false" ShowVerticalScrollbar="false" TooltipVisualAttributeGroup="V7_VA_TOOLTIP" LovName=""/>
         <Item Name="BPT_2" ValidateFromList="false" EditXPosition="0" LovXPosition="0" EditYPosition="0" Justification="Start" LovYPosition="0" Enabled="true" ListStyle="Poplist" Width="49" FixedLength="false" WrapStyle="Word" AutoSkip="false" CompressionQuality="None" XPosition="20" Required="false" YPosition="20" DatabaseItem="false" AutoHint="false" MouseNavigate="true" CanvasName="SITE_MASTER" MultiLine="false" CaseInsensitiveQuery="false" KeyboardNavigable="true" CaseRestriction="Mixed" ParentType="29" CheckBoxOtherValues="Not Allowed" ConcealData="false" SizingStyle="Crop" ShowHorizontalScrollbar="false" Iconic="false" InsertAllowed="true" UpdateAllowed="true" ParentModule="CLSITES" UpdateIfNull="false" ParentModuleType="12" ParentName="BPT_GREY_CLASS" DirtyInfo="true" KeepCursorPosition="false" DefaultButton="false" QueryAllowed="true" QueryLength="80" LockRecord="false" DisplayQuality="High" ShowVerticalScrollbar="false" TooltipVisualAttributeGroup="V7_VA_TOOLTIP" LovName=""/>
         <Item Name="BPT_3" ValidateFromList="false" EditXPosition="0" LovXPosition="0" EditYPosition="0" LovYPosition="0" Enabled="true" ListStyle="Poplist" Width="143" FixedLength="false" WrapStyle="Word" AutoSkip="false" CompressionQuality="None" XPosition="32" Required="false" YPosition="49" DatabaseItem="false" AutoHint="false" MouseNavigate="true" CanvasName="SITE_MASTER" MultiLine="false" CaseInsensitiveQuery="false" KeyboardNavigable="true" CaseRestriction="Mixed" ParentType="29" CheckBoxOtherValues="Not Allowed" Height="13" ConcealData="false" SizingStyle="Crop" ShowHorizontalScrollbar="false" Iconic="false" InsertAllowed="true" UpdateAllowed="true" ParentModule="CLSITES" UpdateIfNull="false" ParentModuleType="12" ParentName="BPT_GREY_CLASS" DirtyInfo="true" KeepCursorPosition="false" DefaultButton="false" QueryAllowed="true" QueryLength="80" LockRecord="false" DisplayQuality="High" ShowVerticalScrollbar="false" TooltipVisualAttributeGroup="V7_VA_TOOLTIP" LovName=""/>
         <Item Name="BPT_4" ValidateFromList="false" LovXPosition="0" Justification="Start" LovYPosition="0" ListStyle="Poplist" Width="161" MaximumLength="80" WrapStyle="Word" AutoSkip="false" BackColor="white" CompressionQuality="None" XPosition="115" YPosition="49" DatabaseItem="false" Bevel="None" AutoHint="false" MouseNavigate="true" CanvasName="CNV_CONTENT" MultiLine="false" CaseInsensitiveQuery="false" KeyboardNavigable="true" CaseRestriction="Mixed" CheckBoxOtherValues="Not Allowed" PrimaryKey="false" DirtyInfo="true" DefaultButton="false" QueryAllowed="true" Visible="true" QueryLength="80" DisplayQuality="High" EditXPosition="0" EditYPosition="0" Enabled="true" DistanceBetweenRecords="0" FillPattern="transparent" FixedLength="false" Required="false" FontName="Arial" FontSize="900" FontStyle="Plain" FontWeight="Bold" FontSpacing="Normal" ForegroundColor="Line Green" Height="12" ConcealData="false" SizingStyle="Crop" ShowHorizontalScrollbar="false" Iconic="false" TabPageName="" InsertAllowed="true" ItemType="Display Item" DataType="Char" UpdateAllowed="true" UpdateIfNull="false" KeepCursorPosition="false" VisualAttributeName="TEXT_ITEM_BPT_GREY" LockRecord="false" ShowVerticalScrollbar="false" TooltipVisualAttributeGroup="V7_VA_TOOLTIP" LovName=""/>
         <Item Name="DSP_BREADCRUMB" Justification="Start" TabPageName="" Width="278" MaximumLength="4000" ItemType="Display Item" BackColor="white" XPosition="95" FontName="Arial" YPosition="4" DatabaseItem="false" Bevel="None" FontSize="1000" FontStyle="Italic" DirtyInfo="true" FontWeight="Bold" FontSpacing="Normal" ForegroundColor="darkcyan" CanvasName="CNV_HIDE" Visible="false" Height="15"/>
         <Trigger Name="WHEN-MOUSE-DOUBLECLICK" TriggerText="--&amp;#10;-- steve pusey 19/4/96&amp;#10;--&amp;#10;-- change value in current boilerplate text item&amp;#10;--&amp;#10;BEGIN&amp;#10;&amp;#10;  boilerplate.change_boilerplate;&amp;#10;&amp;#10;END;"/>
      </Block>
      <Block Name="C1" RecordsDisplayCount="1" DirtyInfo="true" VisualAttributeName="DEFAULT" DatabaseBlock="false" QueryDataSourceType="None" DMLDataType="None" RecordOrientation="Vertical" ShowScrollbar="false">
         <Item Name="CAT_DESC" DistanceBetweenRecords="0" Width="531" MaximumLength="1" CompressionQuality="None" XPosition="70" Required="true" YPosition="18" DatabaseItem="false" Bevel="Plain" CanvasName="SITE_MASTER" ListElementCount="1" CaseRestriction="Upper" ParentType="29" Height="15" Hint="Enter value for : CHECK_LIST_CATEGORY" ShowHorizontalScrollbar="false" ItemType="List Item" DataType="Char" InitializeValue="P" OtherValues="P" ParentModule="CLSITES" ParentModuleType="12" ParentName="TEXT_ITEM_CLASS" DirtyInfo="true" Label="Check List Category" QueryLength="1" ShowVerticalScrollbar="false" TooltipVisualAttributeGroup="V7_VA_TOOLTIP">
            <ListItemElement Index="1" Name="P_dum" Value="P"/>
            <Trigger Name="WHEN-LIST-CHANGED" TriggerText="-- GO TO BLOCK AND THEN EXECUTE_QUERY&amp;#10;GO_BLOCK('SITE_MASTER');&amp;#10;EXECUTE_QUERY;"/>
         </Item>
         <Trigger Name="KEY-DELREC" TriggerText="null;"/>
      </Block>
      <Block Name="SITE_MASTER" RecordsDisplayCount="17" WhereClause="where check_list_category=:c1.cat_desc" RecordOrientation="Vertical" OrderByClause="order by description" DMLDataName="READING_SITES_MASTER" QueryDataSourceName="READING_SITES_MASTER" DirtyInfo="true" VisualAttributeName="DEFAULT" ScrollbarCanvasName="SITE_MASTER" ScrollbarOrientation="Vertical" DatabaseBlock="true" QueryDataSourceType="Table" ScrollbarWidth="12" ScrollbarXPosition="18" DMLDataType="Table" ScrollbarYPosition="64" ShowScrollbar="true" ScrollbarLength="238">
         <Item Name="ACTIVE_FLAG" Hint="Enter value for : ACTIVE_FLAG" DirtyInfo="true" Width="90" MaximumLength="1" QueryLength="30" InitializeValue="N" TooltipVisualAttributeGroup="V7_VA_TOOLTIP" Height="16"/>
         <Item Name="READING_SITE_CODE" Enabled="true" DistanceBetweenRecords="0" Width="72" MaximumLength="25" CompressionQuality="None" XPosition="30" Required="true" YPosition="380" DatabaseItem="true" Bevel="Plain" CanvasName="" KeyboardNavigable="true" Height="14" Hint="Enter value for : READING_SITE_CODE" ShowHorizontalScrollbar="false" ItemType="Display Item" DataType="Char" UpdateAllowed="true" VisualAttributeName="DEFAULT" Label="Reading Site Code" QueryAllowed="true" Visible="false" QueryLength="9" ShowVerticalScrollbar="false" TooltipVisualAttributeGroup="V7_VA_TOOLTIP"/>
         <Item Name="DESCRIPTION" Hint="Enter value for : DESCRIPTION" ShowHorizontalScrollbar="false" DistanceBetweenRecords="0" Width="569" MaximumLength="40" DataType="Char" ParentModule="CLSITES" CompressionQuality="None" XPosition="30" ParentModuleType="12" YPosition="64" DatabaseItem="true" ParentName="TEXT_ITEM_CLASS" Bevel="Plain" DirtyInfo="true" Label="Description" CanvasName="SITE_MASTER" QueryLength="40" CaseRestriction="Upper" ParentType="29" ShowVerticalScrollbar="false" TooltipVisualAttributeGroup="V7_VA_TOOLTIP" Height="14">
            <Trigger Name="WHEN-VALIDATE-ITEM" TriggerText="if description_exists(:site_master.description) then&amp;#10;display_alert('warning_alert',560);&amp;#10;raise form_trigger_failure;&amp;#10;&amp;#10;end if;"/>
            <Trigger Name="KEY-NEXT-ITEM" TriggerText="go_item('buttons.ok_type_button');"/>
         </Item>
         <Item Name="AMEND_BY_USER" Enabled="true" DistanceBetweenRecords="0" Width="72" MaximumLength="42" CompressionQuality="None" XPosition="354" YPosition="380" DatabaseItem="true" Bevel="Plain" CanvasName="" KeyboardNavigable="true" Height="14" Hint="Enter value for : AMEND_BY_USER" ShowHorizontalScrollbar="false" ItemType="Text Item" DataType="Number" UpdateAllowed="true" VisualAttributeName="DEFAULT" Label="Amend By User" QueryAllowed="true" Visible="true" QueryLength="42" ShowVerticalScrollbar="false" TooltipVisualAttributeGroup="V7_VA_TOOLTIP"/>
         <Item Name="AMEND_BY_MODULE" Enabled="true" DistanceBetweenRecords="0" Width="72" MaximumLength="10" CompressionQuality="None" XPosition="354" YPosition="380" DatabaseItem="true" Bevel="Plain" CanvasName="" KeyboardNavigable="true" Height="14" Hint="Enter value for : AMEND_BY_USER" ShowHorizontalScrollbar="false" ItemType="Display Item" DataType="Char" UpdateAllowed="true" VisualAttributeName="DEFAULT" Label="Amend By User" QueryAllowed="true" Visible="false" QueryLength="42" ShowVerticalScrollbar="false" TooltipVisualAttributeGroup="V7_VA_TOOLTIP"/>
         <Item Name="AMEND_LAST_DATE" Enabled="true" DistanceBetweenRecords="0" Width="66" MaximumLength="30" CompressionQuality="None" XPosition="426" YPosition="380" DatabaseItem="true" Bevel="Plain" CanvasName="" KeyboardNavigable="true" Height="14" Hint="Enter value for : AMEND_LAST_DATE" ShowHorizontalScrollbar="false" ItemType="Text Item" DataType="Datetime" UpdateAllowed="true" VisualAttributeName="DEFAULT" Label="Amend Last Date" QueryAllowed="true" Visible="true" QueryLength="0" ShowVerticalScrollbar="false" TooltipVisualAttributeGroup="V7_VA_TOOLTIP"/>
         <Item Name="CHECK_LIST_CATEGORY" Enabled="true" DistanceBetweenRecords="0" Width="18" MaximumLength="1" CompressionQuality="None" XPosition="492" YPosition="380" DatabaseItem="true" Bevel="Plain" CanvasName="" KeyboardNavigable="true" Height="14" Hint="Enter value for : CHECK_LIST_CATEGORY" ShowHorizontalScrollbar="false" ItemType="Text Item" DataType="Char" UpdateAllowed="true" VisualAttributeName="DEFAULT" Label="Check List Category" QueryAllowed="true" Visible="true" QueryLength="1" ShowVerticalScrollbar="false" TooltipVisualAttributeGroup="V7_VA_TOOLTIP"/>
         <Trigger Name="KEY-DELREC" TriggerText="delete_record;"/>
         <Trigger Name="POST-RECORD" TriggerText="&amp;#10; highlight_ROW('TEXT_ITEM_VA');"/>
         <Trigger Name="WHEN-NEW-RECORD-INSTANCE" TriggerText="if :system.cursor_record!=1 then&amp;#10;:SYSTEM.MESSAGE_LEVEL := 10;&amp;#10;post;&amp;#10;:SYSTEM.MESSAGE_LEVEL := 0;&amp;#10;end if;&amp;#10;&amp;#10;highlight_ROW('CURR_ITEM_VA');"/>
         <Trigger Name="KEY-CREREC" TriggerText="create_record;"/>
         <Trigger Name="PRE-INSERT" TriggerText="--&amp;#10;-- fill in null canvas items&amp;#10;--&amp;#10;-- date&#x9;&#x9;by&#x9;&#x9;change&amp;#10;-- 24/11/97&#x9;Steve&#x9;&#x9;- Added amend_by_module&amp;#10;--&#x9;&#x9;&#x9;&#x9;- Add site code to front of id&amp;#10;--&amp;#10;DECLARE&amp;#10; &amp;#10;  cursor c_id is&amp;#10;&#x9;select reading_site_code.nextval &amp;#10; &#x9;FROM DUAL;&amp;#10;&amp;#10;BEGIN&amp;#10;   &amp;#10;  if :SITE_master.reading_site_code is null then &amp;#10;&#x9;open c_id;&amp;#10;&#x9;fetch c_id into :SITE_master.reading_site_code;&amp;#10;&#x9;close c_id;&amp;#10;&amp;#10;&#x9;:SITE_master.reading_site_code := get_site_prefix||:SITE_master.reading_site_code;&amp;#10;   &amp;#10;  end if;&amp;#10; &amp;#10;  :site_master.check_list_category :=:C1.Cat_desc;&amp;#10;  :site_master.amend_by_user :=:GLOBAL.USER_ID;&amp;#10;  :site_master.aMEND_last_date :=sysdate;&amp;#10;  :site_master.amend_by_module := 'CLSITESPI';&amp;#10; &amp;#10;END;"/>
         <Trigger Name="PRE-UPDATE" TriggerText="--&amp;#10;-- date&#x9;&#x9;by&#x9;&#x9;change&amp;#10;-- 24/11/97&#x9;Steve&#x9;&#x9;Added amend_by_module&amp;#10;--&amp;#10;BEGIN&amp;#10;&amp;#10;  :site_master.amend_by_user:=:GLOBAL.USER_ID;&amp;#10;  :site_master.aMEND_last_date :=sysdate;&amp;#10;  :site_master.amend_by_module := 'CLSITESPU';&amp;#10;&amp;#10;END;"/>
      </Block>
      <Block Name="BUTTONS" DirtyInfo="true" DatabaseBlock="false" ScrollbarWidth="14" ScrollbarLength="135">
         <Item Name="OK_TYPE_BUTTON" ShowHorizontalScrollbar="false" Justification="Center" DistanceBetweenRecords="0" Width="35" ItemType="Text Item" ParentModule="CLSITES" CompressionQuality="None" XPosition="572" ParentModuleType="12" YPosition="322" DatabaseItem="false" ParentName="OK_BUTTON_CLASS" Bevel="None" DirtyInfo="true" VisualAttributeName="WEB_TEXT_BUTTON" CanvasName="SITE_MASTER" KeyboardNavigable="false" ParentType="29" ShowVerticalScrollbar="false" TooltipVisualAttributeGroup="V7_VA_TOOLTIP" Height="13">
            <Trigger Name="WHEN-MOUSE-CLICK" DirtyInfo="true" TriggerText="oasis_when_mouse_click.when_mouse_click;&amp;#10;&amp;#10;:SYSTEM.MESSAGE_LEVEL := 10;&amp;#10;commit;&amp;#10;:SYSTEM.MESSAGE_LEVEL := 0;&amp;#10;do_key('exit_form');"/>
            <Trigger Name="KEY-NEXT-ITEM" TriggerText="go_item('buttons.cancel_type_button');"/>
         </Item>
         <Trigger Name="WHEN-MOUSE-DOWN" DirtyInfo="true" TriggerText="SET_ITEM_PROPERTY(:SYSTEM.TRIGGER_ITEM,VISUAL_ATTRIBUTE,'WEB_TEXT_BUTTON_CLICK');"/>
         <Trigger Name="WHEN-MOUSE-UP" DirtyInfo="true" TriggerText="SET_ITEM_PROPERTY(:SYSTEM.TRIGGER_ITEM, VISUAL_ATTRIBUTE, 'WEB_TEXT_BUTTON');&amp;#10;DEFAULT_VALUE(NULL,'GLOBAL.LAST_ITEM');&amp;#10;IF :global.last_item IS NOT NULL THEN&amp;#10;&#x9;GO_ITEM(:global.last_item);&amp;#10;END IF;"/>
         <Trigger Name="KEY-CLRBLK" DirtyInfo="true" TriggerText="NULL;"/>
         <Trigger Name="KEY-CLRREC" DirtyInfo="true" TriggerText="NULL;"/>
         <Trigger Name="KEY-CLRFRM" DirtyInfo="true" TriggerText="NULL;"/>
         <Trigger Name="KEY-DELREC" DirtyInfo="true" TriggerText="NULL;"/>
         <Trigger Name="KEY-ENTQRY" DirtyInfo="true" TriggerText="NULL;"/>
         <Trigger Name="KEY-EXEQRY" DirtyInfo="true" TriggerText="NULL;"/>
         <Trigger Name="KEY-CREREC" DirtyInfo="true" TriggerText="NULL;"/>
         <Trigger Name="KEY-NXTREC" DirtyInfo="true" TriggerText="NULL;"/>
         <Trigger Name="KEY-PRVREC" DirtyInfo="true" TriggerText="NULL;"/>
         <Trigger Name="KEY-SCRDOWN" DirtyInfo="true" TriggerText="NULL;"/>
         <Trigger Name="KEY-SCRUP" DirtyInfo="true" TriggerText="NULL;"/>
         <Trigger Name="KEY-DOWN" DirtyInfo="true" TriggerText="NULL;"/>
         <Trigger Name="KEY-UP" DirtyInfo="true" TriggerText="NULL;"/>
         <Trigger Name="WHEN-NEW-ITEM-INSTANCE" DirtyInfo="true" TriggerText="NULL; -- To ensure the form level trigger does not fire for the buttons"/>
      </Block>
      <Block Name="TITLES" DirtyInfo="true" ScrollbarWidth="14" ScrollbarLength="135">
         <Item Name="DSP_TITLE" Justification="Start" TabPageName="" Width="279" MaximumLength="30" ParentModule="CLSITES" XPosition="105" ParentModuleType="12" YPosition="3" DatabaseItem="false" ParentName="FORM_TITLE_CLASS" DirtyInfo="true" CanvasName="CNV_CONTENT" ParentType="29"/>
      </Block>
      <Block Name="LT_FUNCTIONS" DirtyInfo="true" DatabaseBlock="false" ScrollbarWidth="14" ScrollbarLength="135">
         <Item Name="IMG_FUNCTIONS" Prompt="Functions" TabPageName="" PromptAttachmentOffset="36" PromptAlignOffset="0" PromptFontSize="900" Width="16" ItemType="Image" ImageFormat="BMP" XPosition="79" YPosition="0" DatabaseItem="false" Bevel="None" PromptForegroundColor="Allscripts Link Blue" DirtyInfo="true" VisualAttributeName="MENU_TEXT_ITEMS_VA" PromptFontName="Arial" PromptFontStyle="Plain" PromptFontWeight="Bold" PromptFontSpacing="Normal" Height="14">
            <Trigger Name="WHEN-MOUSE-CLICK" DirtyInfo="true" TriggerText="HCI_UPGRADE.functions_when_mouse_click;"/>
         </Item>
         <Trigger Name="WHEN-NEW-BLOCK-INSTANCE" DirtyInfo="true" TriggerText="READ_IMAGE_FILE(hci_upgrade.g_image_directory || 'pas_expand_menu.gif', 'gif', 'LT_FUNCTIONS.IMG_FUNCTIONS');"/>
         <Trigger Name="WHEN-MOUSE-DOWN" DirtyInfo="true" TriggerText="SET_ITEM_PROPERTY(:SYSTEM.TRIGGER_ITEM,VISUAL_ATTRIBUTE,'WEB_TEXT_BUTTON_CLICK');"/>
         <Trigger Name="WHEN-MOUSE-UP" DirtyInfo="true" TriggerText="SET_ITEM_PROPERTY(:SYSTEM.TRIGGER_ITEM,VISUAL_ATTRIBUTE,'WEB_TEXT_BUTTON');"/>
         <Trigger Name="WHEN-NEW-ITEM-INSTANCE" DirtyInfo="true" TriggerText="NULL;"/>
      </Block>
      <Canvas Name="SITE_MASTER" ShowHorizontalScrollbar="false" CanvasType="Stacked" Width="630" WindowName="MAIN_FORM_WINDOW" Bevel="None" DirtyInfo="true" VisualAttributeName="BACKGROUND_CANVAS" DisplayViewport="true" ShowVerticalScrollbar="false" Height="340" ViewportHeight="340" ViewportXPosition="115" ViewportWidth="630" ViewportYPosition="64"/>
      <Canvas Name="TOOLBAR_CANVAS" ViewportXPositionOnCanvas="0" ViewportYPositionOnCanvas="0" ShowHorizontalScrollbar="false" CanvasType="Horizontal Toolbar" Width="768" WindowName="MAIN_FORM_WINDOW" BackColor="patient_live_blue" Bevel="None" DirtyInfo="true" VisualAttributeName="BACKGROUND_CANVAS" Visible="true" ShowVerticalScrollbar="false" Height="64" ViewportHeight="24" ViewportXPosition="0" ViewportWidth="590" ViewportYPosition="0" RaiseOnEnter="false">
         <Graphics Name="BANNER_LINE" InternalLineWidth="227" Width="755" EdgeForegroundColor="gray16" EdgePattern="solid" JoinStyle="Bevel" XPosition="0" YPosition="63" GraphicsType="Line" HorizontalMargin="8" ScrollbarWidth="15" VerticalMargin="16" HorizontalObjectOffset="15" Height="0" StartPromptOffset="8"/>
      </Canvas>
      <Canvas Name="CNV_CONTENT" BackColor="white" Bevel="None" DirtyInfo="true" ForegroundColor="black" Width="755" WindowName="MAIN_FORM_WINDOW" Height="415" ViewportHeight="324" ViewportWidth="540">
         <Graphics Name="SECTION_LINE1" InternalLineWidth="113" Width="601" EdgeForegroundColor="Line Green" EdgePattern="solid" JoinStyle="Bevel" BackColor="Line Green" XPosition="115" YPosition="61" Bevel="None" DirtyInfo="true" ForegroundColor="white" GraphicsType="Line" HorizontalMargin="7" ScrollbarWidth="14" VerticalMargin="14" HorizontalObjectOffset="14" Height="0" StartPromptOffset="7"/>
         <Graphics Name="BLUE_CIRCLE1" Width="21" Dither="false" ClipWidth="21" ImageFilename="CLSITES_CNV_CONTENT_BLUE_CIRCLE1.tif" ClipHeight="19" XPosition="714" YPosition="43" DirtyInfo="true" GraphicsType="Image" HorizontalMargin="7" ScrollbarWidth="14" VerticalMargin="14" HorizontalObjectOffset="14" Height="19" StartPromptOffset="7"/>
         <Graphics Name="SECTION_NUMBER1" Width="13" FillPattern="none" EdgePattern="none" JoinStyle="Bevel" BackColor="Side Green" XPosition="728" WrapText="false" YPosition="48" BoundingBoxScalable="false" Bevel="None" HorizontalOrigin="Right" HorizontalJustification="Center" ForegroundColor="darkcyan" GraphicsFontWeight="Bold" GraphicsFontSpacing="Normal" GraphicsType="Text" ScrollbarWidth="14" Height="11" GraphicsFontName="Arial" GraphicsFontSize="1000" GraphicsFontStyle="0" GraphicsText="1" DirtyInfo="true" GraphicsFontColor="white" GraphicsFontColorCode="1" HorizontalMargin="7" VerticalMargin="14" HorizontalObjectOffset="14" StartPromptOffset="7">
            <CompoundText Name="CMPTXT207">
               <TextSegment Name="TEXTSTR208" FontName="Arial" FontSize="1000" FontStyle="Plain" DirtyInfo="true" FontWeight="Bold" FontSpacing="Normal" ForegroundColor="white" Text="1"/>
            </CompoundText>
         </Graphics>
      </Canvas>
      <Canvas Name="CNV_HIDE" Bevel="None" DirtyInfo="true" Width="800" Visible="false" WindowName="MAIN_FORM_WINDOW" Height="410" ViewportHeight="324" ViewportWidth="540"/>
      <Editor Name="EDITOR293" VisualAttributeName="DEFAULT" Width="240" ShowVerticalScrollbar="false" Height="173"/>
      <ModuleParameter Name="P_TEMPLATE" DirtyInfo="true" Comment="Used by ABOUT_FORM window, the template used to create this form" ParameterInitializeValue="TEMPLATE_V11"/>
      <ModuleParameter Name="P_VERSION" DirtyInfo="true" Comment="Used by ABOUT_FORM window, the form version, update after each update" ParameterInitializeValue="0"/>
      <ModuleParameter Name="P_DATE" DirtyInfo="true" Comment="Used by ABOUT_FORM window, the date the form was last updated, update after each update" ParameterInitializeValue="30-Dec-2016"/>
      <ModuleParameter Name="API_VERSION" ParameterInitializeValue="V2.3"/>
      <ModuleParameter Name="P_BREADCRUMB"/>
      <ModuleParameter Name="P_RELEASE" ParentModule="PAS_RELEASE" ParentModuleType="25" ParentName="P_RELEASE" ParentFilename="pas_release.olb" DirtyInfo="true" ParentFilepath="" ParentType="13"/>
      <Menu Name="BOILER_PLATE" DirtyInfo="true">
         <MenuItem Name="CHANGE_PROMPT" DirtyInfo="true" Label="Change Prompt" MenuItemCode="message('Change Boilerplate prompt');pause;"/>
      </Menu>
      <ProgramUnit Name="HIGHLIGHT_ROW" ProgramUnitText="PROCEDURE highlight_ROW (v_a in varchar2) IS&amp;#10;BEGIN&amp;#10;--highlight_ROW&amp;#10;display_item('site_master.description',V_A);&amp;#10;&amp;#10;END;" ProgramUnitType="Procedure"/>
      <ProgramUnit Name="DESCRIPTION_EXISTS" ProgramUnitText="FUNCTION description_exists (In_Desc VarChar2) return boolean IS&amp;#10;-- This function returns TRUE if the description already exists in the reading_body_sites &amp;#10;-- table&amp;#10;&amp;#10;  T_Dummy Number(1);&amp;#10;  T_return_var  Boolean := FALSE;&amp;#10;&amp;#10;  CURSOR Desc_Exists IS&amp;#10;    Select Null&amp;#10;    From reading_sites_master a&amp;#10;    Where a.Description = In_desc&amp;#10;    and a.check_list_category=:c1.cat_desc;&amp;#10;&amp;#10;BEGIN&amp;#10;&amp;#10;  OPEN Desc_Exists;&amp;#10;  FETCH Desc_Exists INTO T_Dummy;&amp;#10;  &amp;#10;  If Desc_Exists%FOUND Then&amp;#10;    T_return_Var := TRUE;&amp;#10;  End If;&amp;#10; &amp;#10;  CLOSE Desc_Exists;&amp;#10;   &amp;#10;  RETURN (T_return_Var);&amp;#10;  &amp;#10;END;&amp;#10;&amp;#10;&amp;#10;    " ProgramUnitType="Function"/>
      <ProgramUnit Name="INIT_FORM" ProgramUnitText="PACKAGE init_form IS&amp;#10;--&amp;#10;-- steve pusey 2/5/1996&amp;#10;--&amp;#10;-- program units to initialise form&amp;#10;--&amp;#10;&amp;#10;---------------------------------------------------------------------------------------&amp;#10;-- EXTERNAL PACKAGE VARIABLES&amp;#10;---------------------------------------------------------------------------------------&amp;#10;&amp;#10;---------------------------------------------------------------------------------------&amp;#10;-- EXTERNAL PROGRAM UNITS (DECLARATION) &amp;#10;---------------------------------------------------------------------------------------&amp;#10;&amp;#10;  procedure init_form;&amp;#10;&amp;#10;END init_form;" ProgramUnitType="Package Spec"/>
      <ProgramUnit Name="INIT_FORM" ProgramUnitText="PACKAGE BODY init_form IS&amp;#10;--&amp;#10;-- steve pusey 2/5/1996&amp;#10;--&amp;#10;-- program units to initialise form&amp;#10;--&amp;#10;-- add code to init_form and init_format_masks program units, add other init procs to the&amp;#10;-- init_form procedure, for example if you write a procedure called init_toolbar then add &amp;#10;-- this to the init_form procedure. The init_form procedure is called from the &amp;#10;-- WHEN-NEW-FORM-INSTANCE trigger&amp;#10;--&amp;#10;&amp;#10;---------------------------------------------------------------------------------------&amp;#10;-- INTERNAL PACKAGE VARIABLES &amp;#10;---------------------------------------------------------------------------------------&amp;#10;&amp;#10;---------------------------------------------------------------------------------------&amp;#10;-- INTERNAL PROGRAM UNITS (DECLARATION)&amp;#10;---------------------------------------------------------------------------------------&amp;#10;&amp;#10;  procedure init_list_items;&amp;#10;  procedure init_format_masks;&amp;#10;&amp;#10;---------------------------------------------------------------------------------------&amp;#10;-- PROGRAM UNITS (CODE)&amp;#10;---------------------------------------------------------------------------------------&amp;#10;&amp;#10;-- ##########################################################################################&amp;#10;&amp;#10;  procedure init_list_items is&amp;#10;  --&amp;#10;  -- initialise list items&amp;#10;  --&amp;#10;  -- date&#x9;by&#x9;&#x9;change&amp;#10;  -- 2/5/1996   Steve Pusey&#x9;Creation of template procedure&amp;#10;  --&amp;#10;  BEGIN&amp;#10;&amp;#10;    -- cut &amp; paste this code&amp;#10;    -- populate_poplist_from_codes ('BLOCK.ITEM', &lt;CODE_TYPE>);&amp;#10;&amp;#10;    Populate_Poplist_from_codes ('c1.cat_desc',278);&amp;#10;    :c1.cat_desc:='P';  &amp;#10;&amp;#10;  END init_list_items;&amp;#10;&amp;#10;-- ##########################################################################################&amp;#10;&amp;#10;  procedure init_format_masks is&amp;#10;  --&amp;#10;  -- set the format masks for date, datetime, and numeric items&amp;#10;  --&amp;#10;  -- date&#x9;by&#x9;&#x9;change&amp;#10;  -- 2/5/1996   Steve Pusey&#x9;Creation of template procedure&amp;#10;  --&amp;#10;  BEGIN&amp;#10;&amp;#10;    -- copy &amp; paste this line&amp;#10;    -- set_format_mask ('BLOCK.ITEM');&amp;#10;&amp;#10;    null;&amp;#10;   &amp;#10;  END init_format_masks;&amp;#10;&amp;#10;-- ##########################################################################################&amp;#10;&amp;#10;  procedure init_form is&amp;#10;  --&amp;#10;  -- initialise form&amp;#10;  --&amp;#10;  -- date&#x9;      by&#x9;&#x9;      change&amp;#10;  -- 2/5/1996   Steve Pusey&#x9;Creation of template procedure&amp;#10;  -- 10/04/2001 Justin      Prevented error while refering to global.cat_desc&amp;#10;  --                        and allowed update on category field&amp;#10;  --&amp;#10;  BEGIN&amp;#10;&amp;#10;    &#x9;init_list_items;&amp;#10;    &#x9;init_format_masks;&amp;#10;  &amp;#10;  &#x9;IF NVL(get_application_property (CALLING_FORM), 'MENU2000') = 'MENU2000' THEN&amp;#10;  &#x9;  -- show the blue backgrnd&amp;#10;     &#x9;--&#x9;show_window('main_form_window');&amp;#10;&#x9;&#x9;GO_ITEM('C1.cat_desc');&amp;#10;&#x9;&#x9;GO_BLOCK('SITE_MASTER');&amp;#10;  &#x9;&#x9;EXECUTE_QUERY;&amp;#10;  &#x9;ELSE&amp;#10;  &#x9;  -- called from another screen&amp;#10;&amp;#10;      -- Justin 10/04/2001&amp;#10;      -- Code was causing an error and preventing new items being inserted&amp;#10;      -- if called from readtype, global.cat_desc does not exist at this point in time&amp;#10;      -- so default it to c1.cat_desc instead.  If global.cat_desc is not null then&amp;#10;      -- default_value will not change the global&amp;#10;      Default_Value(:C1.CAT_DESC,'GLOBAL.CAT_DESC'); &amp;#10;      :C1.CAT_DESC:=:GLOBAL.CAT_DESC;&amp;#10;      ERASE ('GLOBAL.CAT_DESC');&amp;#10;      set_item_property('c1.cat_desc',INSERT_ALLOWED,PROPERTY_OFF);&amp;#10;      set_item_property('c1.cat_desc',UPDATE_ALLOWED,PROPERTY_OFF);&amp;#10;&amp;#10;      -- Justin 10/04/2001&amp;#10;      -- execute query to display values associated with category&amp;#10;&#x9;&#x9;  GO_ITEM('C1.cat_desc');&amp;#10;&#x9;&#x9;  GO_BLOCK('SITE_MASTER');&amp;#10;  &#x9;&#x9;EXECUTE_QUERY;&amp;#10;      &amp;#10;  &#x9;END IF;&amp;#10;&amp;#10;  END init_form;&amp;#10;&amp;#10;-- ##########################################################################################&amp;#10;&amp;#10;END init_form;" ProgramUnitType="Package Body"/>
      <PropertyClass Name="GOTO_BUTTON_CLASS" ParentModule="PAS_OLD" ParentModuleType="25" ParentName="GOTO_BUTTON_CLASS" ParentFilename="pas_old.olb" ParentFilepath="" ParentType="29"/>
      <PropertyClass Name="GOBACK_BUTTON_CLASS" ParentModule="PAS_OLD" ParentModuleType="25" ParentName="GOBACK_BUTTON_CLASS" ParentFilename="pas_old.olb" ParentFilepath="" ParentType="29"/>
      <PropertyClass Name="TEXT_ITEM_NUMBER_CLASS" ParentModule="PAS_OLD" ParentModuleType="25" ParentName="TEXT_ITEM_NUMBER_CLASS" ParentFilename="pas_old.olb" ParentFilepath="" ParentType="29"/>
      <PropertyClass Name="TEXT_ITEM_DATETIME_CLASS" ParentModule="PAS_OLD" ParentModuleType="25" ParentName="TEXT_ITEM_DATETIME_CLASS" ParentFilename="pas_old.olb" ParentFilepath="" ParentType="29"/>
      <PropertyClass Name="STACKED_CANVAS_CLASS" ParentModule="PAS_OLD" ParentModuleType="25" ParentName="STACKED_CANVAS_CLASS" ParentFilename="pas_old.olb" ParentFilepath="" ParentType="29"/>
      <PropertyClass Name="WINDOW_CLASS" ParentModule="PAS_OLD" ParentModuleType="25" ParentName="WINDOW_CLASS" ParentFilename="pas_old.olb" ParentFilepath="" ParentType="29"/>
      <PropertyClass Name="OK_BUTTON_CLASS" ParentModule="CLSITES" ParentModuleType="12" ParentName="BUTTON_CLASS" IconFilename="ok36" ParentType="29" Height="20"/>
      <PropertyClass Name="CANCEL_BUTTON_CLASS" ParentModule="CLSITES" ParentModuleType="12" ParentName="BUTTON_CLASS" IconFilename="cancel36" ParentType="29" Height="20"/>
      <PropertyClass Name="BPT_GREY_CLASS" ParentModule="CLSITES" ParentModuleType="12" ParentName="BPT_CLASS" VisualAttributeName="TEXT_ITEM_BPT_GREY" ParentType="29"/>
      <PropertyClass Name="BPT_BLUE_CLASS" ParentModule="CLSITES" ParentModuleType="12" ParentName="BPT_CLASS" VisualAttributeName="TEXT_ITEM_BPT" ParentType="29"/>
      <PropertyClass Name="BUTTON_CLASS" Iconic="true" Enabled="true" Width="28" FillPattern="transparent" ItemType="Push Button" BackColor="white" FontName="Fixedsys" FontSize="900" FontStyle="Plain" FontWeight="Medium" AutoHint="false" DefaultButton="false" FontSpacing="Normal" ForegroundColor="black" MouseNavigate="true" Visible="true" KeyboardNavigable="true" Height="28"/>
      <PropertyClass Name="TOOLBAR_BUTTON_CLASS" ParentModule="CLSITES" ParentModuleType="12" ParentName="BUTTON_CLASS" MouseNavigate="false" Width="20" KeyboardNavigable="false" ParentType="29" Height="20"/>
      <PropertyClass Name="LOV_BUTTON_CLASS" ParentModule="CLSITES" ParentModuleType="12" ParentName="BUTTON_CLASS" IconFilename="aflist" Width="20" ParentType="29" Height="17"/>
      <PropertyClass Name="BPT_CLASS" Justification="Start" ColumnDataType="Character" DistanceBetweenRecords="0" FillPattern="transparent" MaximumLength="80" EnforcedPrimaryKey="false" ItemType="Display Item" DataType="Char" BackColor="r55g85b100" DatabaseItem="true" FontName="Arial" PrimaryKey="false" Bevel="None" FontSize="900" FontStyle="Plain" FontWeight="Medium" FontSpacing="Normal" ForegroundColor="black" Visible="true" ParameterDataType="Char" Height="13"/>
      <PropertyClass Name="ID_CLASS" Justification="Left" Enabled="true" DistanceBetweenRecords="0" Width="62" MaximumLength="10" EnforcedPrimaryKey="true" FixedLength="true" WrapStyle="Word" DatabaseItem="true" Bevel="Lowered" ParameterDataType="Char" CaseInsensitiveQuery="false" KeyboardNavigable="false" CaseRestriction="Upper" Height="17" ConcealData="false" ColumnDataType="Character" InsertAllowed="false" ItemType="Text Item" DataType="Char" UpdateAllowed="false" UpdateIfNull="false" PrimaryKey="true" VisualAttributeName="TEXT_ITEM_VA" Visible="true" QueryAllowed="true" QueryLength="10" LockRecord="false"/>
      <PropertyClass Name="TEXT_ITEM_DATE_CLASS" ColumnDataType="Date" Width="65" MaximumLength="11" DataType="Date" FixedLength="true" ParentModule="CLSITES" ParentModuleType="12" ParentName="TEXT_ITEM_CLASS" FormatMask="DD-MON-YYYY" ParameterDataType="Date" ParentType="29" CaseRestriction="Upper"/>
      <PropertyClass Name="TEXT_ITEM_CLASS" VisualAttributeName="TEXT_ITEM_VA" Height="17"/>
      <PropertyClass Name="DISPLAY_ITEM_CLASS" DeleteAllowed="false" Use3dControls="true" Enabled="false" VisualAttributeName="TEXT_ITEM_VA" MouseNavigate="false" InsertAllowed="false" ItemType="Display Item" QueryAllowed="false" KeyboardNavigable="false" Height="17" UpdateAllowed="false"/>
      <PropertyClass Name="FORM_TITLE_CLASS" ParentModule="PAS_CUI" ParentModuleType="25" ParentName="FORM_TITLE_CLASS" ParentFilename="pas_cui.olb" DirtyInfo="true" ParentFilepath="" ItemType="Display Item" ParentType="29"/>
      <PropertyClass Name="SECTION_TITLE_CLASS" ParentModule="PAS_CUI" ParentModuleType="25" ParentName="SECTION_TITLE_CLASS" ParentFilename="pas_cui.olb" DirtyInfo="true" ParentFilepath="" ItemType="Display Item" ParentType="29"/>
      <PropertyClass Name="BACKGROUND_LINK_BOX_CLASS" ParentModule="PAS_CUI" ParentModuleType="25" ParentName="BACKGROUND_LINK_BOX_CLASS" ParentFilename="pas_cui.olb" DirtyInfo="true" ParentFilepath="" ParentType="29"/>
      <PropertyClass Name="CUI_DATE_INPUT" ParentModule="PAS_CUI" ParentModuleType="25" ParentName="CUI_DATE_INPUT" ParentFilename="pas_cui.olb" DirtyInfo="true" ParentFilepath="" ParentType="29"/>
      <PropertyClass Name="CUI_DATE_DISP" ParentModule="PAS_CUI" ParentModuleType="25" ParentName="CUI_DATE_DISP" ParentFilename="pas_cui.olb" DirtyInfo="true" ParentFilepath="" ParentType="29"/>
      <PropertyClass Name="CUI_DATETIME_INPUT" ParentModule="PAS_CUI" ParentModuleType="25" ParentName="CUI_DATETIME_INPUT" ParentFilename="pas_cui.olb" DirtyInfo="true" ParentFilepath="" ParentType="29"/>
      <PropertyClass Name="CUI_DATETIME_DISP" ParentModule="PAS_CUI" ParentModuleType="25" ParentName="CUI_DATETIME_DISP" ParentFilename="pas_cui.olb" DirtyInfo="true" ParentFilepath="" ParentType="29"/>
      <PropertyClass Name="MENU_ITEM_CLASS" ParentModule="PAS_CUI" ParentModuleType="25" ParentName="MENU_ITEM_CLASS" ParentFilename="pas_cui.olb" DirtyInfo="true" ParentFilepath="" ParentType="29"/>
      <Trigger Name="WHEN-MOUSE-CLICK" TriggerText="--&amp;#10;-- call stdlib procedure to handle mouse click&amp;#10;-- N.B. standard left button click is not affected &amp;#10;--&amp;#10;-- date&#x9;&#x9;by&#x9;&#x9;change&amp;#10;-- 31-05-1996&#x9;Steve Pusey&#x9;Creation&amp;#10;--&amp;#10;BEGIN&amp;#10;&amp;#10;  oasis_when_mouse_click.when_mouse_click;&amp;#10;&amp;#10;END;"/>
      <Trigger Name="WHEN-NEW-ITEM-INSTANCE" DirtyInfo="true" FireInQuery="true" TriggerText="/* This trigger activates the hint message for the associated item */&amp;#10;begin&amp;#10;&#x9;:global.last_item := :system.trigger_item;&amp;#10;  display_text_hint;&amp;#10;end;" DisplayInKeyboardHelp="false"/>
      <Trigger Name="KEY-EXIT" DirtyInfo="true" FireInQuery="true" TriggerText="/* This trigger fires on forms exit and checks if the form was called directly from the login screen, if so it new forms the menu*/&amp;#10;--&amp;#10;-- date&#x9;&#x9;by&#x9;&#x9;change&amp;#10;-- 24/11/97&#x9;Steve&#x9;&#x9;Converted to V10&amp;#10;--&amp;#10;BEGIN&amp;#10;  :GLOBAL.READING_SITE_CODE := :SITE_MASTER.READING_SITE_CODE;&amp;#10;  oasis_exit_form;&amp;#10; &amp;#10;END;" DisplayInKeyboardHelp="false"/>
      <Trigger Name="WHEN-WINDOW-CLOSED" DirtyInfo="true" FireInQuery="true" TriggerText="/* This trigger ensures proper navigation when a window is closed using the windows close function */&amp;#10;begin&amp;#10;  :GLOBAL.WINDOW_NAME := get_view_property(get_item_property(:SYSTEM.CURSOR_ITEM,&amp;#10;     item_canvas), window_name);&amp;#10;  hide_window(:GLOBAL.WINDOW_NAME);&amp;#10;  erase('GLOBAL.WINDOW_NAME');&amp;#10;end;&amp;#10;" DisplayInKeyboardHelp="false"/>
      <Trigger Name="POST-FORM" DirtyInfo="true" FireInQuery="true" TriggerText="/* This trigger clears the Global variables used within the form */&amp;#10;begin&amp;#10;&#x9;sqa_exit_handler;&amp;#10;  erase('GLOBAL.ROOT_WINDOW_NAME');&amp;#10;  erase('GLOBAL.LAST_ITEM');&amp;#10;end;&amp;#10;" DisplayInKeyboardHelp="false"/>
      <Trigger Name="WHEN-TIMER-EXPIRED" DirtyInfo="true" FireInQuery="true" TriggerText="Button_Hint;&amp;#10;" DisplayInKeyboardHelp="false"/>
      <Trigger Name="WHEN-NEW-FORM-INSTANCE" TriggerText="--&amp;#10;-- fires when form is entered, PRE-FORM fires before this trigger&amp;#10;--&amp;#10;-- Date&#x9;&#x9;by &#x9;&#x9;change&amp;#10;-- 10/1994&#x9;David Massie&#x9;Creation&amp;#10;-- 1995&#x9;&#x9;Nagy Tharwat&#x9;Upgrade to v9 - moved code into library procedure&amp;#10;-- 2/5/1996&#x9;Steve Pusey&#x9;Upgrade to V10 &amp;#10;--&#x9;&#x9;&#x9;&#x9;- versions into oasis_new_form_instance&amp;#10;--&#x9;&#x9;&#x9;&#x9;- Tidied code and added comments&amp;#10;--&amp;#10;&amp;#10;DECLARE&amp;#10;&amp;#10;  v_error_no             number(4); -- returned from oasis_new_form_instance&amp;#10;&amp;#10;BEGIN&amp;#10;  &#x9;&amp;#10;  -- version 2 form (gets bpt and window titles fromm files)&amp;#10;  oasis_new_form_instance_v2(v_error_no, 2); &amp;#10;  &amp;#10;  if v_error_no > 0 then&amp;#10;    display_alert ('ERROR_ALERT', v_error_no);&amp;#10;    exit_form (NO_VALIDATE);&amp;#10;  end if;&amp;#10;  &amp;#10;-- *** Insert additional code into init_form package ***&amp;#10;&amp;#10;  init_form.init_form;&amp;#10;  &amp;#10;  hci_upgrade.pr_initialise_images;&amp;#10;  &amp;#10;END;"/>
      <Trigger Name="KEY-CLRFRM" ParentModule="PAS_CUI" ParentModuleType="25" ParentName="KEY-CLRFRM" ParentFilename="pas_cui.olb" DirtyInfo="true" ParentFilepath="" ParentType="37"/>
      <Trigger Name="KEY-CLRBLK" TriggerText="clear_block;"/>
      <Trigger Name="KEY-CLRREC" TriggerText="clear_record;"/>
      <Trigger Name="KEY-COMMIT" TriggerText="commit_form;"/>
      <Trigger Name="KEY-CQUERY" TriggerText="count_query;"/>
      <Trigger Name="KEY-CREREC" TriggerText="create_record;"/>
      <Trigger Name="KEY-DOWN" TriggerText="down;"/>
      <Trigger Name="KEY-DUP-ITEM" KeyboardHelpText="Record Error" TriggerText="--&amp;#10;-- steve pusey 22/4/96&amp;#10;--&amp;#10;BEGIN&amp;#10;&amp;#10;  oasis_standard_procs.key_dupitem_trigger;&amp;#10;&amp;#10;END;" DisplayInKeyboardHelp="true"/>
      <Trigger Name="KEY-DELREC" TriggerText="null;"/>
      <Trigger Name="KEY-DUPREC" TriggerText="duplicate_record;"/>
      <Trigger Name="KEY-EDIT" TriggerText="EDIT_TEXTITEM;"/>
      <Trigger Name="KEY-ENTER" TriggerText="null;"/>
      <Trigger Name="KEY-ENTQRY" TriggerText="enter_query;"/>
      <Trigger Name="KEY-EXEQRY" TriggerText="execute_query;"/>
      <Trigger Name="KEY-LISTVAL" TriggerText="list_values;"/>
      <Trigger Name="KEY-NEXT-ITEM" TriggerText="replace_t_with_current_date;&amp;#10;next_item;"/>
      <Trigger Name="KEY-NXTREC" TriggerText="next_record;"/>
      <Trigger Name="KEY-NXTSET" TriggerText="next_set;"/>
      <Trigger Name="KEY-OTHERS" TriggerText="NULL;"/>
      <Trigger Name="KEY-PREV-ITEM" TriggerText="replace_t_with_current_date;&amp;#10;PREVIOUS_ITEM;"/>
      <Trigger Name="KEY-PRINT" TriggerText="print;"/>
      <Trigger Name="KEY-PRVREC" TriggerText="PREVIOUS_RECORD;"/>
      <Trigger Name="KEY-SCRDOWN" TriggerText="SCROLL_DOWN;"/>
      <Trigger Name="KEY-SCRUP" TriggerText="SCROLL_UP;"/>
      <Trigger Name="KEY-UP" TriggerText="UP;"/>
      <Trigger Name="ON-MESSAGE" TriggerText="--&amp;#10;-- steve pusey 19/4/96&amp;#10;--&amp;#10;BEGIN&amp;#10;&amp;#10;  oasis_standard_procs.on_message;&amp;#10;&amp;#10;END;"/>
      <Trigger Name="ON-ERROR" TriggerText="--&amp;#10;-- steve pusey 19/4/96&amp;#10;--&amp;#10;BEGIN&amp;#10;&amp;#10;  oasis_standard_procs.on_error;&amp;#10;&amp;#10;END;"/>
      <Trigger Name="WHEN-MOUSE-ENTER" DirtyInfo="true" TriggerText="sqa_mouse_handler;"/>
      <Trigger Name="WHEN-WINDOW-RESIZED" DirtyInfo="true" TriggerText="sqa_evt_handler;"/>
      <Trigger Name="WHEN-CUSTOM-ITEM-EVENT" DirtyInfo="true" TriggerText="if :system.custom_item_event = 'TIMEOUT' then&amp;#10;  process_timeout;     -- call the procedure in stdlib&amp;#10;end if;"/>
      <VisualAttribute Name="PINKBACK_VA" ParentModule="PAS_OLD" ParentModuleType="25" ParentName="PINKBACK_VA" ParentFilename="pas_old.olb" DirtyInfo="true" ParentFilepath="" ParentType="39"/>
      <VisualAttribute Name="GREYBACK_VA" ParentModule="PAS_OLD" ParentModuleType="25" ParentName="GREYBACK_VA" ParentFilename="pas_old.olb" DirtyInfo="true" ParentFilepath="" ParentType="39"/>
      <VisualAttribute Name="LBLUEBACK_VA" ParentModule="PAS_OLD" ParentModuleType="25" ParentName="LBLUEBACK_VA" ParentFilename="pas_old.olb" DirtyInfo="true" ParentFilepath="" ParentType="39"/>
      <VisualAttribute Name="AMBERBACK_VA" ParentModule="PAS_OLD" ParentModuleType="25" ParentName="AMBERBACK_VA" ParentFilename="pas_old.olb" DirtyInfo="true" ParentFilepath="" ParentType="39"/>
      <VisualAttribute Name="GREENBACK_VA" ParentModule="PAS_OLD" ParentModuleType="25" ParentName="GREENBACK_VA" ParentFilename="pas_old.olb" DirtyInfo="true" ParentFilepath="" ParentType="39"/>
      <VisualAttribute Name="REDBACK_VA" ParentModule="PAS_OLD" ParentModuleType="25" ParentName="REDBACK_VA" ParentFilename="pas_old.olb" DirtyInfo="true" ParentFilepath="" ParentType="39"/>
      <VisualAttribute Name="DISP_TRAFFIC_AMBER_BTN" ParentModule="PAS_OLD" ParentModuleType="25" ParentName="DISP_TRAFFIC_AMBER_BTN" ParentFilename="pas_old.olb" DirtyInfo="true" ParentFilepath="" ParentType="39"/>
      <VisualAttribute Name="DISP_TRAFFIC_GREEN_BTN" ParentModule="PAS_OLD" ParentModuleType="25" ParentName="DISP_TRAFFIC_GREEN_BTN" ParentFilename="pas_old.olb" DirtyInfo="true" ParentFilepath="" ParentType="39"/>
      <VisualAttribute Name="DISP_TRAFFIC_RED_BTN" ParentModule="PAS_OLD" ParentModuleType="25" ParentName="DISP_TRAFFIC_RED_BTN" ParentFilename="pas_old.olb" DirtyInfo="true" ParentFilepath="" ParentType="39"/>
      <VisualAttribute Name="DEFAULT_ATTRIBUTE" BackColor="white" FontName="Arial" FontSize="900" FontStyle="Plain" DirtyInfo="true" FontWeight="Medium" FontSpacing="Normal" ForegroundColor="blue" FillPattern="transparent"/>
      <VisualAttribute Name="SOLID_GREY_VA" ParentModule="PAS_OLD" ParentModuleType="25" ParentName="SOLID_GREY_VA" ParentFilename="pas_old.olb" DirtyInfo="true" ParentFilepath="" ParentType="39"/>
      <VisualAttribute Name="SOLID_BLUE_VA" ParentModule="PAS_OLD" ParentModuleType="25" ParentName="SOLID_BLUE_VA" ParentFilename="pas_old.olb" DirtyInfo="true" ParentFilepath="" ParentType="39"/>
      <VisualAttribute Name="SOLID_PINK_VA" ParentModule="PAS_OLD" ParentModuleType="25" ParentName="SOLID_PINK_VA" ParentFilename="pas_old.olb" DirtyInfo="true" ParentFilepath="" ParentType="39"/>
      <VisualAttribute Name="TEXT_ITEM_VA" BackColor="gray8" FontName="Arial" FontSize="900" FontStyle="Plain" DirtyInfo="true" FontWeight="Medium" FontSpacing="Normal" ForegroundColor="black" FillPattern="transparent"/>
      <VisualAttribute Name="BACKGROUND_CANVAS" BackColor="white" FontName="Arial" FontSize="900" FontStyle="Plain" DirtyInfo="true" FontWeight="Medium" FontSpacing="Normal" ForegroundColor="black" FillPattern="transparent"/>
      <VisualAttribute Name="DISP_RED" BackColor="red" FontName="Arial" FontSize="900" FontStyle="Plain" DirtyInfo="true" FontWeight="Medium" FontSpacing="Normal" ForegroundColor="black" FillPattern="solid"/>
      <VisualAttribute Name="BACKGROUND_CANVAS_BLUE" BackColor="white" FontName="Arial" FontSize="900" FontStyle="Plain" DirtyInfo="true" FontWeight="Medium" FontSpacing="Normal" ForegroundColor="black" FillPattern="transparent"/>
      <VisualAttribute Name="TEXT_ITEM_BPT" BackColor="white" FontName="Arial" FontSize="900" FontStyle="Plain" DirtyInfo="true" FontWeight="Medium" FontSpacing="Normal" ForegroundColor="Top Blue" FillPattern="transparent"/>
      <VisualAttribute Name="TEXT_ITEM_BPT_GREY" BackColor="white" FontName="Arial" FontSize="900" FontStyle="Plain" DirtyInfo="true" FontWeight="Medium" FontSpacing="Normal" ForegroundColor="Top Blue" FillPattern="transparent"/>
      <VisualAttribute Name="DISP_RED2" BackColor="white" FontName="Arial" FontSize="900" FontStyle="Plain" DirtyInfo="true" FontWeight="Medium" FontSpacing="Normal" ForegroundColor="red" FillPattern="transparent"/>
      <VisualAttribute Name="DISP_GREEN" BackColor="green" FontName="Arial" FontSize="900" FontStyle="Plain" DirtyInfo="true" FontWeight="Medium" FontSpacing="Normal" ForegroundColor="black" FillPattern="solid"/>
      <VisualAttribute Name="DISP_GREEN2" BackColor="white" FontName="Arial" FontSize="900" FontStyle="Plain" DirtyInfo="true" FontWeight="Medium" FontSpacing="Normal" ForegroundColor="green" FillPattern="transparent"/>
      <VisualAttribute Name="CURR_ITEM_VA" BackColor="r55g100b40" FontName="Arial" FontSize="900" FontStyle="Plain" DirtyInfo="true" FontWeight="Medium" FontSpacing="Normal" ForegroundColor="black" FillPattern="transparent"/>
      <VisualAttribute Name="TEXT_ITEM_VA_LOV" DirtyInfo="true"/>
      <VisualAttribute Name="WEB_BTN" BackColor="white" FontName="Arial" FontSize="900" FontStyle="Plain" FontWeight="Medium" FontSpacing="Normal"/>
      <VisualAttribute Name="WEB_TEXT_BUTTON" ParentModule="PAS_CUI" ParentModuleType="25" ParentName="WEB_TEXT_BUTTON" ParentFilename="pas_cui.olb" ParentFilepath="" ParentType="39"/>
      <VisualAttribute Name="WEB_TEXT_BUTTON_CLICK" ParentModule="PAS_CUI" ParentModuleType="25" ParentName="WEB_TEXT_BUTTON_CLICK" ParentFilename="pas_cui.olb" ParentFilepath="" ParentType="39"/>
      <VisualAttribute Name="WEB_BPT_WINGDINGS" BackColor="white" FontName="Wingdings" FontSize="1400" FontStyle="Plain" FontWeight="Medium" FontSpacing="Normal" ForegroundColor="Top Blue"/>
      <VisualAttribute Name="V7_VA_TOOLTIP" BackColor="r100g100b88" FontName="Arial" FontSize="900" FontStyle="Plain" FontWeight="Medium" FontSpacing="Normal" ForegroundColor="Black"/>
      <VisualAttribute Name="MENU_TEXT_ITEMS" BackColor="Side Green" FontName="Arial" VisualAttributeType="Common" FontSize="900" DirtyInfo="true" FontWeight="Bold" ForegroundColor="darkcyan"/>
      <VisualAttribute Name="MENU_TEXT_ITEMS_INV" BackColor="darkcyan" FontName="Arial" VisualAttributeType="Common" FontSize="900" DirtyInfo="true" FontWeight="Bold" ForegroundColor="Side Green"/>
      <VisualAttribute Name="MENU_PROMPT" VisualAttributeType="Prompt" PromptForegroundColor="darkgray" DirtyInfo="true" PromptFontName="Arial" PromptFontSize="900" PromptFontStyle="Plain" PromptFontWeight="Bold" PromptFontSpacing="Normal"/>
      <VisualAttribute Name="FORM_TITLE_VA" ParentModule="PAS_CUI" ParentModuleType="25" ParentName="FORM_TITLE_VA" ParentFilename="pas_cui.olb" DirtyInfo="true" ParentFilepath="" ParentType="39"/>
      <VisualAttribute Name="SECTION_TITLE_VA" ParentModule="PAS_CUI" ParentModuleType="25" ParentName="SECTION_TITLE_VA" ParentFilename="pas_cui.olb" DirtyInfo="true" ParentFilepath="" ParentType="39"/>
      <VisualAttribute Name="BACKGROUND_LINK_BOX_VA" ParentModule="PAS_CUI" ParentModuleType="25" ParentName="BACKGROUND_LINK_BOX_VA" ParentFilename="pas_cui.olb" DirtyInfo="true" ParentFilepath="" ParentType="39"/>
      <VisualAttribute Name="CUI_TOOLTIP_VA" ParentModule="PAS_CUI" ParentModuleType="25" ParentName="CUI_TOOLTIP_VA" ParentFilename="pas_cui.olb" DirtyInfo="true" ParentFilepath="" ParentType="39"/>
      <VisualAttribute Name="MENU_TEXT_ITEMS_VA" ParentModule="PAS_CUI" ParentModuleType="25" ParentName="MENU_TEXT_ITEMS_VA" ParentFilename="pas_cui.olb" DirtyInfo="true" ParentFilepath="" ParentType="39"/>
      <Window Name="MAIN_FORM_WINDOW" ShowHorizontalScrollbar="false" HorizontalToolbarCanvasName="TOOLBAR_CANVAS" ClearAllowed="true" MinimizeAllowed="true" IconFilename="" Title="" Width="755" InheritMenu="true" WindowStyle="Document" ResizeAllowed="true" PrimaryCanvas="CNV_CONTENT" HideOnExit="false" XPosition="0" YPosition="0" Bevel="None" MaximizeAllowed="true" DirtyInfo="true" VisualAttributeName="DEFAULT" Modal="false" MoveAllowed="true" ShowVerticalScrollbar="false" Height="480"/>
      <Window Name="SITE_MASTER" ShowHorizontalScrollbar="false" HorizontalToolbarCanvasName="" ClearAllowed="true" MinimizeAllowed="true" IconFilename="" Title="" Width="430" InheritMenu="true" WindowStyle="Dialog" ResizeAllowed="true" PrimaryCanvas="" HideOnExit="false" XPosition="132" YPosition="70" Bevel="Raised" MaximizeAllowed="false" DirtyInfo="true" VisualAttributeName="DEFAULT" Modal="false" MoveAllowed="true" ShowVerticalScrollbar="false" Height="346"/>
      <ObjectGroup Name="ACTIONS_OG" ParentModule="PAS_CUI" ParentModuleType="25" ParentName="ACTIONS_OG" ParentFilename="PAS_CUI.olb" DirtyInfo="true" ParentType="23">
         <ObjectGroupChild Name="C_ACTIONS" SubclassSubObject="true"/>
         <ObjectGroupChild Name="C_BASE" SubclassSubObject="true"/>
         <ObjectGroupChild Name="C_FUNCTIONS" SubclassSubObject="true"/>
         <ObjectGroupChild Name="MENU_CANVAS_CLASS" SubclassSubObject="true"/>
         <ObjectGroupChild Name="MENU_CANVAS_VA" SubclassSubObject="true"/>
         <ObjectGroupChild Name="MENU_ITEM_CLASS" SubclassSubObject="true"/>
         <ObjectGroupChild Name="TOP_MENU" SubclassSubObject="true"/>
         <ObjectGroupChild Name="LT_TOOLBAR_MAIN" SubclassSubObject="true"/>
         <ObjectGroupChild Name="HCI_UPGRADE" SubclassSubObject="true"/>
         <ObjectGroupChild Name="HCI_UPGRADE" SubclassSubObject="true"/>
         <ObjectGroupChild Name="LHM_RESET_CANVAS_STACK" SubclassSubObject="true"/>
         <ObjectGroupChild Name="LOCAL_RESET_CANVAS_STACK" SubclassSubObject="true"/>
      </ObjectGroup>
      <ObjectGroup Name="KEY_TRIGGERS" DirtyInfo="true" ObjectGroupType="22">
         <ObjectGroupChild Name="KEY-CLRFRM" Type="Trigger"/>
         <ObjectGroupChild Name="KEY-CLRBLK" Type="Trigger"/>
         <ObjectGroupChild Name="KEY-CLRREC" Type="Trigger"/>
         <ObjectGroupChild Name="KEY-COMMIT" Type="Trigger"/>
         <ObjectGroupChild Name="KEY-CQUERY" Type="Trigger"/>
         <ObjectGroupChild Name="KEY-CREREC" Type="Trigger"/>
         <ObjectGroupChild Name="KEY-DELREC" Type="Trigger"/>
         <ObjectGroupChild Name="KEY-DOWN" Type="Trigger"/>
         <ObjectGroupChild Name="KEY-DUP-ITEM" Type="Trigger"/>
         <ObjectGroupChild Name="KEY-DUPREC" Type="Trigger"/>
         <ObjectGroupChild Name="KEY-EDIT" Type="Trigger"/>
         <ObjectGroupChild Name="KEY-ENTER" Type="Trigger"/>
         <ObjectGroupChild Name="KEY-ENTQRY" Type="Trigger"/>
         <ObjectGroupChild Name="KEY-EXEQRY" Type="Trigger"/>
         <ObjectGroupChild Name="KEY-LISTVAL" Type="Trigger"/>
         <ObjectGroupChild Name="KEY-NEXT-ITEM" Type="Trigger"/>
         <ObjectGroupChild Name="KEY-NXTREC" Type="Trigger"/>
         <ObjectGroupChild Name="KEY-NXTSET" Type="Trigger"/>
         <ObjectGroupChild Name="KEY-OTHERS" Type="Trigger"/>
         <ObjectGroupChild Name="KEY-PREV-ITEM" Type="Trigger"/>
         <ObjectGroupChild Name="KEY-PRINT" Type="Trigger"/>
         <ObjectGroupChild Name="KEY-PRVREC" Type="Trigger"/>
         <ObjectGroupChild Name="KEY-SCRDOWN" Type="Trigger"/>
         <ObjectGroupChild Name="KEY-SCRUP" Type="Trigger"/>
         <ObjectGroupChild Name="KEY-UP" Type="Trigger"/>
      </ObjectGroup>
      <ObjectGroup Name="ABOUT_FORM_PARAMETERS" DirtyInfo="true" ObjectGroupType="22">
         <ObjectGroupChild Name="P_TEMPLATE" Type="ModuleParameter"/>
         <ObjectGroupChild Name="P_VERSION" Type="ModuleParameter"/>
         <ObjectGroupChild Name="P_DATE" Type="ModuleParameter"/>
      </ObjectGroup>
      <ObjectGroup Name="ON_TRIGGERS" DirtyInfo="true" ObjectGroupType="22">
         <ObjectGroupChild Name="ON-MESSAGE" Type="Trigger"/>
         <ObjectGroupChild Name="ON-ERROR" Type="Trigger"/>
      </ObjectGroup>
   </FormModule>
</Module>
