<?xml version = '1.0' encoding = 'UTF-8'?>
<Module version="122010300" xmlns="http://xmlns.oracle.com/Forms">
   <FormModule Name="CMLNKPRC" ValidationUnit="Default" Title="CMLNKPRC" Comment="This form will be called from other forms and allow the selection and creation of codes of the type appropriate to that particular form. Then return that code to the calling form.&amp;#10;There is also a facility to (with authority) select a different code type and create codes for this type. These codes will not be passed back to the calling form.&amp;#10;******* THIS HAS NOT BEEN IMPLEMENTED. *******" HorizontalToolbarCanvas=" " ConsoleWindow="MAIN_FORM_WINDOW" MenuModule="OASIS" MenuRole="" CursorMode="Open" InitializeMenu="DEFAULTMENUAPP" Use3dControls="true" RuntimeComp="5.0" DirtyInfo="true" MouseNavigationLimit="Form" SavepointMode="true">
      <Coordinate CharacterCellWidth="7" RealUnit="Point" DefaultFontScaling="false" CharacterCellHeight="16" CoordinateSystem="Real"/>
      <Alert Name="STANDARD_ALERT" DirtyInfo="true" Button1Label="OK" VisualAttributeName="DEFAULT" Button2Label="" DefaultAlertButton="Button 1" AlertStyle="Note"/>
      <Alert Name="WARNING_ALERT" DirtyInfo="true" Button1Label="OK" VisualAttributeName="DEFAULT" Button2Label="" DefaultAlertButton="Button 1" AlertStyle="Caution"/>
      <Alert Name="ERROR_ALERT" DirtyInfo="true" Button1Label="OK" VisualAttributeName="DEFAULT" Button2Label="" DefaultAlertButton="Button 1" AlertStyle="Stop"/>
      <Alert Name="QUESTION_ALERT" DirtyInfo="true" Button1Label="Yes" VisualAttributeName="DEFAULT" Button2Label="No" DefaultAlertButton="Button 1" AlertStyle="Stop"/>
      <Alert Name="DIAGNOSIS_LOV_TYPE_ALERT" DirtyInfo="true" Button1Label="Frequent" VisualAttributeName="DEFAULT" Button2Label="List" Button3Label="Tree" AlertMessage="&lt; no message supplied >" AlertStyle="Note" Comment="Used to select which diagnosis lov to display&amp;#10;FREQUENT - list consultants most frequent diagnoses&amp;#10;LIST - Show long-list box and then start walking&amp;#10;the tree from this point&amp;#10;TREE - Start at top of coding tree for this&amp;#10;diagnosis division&amp;#10;"/>
      <Block Name="TEXT" RecordsBufferedCount="0" RecordsDisplayCount="1" RecordsFetchedCount="0" WhereClause="" EnforcedPrimaryKey="false" RecordOrientation="Vertical" NavigationStyle="Same Record" ShowScrollbar="false" NextNavigationBlockName="" EnforcedColumnSecurity="false" InsertAllowed="true" UpdateAllowed="true" DMLDataName="" DeleteAllowed="true" QueryDataSourceName="" DirtyInfo="true" VisualAttributeName="DEFAULT" KeyMode="Unique" PreviousNavigationBlockName="" DatabaseBlock="false" QueryDataSourceType="None" QueryAllowed="true" LockMode="Immediate" DMLDataType="None">
         <Item Name="DSP_BREADCRUMB" Justification="Start" TabPageName="" Width="278" MaximumLength="4000" ItemType="Display Item" BackColor="white" XPosition="95" FontName="Arial" YPosition="4" DatabaseItem="false" Bevel="None" FontSize="1000" FontStyle="Italic" DirtyInfo="true" FontWeight="Bold" FontSpacing="Normal" ForegroundColor="darkcyan" CanvasName="CNV_HIDE" Visible="false" Height="15"/>
         <Item Name="FUNCTION_ID" ValidateFromList="false" LovXPosition="0" Justification="Left" LovYPosition="0" ListStyle="Poplist" Width="36" MaximumLength="6" WrapStyle="Word" AutoSkip="false" CompressionQuality="None" XPosition="108" YPosition="35" DatabaseItem="false" Bevel="Plain" AutoHint="false" MouseNavigate="true" MultiLine="false" CaseInsensitiveQuery="false" KeyboardNavigable="true" CaseRestriction="Mixed" CheckBoxOtherValues="Not Allowed" PrimaryKey="false" DirtyInfo="true" DefaultButton="false" QueryAllowed="true" Visible="true" QueryLength="6" DisplayQuality="High" EditXPosition="0" EditYPosition="0" Enabled="true" DistanceBetweenRecords="4364" FixedLength="false" Required="true" Height="14" ConcealData="false" Hint="Enter value for : FUNCTION_ID" SizingStyle="Crop" ShowHorizontalScrollbar="false" Iconic="false" InsertAllowed="true" ItemType="Text Item" DataType="Number" UpdateAllowed="true" UpdateIfNull="false" KeepCursorPosition="false" VisualAttributeName="DEFAULT" Label="Function Id" LockRecord="false" ShowVerticalScrollbar="false" TooltipVisualAttributeGroup="V7_VA_TOOLTIP" LovName=""/>
         <Item Name="LANGUAGE_ID" ValidateFromList="false" LovXPosition="0" Justification="Left" LovYPosition="0" ListStyle="Poplist" Width="24" MaximumLength="4" WrapStyle="Word" AutoSkip="false" CompressionQuality="None" XPosition="576" YPosition="35" DatabaseItem="false" Bevel="Plain" AutoHint="false" MouseNavigate="true" MultiLine="false" CaseInsensitiveQuery="false" KeyboardNavigable="true" CaseRestriction="Mixed" CheckBoxOtherValues="Not Allowed" PrimaryKey="false" DirtyInfo="true" DefaultButton="false" QueryAllowed="true" Visible="true" QueryLength="4" DisplayQuality="High" EditXPosition="0" EditYPosition="0" Enabled="true" DistanceBetweenRecords="4364" FixedLength="false" Required="true" Height="14" ConcealData="false" Hint="Enter value for : LANGUAGE_ID" SizingStyle="Crop" ShowHorizontalScrollbar="false" Iconic="false" InsertAllowed="true" ItemType="Text Item" DataType="Number" UpdateAllowed="true" UpdateIfNull="false" KeepCursorPosition="false" VisualAttributeName="DEFAULT" Label="Language Id" LockRecord="false" ShowVerticalScrollbar="false" TooltipVisualAttributeGroup="V7_VA_TOOLTIP" LovName=""/>
         <Item Name="CONTROL_ITEM" ValidateFromList="false" LovXPosition="0" Justification="Left" LovYPosition="0" ListStyle="Poplist" Width="1" MaximumLength="30" WrapStyle="Word" AutoSkip="false" BackColor="white" CompressionQuality="None" XPosition="0" YPosition="0" DatabaseItem="false" Bevel="Plain" AutoHint="false" MouseNavigate="true" CanvasName="TOOLBAR_CANVAS" MultiLine="false" CaseInsensitiveQuery="false" KeyboardNavigable="true" CaseRestriction="Mixed" CheckBoxOtherValues="Not Allowed" Comment="This item is created as a hidden enterable field to allow the query on this block to operate" PrimaryKey="false" DefaultButton="false" QueryAllowed="true" Visible="true" QueryLength="30" DisplayQuality="High" EditXPosition="0" EditYPosition="0" Enabled="true" DistanceBetweenRecords="0" FillPattern="transparent" FixedLength="false" Required="false" FontName="Fixedsys" FontSize="900" FontStyle="Plain" FontWeight="Demilight" FontSpacing="Normal" ForegroundColor="black" Height="14" ConcealData="false" SizingStyle="Crop" ShowHorizontalScrollbar="false" Iconic="false" InsertAllowed="true" ItemType="Text Item" CopyValueFromItem="" DataType="Char" UpdateAllowed="true" UpdateIfNull="false" KeepCursorPosition="false" LockRecord="false" ShowVerticalScrollbar="false" TooltipVisualAttributeGroup="V7_VA_TOOLTIP" LovName=""/>
         <Item Name="BPT_1" ValidateFromList="false" EditXPosition="0" LovXPosition="0" EditYPosition="0" LovYPosition="0" Enabled="true" ListStyle="Poplist" Width="418" MaximumLength="80" FixedLength="false" WrapStyle="Word" AutoSkip="false" CompressionQuality="None" XPosition="130" Required="false" YPosition="47" AutoHint="false" MouseNavigate="true" CanvasName="CANVAS0" MultiLine="false" CaseInsensitiveQuery="false" KeyboardNavigable="true" CaseRestriction="Mixed" ParentType="29" CheckBoxOtherValues="Not Allowed" ConcealData="false" SizingStyle="Crop" ShowHorizontalScrollbar="false" Iconic="false" InsertAllowed="true" CopyValueFromItem="" UpdateAllowed="true" ParentModule="CMLNKPRC" UpdateIfNull="false" ParentModuleType="12" ParentName="SECTION_TITLE_CLASS" DirtyInfo="true" KeepCursorPosition="false" DefaultButton="false" QueryAllowed="true" QueryLength="80" LockRecord="false" DisplayQuality="High" ShowVerticalScrollbar="false" TooltipVisualAttributeGroup="V7_VA_TOOLTIP" LovName=""/>
         <Item Name="BPT_5" ValidateFromList="false" EditXPosition="0" LovXPosition="0" EditYPosition="0" LovYPosition="0" Enabled="true" ListStyle="Poplist" Width="89" FixedLength="false" WrapStyle="Word" AutoSkip="false" CompressionQuality="None" XPosition="115" Required="false" YPosition="134" AutoHint="false" MouseNavigate="true" CanvasName="CANVAS0" MultiLine="false" CaseInsensitiveQuery="false" KeyboardNavigable="true" CaseRestriction="Mixed" ParentType="29" CheckBoxOtherValues="Not Allowed" ConcealData="false" SizingStyle="Crop" ShowHorizontalScrollbar="false" Iconic="false" InsertAllowed="true" CopyValueFromItem="" UpdateAllowed="true" ParentModule="CMLNKPRC" UpdateIfNull="false" ParentModuleType="12" ParentName="BPT_GREY_CLASS" DirtyInfo="true" KeepCursorPosition="false" DefaultButton="false" QueryAllowed="true" QueryLength="80" LockRecord="false" DisplayQuality="High" ShowVerticalScrollbar="false" TooltipVisualAttributeGroup="V7_VA_TOOLTIP" LovName=""/>
         <Item Name="BPT_6" ValidateFromList="false" EditXPosition="0" LovXPosition="0" EditYPosition="0" LovYPosition="0" Enabled="true" ListStyle="Poplist" Width="126" FixedLength="false" WrapStyle="Word" AutoSkip="false" CompressionQuality="None" XPosition="204" Required="false" YPosition="134" AutoHint="false" MouseNavigate="true" CanvasName="CANVAS0" MultiLine="false" CaseInsensitiveQuery="false" KeyboardNavigable="true" CaseRestriction="Mixed" ParentType="29" CheckBoxOtherValues="Not Allowed" ConcealData="false" SizingStyle="Crop" ShowHorizontalScrollbar="false" Iconic="false" InsertAllowed="true" CopyValueFromItem="" UpdateAllowed="true" ParentModule="CMLNKPRC" UpdateIfNull="false" ParentModuleType="12" ParentName="BPT_GREY_CLASS" DirtyInfo="true" KeepCursorPosition="false" DefaultButton="false" QueryAllowed="true" QueryLength="80" LockRecord="false" DisplayQuality="High" ShowVerticalScrollbar="false" TooltipVisualAttributeGroup="V7_VA_TOOLTIP" LovName=""/>
         <Item Name="BPT_4" ValidateFromList="false" EditXPosition="0" LovXPosition="0" EditYPosition="0" LovYPosition="0" Enabled="true" ListStyle="Poplist" Width="418" MaximumLength="80" FixedLength="false" WrapStyle="Word" AutoSkip="false" CompressionQuality="None" XPosition="130" Required="false" YPosition="114" AutoHint="false" MouseNavigate="true" CanvasName="CANVAS0" MultiLine="false" CaseInsensitiveQuery="false" KeyboardNavigable="true" CaseRestriction="Mixed" ParentType="29" CheckBoxOtherValues="Not Allowed" ConcealData="false" SizingStyle="Crop" ShowHorizontalScrollbar="false" Iconic="false" InsertAllowed="true" CopyValueFromItem="" UpdateAllowed="true" ParentModule="CMLNKPRC" UpdateIfNull="false" ParentModuleType="12" ParentName="SECTION_TITLE_CLASS" DirtyInfo="true" KeepCursorPosition="false" DefaultButton="false" QueryAllowed="true" QueryLength="80" LockRecord="false" DisplayQuality="High" ShowVerticalScrollbar="false" TooltipVisualAttributeGroup="V7_VA_TOOLTIP" LovName=""/>
         <Item Name="BPT_2" ValidateFromList="false" EditXPosition="0" LovXPosition="0" EditYPosition="0" LovYPosition="0" Enabled="true" ListStyle="Poplist" Width="89" FixedLength="false" WrapStyle="Word" AutoSkip="false" CompressionQuality="None" XPosition="115" Required="false" YPosition="67" AutoHint="false" MouseNavigate="true" CanvasName="CANVAS0" MultiLine="false" CaseInsensitiveQuery="false" KeyboardNavigable="true" CaseRestriction="Mixed" ParentType="29" CheckBoxOtherValues="Not Allowed" ConcealData="false" SizingStyle="Crop" ShowHorizontalScrollbar="false" Iconic="false" InsertAllowed="true" CopyValueFromItem="" UpdateAllowed="true" ParentModule="CMLNKPRC" UpdateIfNull="false" ParentModuleType="12" ParentName="BPT_GREY_CLASS" DirtyInfo="true" KeepCursorPosition="false" DefaultButton="false" QueryAllowed="true" QueryLength="80" LockRecord="false" DisplayQuality="High" ShowVerticalScrollbar="false" TooltipVisualAttributeGroup="V7_VA_TOOLTIP" LovName=""/>
         <Item Name="BPT_3" ValidateFromList="false" EditXPosition="0" LovXPosition="0" EditYPosition="0" LovYPosition="0" Enabled="true" ListStyle="Poplist" Width="126" FixedLength="false" WrapStyle="Word" AutoSkip="false" CompressionQuality="None" XPosition="204" Required="false" YPosition="67" AutoHint="false" MouseNavigate="true" CanvasName="CANVAS0" MultiLine="false" CaseInsensitiveQuery="false" KeyboardNavigable="true" CaseRestriction="Mixed" ParentType="29" CheckBoxOtherValues="Not Allowed" ConcealData="false" SizingStyle="Crop" ShowHorizontalScrollbar="false" Iconic="false" InsertAllowed="true" CopyValueFromItem="" UpdateAllowed="true" ParentModule="CMLNKPRC" UpdateIfNull="false" ParentModuleType="12" ParentName="BPT_GREY_CLASS" DirtyInfo="true" KeepCursorPosition="false" DefaultButton="false" QueryAllowed="true" QueryLength="80" LockRecord="false" DisplayQuality="High" ShowVerticalScrollbar="false" TooltipVisualAttributeGroup="V7_VA_TOOLTIP" LovName=""/>
         <Trigger Name="WHEN-MOUSE-DOUBLECLICK" TriggerText="--&amp;#10;-- steve pusey 19/4/96&amp;#10;--&amp;#10;-- change value in current boilerplate text item&amp;#10;--&amp;#10;BEGIN&amp;#10;&amp;#10;  boilerplate.change_boilerplate;&amp;#10;&amp;#10;END;"/>
      </Block>
      <Block Name="BUTTONS" DirtyInfo="true" DatabaseBlock="false" ScrollbarWidth="14" ScrollbarLength="135">
         <Item Name="CLOSE_BTN" Justification="Center" Enabled="true" Width="60" FillPattern="transparent" CompressionQuality="None" XPosition="359" YPosition="240" DatabaseItem="false" Bevel="None" AutoHint="false" MouseNavigate="true" CanvasName="CANVAS0" MultiLine="true" KeyboardNavigable="false" Height="14" ShowHorizontalScrollbar="false" Iconic="true" IconFilename="goback" ItemType="Text Item" DirtyInfo="true" VisualAttributeName="WEB_TEXT_BUTTON" Label="" DefaultButton="false" Visible="true" ShowVerticalScrollbar="false" TooltipVisualAttributeGroup="V7_VA_TOOLTIP">
            <Trigger Name="WHEN-MOUSE-CLICK" DirtyInfo="true" TriggerText="DO_KEY('EXIT_FORM');"/>
         </Item>
         <Item Name="SAVE_BTN" Justification="Center" Enabled="true" Width="60" FillPattern="transparent" CompressionQuality="None" XPosition="608" YPosition="240" DatabaseItem="false" Bevel="None" AutoHint="false" MouseNavigate="true" CanvasName="CANVAS0" MultiLine="true" KeyboardNavigable="false" Height="14" ShowHorizontalScrollbar="false" Iconic="true" IconFilename="goback" ItemType="Text Item" DirtyInfo="true" VisualAttributeName="WEB_TEXT_BUTTON" Label="" DefaultButton="false" Visible="true" ShowVerticalScrollbar="false" TooltipVisualAttributeGroup="V7_VA_TOOLTIP">
            <Trigger Name="WHEN-MOUSE-CLICK" DirtyInfo="true" TriggerText="--- Joe Waters/Geoff Butler, August 2011 - Created&amp;#10;begin&amp;#10;  oasis_when_mouse_click.when_mouse_click;&amp;#10;  &amp;#10;  IF   :SYSTEM.FORM_STATUS &lt;> 'QUERY'&amp;#10;  THEN DO_KEY('COMMIT_FORM');&amp;#10;  END IF;&amp;#10;  &amp;#10;end;"/>
         </Item>
         <Trigger Name="WHEN-MOUSE-DOWN" DirtyInfo="true" TriggerText="SET_ITEM_PROPERTY(:SYSTEM.TRIGGER_ITEM,VISUAL_ATTRIBUTE,'WEB_TEXT_BUTTON_CLICK');"/>
         <Trigger Name="WHEN-MOUSE-UP" DirtyInfo="true" TriggerText="SET_ITEM_PROPERTY(:SYSTEM.TRIGGER_ITEM, VISUAL_ATTRIBUTE, 'WEB_TEXT_BUTTON');&amp;#10;DEFAULT_VALUE(NULL,'GLOBAL.LAST_ITEM');&amp;#10;IF :global.last_item IS NOT NULL THEN&amp;#10;&#x9;GO_ITEM(:global.last_item);&amp;#10;END IF;"/>
         <Trigger Name="KEY-CLRBLK" DirtyInfo="true" TriggerText="NULL;"/>
         <Trigger Name="KEY-CLRREC" DirtyInfo="true" TriggerText="NULL;"/>
         <Trigger Name="KEY-CLRFRM" DirtyInfo="true" TriggerText="NULL;"/>
         <Trigger Name="KEY-DELREC" DirtyInfo="true" TriggerText="NULL;"/>
         <Trigger Name="KEY-ENTQRY" DirtyInfo="true" TriggerText="NULL;"/>
         <Trigger Name="KEY-EXEQRY" DirtyInfo="true" TriggerText="NULL;"/>
         <Trigger Name="KEY-CREREC" DirtyInfo="true" TriggerText="NULL;"/>
         <Trigger Name="KEY-NXTREC" DirtyInfo="true" TriggerText="NULL;"/>
         <Trigger Name="KEY-PRVREC" DirtyInfo="true" TriggerText="NULL;"/>
         <Trigger Name="KEY-SCRDOWN" DirtyInfo="true" TriggerText="NULL;"/>
         <Trigger Name="KEY-SCRUP" DirtyInfo="true" TriggerText="NULL;"/>
         <Trigger Name="KEY-DOWN" DirtyInfo="true" TriggerText="NULL;"/>
         <Trigger Name="KEY-UP" DirtyInfo="true" TriggerText="NULL;"/>
         <Trigger Name="WHEN-NEW-ITEM-INSTANCE" DirtyInfo="true" TriggerText="NULL; -- To ensure the form level trigger does not fire for the buttons"/>
      </Block>
      <Block Name="TITLES" DirtyInfo="true" ScrollbarWidth="14" ScrollbarLength="135">
         <Item Name="DSP_TITLE" Justification="Start" TabPageName="" Width="500" MaximumLength="80" ParentModule="CMLNKPRC" XPosition="115" ParentModuleType="12" YPosition="3" DatabaseItem="false" ParentName="FORM_TITLE_CLASS" DirtyInfo="true" CanvasName="CANVAS0" ParentType="29"/>
      </Block>
      <Block Name="LT_FUNCTIONS" DirtyInfo="true" DatabaseBlock="false" ScrollbarWidth="14" ScrollbarLength="135">
         <Item Name="IMG_FUNCTIONS" Prompt="Functions" TabPageName="" PromptAttachmentOffset="36" PromptAlignOffset="0" PromptFontSize="900" Width="16" ItemType="Image" ImageFormat="BMP" XPosition="79" YPosition="0" DatabaseItem="false" Bevel="None" PromptForegroundColor="Allscripts Link Blue" DirtyInfo="true" VisualAttributeName="MENU_TEXT_ITEMS_VA" PromptFontName="Arial" PromptFontStyle="Plain" PromptFontWeight="Bold" PromptFontSpacing="Normal" Height="14">
            <Trigger Name="WHEN-MOUSE-CLICK" DirtyInfo="true" TriggerText="HCI_UPGRADE.functions_when_mouse_click;"/>
         </Item>
         <Item Name="NAVIGATE_BUTTON" Justification="Start" TabPageName="" DistanceBetweenRecords="0" Width="80" ItemType="Display Item" PopupMenuName="BOILER_PLATE" ParentModule="CMLNKPRC" XPosition="5" ParentModuleType="12" YPosition="18" DatabaseItem="false" ParentName="MENU_ITEM_CLASS" Bevel="None" FontStyle="Plain" DirtyInfo="true" FontSpacing="Normal" KeyboardNavigable="false" ParentType="29">
            <Trigger Name="WHEN-MOUSE-CLICK" DirtyInfo="true" TriggerText="--&amp;#10;-- Steve Pusey 15/4/96&amp;#10;--&amp;#10;-- toggle between navigation and default menus&amp;#10;--&amp;#10;BEGIN&amp;#10;&#x9;oasis_when_mouse_click.when_mouse_click;&amp;#10;  oasis_menu.toggle_menu;&amp;#10;END;"/>
         </Item>
         <Item Name="DSP_MENU_OPT3" Justification="Start" TabPageName="" Width="80" ItemType="Display Item" PopupMenuName="BOILER_PLATE" ParentModule="CMLNKPRC" XPosition="5" ParentModuleType="12" YPosition="32" DatabaseItem="false" ParentName="MENU_ITEM_CLASS" Bevel="None" FontStyle="Plain" DirtyInfo="true" FontSpacing="Normal" KeyboardNavigable="false" ParentType="29">
            <Trigger Name="WHEN-MOUSE-CLICK" DirtyInfo="true" TriggerText="message('item DSP_MENU_OPT3');pause;"/>
         </Item>
         <Item Name="DSP_MENU_OPT4" Justification="Start" TabPageName="" Width="80" ItemType="Display Item" PopupMenuName="BOILER_PLATE" ParentModule="CMLNKPRC" XPosition="5" ParentModuleType="12" YPosition="46" DatabaseItem="false" ParentName="MENU_ITEM_CLASS" Bevel="None" FontStyle="Plain" DirtyInfo="true" FontSpacing="Normal" KeyboardNavigable="false" ParentType="29">
            <Trigger Name="WHEN-MOUSE-CLICK" DirtyInfo="true" TriggerText="message('item DSP_MENU_OPT4');pause;"/>
         </Item>
         <Item Name="DSP_MENU_OPT5" Justification="Start" TabPageName="" Width="80" ItemType="Display Item" PopupMenuName="BOILER_PLATE" ParentModule="CMLNKPRC" XPosition="5" ParentModuleType="12" YPosition="60" DatabaseItem="false" ParentName="MENU_ITEM_CLASS" Bevel="None" FontStyle="Plain" DirtyInfo="true" FontSpacing="Normal" KeyboardNavigable="false" ParentType="29"/>
         <Item Name="DSP_MENU_OPT6" Justification="Start" TabPageName="" Width="80" ItemType="Display Item" PopupMenuName="BOILER_PLATE" ParentModule="CMLNKPRC" XPosition="5" ParentModuleType="12" YPosition="74" DatabaseItem="false" ParentName="MENU_ITEM_CLASS" Bevel="None" FontStyle="Plain" DirtyInfo="true" FontSpacing="Normal" KeyboardNavigable="false" ParentType="29"/>
         <Item Name="DSP_MENU_OPT7" Justification="Start" TabPageName="" Width="80" ItemType="Display Item" PopupMenuName="BOILER_PLATE" ParentModule="CMLNKPRC" XPosition="5" ParentModuleType="12" YPosition="88" DatabaseItem="false" ParentName="MENU_ITEM_CLASS" Bevel="None" FontStyle="Plain" DirtyInfo="true" FontSpacing="Normal" KeyboardNavigable="false" ParentType="29"/>
         <Item Name="DSP_MENU_OPT8" Justification="Start" TabPageName="" Width="80" ItemType="Display Item" PopupMenuName="BOILER_PLATE" ParentModule="CMLNKPRC" XPosition="5" ParentModuleType="12" YPosition="102" DatabaseItem="false" ParentName="MENU_ITEM_CLASS" Bevel="None" FontStyle="Plain" DirtyInfo="true" FontSpacing="Normal" KeyboardNavigable="false" ParentType="29"/>
         <Item Name="DSP_MENU_OPT9" Justification="Start" TabPageName="" Width="80" ItemType="Display Item" PopupMenuName="BOILER_PLATE" ParentModule="CMLNKPRC" XPosition="5" ParentModuleType="12" YPosition="116" DatabaseItem="false" ParentName="MENU_ITEM_CLASS" Bevel="None" FontStyle="Plain" DirtyInfo="true" FontSpacing="Normal" KeyboardNavigable="false" ParentType="29"/>
         <Item Name="DSP_MENU_OPT10" Justification="Start" TabPageName="" Width="80" ItemType="Display Item" PopupMenuName="BOILER_PLATE" ParentModule="CMLNKPRC" XPosition="5" ParentModuleType="12" YPosition="130" DatabaseItem="false" ParentName="MENU_ITEM_CLASS" Bevel="None" FontStyle="Plain" DirtyInfo="true" FontSpacing="Normal" KeyboardNavigable="false" ParentType="29"/>
         <Trigger Name="WHEN-NEW-BLOCK-INSTANCE" DirtyInfo="true" TriggerText="READ_IMAGE_FILE(hci_upgrade.g_image_directory || 'pas_expand_menu.gif', 'gif', 'LT_FUNCTIONS.IMG_FUNCTIONS');"/>
         <Trigger Name="WHEN-MOUSE-DOWN" DirtyInfo="true" TriggerText="SET_ITEM_PROPERTY(:SYSTEM.TRIGGER_ITEM,VISUAL_ATTRIBUTE,'WEB_TEXT_BUTTON_CLICK');"/>
         <Trigger Name="WHEN-MOUSE-UP" DirtyInfo="true" TriggerText="SET_ITEM_PROPERTY(:SYSTEM.TRIGGER_ITEM,VISUAL_ATTRIBUTE,'WEB_TEXT_BUTTON');"/>
         <Trigger Name="WHEN-NEW-ITEM-INSTANCE" DirtyInfo="true" TriggerText="NULL;"/>
      </Block>
      <Block Name="PP" DirtyInfo="true" ScrollbarWidth="15" ScrollbarLength="158">
         <Item Name="PRIMARY_PROCEDURE_HOSP_CODE" DistanceBetweenRecords="1" Width="89" MaximumLength="20" XPosition="115" Required="false" YPosition="82" DatabaseItem="false" Bevel="Plain" CanvasName="CANVAS0" CaseRestriction="Upper" ItemsDisplay="0" ParentType="29" Height="14" Prompt="" PromptAttachmentEdge="Top" TabPageName="" PromptAlign="Center" ParentModule="CMLNKPRC" ParentModuleType="12" ParentName="DISPLAY_ITEM_CLASS" DirtyInfo="true" ColumnName="SECONDARY_PROCEDURE_CODE" PromptDisplayStyle="First Record" DataLengthSemantics="BYTE" TooltipVisualAttributeGroup="V7_VA_TOOLTIP"/>
         <Item Name="PRIMARY_PROCEDURE_CODE_DESC" Justification="Start" DistanceBetweenRecords="1" Width="511" MaximumLength="150" ParentModule="CMLNKPRC" XPosition="205" ParentModuleType="12" YPosition="82" DatabaseItem="false" ParentName="DISPLAY_ITEM_CLASS" Bevel="Plain" DirtyInfo="true" CanvasName="CANVAS0" ParentType="29" TooltipVisualAttributeGroup="V7_VA_TOOLTIP" Height="14"/>
      </Block>
      <Block Name="LP" OrderByClause="linked_procedure_id" QueryDataSourceName="linked_procedures" RecordsDisplayCount="5" DirtyInfo="true" WhereClause="entity_specialty_microsess_id  = :PARAMETER.p_link_id &amp;#10;AND ID_LEVEL_CODE              = :PARAMETER.p_id_level_code&amp;#10;AND primary_procedure_code     = :PARAMETER.p_primary_procedure_code&amp;#10;AND NVL(user_shortcode,'XXXX') = NVL(:PARAMETER.p_user_shortcode,'XXXX')" ScrollbarWidth="15" ScrollbarLength="158" UpdateAllowed="false">
         <Item Name="SECONDARY_PROCEDURE_HOSP_CODE" DistanceBetweenRecords="1" Width="89" MaximumLength="20" XPosition="115" Required="false" YPosition="149" DatabaseItem="false" Bevel="Plain" CanvasName="CANVAS0" CaseRestriction="Upper" ItemsDisplay="0" ParentType="29" Height="14" Prompt="" PromptAttachmentEdge="Top" TabPageName="" PromptAlign="Center" ItemType="Text Item" UpdateAllowed="false" ParentModule="CMLNKPRC" ParentModuleType="12" ParentName="TEXT_ITEM_CLASS" DirtyInfo="true" ColumnName="SECONDARY_PROCEDURE_CODE" PromptDisplayStyle="First Record" DataLengthSemantics="BYTE" TooltipVisualAttributeGroup="V7_VA_TOOLTIP">
            <Trigger Name="KEY-LISTVAL" DirtyInfo="true" TriggerText="-- Handles 2 cases :&amp;#10;--&amp;#10;-- 1) No secondary_procedure_hosp_code has been entered - show alert FREQUENT, LIST, or TREE&amp;#10;--    FREQUENT - show list of most frequent diagnoses for this consultant - run the batch program &amp;#10;--   &#x9;       in OASISBAT to calculate the frequent list&amp;#10;--    LIST - show lov of diagnoses with long list enabled. the start tree-walking from this point&amp;#10;--    TREE - start tree-walking at top of tree for diagnosis division&amp;#10;--&amp;#10;-- 2) A secondary_procedure_hosp_code has already been entered&amp;#10;--  - pull up list matching this secondary_procedure_hosp_code, start tree-walking at this point&amp;#10;--   &amp;#10;DECLARE&amp;#10;  v_diag_note&#x9;&#x9;       varchar2(200);&amp;#10;  v_diag_code&#x9;&#x9;       varchar2(25);&amp;#10;  v_note_selected&#x9;     boolean := FALSE; -- set TRUE if a primary_procedure_code is selected&amp;#10;  v_father_diag_code   varchar2(25);&amp;#10;  v_diagnosis_division number;&amp;#10;BEGIN&amp;#10;  IF   :lp.secondary_procedure_hosp_code IS NULL&amp;#10;  THEN -- A secondary procedure hosp code has not been entered&amp;#10;       IF   search_on_null_hosp_code( v_diag_note&amp;#10;                                    , :lp.secondary_procedure_hosp_code&amp;#10;                                    , v_diag_code&amp;#10;                                    , v_father_diag_code&amp;#10;                                    , :PARAMETER.diagnosis_division_prog_code )&amp;#10;       THEN v_note_selected := TRUE;&amp;#10;       END IF;&amp;#10;--&amp;#10;-- A secondary procedure code has been entered, show list of diagnoses matching the entered code&amp;#10;-- and start tree walking from this point&amp;#10;  ELSE v_note_selected := search_on_entered_hosp_code( v_diag_note&amp;#10;                                                     , :lp.secondary_procedure_hosp_code&amp;#10;                                                     , v_diag_code&amp;#10;                                                     , v_father_diag_code&amp;#10;                                                     , :PARAMETER.diagnosis_division_prog_code );&amp;#10;  END IF;&amp;#10;--&amp;#10;  IF   v_note_selected &amp;#10;  THEN :lp.secondary_procedure_code      := v_diag_code;&amp;#10;       :lp.secondary_procedure_code_desc := v_diag_note;&amp;#10;--&amp;#10;-- Geoff Butler, 15/08/2011, added in validation to check whether the secondary procedure code just retrieved&amp;#10;-- matches the primary procedure code as held on the PP block; if so, raise an error&amp;#10;       IF UPPER(TRIM(:PARAMETER.P_PRIMARY_PROCEDURE_CODE)) = UPPER(TRIM(:lp.secondary_procedure_code)) THEN&amp;#10;          display_alert('ERROR_ALERT', 9732);&amp;#10;          set_item_instance_property('LP.SECONDARY_PROCEDURE_HOSP_CODE',CURRENT_RECORD,VISUAL_ATTRIBUTE,'CURR_ITEM_VA');&amp;#10;          RAISE form_trigger_failure;&amp;#10;       END IF;&amp;#10;&#x9;END IF;&amp;#10;END;  "/>
            <Trigger Name="WHEN-VALIDATE-ITEM" DirtyInfo="true" TriggerText="-- Validate the entered primary procedure code.&amp;#10;DECLARE&amp;#10;  CURSOR c_diag IS&amp;#10;&#x9;    SELECT d.description&amp;#10;&#x9;         , d.diag_code&amp;#10;&#x9;&#x9;&#x9;&#x9;&#x9; , d.selectable_flag&amp;#10;&#x9;    FROM  diagnosis_codes d&amp;#10;&#x9;    WHERE d.hosp_code = :lp.secondary_procedure_hosp_code&amp;#10;&#x9;    AND   NVL(d.active_flag, 'Y') = 'Y'&amp;#10;&#x9;    AND   d.diagnosis_division IN &amp;#10;&#x9;         (SELECT c.code&amp;#10;&#x9;&#x9;        FROM  codes c&amp;#10;&#x9;&#x9;        WHERE c.code_type = 292&amp;#10;&#x9;&#x9;        AND   c.prog_code = :PARAMETER.diagnosis_division_prog_code&amp;#10;&#x9;&#x9;        AND   NVL(c.active_flag, 'Y') = 'Y');&amp;#10;&#x9;&#x9;        &amp;#10;  v_diag_rec      c_diag%ROWTYPE;&amp;#10;  vn_position     PLS_INTEGER; &amp;#10;BEGIN&amp;#10;&#x9;vn_position := 1;&amp;#10;  set_item_instance_property('LP.SECONDARY_PROCEDURE_HOSP_CODE',CURRENT_RECORD,VISUAL_ATTRIBUTE,'TEXT_ITEM_VA');&amp;#10;&#x9;&amp;#10;  IF   :SYSTEM.MODE = 'NORMAL'&amp;#10;  AND  GET_RECORD_PROPERTY(:SYSTEM.CURSOR_RECORD, 'LP', STATUS) &lt;> 'QUERY'&amp;#10;  THEN IF   :lp.secondary_procedure_hosp_code IS NULL &amp;#10;  &#x9;   THEN :lp.secondary_procedure_code_desc := NULL;&amp;#10;  &#x9;        :lp.secondary_procedure_code      := NULL;&amp;#10;--&amp;#10;-- Look up the code description.&amp;#10;       ELSE OPEN c_diag;&amp;#10;  &#x9;            FETCH c_diag&amp;#10;  &#x9;            INTO  v_diag_rec;&amp;#10;  &#x9;            &amp;#10;  &#x9;            vn_position := 2;&amp;#10;--&amp;#10;                IF   c_diag%NOTFOUND &amp;#10;                THEN display_alert('ERROR_ALERT', 7593); -- Invalid procedure code. Please re-enter.&amp;#10;&#x9;&#x9;&#x9;               CLOSE c_diag;&amp;#10;&#x9;&#x9;&#x9;               RAISE FORM_TRIGGER_FAILURE;&amp;#10;--&amp;#10;-- Show a warning if the code entered relates to a code&#x9;with a selectable flag showing it to be the heading for a group&amp;#10;-- (where selectable_flag = 'P'artially coded)&#x9;&#x9;&#x9;          &amp;#10;                ELSIF NVL(v_diag_rec.selectable_flag,' ') = 'P' &amp;#10;&#x9;              THEN display_alert('WARNING_ALERT', 7876); -- WARNING : This is partially coded&amp;#10;&#x9;&#x9; &#x9;          END IF;&amp;#10;  &#x9;        CLOSE c_diag;&amp;#10;  &#x9;        &amp;#10;  &#x9;        vn_position := 3;&amp;#10;--&amp;#10;  &#x9;        :lp.secondary_procedure_code_desc := v_diag_rec.description;&amp;#10;  &#x9;        :lp.secondary_procedure_code      := v_diag_rec.diag_code;&amp;#10;  &#x9;        &amp;#10;  &#x9;        --- Geoff Butler, 15/08/2011, added in validation to check whether the secondary procedure code just retrieved&amp;#10;            --- matches the primary procedure code as held on the PP block; if so, raise an error&amp;#10;            IF UPPER(TRIM(:PARAMETER.P_PRIMARY_PROCEDURE_CODE)) = UPPER(TRIM(:lp.secondary_procedure_code)) THEN&amp;#10;   &#x9;           display_alert('ERROR_ALERT',9732); -- A secondary procedure cannot match the primary procedure&amp;#10;   &#x9;           set_item_instance_property('LP.SECONDARY_PROCEDURE_HOSP_CODE',CURRENT_RECORD,VISUAL_ATTRIBUTE,'CURR_ITEM_VA');&amp;#10;--   &#x9;           RAISE form_trigger_failure;&amp;#10;            END IF;&amp;#10;            &amp;#10;           vn_position := 4;&amp;#10;           --- now check that this secondary procedure being entered is unique for this combination of ID_LEVEL_CODE,&amp;#10;           --- ENTITY_SPECIALTY_MICROSESS_ID and PRIMARY_PROCEDURE_CODE&amp;#10;           IF   duplicate_secondary_proc(p_secondary_proc => :lp.secondary_procedure_code)&amp;#10;           THEN display_alert('ERROR_ALERT',9733); --- A secondary procedure cannot appear more than once in the same package&amp;#10;           &#x9;    set_item_instance_property('LP.SECONDARY_PROCEDURE_HOSP_CODE',CURRENT_RECORD,VISUAL_ATTRIBUTE,'CURR_ITEM_VA');&amp;#10;--   &#x9;            RAISE form_trigger_failure;&amp;#10;           END IF;&amp;#10;           &amp;#10;       END IF;&amp;#10;     &amp;#10;       vn_position := 5;&amp;#10;       &amp;#10;       set_item_property('LP.SECONDARY_PROCEDURE_HOSP_CODE', ITEM_IS_VALID, PROPERTY_TRUE);&amp;#10;-- &#x9;     set_item_instance_property('LP.SECONDARY_PROCEDURE_HOSP_CODE',CURRENT_RECORD,VISUAL_ATTRIBUTE,'TEXT_ITEM_VA');&amp;#10;   &amp;#10;  END IF; --- :SYSTEM.MODE = 'NORMAL' &amp;#10;  vn_position := 99;     &amp;#10;       &amp;#10;EXCEPTION&amp;#10;  WHEN form_trigger_failure THEN&amp;#10;    RAISE;   &amp;#10;                &#x9;&amp;#10;  WHEN OTHERS THEN&amp;#10;    display_standard_alert('Error in W-V-I of SECONDARY_PROCEDURE_HOSP_CODE, position: '||vn_position||&amp;#10;                           ', error: '||SQLERRM);      &#x9;&amp;#10;       &amp;#10;END;&amp;#10;"/>
            <Trigger Name="WHEN-MOUSE-DOUBLECLICK" DirtyInfo="true" TriggerText="DO_KEY('LIST_VALUES');"/>
         </Item>
         <Item Name="SECONDARY_PROCEDURE_CODE_DESC" Justification="Start" DistanceBetweenRecords="1" Width="511" MaximumLength="80" ParentModule="CMLNKPRC" XPosition="205" ParentModuleType="12" YPosition="149" DatabaseItem="false" ParentName="DISPLAY_ITEM_CLASS" Bevel="Plain" DirtyInfo="true" CanvasName="CANVAS0" ParentType="29" TooltipVisualAttributeGroup="V7_VA_TOOLTIP" Height="14"/>
         <Item Name="SECONDARY_PROCEDURE_LOV_BTN" IconFilename="b_lov_b3" Width="20" ParentModule="CMLNKPRC" XPosition="716" ParentModuleType="12" YPosition="148" ParentName="LOV_BUTTON_CLASS" DirtyInfo="true" VisualAttributeName="WEB_BTN" Label="PUSH_BUTTON487" CanvasName="CANVAS0" KeyboardNavigable="false" ParentType="29" TooltipVisualAttributeGroup="V7_VA_TOOLTIP" Height="15">
            <Trigger Name="WHEN-MOUSE-CLICK" DirtyInfo="true" TriggerText="IF   :SYSTEM.CURSOR_ITEM &lt;> 'LP.SECONDARY_PROCEDURE_HOSP_CODE'&amp;#10;THEN GO_ITEM('LP.SECONDARY_PROCEDURE_HOSP_CODE');&amp;#10;END IF;&amp;#10;&amp;#10;IF   GET_BLOCK_PROPERTY('LP', STATUS) = 'QUERY'&amp;#10;THEN display_alert('ERROR_ALERT', 2105); -- Field is protected against update&amp;#10;     RAISE FORM_TRIGGER_FAILURE;&amp;#10;--&amp;#10;ELSE DO_KEY('LIST_VALUES');&amp;#10;END IF;"/>
         </Item>
         <Item Name="LINKED_PROCEDURE_ID" Prompt="Linked Procedure Id" Required="true" DirtyInfo="true" Width="83" MaximumLength="40" ItemType="Text Item" ColumnName="LINKED_PROCEDURE_ID" DataType="Number" Height="16"/>
         <Item Name="ENTITY_SPECIALTY_MICROSESS_ID" Prompt="ENTITY_SPECIALTY_MICROSESS_ID" Required="true" DirtyInfo="true" Width="83" MaximumLength="40" ItemType="Text Item" ColumnName="ENTITY_SPECIALTY_MICROSESS_ID" CopyValueFromItem="" DataType="Number" Height="16"/>
         <Item Name="ID_LEVEL_CODE" Prompt="ID Level Code" Required="true" DirtyInfo="true" Width="83" MaximumLength="1" ItemType="Text Item" ColumnName="id_level_code" CopyValueFromItem="" DataType="Char" Height="16"/>
         <Item Name="PRIMARY_PROCEDURE_CODE" DistanceBetweenRecords="1" Width="89" MaximumLength="25" XPosition="115" Required="false" YPosition="181" Bevel="Plain" CanvasName="" CaseRestriction="Upper" ItemsDisplay="0" Height="14" Prompt="" PromptAttachmentEdge="Top" TabPageName="" PromptAlign="Center" ItemType="Text Item" UpdateAllowed="false" DirtyInfo="true" VisualAttributeName="TEXT_ITEM_VA" Visible="false" ColumnName="PRIMARY_PROCEDURE_CODE" PromptDisplayStyle="First Record" DataLengthSemantics="BYTE" TooltipVisualAttributeGroup="V7_VA_TOOLTIP"/>
         <Item Name="USER_SHORTCODE" DistanceBetweenRecords="1" Width="89" MaximumLength="20" XPosition="115" Required="false" YPosition="181" Bevel="Plain" CanvasName="" CaseRestriction="Upper" ItemsDisplay="0" Height="14" Prompt="" PromptAttachmentEdge="Top" TabPageName="" PromptAlign="Center" ItemType="Text Item" UpdateAllowed="false" DirtyInfo="true" VisualAttributeName="TEXT_ITEM_VA" Visible="false" ColumnName="USER_SHORTCODE" PromptDisplayStyle="First Record" DataLengthSemantics="BYTE" TooltipVisualAttributeGroup="V7_VA_TOOLTIP"/>
         <Item Name="SECONDARY_PROCEDURE_CODE" DistanceBetweenRecords="1" Width="89" MaximumLength="25" XPosition="115" Required="false" YPosition="181" Bevel="Plain" CanvasName="" CaseRestriction="Upper" ItemsDisplay="0" ParentType="29" Height="14" Prompt="" PromptAttachmentEdge="Top" TabPageName="" PromptAlign="Center" ItemType="Text Item" UpdateAllowed="false" ParentModule="CMLNKPRC" ParentModuleType="12" ParentName="TEXT_ITEM_CLASS" DirtyInfo="true" Visible="false" ColumnName="SECONDARY_PROCEDURE_CODE" PromptDisplayStyle="First Record" DataLengthSemantics="BYTE" TooltipVisualAttributeGroup="V7_VA_TOOLTIP"/>
         <Item Name="CREATED_BY_USER" Prompt="Created By User" Required="true" DirtyInfo="true" Width="83" MaximumLength="40" ItemType="Text Item" ColumnName="CREATED_BY_USER" DataType="Number" Height="16"/>
         <Item Name="CREATED_DATE" Prompt="Created Date" Required="true" DirtyInfo="true" Width="90" MaximumLength="11" ItemType="Text Item" ColumnName="CREATED_DATE" DataType="Date" Height="16"/>
         <Item Name="CREATED_BY_MODULE" Prompt="Created By Module" Required="true" DirtyInfo="true" Width="83" MaximumLength="10" ItemType="Text Item" ColumnName="CREATED_BY_MODULE" DataLengthSemantics="BYTE" Height="16"/>
         <Item Name="AMEND_BY_USER" Prompt="Amend By User" DirtyInfo="true" Width="83" MaximumLength="40" ItemType="Text Item" ColumnName="AMEND_BY_USER" DataType="Number" Height="16"/>
         <Item Name="AMEND_DATE" Prompt="Amend Date" DirtyInfo="true" Width="90" MaximumLength="11" ItemType="Text Item" ColumnName="AMEND_DATE" DataType="Date" Height="16"/>
         <Item Name="AMEND_BY_MODULE" Prompt="Amend By Module" DirtyInfo="true" Width="83" MaximumLength="10" ItemType="Text Item" ColumnName="AMEND_BY_MODULE" DataLengthSemantics="BYTE" Height="16"/>
         <DataSourceColumn DSCLength="0" DSCMandatory="true" DSCPrecision="0" DSCName="SECONDARY_LINKED_PROCEDURE_ID" DSCScale="-127" DSCType="NUMBER" DSCNochildren="false" Type="Query"/>
         <DataSourceColumn DSCLength="0" DSCMandatory="true" DSCPrecision="0" DSCName="PRIMARY_LINKED_PROCEDURE_ID" DSCScale="-127" DSCType="NUMBER" DSCNochildren="false" Type="Query"/>
         <DataSourceColumn DSCLength="20" DSCMandatory="true" DSCPrecision="0" DSCName="SECONDARY_PROCEDURE_CODE" DSCScale="0" DSCType="VARCHAR2" DSCNochildren="false" Type="Query"/>
         <DataSourceColumn DSCLength="0" DSCMandatory="true" DSCPrecision="0" DSCName="CREATED_BY_USER" DSCScale="-127" DSCType="NUMBER" DSCNochildren="false" Type="Query"/>
         <DataSourceColumn DSCLength="0" DSCMandatory="true" DSCPrecision="0" DSCName="CREATED_DATE" DSCScale="0" DSCType="DATE" DSCNochildren="false" Type="Query"/>
         <DataSourceColumn DSCLength="10" DSCMandatory="true" DSCPrecision="0" DSCName="CREATED_BY_MODULE" DSCScale="0" DSCType="VARCHAR2" DSCNochildren="false" Type="Query"/>
         <DataSourceColumn DSCLength="0" DSCMandatory="false" DSCPrecision="0" DSCName="AMEND_BY_USER" DSCScale="-127" DSCType="NUMBER" DSCNochildren="false" Type="Query"/>
         <DataSourceColumn DSCLength="0" DSCMandatory="false" DSCPrecision="0" DSCName="AMEND_DATE" DSCScale="0" DSCType="DATE" DSCNochildren="false" Type="Query"/>
         <DataSourceColumn DSCLength="10" DSCMandatory="false" DSCPrecision="0" DSCName="AMEND_BY_MODULE" DSCScale="0" DSCType="VARCHAR2" DSCNochildren="false" Type="Query"/>
         <Trigger Name="POST-QUERY" DirtyInfo="true" TriggerText="DECLARE&amp;#10;&#x9;v_ok boolean;&amp;#10;BEGIN&amp;#10;&#x9;v_ok := validate_diag_code( :lp.secondary_procedure_code&amp;#10;&#x9;                          , :lp.secondary_procedure_hosp_code&amp;#10;&#x9;                          , :lp.secondary_procedure_code_desc&amp;#10;                            , 'NO_VALIDATE' );&amp;#10;END;&amp;#10;"/>
         <Trigger Name="PRE-INSERT" DirtyInfo="true" TriggerText="-- A new linked procedure cannot be a duplicate of an existing record for this procedure package. &amp;#10;-- There also cannot be more than the allowed number of secondary procedures.&amp;#10;-- Geoff Butler, 16/09/2011 - added in restriction on USER_SHORTCODE as this is now part of the unique key&amp;#10;DECLARE&amp;#10;&#x9;CURSOR c1 IS&amp;#10;&#x9;  SELECT COUNT(*)&amp;#10;&#x9;  FROM  linked_procedures lp&amp;#10;&#x9;  WHERE lp.entity_specialty_microsess_id = :PARAMETER.p_link_id&amp;#10;&#x9;  AND   lp.id_level_code                 = :PARAMETER.p_id_level_code&amp;#10;&#x9;  AND   lp.primary_procedure_code        = :PARAMETER.p_primary_procedure_code&amp;#10;&#x9;  AND   NVL(lp.user_shortcode,'XXXX')    = NVL(:PARAMETER.p_user_shortcode,'XXXX');&amp;#10;&#x9;&amp;#10;  v_now    DATE := SYSDATE;&amp;#10;  v_module VARCHAR2(10) := 'CMLNKPRC';&amp;#10;  v_count  PLS_INTEGER;&amp;#10;  v_text   maps016.error_text%TYPE;&amp;#10;BEGIN&amp;#10;-- A new linked procedure cannot be a duplicate of an existing record for this procedure package. &amp;#10;  IF   duplicate_secondary_proc(p_secondary_proc => :lp.secondary_procedure_code)&amp;#10;  THEN display_alert('ERROR_ALERT', 9733); -- A secondary procedure cannot appear more than once in the same package&amp;#10; &#x9;     set_item_instance_property('LP.SECONDARY_PROCEDURE_HOSP_CODE', CURRENT_RECORD,VISUAL_ATTRIBUTE, 'CURR_ITEM_VA');&amp;#10;   &#x9;   RAISE form_trigger_failure;&amp;#10;  END IF;&amp;#10;--&amp;#10;-- There also cannot be more than the allowed number of secondary procedures.&amp;#10;  OPEN c1;&amp;#10;      FETCH c1&amp;#10;      INTO  v_count;&amp;#10;  CLOSE C1;&amp;#10;--&amp;#10;  IF   v_count >= :PARAMETER.P_MAX_SECONDARY_RECORDS&amp;#10;  THEN v_text := get_error_message(9736); -- The maximum number of Secondary Procedures allowed is &lt;P1>&amp;#10;       display_standard_alert(REPLACE(v_text, '&lt;P1>', TO_CHAR(:PARAMETER.P_MAX_SECONDARY_RECORDS)));&amp;#10;   &#x9;   RAISE form_trigger_failure;&amp;#10;  END IF;&amp;#10;--&amp;#10;  :lp.entity_specialty_microsess_id := :PARAMETER.p_link_id;&amp;#10;  :lp.id_level_code                 := :PARAMETER.p_id_level_code;&amp;#10;  :lp.primary_procedure_code        := :PARAMETER.p_primary_procedure_code;&amp;#10;  --- Geoff Butler, 13/09/2011 - added USER_SHORTCODE field, value supplied by P_USER_SHORTCODE parameter&amp;#10;  :lp.user_shortcode                := :PARAMETER.p_user_shortcode;&amp;#10;  :lp.created_by_user               := :GLOBAL.USER_ID;&amp;#10;  :lp.created_date                  := v_now;&amp;#10;  :lp.created_by_module             := v_module;&amp;#10;  :lp.amend_by_user                 := :GLOBAL.USER_ID;&amp;#10;  :lp.amend_date                    := v_now;&amp;#10;  :lp.amend_by_module               := v_module;&amp;#10;--&amp;#10;  SELECT linked_procedures_seq.NEXTVAL&amp;#10;  INTO :lp.linked_procedure_id&amp;#10;  FROM sys.dual;&amp;#10;  &amp;#10;EXCEPTION&amp;#10;&#x9;WHEN OTHERS THEN RAISE;  &#x9;&amp;#10;END;"/>
         <Trigger Name="PRE-UPDATE" DirtyInfo="true" TriggerText="BEGIN&amp;#10;  IF   duplicate_secondary_proc(p_secondary_proc => :lp.secondary_procedure_code)&amp;#10;  THEN display_alert('ERROR_ALERT',9733);&amp;#10; &#x9;     set_item_instance_property('LP.SECONDARY_PROCEDURE_HOSP_CODE',CURRENT_RECORD,VISUAL_ATTRIBUTE,'CURR_ITEM_VA');&amp;#10;   &#x9;   RAISE form_trigger_failure;&amp;#10;  END IF;&amp;#10;&amp;#10;  :lp.amend_by_user   := :GLOBAL.USER_ID;&amp;#10;  :lp.amend_date      := SYSDATE;&amp;#10;  :lp.amend_by_module := 'CMLNKPRC';  &amp;#10;EXCEPTION&amp;#10;&#x9;WHEN OTHERS THEN RAISE;&amp;#10;END;"/>
      </Block>
      <Canvas Name="TOOLBAR_CANVAS" ViewportXPositionOnCanvas="0" ViewportYPositionOnCanvas="0" ShowHorizontalScrollbar="false" CanvasType="Horizontal Toolbar" Width="768" WindowName="MAIN_FORM_WINDOW" BackColor="patient_live_blue" Bevel="None" DirtyInfo="true" VisualAttributeName="BACKGROUND_CANVAS" Visible="true" ShowVerticalScrollbar="false" Height="64" ViewportHeight="24" ViewportXPosition="0" ViewportWidth="590" ViewportYPosition="0" RaiseOnEnter="false">
         <Graphics Name="BANNER_LINE" InternalLineWidth="227" Width="755" EdgeForegroundColor="gray16" EdgePattern="solid" JoinStyle="Bevel" XPosition="0" YPosition="63" GraphicsType="Line" HorizontalMargin="8" ScrollbarWidth="15" VerticalMargin="16" HorizontalObjectOffset="15" Height="0" StartPromptOffset="8"/>
      </Canvas>
      <Canvas Name="CANVAS0" ViewportXPositionOnCanvas="0" ViewportYPositionOnCanvas="0" ShowHorizontalScrollbar="false" CanvasType="Content" Width="755" WindowName="MAIN_FORM_WINDOW" Bevel="None" DirtyInfo="true" VisualAttributeName="BACKGROUND_CANVAS_BLUE" Visible="true" ShowVerticalScrollbar="false" Height="268" ViewportHeight="350" ViewportXPosition="0" ViewportWidth="590" ViewportYPosition="0" RaiseOnEnter="false">
         <Graphics Name="SECTION_CIRCLE_1" Width="15" Dither="false" ClipWidth="15" ImageFilename="CMLNKPRC_CANVAS0_SECTION_CIRCLE_1.tif" ClipHeight="15" XPosition="115" YPosition="45" DirtyInfo="true" GraphicsType="Image" HorizontalMargin="8" ScrollbarWidth="15" VerticalMargin="16" HorizontalObjectOffset="15" Height="15" StartPromptOffset="8"/>
         <Graphics Name="SECTION_NUMBER_1" Width="13" FillPattern="none" EdgePattern="none" JoinStyle="Bevel" BackColor="gray16" XPosition="124" WrapText="false" YPosition="47" BoundingBoxScalable="false" Bevel="None" HorizontalOrigin="Right" HorizontalJustification="Center" ForegroundColor="white" GraphicsFontWeight="Medium" GraphicsFontSpacing="Normal" GraphicsType="Text" ScrollbarWidth="14" Height="11" GraphicsFontName="Arial" GraphicsFontSize="900" GraphicsFontStyle="0" GraphicsText="1" DirtyInfo="true" GraphicsFontColor="Black" GraphicsFontColorCode="0" HorizontalMargin="7" VerticalMargin="14" HorizontalObjectOffset="14" StartPromptOffset="7">
            <CompoundText Name="CMPTXT207">
               <TextSegment Name="TEXTSTR208" FontName="Arial" FontSize="900" FontStyle="Plain" DirtyInfo="true" FontWeight="Medium" FontSpacing="Normal" ForegroundColor="Black" Text="1"/>
            </CompoundText>
         </Graphics>
         <Graphics Name="RECT11" InternalLineWidth="113" InternalRotationAngle="0" Width="0" EdgeForegroundColor="black" EdgeBackColor="black" FillPattern="none" EdgePattern="transparent" DashStyle="Solid" CapStyle="Butt" JoinStyle="Mitre" BackColor="white" XPosition="219" YPosition="154" Bevel="None" DirtyInfo="true" ForegroundColor="black" GraphicsType="Rectangle" HorizontalMargin="5" ScrollbarWidth="9" VerticalMargin="14" HorizontalObjectOffset="9" Height="0" StartPromptOffset="5"/>
         <Graphics Name="SECTION_LINE1" InternalLineWidth="113" Width="611" EdgeForegroundColor="gray16" EdgePattern="solid" JoinStyle="Bevel" BackColor="Line Green" XPosition="130" YPosition="60" Bevel="None" DirtyInfo="true" ForegroundColor="white" GraphicsType="Line" HorizontalMargin="7" ScrollbarWidth="14" VerticalMargin="14" HorizontalObjectOffset="14" Height="0" StartPromptOffset="7"/>
         <Graphics Name="FRAME472" Width="66" EdgeBackColor="white" FillPattern="none" EdgePattern="solid" FrameTitleOffset="15" XPosition="8" FrameTitleSpacing="8" YPosition="202" Bevel="Inset" LayoutStyle="Tabular" DirtyInfo="true" GraphicsType="Frame" HorizontalMargin="8" ScrollbarWidth="15" VerticalMargin="16" HorizontalObjectOffset="0" Height="59" StartPromptOffset="8"/>
         <Graphics Name="SECTION_CIRCLE_2" Width="15" Dither="false" ClipWidth="15" ImageFilename="CMLNKPRC_CANVAS0_SECTION_CIRCLE_2.tif" ClipHeight="15" XPosition="115" YPosition="111" DirtyInfo="true" GraphicsType="Image" HorizontalMargin="8" ScrollbarWidth="15" VerticalMargin="16" HorizontalObjectOffset="15" Height="15" StartPromptOffset="8"/>
         <Graphics Name="SECTION_NUMBER_2" Width="12" FillPattern="none" EdgePattern="none" JoinStyle="Bevel" BackColor="gray16" XPosition="125" WrapText="false" YPosition="113" BoundingBoxScalable="false" Bevel="None" HorizontalOrigin="Right" HorizontalJustification="Center" ForegroundColor="white" GraphicsFontWeight="Medium" GraphicsFontSpacing="Normal" GraphicsType="Text" ScrollbarWidth="14" Height="11" GraphicsFontName="Arial" GraphicsFontSize="900" GraphicsFontStyle="0" GraphicsText="2" DirtyInfo="true" GraphicsFontColor="Black" GraphicsFontColorCode="0" HorizontalMargin="7" VerticalMargin="14" HorizontalObjectOffset="14" StartPromptOffset="7">
            <CompoundText Name="CMPTXT207">
               <TextSegment Name="TEXTSTR208" FontName="Arial" FontSize="900" FontStyle="Plain" DirtyInfo="true" FontWeight="Medium" FontSpacing="Normal" ForegroundColor="Black" Text="2"/>
            </CompoundText>
         </Graphics>
         <Graphics Name="SECTION_LINE2" InternalLineWidth="113" Width="600" EdgeForegroundColor="gray16" EdgePattern="solid" JoinStyle="Bevel" BackColor="Line Green" XPosition="130" YPosition="128" Bevel="None" DirtyInfo="true" ForegroundColor="white" GraphicsType="Line" HorizontalMargin="7" ScrollbarWidth="14" VerticalMargin="14" HorizontalObjectOffset="14" Height="0" StartPromptOffset="7"/>
      </Canvas>
      <Canvas Name="CNV_HIDE" Bevel="None" DirtyInfo="true" Width="800" Visible="false" WindowName="MAIN_FORM_WINDOW" Height="410" ViewportHeight="324" ViewportWidth="540"/>
      <Editor Name="EDDIE" DirtyInfo="true" Title="DEBUG EDITOR" Width="270" Height="135"/>
      <ModuleParameter Name="P_VERSION" DirtyInfo="true" Comment="Used by ABOUT_FORM window, the form version, update after each update" ParameterInitializeValue="0"/>
      <ModuleParameter Name="P_DATE" DirtyInfo="true" Comment="Used by ABOUT_FORM window, the date the form was last updated, update after each update" ParameterInitializeValue="17-Jul-2017"/>
      <ModuleParameter Name="P_LOV_CODE" ParameterDataType="Number" Comment="returned from codes_lov"/>
      <ModuleParameter Name="P_LOV_CHECK_LIST" DirtyInfo="true" ParameterDataType="Number" Comment="returned from checklists_LOV"/>
      <ModuleParameter Name="P_LOV_USER_CODE" ParameterDataType="Char" Comment="returned from codes_lov"/>
      <ModuleParameter Name="P_LOV_DESCRIPTION" ParameterDataType="Char" Comment="returned from codes_lov"/>
      <ModuleParameter Name="P_TEMPLATE" DirtyInfo="true" Comment="Used by ABOUT_FORM window, the template used to create this form" ParameterInitializeValue="TEMPLATE_V11"/>
      <ModuleParameter Name="P_LOGGED_AS_SYSMAN"/>
      <ModuleParameter Name="API_VERSION" ParameterInitializeValue="V2.3"/>
      <ModuleParameter Name="P_BREADCRUMB"/>
      <ModuleParameter Name="P_LINK_ID" DirtyInfo="true" ParameterDataType="Number" Comment="ENTITY_SPECIALTY_MICROSESS_ID passed from calling screen"/>
      <ModuleParameter Name="P_ID_LEVEL_CODE" DirtyInfo="true" Comment="Indicates what p_link_id represents&amp;#10;E - Work Entity, S - Specialty or M - Microsession&amp;#10;"/>
      <ModuleParameter Name="P_PRIMARY_PROCEDURE_CODE" DirtyInfo="true"/>
      <ModuleParameter Name="P_USER_SHORTCODE" DirtyInfo="true"/>
      <ModuleParameter Name="DIAGNOSIS_DIVISION_PROG_CODE" DirtyInfo="true"/>
      <ModuleParameter Name="FATHER_DCODE" DirtyInfo="true" ParameterDataType="Char" ParameterInitializeValue="-1"/>
      <ModuleParameter Name="FATHER_DIAG_DESCRIPTION" DirtyInfo="true"/>
      <ModuleParameter Name="P_PATIENT_AGE" DirtyInfo="true" ParameterDataType="Number"/>
      <ModuleParameter Name="P_PATIENT_SEX" DirtyInfo="true"/>
      <ModuleParameter Name="LOV_HOSP_CODE" DirtyInfo="true"/>
      <ModuleParameter Name="CHILD_FLAG" DirtyInfo="true" ParameterInitializeValue="Y"/>
      <ModuleParameter Name="LOV_RETURNED_HOSP_CODE" DirtyInfo="true"/>
      <ModuleParameter Name="LOV_RETURNED_DIAG_CODE" DirtyInfo="true"/>
      <ModuleParameter Name="P_LOV_DIAGNOSIS_DIVISION" DirtyInfo="true" ParameterDataType="Number"/>
      <ModuleParameter Name="P_MAX_SECONDARY_RECORDS" DirtyInfo="true" ParameterDataType="Number" ParameterInitializeValue="5"/>
      <ModuleParameter Name="P_RELEASE" ParentModule="PAS_RELEASE" ParentModuleType="25" ParentName="P_RELEASE" ParentFilename="pas_release.olb" DirtyInfo="true" ParentFilepath="" ParentType="13"/>
      <LOV Name="FATHER_DIAGNOSIS_LOV" XPosition="70" YPosition="75" DirtyInfo="true" VisualAttributeName="TEXT_ITEM_VA_LOV" Width="450" RecordGroupName="DIAG_NOTE_WITH_NO_CRITERIA" Height="320">
         <LOVColumnMapping Name="DESCRIPTION" ReturnItem="PARAMETER.FATHER_DIAG_DESCRIPTION" DirtyInfo="true" Title="Diagnosis" DisplayWidth="440"/>
         <LOVColumnMapping Name="DIAG_CODE" ReturnItem="PARAMETER.FATHER_DCODE" DirtyInfo="true" Title="" DisplayWidth="0"/>
         <LOVColumnMapping Name="LEVEL_NO" ReturnItem="" DirtyInfo="true" Title="" DisplayWidth="0"/>
         <LOVColumnMapping Name="CHILDREN_FLAG" ReturnItem="PARAMETER.CHILD_FLAG" DirtyInfo="true" Title="" DisplayWidth="0"/>
         <LOVColumnMapping Name="DIAGNOSIS_DIVISION" ReturnItem="PARAMETER.P_LOV_DIAGNOSIS_DIVISION" DirtyInfo="true" Title="" DisplayWidth="0"/>
         <LOVColumnMapping Name="HOSP_CODE" ReturnItem="PARAMETER.LOV_RETURNED_HOSP_CODE" DirtyInfo="true" Title="Hosp Code" DisplayWidth="100"/>
         <LOVColumnMapping Name="FATHER_DIAG_CODE" ReturnItem="" DirtyInfo="true" Title="Father Diag Code" DisplayWidth="100"/>
      </LOV>
      <LOV Name="FATHER_DIAGNOSIS_LOV_LONG" XPosition="70" YPosition="75" DirtyInfo="true" VisualAttributeName="TEXT_ITEM_VA_LOV" Width="450" RecordGroupName="DIAG_NOTE_WITH_NO_CRITERIA" FilterBeforeDisplay="true" Height="320">
         <LOVColumnMapping Name="DESCRIPTION" ReturnItem="PARAMETER.FATHER_DIAG_DESCRIPTION" DirtyInfo="true" Title="Diagnosis" DisplayWidth="440"/>
         <LOVColumnMapping Name="DIAG_CODE" ReturnItem="PARAMETER.FATHER_DCODE" DirtyInfo="true" Title="" DisplayWidth="0"/>
         <LOVColumnMapping Name="LEVEL_NO" ReturnItem="" DirtyInfo="true" Title="" DisplayWidth="0"/>
         <LOVColumnMapping Name="CHILDREN_FLAG" ReturnItem="PARAMETER.CHILD_FLAG" DirtyInfo="true" Title="" DisplayWidth="0"/>
         <LOVColumnMapping Name="DIAGNOSIS_DIVISION" ReturnItem="PARAMETER.P_LOV_DIAGNOSIS_DIVISION" DirtyInfo="true" Title="" DisplayWidth="0"/>
         <LOVColumnMapping Name="HOSP_CODE" ReturnItem="PARAMETER.LOV_RETURNED_HOSP_CODE" DirtyInfo="true" Title="Hosp Code" DisplayWidth="100"/>
         <LOVColumnMapping Name="FATHER_DIAG_CODE" ReturnItem="" DirtyInfo="true" Title="Father Diag Code" DisplayWidth="100"/>
      </LOV>
      <LOV Name="HOSP_CODE_LOV" XPosition="70" YPosition="75" DirtyInfo="true" VisualAttributeName="TEXT_ITEM_VA_LOV" Width="450" RecordGroupName="HOSP_CODE_WITH_NO_CRITERIA" Height="320">
         <LOVColumnMapping Name="HOSP_CODE" ReturnItem="PARAMETER.LOV_RETURNED_HOSP_CODE" DirtyInfo="true" Title="Hosp Code" DisplayWidth="100"/>
         <LOVColumnMapping Name="DESCRIPTION" ReturnItem="PARAMETER.FATHER_DIAG_DESCRIPTION" DirtyInfo="true" Title="Diagnosis" DisplayWidth="440"/>
         <LOVColumnMapping Name="DIAG_CODE" ReturnItem="PARAMETER.FATHER_DCODE" DirtyInfo="true" Title="" DisplayWidth="0"/>
         <LOVColumnMapping Name="LEVEL_NO" ReturnItem="" DirtyInfo="true" Title="" DisplayWidth="0"/>
         <LOVColumnMapping Name="CHILDREN_FLAG" ReturnItem="PARAMETER.CHILD_FLAG" DirtyInfo="true" Title="" DisplayWidth="0"/>
         <LOVColumnMapping Name="DIAGNOSIS_DIVISION" ReturnItem="PARAMETER.P_LOV_DIAGNOSIS_DIVISION" DirtyInfo="true" Title="" DisplayWidth="0"/>
         <LOVColumnMapping Name="FATHER_DIAG_CODE" ReturnItem="" DirtyInfo="true" Title="Father Diag Code" DisplayWidth="100"/>
      </LOV>
      <LOV Name="HOSP_CODE_LOV_LONG" XPosition="70" YPosition="75" DirtyInfo="true" VisualAttributeName="TEXT_ITEM_VA_LOV" Width="450" RecordGroupName="HOSP_CODE_WITH_NO_CRITERIA" FilterBeforeDisplay="true" Height="320">
         <LOVColumnMapping Name="HOSP_CODE" ReturnItem="PARAMETER.LOV_RETURNED_HOSP_CODE" DirtyInfo="true" Title="Hosp Code" DisplayWidth="100"/>
         <LOVColumnMapping Name="DESCRIPTION" ReturnItem="PARAMETER.FATHER_DIAG_DESCRIPTION" DirtyInfo="true" Title="Diagnosis" DisplayWidth="440"/>
         <LOVColumnMapping Name="DIAG_CODE" ReturnItem="PARAMETER.FATHER_DCODE" DirtyInfo="true" Title="" DisplayWidth="0"/>
         <LOVColumnMapping Name="LEVEL_NO" ReturnItem="" DirtyInfo="true" Title="" DisplayWidth="0"/>
         <LOVColumnMapping Name="CHILDREN_FLAG" ReturnItem="PARAMETER.CHILD_FLAG" DirtyInfo="true" Title="" DisplayWidth="0"/>
         <LOVColumnMapping Name="DIAGNOSIS_DIVISION" ReturnItem="PARAMETER.P_LOV_DIAGNOSIS_DIVISION" DirtyInfo="true" Title="" DisplayWidth="0"/>
         <LOVColumnMapping Name="FATHER_DIAG_CODE" ReturnItem="" DirtyInfo="true" Title="Father Diag Code" DisplayWidth="100"/>
      </LOV>
      <Menu Name="BOILER_PLATE" DirtyInfo="true">
         <MenuItem Name="CHANGE_PROMPT" DirtyInfo="true" Label="Change Prompt" MenuItemCode="message('Change Boilerplate prompt');pause;"/>
      </Menu>
      <ProgramUnit Name="INIT_FORM" ProgramUnitText="PACKAGE init_form IS&amp;#10;--&amp;#10;-- steve pusey 2/5/1996&amp;#10;--&amp;#10;-- program units to initialise form&amp;#10;--&amp;#10;&amp;#10;---------------------------------------------------------------------------------------&amp;#10;-- EXTERNAL PACKAGE VARIABLES&amp;#10;---------------------------------------------------------------------------------------&amp;#10;&amp;#10;---------------------------------------------------------------------------------------&amp;#10;-- EXTERNAL PROGRAM UNITS (DECLARATION) &amp;#10;---------------------------------------------------------------------------------------&amp;#10;&amp;#10;  procedure init_form;&amp;#10;&amp;#10;END init_form;" ProgramUnitType="Package Spec"/>
      <ProgramUnit Name="INIT_FORM" ProgramUnitText="PACKAGE BODY init_form IS&amp;#10;--&amp;#10;-- steve pusey 2/5/1996&amp;#10;--&amp;#10;-- program units to initialise form&amp;#10;--&amp;#10;-- add code to init_form and init_format_masks program units, add other init procs to the&amp;#10;-- init_form procedure, for example if you write a procedure called init_toolbar then add &amp;#10;-- this to the init_form procedure. The init_form procedure is called from the &amp;#10;-- WHEN-NEW-FORM-INSTANCE trigger&amp;#10;--&amp;#10;&amp;#10;---------------------------------------------------------------------------------------&amp;#10;-- INTERNAL PACKAGE VARIABLES &amp;#10;---------------------------------------------------------------------------------------&amp;#10;&amp;#10;---------------------------------------------------------------------------------------&amp;#10;-- INTERNAL PROGRAM UNITS (DECLARATION)&amp;#10;---------------------------------------------------------------------------------------&amp;#10;&amp;#10;  procedure init_list_items;&amp;#10;  procedure init_format_masks;&amp;#10; -- procedure init_buttons;&amp;#10;---------------------------------------------------------------------------------------&amp;#10;-- PROGRAM UNITS (CODE)&amp;#10;---------------------------------------------------------------------------------------&amp;#10;&amp;#10;-- ##########################################################################################&amp;#10;&amp;#10;  procedure init_list_items is&amp;#10;  --&amp;#10;  -- initialise list items&amp;#10;  --&amp;#10;  -- date&#x9;by&#x9;&#x9;change&amp;#10;  -- 2/5/1996   Steve Pusey&#x9;Creation of template procedure&amp;#10;  --&amp;#10;  BEGIN&amp;#10;&amp;#10;    -- cut &amp; paste this code&amp;#10;    -- populate_poplist_from_codes ('BLOCK.ITEM', &lt;CODE_TYPE>);&amp;#10;    NULL;&amp;#10;  END init_list_items;&amp;#10;&amp;#10;-- ##########################################################################################&amp;#10;  procedure init_format_masks is&amp;#10;  --&amp;#10;  -- set the format masks for date, datetime, and numeric items&amp;#10;  --&amp;#10;  -- date&#x9;by&#x9;&#x9;change&amp;#10;  -- 2/5/1996   Steve Pusey&#x9;Creation of template procedure&amp;#10;  --&amp;#10;  BEGIN&amp;#10;&amp;#10;    -- copy &amp; paste this line&amp;#10;    -- set_format_mask ('BLOCK.ITEM');&amp;#10;&amp;#10;    null;&amp;#10;   &amp;#10;  END init_format_masks;&amp;#10;&amp;#10;-- ##########################################################################################&amp;#10;&amp;#10;  procedure init_form is&amp;#10;  --&amp;#10;  -- initialise form&amp;#10;    CURSOR c1 IS&amp;#10;      SELECT TO_CHAR(pc.prog_code) &amp;#10;      FROM  prog_codes pc &amp;#10;      WHERE pc.code_type = 292 &amp;#10;      AND   pc.description = 'PROCEDURES';&amp;#10;&amp;#10;&#x9;  v_ok boolean;&amp;#10;&amp;#10;  BEGIN&amp;#10;    init_list_items;&amp;#10;    init_format_masks;&amp;#10;    --init_buttons;&amp;#10;    &amp;#10;    --- Geoff Butler, 11/08/2011, initialise value of P_MAX_SECONDARY_RECORDS parameter to 5&amp;#10;    --- this is currently hardcoded, but can replaced by a CODES table/MAPRULE setting if required&amp;#10;    --- in future&amp;#10;--    :PARAMETER.P_MAX_SECONDARY_RECORDS := 5;&amp;#10;&amp;#10;    SHOW_WINDOW('MAIN_FORM_WINDOW'); -- show blue background&amp;#10;    &amp;#10;    --- Geoff Butler, 13/09/2011 - moved code to set items in PP block to before GO_ITEM on SECONDARY_PROCEDURE_HOSP_CODE.&amp;#10;    --- Also added logic to append P_USER_SHORTCODE parameter to :pp.primary_procedure_code_desc if not null as this value&amp;#10;    --- now forms part of the unique key &amp;#10;    v_ok := validate_diag_code( :PARAMETER.p_primary_procedure_code&amp;#10;&#x9;                            , :pp.primary_procedure_hosp_code&amp;#10;&#x9;                            , :pp.primary_procedure_code_desc&amp;#10;                              , 'NO_VALIDATE' );&amp;#10;                              &amp;#10;    IF :PARAMETER.P_USER_SHORTCODE IS NOT NULL THEN&amp;#10;    &#x9;:pp.primary_procedure_code_desc := :pp.primary_procedure_code_desc||' ('||:PARAMETER.P_USER_SHORTCODE||')';&amp;#10;    &#x9;&amp;#10;    END IF;&amp;#10;    &amp;#10;    &amp;#10;    &amp;#10;    GO_ITEM('LP.SECONDARY_PROCEDURE_HOSP_CODE');&amp;#10;--&amp;#10;   &amp;#10;--&amp;#10;    DO_KEY('EXECUTE_QUERY');&amp;#10;&amp;#10;    OPEN c1;&amp;#10;        FETCH c1 &amp;#10;        INTO :PARAMETER.DIAGNOSIS_DIVISION_PROG_CODE;&amp;#10;    CLOSE c1;&amp;#10;  END init_form;&amp;#10;&amp;#10;-- ##########################################################################################&amp;#10;&amp;#10;END init_form;" ProgramUnitType="Package Body"/>
      <ProgramUnit Name="DUPLICATE_SECONDARY_PROC" ProgramUnitText="-- If the secondary procedure already exists, return TRUE otherwise return FALSE.&amp;#10;-- Geoff Butler, 13/09/2011 - Added user_shortcode to cursor as this is now part of the unique key for each record&amp;#10;FUNCTION duplicate_secondary_proc(p_secondary_proc IN linked_procedures.secondary_procedure_code%TYPE) RETURN BOOLEAN IS&amp;#10;--&amp;#10;  CURSOR c_secondary_proc_exists IS&amp;#10;    SELECT 'Y'&amp;#10;    FROM   linked_procedures&amp;#10;    WHERE  entity_specialty_microsess_id = :PARAMETER.P_LINK_ID&amp;#10;    AND    id_level_code                 = :PARAMETER.P_ID_LEVEL_CODE&amp;#10;    AND    primary_procedure_code        = :PARAMETER.P_PRIMARY_PROCEDURE_CODE&amp;#10;    AND    NVL(user_shortcode,'XXXX')    = NVL(:PARAMETER.P_USER_SHORTCODE,'XXXX')&amp;#10;    AND    secondary_procedure_code      = p_secondary_proc;&amp;#10;    &amp;#10;  vn_dummy VARCHAR2(1) := 'N';  &amp;#10;BEGIN&amp;#10;  OPEN c_secondary_proc_exists;&amp;#10;      FETCH c_secondary_proc_exists &amp;#10;      INTO vn_dummy;&amp;#10;  CLOSE c_secondary_proc_exists;&amp;#10;--&amp;#10;  IF   NVL(vn_dummy, 'N') = 'N'&amp;#10;  THEN RETURN FALSE;&amp;#10;  END IF;&amp;#10;--&amp;#10;  RETURN TRUE;       &amp;#10;END;&amp;#10;" ProgramUnitType="Function"/>
      <PropertyClass Name="BUTTON_CLASS" ParentModule="PAS_OLD" ParentModuleType="25" ParentName="BUTTON_CLASS" ParentFilename="pas_old.olb" ParentFilepath="" ParentType="29"/>
      <PropertyClass Name="LOV_BUTTON_CLASS" ParentModule="PAS_OLD" ParentModuleType="25" ParentName="LOV_BUTTON_CLASS" ParentFilename="pas_old.olb" ParentFilepath="" ParentType="29"/>
      <PropertyClass Name="BPT_CLASS" ParentModule="PAS_OLD" ParentModuleType="25" ParentName="BPT_CLASS" ParentFilename="pas_old.olb" ParentFilepath="" ParentType="29"/>
      <PropertyClass Name="BPT_BLUE_CLASS" ParentModule="PAS_OLD" ParentModuleType="25" ParentName="BPT_BLUE_CLASS" ParentFilename="pas_old.olb" ParentFilepath="" ParentType="29"/>
      <PropertyClass Name="BPT_GREY_CLASS" ParentModule="PAS_OLD" ParentModuleType="25" ParentName="BPT_GREY_CLASS" ParentFilename="pas_old.olb" ParentFilepath="" ParentType="29"/>
      <PropertyClass Name="TEXT_ITEM_CLASS" ParentModule="PAS_OLD" ParentModuleType="25" ParentName="TEXT_ITEM_CLASS" ParentFilename="pas_old.olb" ParentFilepath="" ParentType="29"/>
      <PropertyClass Name="TEXT_ITEM_DATE_CLASS" ParentModule="PAS_OLD" ParentModuleType="25" ParentName="TEXT_ITEM_DATE_CLASS" ParentFilename="pas_old.olb" ParentFilepath="" ParentType="29"/>
      <PropertyClass Name="TEXT_ITEM_NUMBER_CLASS" ParentModule="PAS_OLD" ParentModuleType="25" ParentName="TEXT_ITEM_NUMBER_CLASS" ParentFilename="pas_old.olb" ParentFilepath="" ParentType="29"/>
      <PropertyClass Name="TEXT_ITEM_DATETIME_CLASS" ParentModule="PAS_OLD" ParentModuleType="25" ParentName="TEXT_ITEM_DATETIME_CLASS" ParentFilename="pas_old.olb" ParentFilepath="" ParentType="29"/>
      <PropertyClass Name="DISPLAY_ITEM_CLASS" ParentModule="PAS_OLD" ParentModuleType="25" ParentName="DISPLAY_ITEM_CLASS" ParentFilename="pas_old.olb" ParentFilepath="" ParentType="29"/>
      <PropertyClass Name="STACKED_CANVAS_CLASS" ParentModule="PAS_OLD" ParentModuleType="25" ParentName="STACKED_CANVAS_CLASS" ParentFilename="pas_old.olb" ParentFilepath="" ParentType="29"/>
      <PropertyClass Name="WINDOW_CLASS" ParentModule="PAS_OLD" ParentModuleType="25" ParentName="WINDOW_CLASS" ParentFilename="pas_old.olb" ParentFilepath="" ParentType="29"/>
      <PropertyClass Name="ID_CLASS" ParentModule="PAS_OLD" ParentModuleType="25" ParentName="ID_CLASS" ParentFilename="pas_old.olb" ParentFilepath="" ParentType="29"/>
      <PropertyClass Name="FORM_TITLE_CLASS" ParentModule="PAS_CUI" ParentModuleType="25" ParentName="FORM_TITLE_CLASS" ParentFilename="pas_cui.olb" DirtyInfo="true" ParentFilepath="" ItemType="Display Item" ParentType="29"/>
      <PropertyClass Name="SECTION_TITLE_CLASS" ParentModule="PAS_CUI" ParentModuleType="25" ParentName="SECTION_TITLE_CLASS" ParentFilename="pas_cui.olb" DirtyInfo="true" ParentFilepath="" ItemType="Display Item" ParentType="29"/>
      <PropertyClass Name="BACKGROUND_LINK_BOX_CLASS" ParentModule="PAS_CUI" ParentModuleType="25" ParentName="BACKGROUND_LINK_BOX_CLASS" ParentFilename="pas_cui.olb" DirtyInfo="true" ParentFilepath="" ParentType="29"/>
      <PropertyClass Name="CUI_DATE_INPUT" ParentModule="PAS_CUI" ParentModuleType="25" ParentName="CUI_DATE_INPUT" ParentFilename="pas_cui.olb" DirtyInfo="true" ParentFilepath="" ParentType="29"/>
      <PropertyClass Name="CUI_DATE_DISP" ParentModule="PAS_CUI" ParentModuleType="25" ParentName="CUI_DATE_DISP" ParentFilename="pas_cui.olb" DirtyInfo="true" ParentFilepath="" ParentType="29"/>
      <PropertyClass Name="CUI_DATETIME_INPUT" ParentModule="PAS_CUI" ParentModuleType="25" ParentName="CUI_DATETIME_INPUT" ParentFilename="pas_cui.olb" DirtyInfo="true" ParentFilepath="" ParentType="29"/>
      <PropertyClass Name="CUI_DATETIME_DISP" ParentModule="PAS_CUI" ParentModuleType="25" ParentName="CUI_DATETIME_DISP" ParentFilename="pas_cui.olb" DirtyInfo="true" ParentFilepath="" ParentType="29"/>
      <PropertyClass Name="MENU_ITEM_CLASS" ParentModule="PAS_CUI" ParentModuleType="25" ParentName="MENU_ITEM_CLASS" ParentFilename="pas_cui.olb" DirtyInfo="true" ParentFilepath="" ParentType="29"/>
      <RecordGroup Name="DIAG_NOTE_WITH_NO_CRITERIA" DirtyInfo="true" RecordGroupFetchSize="0" RecordGroupQuery="select description ,&amp;#10;diag_code,&amp;#10;level_no,&amp;#10;children_flag ,&amp;#10;diagnosis_division, &amp;#10;hosp_code, &amp;#10;father_diag_code &amp;#10;from diagnosis_codes&amp;#10;where diagnosis_division in &amp;#10;( select code &amp;#10;from codes &amp;#10;where code_type = 292 &amp;#10;and prog_code = :parameter.diagnosis_division_prog_code ) &amp;#10;and rownum &lt; 1000&amp;#10;and nvl(active_flag, 'Y') = 'Y'" Comment="used to list all diagnosis_codes within a diagnosis_division - should be used with a long list lov&amp;#10;" RecordGroupType="Query">
         <RecordGroupColumn Name="DESCRIPTION" DirtyInfo="true" ColumnDataType="Character" MaximumLength="200"/>
         <RecordGroupColumn Name="DIAG_CODE" DirtyInfo="true" ColumnDataType="Character" MaximumLength="25"/>
         <RecordGroupColumn Name="LEVEL_NO" DirtyInfo="true" ColumnDataType="Number" MaximumLength="23"/>
         <RecordGroupColumn Name="CHILDREN_FLAG" DirtyInfo="true" ColumnDataType="Character" MaximumLength="1"/>
         <RecordGroupColumn Name="DIAGNOSIS_DIVISION" DirtyInfo="true" ColumnDataType="Number" MaximumLength="23"/>
         <RecordGroupColumn Name="HOSP_CODE" DirtyInfo="true" ColumnDataType="Character" MaximumLength="25"/>
         <RecordGroupColumn Name="FATHER_DIAG_CODE" DirtyInfo="true" ColumnDataType="Character" MaximumLength="25"/>
      </RecordGroup>
      <RecordGroup Name="HOSP_CODE_WITH_NO_CRITERIA" DirtyInfo="true" RecordGroupFetchSize="0" RecordGroupQuery="select hosp_code, &amp;#10;description ,&amp;#10;diag_code,&amp;#10;level_no,children_flag ,&amp;#10;diagnosis_division, &amp;#10;father_diag_code &amp;#10;from diagnosis_codes &amp;#10;where diagnosis_division in &amp;#10;( select code &amp;#10;from codes &amp;#10;where code_type = 292 &amp;#10;and prog_code = :parameter.diagnosis_division_prog_code ) &amp;#10;and nvl(active_flag, 'Y') = 'Y'&amp;#10;and rownum &lt; 1000 order by 1&amp;#10;" Comment="used to list all diagnosis_codes within a diagnosis_division - should be used with a long list lov&amp;#10;" RecordGroupType="Query">
         <RecordGroupColumn Name="HOSP_CODE" DirtyInfo="true" ColumnDataType="Character" MaximumLength="25"/>
         <RecordGroupColumn Name="DESCRIPTION" DirtyInfo="true" ColumnDataType="Character" MaximumLength="200"/>
         <RecordGroupColumn Name="DIAG_CODE" DirtyInfo="true" ColumnDataType="Character" MaximumLength="25"/>
         <RecordGroupColumn Name="LEVEL_NO" DirtyInfo="true" ColumnDataType="Number" MaximumLength="23"/>
         <RecordGroupColumn Name="CHILDREN_FLAG" DirtyInfo="true" ColumnDataType="Character" MaximumLength="1"/>
         <RecordGroupColumn Name="DIAGNOSIS_DIVISION" DirtyInfo="true" ColumnDataType="Number" MaximumLength="23"/>
         <RecordGroupColumn Name="FATHER_DIAG_CODE" DirtyInfo="true" ColumnDataType="Character" MaximumLength="25"/>
      </RecordGroup>
      <Trigger Name="WHEN-MOUSE-CLICK" TriggerText="--&amp;#10;-- call stdlib procedure to handle mouse click&amp;#10;-- N.B. standard left button click is not affected &amp;#10;--&amp;#10;-- date&#x9;&#x9;by&#x9;&#x9;change&amp;#10;-- 31-05-1996&#x9;Steve Pusey&#x9;Creation&amp;#10;--&amp;#10;BEGIN&amp;#10;&amp;#10;  oasis_when_mouse_click.when_mouse_click;&amp;#10;&amp;#10;END;"/>
      <Trigger Name="WHEN-TIMER-EXPIRED" FireInQuery="true" TriggerText="Button_Hint;&amp;#10;" DisplayInKeyboardHelp="false"/>
      <Trigger Name="PRE_BLOCK" DirtyInfo="true" FireInQuery="true" TriggerText="/* This trigger resets the 40352_count global to allow the Last line of query message to be displayed */&amp;#10;begin&amp;#10;  :GLOBAL.40352_COUNT := 0;&amp;#10;end;" DisplayInKeyboardHelp="false"/>
      <Trigger Name="PRE_QUERY" DirtyInfo="true" FireInQuery="true" TriggerText="/* This trigger resets the 40352_count global to allow the Last line of query message to be displayed */&amp;#10;begin&amp;#10;  :GLOBAL.40352_COUNT := 0;&amp;#10;end;" DisplayInKeyboardHelp="false"/>
      <Trigger Name="ON_MESSAGE" DirtyInfo="true" FireInQuery="true" TriggerText="/* This trigger traps the multiple FRM-40352 messages produced when a user uses a scrollbar to move past the bottom of a multiline block */&amp;#10;declare&amp;#10;  mssgnum   number       := message_code;&amp;#10;  mssgtxt   varchar2(80) := message_text;&amp;#10;  mssgtyp   varchar2(3)  := message_type;&amp;#10;begin&amp;#10;  default_value('0','GLOBAL.40352_COUNT');&amp;#10;  if mssgnum = 40352 then&amp;#10;    if :GLOBAL.40352_COUNT = 0 then&amp;#10;      message(mssgtyp||'-'||to_char(mssgnum)||': '||mssgtxt);&amp;#10;      :GLOBAL.40352_COUNT := 1;&amp;#10;      raise form_trigger_failure;&amp;#10;    else&amp;#10;      raise form_trigger_failure;&amp;#10;    end if;&amp;#10;  else&amp;#10;    message(mssgtyp||'-'||to_char(mssgnum)||': '||mssgtxt);&amp;#10;    raise form_trigger_failure;&amp;#10;  end if;&amp;#10;end;&amp;#10;" DisplayInKeyboardHelp="false"/>
      <Trigger Name="KEY-EXIT" DirtyInfo="true" FireInQuery="true" TriggerText="/* This trigger fires on forms exit and checks if the form was called directly from the login screen, if so it new forms the menu*/&amp;#10;begin&amp;#10;&amp;#10; oasis_exit_form;&amp;#10;&amp;#10;end;&amp;#10;" DisplayInKeyboardHelp="false"/>
      <Trigger Name="WHEN-WINDOW-CLOSED" DirtyInfo="true" FireInQuery="true" TriggerText="/* This trigger ensures proper navigation when a window is closed using the windows close function */&amp;#10;begin&amp;#10;  :GLOBAL.WINDOW_NAME := get_view_property(get_item_property(:SYSTEM.CURSOR_ITEM,&amp;#10;     item_canvas), window_name);&amp;#10;  hide_window(:GLOBAL.WINDOW_NAME);&amp;#10;  erase('GLOBAL.WINDOW_NAME');&amp;#10;end;&amp;#10;" DisplayInKeyboardHelp="false"/>
      <Trigger Name="POST-FORM" DirtyInfo="true" FireInQuery="true" TriggerText="/* This trigger clears the Global variables used within the form */&amp;#10;begin&amp;#10;  sqa_exit_handler;&amp;#10;  erase('GLOBAL.ROOT_WINDOW_NAME');&amp;#10;end;&amp;#10;" DisplayInKeyboardHelp="false"/>
      <Trigger Name="WHEN-WINDOW-RESIZED" DirtyInfo="true" TriggerText="/*used by the rational robot*/&amp;#10;sqa_evt_handler;&amp;#10;"/>
      <Trigger Name="WHEN-MOUSE-ENTER" DirtyInfo="true" TriggerText="/*used by the rational robot*/&amp;#10;sqa_mouse_handler;&amp;#10;"/>
      <Trigger Name="WHEN-NEW-FORM-INSTANCE" TriggerText="--&amp;#10;-- fires when form is entered, PRE-FORM fires before this trigger&amp;#10;DECLARE&amp;#10;  v_error_no number(4); -- returned from oasis_new_form_instance&amp;#10;BEGIN&amp;#10;  oasis_new_form_instance_v2(v_error_no, 2); &amp;#10;  &amp;#10;  if v_error_no > 0 then&amp;#10;    display_alert ('ERROR_ALERT', v_error_no);&amp;#10;    exit_form (NO_VALIDATE);&amp;#10;  end if;&amp;#10;&amp;#10;-- *** Insert additional code into init_form package ***&amp;#10;&amp;#10;  init_form.init_form;&amp;#10;  &amp;#10;  --NS on 11/01/05 part of webform conversion&amp;#10;  HCI_UPGRADE.PR_INITIALISE_IMAGES;&amp;#10;&amp;#10;END;"/>
      <Trigger Name="KEY-CLRFRM" ParentModule="PAS_CUI" ParentModuleType="25" ParentName="KEY-CLRFRM" ParentFilename="pas_cui.olb" DirtyInfo="true" ParentFilepath="" ParentType="37"/>
      <Trigger Name="KEY-CLRBLK" TriggerText="IF   :SYSTEM.CURSOR_BLOCK = 'PLP'&amp;#10;THEN NULL;&amp;#10;&amp;#10;ELSE IF   GET_BLOCK_PROPERTY('LP', STATUS) &lt;> 'QUERY'&amp;#10;&#x9;   THEN IF   display_alert_return('QUESTION_ALERT', 391) = ALERT_BUTTON2&amp;#10;          THEN RAISE FORM_TRIGGER_FAILURE;&amp;#10;          END IF;&amp;#10;     END IF;&amp;#10;--&amp;#10;&#x9;   clear_block(NO_VALIDATE);  &amp;#10;END IF;&amp;#10;"/>
      <Trigger Name="KEY-CLRREC" TriggerText="IF   :SYSTEM.CURSOR_BLOCK = 'LP'&amp;#10;THEN IF   NVL(GET_RECORD_PROPERTY(:SYSTEM.CURSOR_RECORD, 'LP', STATUS), 'QUERY') NOT IN ('QUERY', 'INSERT')&amp;#10;&#x9;   THEN IF   display_alert_return('QUESTION_ALERT', 391) = ALERT_BUTTON2&amp;#10;          THEN RAISE FORM_TRIGGER_FAILURE;&amp;#10;          END IF;&amp;#10;     END IF;&amp;#10;--&amp;#10;     CLEAR_RECORD;&amp;#10;END IF;"/>
      <Trigger Name="KEY-COMMIT" TriggerText="commit_form;"/>
      <Trigger Name="KEY-CQUERY" TriggerText="NULL;"/>
      <Trigger Name="KEY-CREREC" TriggerText="NULL;"/>
      <Trigger Name="KEY-DELREC" DirtyInfo="true" TriggerText="IF   :SYSTEM.CURSOR_BLOCK = 'PLP'&amp;#10;THEN NULL;&amp;#10;&amp;#10;ELSE DELETE_RECORD;&amp;#10;END IF;"/>
      <Trigger Name="KEY-DOWN" TriggerText="IF   :SYSTEM.CURSOR_BLOCK = 'PLP'&amp;#10;THEN NULL;&amp;#10;&amp;#10;ELSE IF   :SYSTEM.CURSOR_RECORD IN ('1', '2', '3', '4')&amp;#10;&#x9;   THEN DOWN;&amp;#10;     END IF;&amp;#10;END IF;&amp;#10;"/>
      <Trigger Name="KEY-DUP-ITEM" DirtyInfo="true" KeyboardHelpText="Record Error" TriggerText="NULL;" DisplayInKeyboardHelp="true"/>
      <Trigger Name="KEY-DUPREC" TriggerText="NULL;"/>
      <Trigger Name="KEY-EDIT" TriggerText="EDIT_TEXTITEM;"/>
      <Trigger Name="KEY-ENTER" TriggerText="NULL;"/>
      <Trigger Name="KEY-ENTQRY" TriggerText="IF   :SYSTEM.CURSOR_BLOCK = 'PLP'&amp;#10;THEN NULL;&amp;#10;&amp;#10;ELSE ENTER_QUERY;&amp;#10;END IF;"/>
      <Trigger Name="KEY-EXEQRY" TriggerText="execute_query;"/>
      <Trigger Name="KEY-LISTVAL" TriggerText="list_values;"/>
      <Trigger Name="KEY-NEXT-ITEM" TriggerText="next_item;"/>
      <Trigger Name="KEY-NXTREC" TriggerText="-- Do not allow entry of more secondary records than is allowed in a procedure package (currently 5).&amp;#10;IF   :SYSTEM.CURSOR_BLOCK = 'LP'&amp;#10;THEN IF   TO_NUMBER(:SYSTEM.CURSOR_RECORD) &lt; :PARAMETER.P_MAX_SECONDARY_RECORDS&amp;#10;&#x9;   THEN NEXT_RECORD;&amp;#10;&#x9;   END IF;&amp;#10;END IF;"/>
      <Trigger Name="KEY-NXTSET" TriggerText="NULL;"/>
      <Trigger Name="KEY-OTHERS" TriggerText="NULL;"/>
      <Trigger Name="KEY-PREV-ITEM" TriggerText="PREVIOUS_ITEM;"/>
      <Trigger Name="KEY-PRINT" TriggerText="print;"/>
      <Trigger Name="KEY-PRVREC" TriggerText="IF   :SYSTEM.CURSOR_RECORD &lt;> '1'&amp;#10;THEN PREVIOUS_RECORD;&amp;#10;END IF;&amp;#10;"/>
      <Trigger Name="KEY-SCRDOWN" TriggerText="NULL;"/>
      <Trigger Name="KEY-SCRUP" TriggerText="NULL;"/>
      <Trigger Name="KEY-UP" TriggerText="IF   :SYSTEM.CURSOR_RECORD &lt;> '1'&amp;#10;THEN UP;&amp;#10;END IF;"/>
      <Trigger Name="ON-MESSAGE" TriggerText="--&amp;#10;-- steve pusey 19/4/96&amp;#10;--&amp;#10;BEGIN&amp;#10;&amp;#10;  oasis_standard_procs.on_message;&amp;#10;&amp;#10;END;"/>
      <Trigger Name="ON-ERROR" TriggerText="--&amp;#10;-- steve pusey 19/4/96&amp;#10;--&amp;#10;BEGIN&amp;#10;&amp;#10;  oasis_standard_procs.on_error;&amp;#10;&amp;#10;END;"/>
      <Trigger Name="WHEN-NEW-ITEM-INSTANCE" DirtyInfo="true" TriggerText="&amp;#10;:global.last_item := :system.trigger_item;"/>
      <VisualAttribute Name="CURR_ITEM_VA" ParentModule="PAS_OLD" ParentModuleType="25" ParentName="CURR_ITEM_VA" ParentFilename="pas_old.olb" ParentFilepath="" ParentType="39"/>
      <VisualAttribute Name="TEXT_ITEM_VA" BackColor="gray8" FontName="Arial" FontSize="900" FontStyle="Plain" FontWeight="Medium" FontSpacing="Normal" ForegroundColor="black" FillPattern="transparent"/>
      <VisualAttribute Name="BACKGROUND_CANVAS" BackColor="white" FontName="Arial" FontSize="900" FontStyle="Plain" FontWeight="Medium" FontSpacing="Normal" ForegroundColor="black" FillPattern="transparent"/>
      <VisualAttribute Name="DISP_RED" BackColor="red" FontName="Arial" FontSize="900" FontStyle="Plain" FontWeight="Bold" FontSpacing="Normal" ForegroundColor="black" FillPattern="solid"/>
      <VisualAttribute Name="BACKGROUND_CANVAS_BLUE" BackColor="white" FontName="Arial" FontSize="900" FontStyle="Plain" FontWeight="Medium" FontSpacing="Normal" ForegroundColor="black" FillPattern="transparent"/>
      <VisualAttribute Name="TEXT_ITEM_BPT" BackColor="white" FontName="Arial" FontSize="900" FontStyle="Plain" FontWeight="Medium" FontSpacing="Normal" ForegroundColor="Top Blue" FillPattern="transparent"/>
      <VisualAttribute Name="TEXT_ITEM_BPT_BLD" BackColor="white" FontName="Arial" FontSize="900" FontStyle="Plain" DirtyInfo="true" FontWeight="Bold" FontSpacing="Normal" ForegroundColor="black" FillPattern="transparent"/>
      <VisualAttribute Name="TEXT_ITEM_BPT_GREY" BackColor="white" FontName="Arial" FontSize="900" FontStyle="Plain" FontWeight="Medium" FontSpacing="Normal" ForegroundColor="Top Blue" FillPattern="transparent"/>
      <VisualAttribute Name="DISP_RED2" BackColor="white" FontName="Arial" FontSize="900" FontStyle="Plain" FontWeight="Demibold" FontSpacing="Normal" ForegroundColor="red" FillPattern="solid"/>
      <VisualAttribute Name="DISP_GREEN" BackColor="green" FontName="Arial" FontSize="900" FontStyle="Plain" FontWeight="Bold" FontSpacing="Normal" ForegroundColor="black" FillPattern="solid"/>
      <VisualAttribute Name="DISP_GREEN2" BackColor="white" FontName="Arial" FontSize="900" FontStyle="Plain" FontWeight="Demibold" FontSpacing="Normal" ForegroundColor="green" FillPattern="solid"/>
      <VisualAttribute Name="TEXT_ITEM_VA_HILIGHT" BackColor="white" FontName="Arial" FontSize="900" FontStyle="Plain" FontWeight="Bold" FontSpacing="Normal" ForegroundColor="blue" FillPattern="transparent"/>
      <VisualAttribute Name="DEFAULT_ATTRIBUTE" BackColor="white" FontName="Arial" FontSize="900" FontStyle="Plain" DirtyInfo="true" FontWeight="Bold" FontSpacing="Normal" ForegroundColor="blue" FillPattern="transparent"/>
      <VisualAttribute Name="TEXT_ITEM_VA_CHANGED" BackColor="white" FontName="Arial" FontSize="900" FontStyle="Plain" FontWeight="Bold" FontSpacing="Normal" ForegroundColor="red" FillPattern="transparent"/>
      <VisualAttribute Name="WEB_BTN" BackColor="white" FontName="Arial" FontSize="900" FontStyle="Plain" FontWeight="Medium" FontSpacing="Normal"/>
      <VisualAttribute Name="WEB_TEXT_BUTTON" ParentModule="PAS_CUI" ParentModuleType="25" ParentName="WEB_TEXT_BUTTON" ParentFilename="pas_cui.olb" ParentFilepath="" ParentType="39"/>
      <VisualAttribute Name="WEB_TEXT_BUTTON_CLICK" ParentModule="PAS_CUI" ParentModuleType="25" ParentName="WEB_TEXT_BUTTON_CLICK" ParentFilename="pas_cui.olb" ParentFilepath="" ParentType="39"/>
      <VisualAttribute Name="WEB_BPT_WINGDINGS" BackColor="white" FontName="Wingdings" FontSize="1400" FontStyle="Plain" FontWeight="Medium" FontSpacing="Normal" ForegroundColor="Top Blue"/>
      <VisualAttribute Name="V7_VA_TOOLTIP" BackColor="r100g100b88" FontName="Arial" FontSize="900" FontStyle="Plain" FontWeight="Medium" FontSpacing="Normal" ForegroundColor="Black"/>
      <VisualAttribute Name="MENU_TEXT_ITEMS" BackColor="Side Green" FontName="Arial" VisualAttributeType="Common" FontSize="900" DirtyInfo="true" FontWeight="Bold" ForegroundColor="darkcyan"/>
      <VisualAttribute Name="MENU_TEXT_ITEMS_INV" BackColor="darkcyan" FontName="Arial" VisualAttributeType="Common" FontSize="900" DirtyInfo="true" FontWeight="Bold" ForegroundColor="Side Green"/>
      <VisualAttribute Name="MENU_PROMPT" VisualAttributeType="Prompt" PromptForegroundColor="darkgray" DirtyInfo="true" PromptFontName="Arial" PromptFontSize="900" PromptFontStyle="Plain" PromptFontWeight="Bold" PromptFontSpacing="Normal"/>
      <VisualAttribute Name="TEXT_ITEM_VA_LOV" DirtyInfo="true"/>
      <VisualAttribute Name="FORM_TITLE_VA" ParentModule="PAS_CUI" ParentModuleType="25" ParentName="FORM_TITLE_VA" ParentFilename="pas_cui.olb" DirtyInfo="true" ParentFilepath="" ParentType="39"/>
      <VisualAttribute Name="SECTION_TITLE_VA" ParentModule="PAS_CUI" ParentModuleType="25" ParentName="SECTION_TITLE_VA" ParentFilename="pas_cui.olb" DirtyInfo="true" ParentFilepath="" ParentType="39"/>
      <VisualAttribute Name="BACKGROUND_LINK_BOX_VA" ParentModule="PAS_CUI" ParentModuleType="25" ParentName="BACKGROUND_LINK_BOX_VA" ParentFilename="pas_cui.olb" DirtyInfo="true" ParentFilepath="" ParentType="39"/>
      <VisualAttribute Name="CUI_TOOLTIP_VA" ParentModule="PAS_CUI" ParentModuleType="25" ParentName="CUI_TOOLTIP_VA" ParentFilename="pas_cui.olb" DirtyInfo="true" ParentFilepath="" ParentType="39"/>
      <VisualAttribute Name="MENU_TEXT_ITEMS_VA" ParentModule="PAS_CUI" ParentModuleType="25" ParentName="MENU_TEXT_ITEMS_VA" ParentFilename="pas_cui.olb" DirtyInfo="true" ParentFilepath="" ParentType="39"/>
      <Window Name="MAIN_FORM_WINDOW" ShowHorizontalScrollbar="false" HorizontalToolbarCanvasName="TOOLBAR_CANVAS" ClearAllowed="true" MinimizeAllowed="true" IconFilename="" Title=" " Width="755" InheritMenu="true" WindowStyle="Document" ResizeAllowed="true" HideOnExit="false" XPosition="0" YPosition="0" Bevel="None" MaximizeAllowed="true" DirtyInfo="true" VisualAttributeName="DEFAULT" Modal="true" MoveAllowed="true" ShowVerticalScrollbar="false" Height="480"/>
      <ObjectGroup Name="ACTIONS_OG" ParentModule="PAS_CUI" ParentModuleType="25" ParentName="ACTIONS_OG" ParentFilename="PAS_CUI.olb" DirtyInfo="true" ParentType="23">
         <ObjectGroupChild Name="C_ACTIONS" SubclassSubObject="true"/>
         <ObjectGroupChild Name="C_BASE" SubclassSubObject="true"/>
         <ObjectGroupChild Name="C_FUNCTIONS" SubclassSubObject="true"/>
         <ObjectGroupChild Name="MENU_CANVAS_CLASS" SubclassSubObject="true"/>
         <ObjectGroupChild Name="MENU_CANVAS_VA" SubclassSubObject="true"/>
         <ObjectGroupChild Name="MENU_ITEM_CLASS" SubclassSubObject="true"/>
         <ObjectGroupChild Name="TOP_MENU" SubclassSubObject="true"/>
         <ObjectGroupChild Name="LT_TOOLBAR_MAIN" SubclassSubObject="true"/>
         <ObjectGroupChild Name="HCI_UPGRADE" SubclassSubObject="true"/>
         <ObjectGroupChild Name="HCI_UPGRADE" SubclassSubObject="true"/>
         <ObjectGroupChild Name="LHM_RESET_CANVAS_STACK" SubclassSubObject="true"/>
         <ObjectGroupChild Name="LOCAL_RESET_CANVAS_STACK" SubclassSubObject="true"/>
      </ObjectGroup>
      <ObjectGroup Name="KEY_TRIGGERS" DirtyInfo="true" ObjectGroupType="22">
         <ObjectGroupChild Name="KEY-CLRFRM" Type="Trigger"/>
         <ObjectGroupChild Name="KEY-CLRBLK" Type="Trigger"/>
         <ObjectGroupChild Name="KEY-CLRREC" Type="Trigger"/>
         <ObjectGroupChild Name="KEY-COMMIT" Type="Trigger"/>
         <ObjectGroupChild Name="KEY-CQUERY" Type="Trigger"/>
         <ObjectGroupChild Name="KEY-CREREC" Type="Trigger"/>
         <ObjectGroupChild Name="KEY-DELREC" DirtyInfo="true" Type="Trigger"/>
         <ObjectGroupChild Name="KEY-DOWN" Type="Trigger"/>
         <ObjectGroupChild Name="KEY-DUP-ITEM" Type="Trigger"/>
         <ObjectGroupChild Name="KEY-DUPREC" Type="Trigger"/>
         <ObjectGroupChild Name="KEY-EDIT" Type="Trigger"/>
         <ObjectGroupChild Name="KEY-ENTER" Type="Trigger"/>
         <ObjectGroupChild Name="KEY-ENTQRY" Type="Trigger"/>
         <ObjectGroupChild Name="KEY-EXEQRY" Type="Trigger"/>
         <ObjectGroupChild Name="KEY-LISTVAL" Type="Trigger"/>
         <ObjectGroupChild Name="KEY-NEXT-ITEM" Type="Trigger"/>
         <ObjectGroupChild Name="KEY-NXTREC" Type="Trigger"/>
         <ObjectGroupChild Name="KEY-NXTSET" Type="Trigger"/>
         <ObjectGroupChild Name="KEY-OTHERS" Type="Trigger"/>
         <ObjectGroupChild Name="KEY-PREV-ITEM" Type="Trigger"/>
         <ObjectGroupChild Name="KEY-PRINT" Type="Trigger"/>
         <ObjectGroupChild Name="KEY-PRVREC" Type="Trigger"/>
         <ObjectGroupChild Name="KEY-SCRDOWN" Type="Trigger"/>
         <ObjectGroupChild Name="KEY-SCRUP" Type="Trigger"/>
         <ObjectGroupChild Name="KEY-UP" Type="Trigger"/>
      </ObjectGroup>
      <ObjectGroup Name="ABOUT_FORM_PARAMETERS" DirtyInfo="true" ObjectGroupType="22">
         <ObjectGroupChild Name="P_TEMPLATE" Type="ModuleParameter"/>
         <ObjectGroupChild Name="P_VERSION" Type="ModuleParameter"/>
         <ObjectGroupChild Name="P_DATE" Type="ModuleParameter"/>
      </ObjectGroup>
      <ObjectGroup Name="ON_TRIGGERS" DirtyInfo="true" ObjectGroupType="22">
         <ObjectGroupChild Name="ON-MESSAGE" Type="Trigger"/>
         <ObjectGroupChild Name="ON-ERROR" Type="Trigger"/>
      </ObjectGroup>
   </FormModule>
</Module>
