<?xml version = '1.0' encoding = 'UTF-8'?>
<Module version="122010300" xmlns="http://xmlns.oracle.com/Forms">
   <FormModule Name="CODEINTR" ValidationUnit="Default" FirstNavigationBlockName="INTERFACE_CODE_DEFINITION" HorizontalToolbarCanvas=" " ConsoleWindow="MAIN_FORM_WINDOW" MenuModule="OASIS" CursorMode="Open" InitializeMenu="DEFAULTMENUAPP" Use3dControls="true" RuntimeComp="5.0" DirtyInfo="true" MouseNavigationLimit="Form" SavepointMode="true">
      <Coordinate CharacterCellWidth="7" RealUnit="Point" DefaultFontScaling="false" CharacterCellHeight="16" CoordinateSystem="Real"/>
      <Alert Name="STANDARD_ALERT" DirtyInfo="true" Button1Label="OK" VisualAttributeName="DEFAULT" Button2Label="" DefaultAlertButton="Button 1" AlertStyle="Note"/>
      <Alert Name="WARNING_ALERT" DirtyInfo="true" Button1Label="OK" VisualAttributeName="DEFAULT" Button2Label="" DefaultAlertButton="Button 1" AlertStyle="Note"/>
      <Alert Name="ERROR_ALERT" DirtyInfo="true" Button1Label="OK" VisualAttributeName="DEFAULT" Button2Label="" DefaultAlertButton="Button 1" AlertStyle="Note"/>
      <Alert Name="QUESTION_ALERT" DirtyInfo="true" Button1Label="Yes" VisualAttributeName="DEFAULT" Button2Label="No" DefaultAlertButton="Button 1" AlertStyle="Note"/>
      <Block Name="CONTROL" RecordsBufferedCount="0" RecordsDisplayCount="1" RecordsFetchedCount="1" EnforcedColumnSecurity="false" InsertAllowed="false" EnforcedPrimaryKey="false" RecordOrientation="Vertical" UpdateAllowed="false" DeleteAllowed="false" DirtyInfo="true" VisualAttributeName="DEFAULT" KeyMode="Unique" DatabaseBlock="false" QueryDataSourceType="None" QueryAllowed="false" LockMode="Immediate" DMLDataType="None" NavigationStyle="Same Record" ShowScrollbar="false">
         <Item Name="TIMEOUT" DatabaseItem="false" Bevel="None" DirtyInfo="true" TabPageName="" Width="0" CanvasName="TOOLBAR_CANVAS" ItemType="Bean Area" ImplementationClass="com.capula.eoasis.Timeout" Height="0"/>
         <Item Name="NAVIGATE_BUTTON" ValidateFromList="false" EditXPosition="0" LovXPosition="0" EditYPosition="0" Justification="Left" LovYPosition="0" DistanceBetweenRecords="0" ListStyle="Poplist" MaximumLength="30" FixedLength="false" WrapStyle="Word" AutoSkip="false" CompressionQuality="None" XPosition="369" Required="false" YPosition="2" DatabaseItem="false" Bevel="Raised" CanvasName="CNV_HIDE" MultiLine="false" CaseInsensitiveQuery="false" CaseRestriction="Mixed" ParentType="29" CheckBoxOtherValues="Not Allowed" ConcealData="false" SizingStyle="Crop" ShowHorizontalScrollbar="false" IconFilename="compass" TabPageName="" InsertAllowed="true" DataType="Char" UpdateAllowed="true" ParentModule="CODEINTR" UpdateIfNull="false" ParentModuleType="12" PrimaryKey="false" ParentName="TOOLBAR_BUTTON_CLASS" DirtyInfo="true" KeepCursorPosition="false" VisualAttributeName="WEB_BTN" Label="NAV" QueryAllowed="true" QueryLength="30" LockRecord="false" DisplayQuality="High" ShowVerticalScrollbar="false" TooltipVisualAttributeGroup="V7_VA_TOOLTIP">
            <Trigger Name="WHEN-BUTTON-PRESSED" TriggerText="--&amp;#10;-- Steve Pusey 15/4/96&amp;#10;--&amp;#10;-- toggle between navigation and default menus&amp;#10;--&amp;#10;BEGIN&amp;#10;&amp;#10;  oasis_menu.toggle_menu;&amp;#10;&amp;#10;END;"/>
         </Item>
      </Block>
      <Block Name="TEXT" RecordsBufferedCount="0" RecordsDisplayCount="1" RecordsFetchedCount="0" WhereClause="" EnforcedColumnSecurity="false" InsertAllowed="true" EnforcedPrimaryKey="false" RecordOrientation="Vertical" UpdateAllowed="true" DMLDataName="" DeleteAllowed="true" QueryDataSourceName="" DirtyInfo="true" VisualAttributeName="DEFAULT" KeyMode="Unique" DatabaseBlock="false" QueryDataSourceType="None" QueryAllowed="true" LockMode="Immediate" DMLDataType="None" NavigationStyle="Same Record" ShowScrollbar="false">
         <Item Name="FUNCTION_ID" ValidateFromList="false" LovXPosition="0" Justification="Left" LovYPosition="0" ListStyle="Poplist" Width="36" MaximumLength="6" WrapStyle="Word" AutoSkip="false" CompressionQuality="None" XPosition="108" YPosition="35" DatabaseItem="true" Bevel="Plain" AutoHint="false" MouseNavigate="true" MultiLine="false" CaseInsensitiveQuery="false" KeyboardNavigable="true" CaseRestriction="Mixed" CheckBoxOtherValues="Not Allowed" PrimaryKey="false" DefaultButton="false" QueryAllowed="true" Visible="true" QueryLength="6" DisplayQuality="High" EditXPosition="0" EditYPosition="0" Enabled="true" DistanceBetweenRecords="4364" FixedLength="false" Required="true" Height="14" ConcealData="false" Hint="Enter value for : FUNCTION_ID" SizingStyle="Crop" ShowHorizontalScrollbar="false" Iconic="false" InsertAllowed="true" ItemType="Display Item" DataType="Number" UpdateAllowed="true" UpdateIfNull="false" KeepCursorPosition="false" VisualAttributeName="DEFAULT" Label="Function Id" LockRecord="false" ShowVerticalScrollbar="false" TooltipVisualAttributeGroup="V7_VA_TOOLTIP"/>
         <Item Name="LANGUAGE_ID" ValidateFromList="false" LovXPosition="0" Justification="Left" LovYPosition="0" ListStyle="Poplist" Width="24" MaximumLength="4" WrapStyle="Word" AutoSkip="false" CompressionQuality="None" XPosition="576" YPosition="35" DatabaseItem="true" Bevel="Plain" AutoHint="false" MouseNavigate="true" MultiLine="false" CaseInsensitiveQuery="false" KeyboardNavigable="true" CaseRestriction="Mixed" CheckBoxOtherValues="Not Allowed" PrimaryKey="false" DefaultButton="false" QueryAllowed="true" Visible="true" QueryLength="4" DisplayQuality="High" EditXPosition="0" EditYPosition="0" Enabled="true" DistanceBetweenRecords="4364" FixedLength="false" Required="true" Height="14" ConcealData="false" Hint="Enter value for : LANGUAGE_ID" SizingStyle="Crop" ShowHorizontalScrollbar="false" Iconic="false" InsertAllowed="true" ItemType="Display Item" DataType="Number" UpdateAllowed="true" UpdateIfNull="false" KeepCursorPosition="false" VisualAttributeName="DEFAULT" Label="Language Id" LockRecord="false" ShowVerticalScrollbar="false" TooltipVisualAttributeGroup="V7_VA_TOOLTIP"/>
         <Item Name="CONTROL_ITEM" ValidateFromList="false" LovXPosition="0" Justification="Left" LovYPosition="0" ListStyle="Poplist" Width="0" MaximumLength="1" WrapStyle="Word" AutoSkip="false" BackColor="white" CompressionQuality="None" XPosition="16" YPosition="10" DatabaseItem="false" Bevel="Plain" AutoHint="false" MouseNavigate="true" CanvasName="TOOLBAR_CANVAS" MultiLine="false" CaseInsensitiveQuery="false" KeyboardNavigable="true" CaseRestriction="Mixed" CheckBoxOtherValues="Not Allowed" Comment="This item is created as a hidden enterable field to allow the query on this block to operate" PrimaryKey="false" DirtyInfo="true" DefaultButton="false" QueryAllowed="true" Visible="true" QueryLength="1" DisplayQuality="High" EditXPosition="0" EditYPosition="0" Enabled="true" DistanceBetweenRecords="0" FillPattern="transparent" FixedLength="false" Required="false" FontName="Fixedsys" FontSize="900" FontStyle="Plain" FontWeight="Demilight" FontSpacing="Normal" ForegroundColor="black" Height="0" ConcealData="false" SizingStyle="Crop" ShowHorizontalScrollbar="false" Iconic="false" InsertAllowed="true" ItemType="Text Item" DataType="Char" UpdateAllowed="true" UpdateIfNull="false" KeepCursorPosition="false" LockRecord="false" ShowVerticalScrollbar="false" TooltipVisualAttributeGroup="V7_VA_TOOLTIP"/>
         <Item Name="BPT_1" ValidateFromList="false" EditXPosition="0" LovXPosition="0" EditYPosition="0" Justification="Start" LovYPosition="0" Enabled="true" ListStyle="Poplist" Width="80" FixedLength="false" WrapStyle="Word" AutoSkip="false" CompressionQuality="None" XPosition="9" Required="false" YPosition="69" AutoHint="false" MouseNavigate="true" CanvasName="C_CODE_INTERFACE" MultiLine="false" CaseInsensitiveQuery="false" KeyboardNavigable="true" CaseRestriction="Mixed" ParentType="29" CheckBoxOtherValues="Not Allowed" ConcealData="false" SizingStyle="Crop" ShowHorizontalScrollbar="false" Iconic="false" TabPageName="" InsertAllowed="true" UpdateAllowed="true" ParentModule="CODEINTR" UpdateIfNull="false" ParentModuleType="12" ParentName="BPT_BLUE_CLASS" DirtyInfo="true" KeepCursorPosition="false" DefaultButton="false" QueryAllowed="true" QueryLength="80" LockRecord="false" DisplayQuality="High" ShowVerticalScrollbar="false" TooltipVisualAttributeGroup="V7_VA_TOOLTIP"/>
         <Item Name="BPT_2" ValidateFromList="false" EditXPosition="0" LovXPosition="0" EditYPosition="0" Justification="Start" LovYPosition="0" Enabled="true" ListStyle="Poplist" Width="80" FixedLength="false" WrapStyle="Word" AutoSkip="false" CompressionQuality="None" XPosition="9" Required="false" YPosition="84" AutoHint="false" MouseNavigate="true" CanvasName="C_CODE_INTERFACE" MultiLine="false" CaseInsensitiveQuery="false" KeyboardNavigable="true" CaseRestriction="Mixed" ParentType="29" CheckBoxOtherValues="Not Allowed" ConcealData="false" SizingStyle="Crop" ShowHorizontalScrollbar="false" Iconic="false" TabPageName="" InsertAllowed="true" ItemType="Display Item" UpdateAllowed="true" ParentModule="CODEINTR" UpdateIfNull="false" ParentModuleType="12" ParentName="BPT_BLUE_CLASS" DirtyInfo="true" KeepCursorPosition="false" DefaultButton="false" QueryAllowed="true" QueryLength="80" LockRecord="false" DisplayQuality="High" ShowVerticalScrollbar="false" TooltipVisualAttributeGroup="V7_VA_TOOLTIP"/>
         <Item Name="BPT_3" ValidateFromList="false" EditXPosition="0" LovXPosition="0" EditYPosition="0" Justification="Start" LovYPosition="0" Enabled="true" ListStyle="Poplist" Width="80" FixedLength="false" WrapStyle="Word" AutoSkip="false" CompressionQuality="None" XPosition="9" Required="false" YPosition="99" AutoHint="false" MouseNavigate="true" CanvasName="C_CODE_INTERFACE" MultiLine="false" CaseInsensitiveQuery="false" KeyboardNavigable="true" CaseRestriction="Mixed" ParentType="29" CheckBoxOtherValues="Not Allowed" ConcealData="false" SizingStyle="Crop" ShowHorizontalScrollbar="false" Iconic="false" TabPageName="" InsertAllowed="true" ItemType="Display Item" UpdateAllowed="true" ParentModule="CODEINTR" UpdateIfNull="false" ParentModuleType="12" ParentName="BPT_BLUE_CLASS" DirtyInfo="true" KeepCursorPosition="false" DefaultButton="false" QueryAllowed="true" QueryLength="80" LockRecord="false" DisplayQuality="High" ShowVerticalScrollbar="false" TooltipVisualAttributeGroup="V7_VA_TOOLTIP"/>
         <Item Name="BPT_5" ValidateFromList="false" EditXPosition="0" LovXPosition="0" EditYPosition="0" LovYPosition="0" Enabled="true" ListStyle="Poplist" Width="71" FixedLength="false" WrapStyle="Word" AutoSkip="false" CompressionQuality="None" XPosition="21" Required="false" YPosition="181" AutoHint="false" MouseNavigate="true" CanvasName="C_CODE_INTERFACE" MultiLine="false" CaseInsensitiveQuery="false" KeyboardNavigable="true" CaseRestriction="Mixed" ParentType="29" CheckBoxOtherValues="Not Allowed" ConcealData="false" SizingStyle="Crop" ShowHorizontalScrollbar="false" Iconic="false" InsertAllowed="true" ItemType="Display Item" UpdateAllowed="true" ParentModule="CODEINTR" UpdateIfNull="false" ParentModuleType="12" ParentName="BPT_GREY_CLASS" DirtyInfo="true" KeepCursorPosition="false" DefaultButton="false" QueryAllowed="true" QueryLength="80" LockRecord="false" DisplayQuality="High" ShowVerticalScrollbar="false" TooltipVisualAttributeGroup="V7_VA_TOOLTIP"/>
         <Item Name="BPT_6" ValidateFromList="false" EditXPosition="0" LovXPosition="0" EditYPosition="0" LovYPosition="0" Enabled="true" ListStyle="Poplist" Width="265" FixedLength="false" WrapStyle="Word" AutoSkip="false" CompressionQuality="None" XPosition="107" Required="false" YPosition="181" AutoHint="false" MouseNavigate="true" CanvasName="C_CODE_INTERFACE" MultiLine="false" CaseInsensitiveQuery="false" KeyboardNavigable="true" CaseRestriction="Mixed" ParentType="29" CheckBoxOtherValues="Not Allowed" ConcealData="false" SizingStyle="Crop" ShowHorizontalScrollbar="false" Iconic="false" InsertAllowed="true" ItemType="Display Item" UpdateAllowed="true" ParentModule="CODEINTR" UpdateIfNull="false" ParentModuleType="12" ParentName="BPT_GREY_CLASS" DirtyInfo="true" KeepCursorPosition="false" DefaultButton="false" QueryAllowed="true" QueryLength="80" LockRecord="false" DisplayQuality="High" ShowVerticalScrollbar="false" TooltipVisualAttributeGroup="V7_VA_TOOLTIP"/>
         <Item Name="BPT_7" ValidateFromList="false" EditXPosition="0" LovXPosition="0" EditYPosition="0" LovYPosition="0" Enabled="true" ListStyle="Poplist" Width="111" FixedLength="false" WrapStyle="Word" AutoSkip="false" CompressionQuality="None" XPosition="431" Required="false" YPosition="181" AutoHint="false" MouseNavigate="true" CanvasName="C_CODE_INTERFACE" MultiLine="false" CaseInsensitiveQuery="false" KeyboardNavigable="true" CaseRestriction="Mixed" ParentType="29" CheckBoxOtherValues="Not Allowed" ConcealData="false" SizingStyle="Crop" ShowHorizontalScrollbar="false" Iconic="false" InsertAllowed="true" ItemType="Display Item" UpdateAllowed="true" ParentModule="CODEINTR" UpdateIfNull="false" ParentModuleType="12" ParentName="BPT_GREY_CLASS" DirtyInfo="true" KeepCursorPosition="false" DefaultButton="false" QueryAllowed="true" QueryLength="80" LockRecord="false" DisplayQuality="High" ShowVerticalScrollbar="false" TooltipVisualAttributeGroup="V7_VA_TOOLTIP"/>
         <Item Name="BPT_9" ValidateFromList="false" LovXPosition="0" LovYPosition="0" ListStyle="Poplist" Width="465" MaximumLength="130" WrapStyle="Word" AutoSkip="false" BackColor="white" CompressionQuality="None" XPosition="93" YPosition="133" AutoHint="false" MouseNavigate="true" CanvasName="C_CODE_INTERFACE" MultiLine="false" CaseInsensitiveQuery="false" KeyboardNavigable="true" CaseRestriction="Mixed" ParentType="29" CheckBoxOtherValues="Not Allowed" DirtyInfo="true" DefaultButton="false" QueryAllowed="true" QueryLength="80" DisplayQuality="High" EditXPosition="0" EditYPosition="0" Enabled="true" FixedLength="false" Required="false" ForegroundColor="Top Blue" ConcealData="false" SizingStyle="Crop" ShowHorizontalScrollbar="false" Iconic="false" TabPageName="" InsertAllowed="true" ItemType="Display Item" UpdateAllowed="true" ParentModule="CODEINTR" UpdateIfNull="false" ParentModuleType="12" ParentName="BPT_BLUE_CLASS" KeepCursorPosition="false" VisualAttributeName="DEFAULT" LockRecord="false" ShowVerticalScrollbar="false" TooltipVisualAttributeGroup="V7_VA_TOOLTIP"/>
         <Item Name="BPT_11" ValidateFromList="false" EditXPosition="0" LovXPosition="0" EditYPosition="0" Justification="Start" LovYPosition="0" Enabled="true" ListStyle="Poplist" Width="80" FixedLength="false" WrapStyle="Word" AutoSkip="false" CompressionQuality="None" XPosition="9" Required="false" YPosition="114" AutoHint="false" MouseNavigate="true" CanvasName="C_CODE_INTERFACE" MultiLine="false" CaseInsensitiveQuery="false" KeyboardNavigable="true" CaseRestriction="Mixed" ParentType="29" CheckBoxOtherValues="Not Allowed" ConcealData="false" SizingStyle="Crop" ShowHorizontalScrollbar="false" Iconic="false" TabPageName="" InsertAllowed="true" ItemType="Display Item" UpdateAllowed="true" ParentModule="CODEINTR" UpdateIfNull="false" ParentModuleType="12" ParentName="BPT_BLUE_CLASS" DirtyInfo="true" KeepCursorPosition="false" DefaultButton="false" QueryAllowed="true" QueryLength="80" LockRecord="false" DisplayQuality="High" ShowVerticalScrollbar="false" TooltipVisualAttributeGroup="V7_VA_TOOLTIP"/>
         <Item Name="BPT_12" ValidateFromList="false" LovXPosition="0" Justification="Start" LovYPosition="0" ListStyle="Poplist" Width="225" MaximumLength="80" WrapStyle="Word" AutoSkip="false" CompressionQuality="None" XPosition="21" YPosition="159" DatabaseItem="false" AutoHint="false" MouseNavigate="true" CanvasName="C_CODE_INTERFACE" MultiLine="false" CaseInsensitiveQuery="false" KeyboardNavigable="true" CaseRestriction="Mixed" ParentType="29" CheckBoxOtherValues="Not Allowed" PrimaryKey="false" DirtyInfo="true" DefaultButton="false" QueryAllowed="true" Visible="true" QueryLength="80" DisplayQuality="High" EditXPosition="0" EditYPosition="0" Enabled="true" DistanceBetweenRecords="0" FillPattern="transparent" FixedLength="false" Required="false" ConcealData="false" SizingStyle="Crop" ShowHorizontalScrollbar="false" Iconic="false" InsertAllowed="true" DataType="Char" UpdateAllowed="true" ParentModule="CODEINTR" UpdateIfNull="false" ParentModuleType="12" ParentName="SECTION_TITLE_CLASS" KeepCursorPosition="false" LockRecord="false" ShowVerticalScrollbar="false" TooltipVisualAttributeGroup="V7_VA_TOOLTIP"/>
         <Item Name="DSP_BREADCRUMB" Justification="Start" TabPageName="" Width="278" MaximumLength="4000" ItemType="Display Item" BackColor="white" XPosition="95" FontName="Arial" YPosition="4" DatabaseItem="false" Bevel="None" FontSize="1000" FontStyle="Italic" DirtyInfo="true" FontWeight="Bold" FontSpacing="Normal" ForegroundColor="darkcyan" CanvasName="CNV_HIDE" Visible="false" Height="15"/>
         <Item Name="BPT_13" ValidateFromList="false" LovXPosition="0" Justification="Start" LovYPosition="0" ListStyle="Poplist" Width="225" MaximumLength="80" WrapStyle="Word" AutoSkip="false" CompressionQuality="None" XPosition="21" YPosition="16" DatabaseItem="false" AutoHint="false" MouseNavigate="true" CanvasName="C_CODE_INTERFACE" MultiLine="false" CaseInsensitiveQuery="false" KeyboardNavigable="true" CaseRestriction="Mixed" ParentType="29" CheckBoxOtherValues="Not Allowed" PrimaryKey="false" DirtyInfo="true" DefaultButton="false" QueryAllowed="true" Visible="true" QueryLength="80" DisplayQuality="High" EditXPosition="0" EditYPosition="0" Enabled="true" DistanceBetweenRecords="0" FillPattern="transparent" FixedLength="false" Required="false" ConcealData="false" SizingStyle="Crop" ShowHorizontalScrollbar="false" Iconic="false" InsertAllowed="true" DataType="Char" UpdateAllowed="true" ParentModule="CODEINTR" UpdateIfNull="false" ParentModuleType="12" ParentName="SECTION_TITLE_CLASS" KeepCursorPosition="false" LockRecord="false" ShowVerticalScrollbar="false" TooltipVisualAttributeGroup="V7_VA_TOOLTIP"/>
         <Trigger Name="WHEN-MOUSE-DOUBLECLICK" TriggerText="--&amp;#10;-- steve pusey 19/4/96&amp;#10;--&amp;#10;-- change value in current boilerplate text item&amp;#10;--&amp;#10;BEGIN&amp;#10;&amp;#10;  boilerplate.change_boilerplate;&amp;#10;&amp;#10;END;"/>
      </Block>
      <Block Name="INTERFACE_CODE_DEFINITION" DMLDataName="INTERFACE_CODE_DEFINITION" QueryDataSourceName="INTERFACE_CODE_DEFINITION" RecordsDisplayCount="1" DirtyInfo="true" VisualAttributeName="DEFAULT" DatabaseBlock="true" QueryDataSourceType="Table" DMLDataType="Table" RecordOrientation="Vertical" ShowScrollbar="false">
         <Item Name="PUSH_BUTTON371" ShowHorizontalScrollbar="false" Iconic="true" IconFilename="b_lov_b3" TabPageName="" Width="19" ItemType="Push Button" ParentModule="CODEINTR" CompressionQuality="None" XPosition="539" ParentModuleType="12" YPosition="68" ParentName="BUTTON_CLASS" DirtyInfo="true" VisualAttributeName="WEB_BTN" Label="PUSH_BUTTON331" MouseNavigate="false" CanvasName="C_CODE_INTERFACE" KeyboardNavigable="false" ParentType="29" ShowVerticalScrollbar="false" TooltipVisualAttributeGroup="V7_VA_TOOLTIP" Height="15">
            <Trigger Name="WHEN-BUTTON-PRESSED" TriggerText="--&amp;#10;-- show Code Type Interface&amp;#10;--&amp;#10;-- date&#x9;&#x9;by&#x9;&#x9;change&amp;#10;-- 06/08/1996&#x9;Simon Till&#x9;Creation&amp;#10;--&amp;#10;BEGIN&amp;#10;&amp;#10;  go_item('interface_code_definition.INTERFACE_SYSTEM_DESC');&amp;#10;  do_key('List_Values');&amp;#10;  &amp;#10;END;"/>
         </Item>
         <Item Name="PUSH_BUTTON365" ShowHorizontalScrollbar="false" Iconic="true" IconFilename="b_lov_b3" TabPageName="" Width="19" ItemType="Push Button" ParentModule="CODEINTR" CompressionQuality="None" XPosition="539" ParentModuleType="12" YPosition="83" ParentName="BUTTON_CLASS" DirtyInfo="true" VisualAttributeName="WEB_BTN" Label="PUSH_BUTTON331" MouseNavigate="false" CanvasName="C_CODE_INTERFACE" KeyboardNavigable="false" ParentType="29" ShowVerticalScrollbar="false" TooltipVisualAttributeGroup="V7_VA_TOOLTIP" Height="15">
            <Trigger Name="WHEN-BUTTON-PRESSED" TriggerText="--&amp;#10;-- show Code Type Interface&amp;#10;--&amp;#10;-- date&#x9;&#x9;by&#x9;&#x9;change&amp;#10;-- 06/08/1996&#x9;Simon Till&#x9;Creation&amp;#10;--&amp;#10;BEGIN&amp;#10;&amp;#10;  go_item('interface_code_definition.code_type');&amp;#10;  do_key('List_Values');&amp;#10;  &amp;#10;END;"/>
         </Item>
         <Item Name="INTERFACE_SYSTEM_DESC" DistanceBetweenRecords="95" Width="445" MaximumLength="80" CompressionQuality="None" XPosition="93" Required="false" YPosition="69" DatabaseItem="false" Bevel="Plain" CanvasName="C_CODE_INTERFACE" CaseRestriction="Upper" ParentType="29" Height="14" Hint="Enter value for : CODE_TYPE" ShowHorizontalScrollbar="false" TabPageName="" InsertAllowed="false" DataType="Char" UpdateAllowed="false" ParentModule="CODEINTR" ParentModuleType="12" ParentName="TEXT_ITEM_CLASS" DirtyInfo="true" Label="Code Type" QueryLength="0" ShowVerticalScrollbar="false" TooltipVisualAttributeGroup="V7_VA_TOOLTIP">
            <Trigger Name="KEY-LISTVAL" TriggerText="--&amp;#10;-- show interface_system_lov&amp;#10;--&amp;#10;-- date&#x9;&#x9;by&#x9;&#x9;change&amp;#10;-- 06/08/1996&#x9;Steve Pusey&#x9;Creation&amp;#10;--&amp;#10;DECLARE&amp;#10;&amp;#10;  v_user_code&#x9;&#x9;varchar2(15); -- temporary variable&amp;#10;&amp;#10;BEGIN&amp;#10;&amp;#10;  oasis_number_set_item_property ('INTERFACE_CODE_DEFINITION.INTERFACE_SYSTEM_DESC', INSERT_ALLOWED, PROPERTY_ON);&amp;#10;  oasis_number_set_item_property ('INTERFACE_CODE_DEFINITION.INTERFACE_SYSTEM_DESC', UPDATE_ALLOWED, PROPERTY_ON);&amp;#10;&#x9;oasis_number_set_item_property ('INTERFACE_CODE_DEFINITION.CODE_TYPE', UPDATE_ALLOWED, PROPERTY_ON);&amp;#10;&#x9;oasis_number_set_item_property ('INTERFACE_CODE_DEFINITION.CODE_TYPE', INSERT_ALLOWED, PROPERTY_ON);&amp;#10;&amp;#10;  if show_lov ('INTERFACE_SYSTEM_LOV') then&amp;#10;&amp;#10;    if :PARAMETER.P_LOV_USER_CODE = '*NEW' then&amp;#10;      -- call addcode form&amp;#10;      call_form_addcode (&amp;#10;       10030,&amp;#10;       :INTERFACE_CODE_DEFINITION.INTERFACE_SYSTEM_CODE,&amp;#10;       v_user_code,&amp;#10;       :INTERFACE_CODE_DEFINITION.INTERFACE_SYSTEM_DESC&amp;#10;      );&amp;#10;&amp;#10;    else&amp;#10;      -- return values from lov&amp;#10;       :INTERFACE_CODE_DEFINITION.INTERFACE_SYSTEM_CODE := :PARAMETER.P_LOV_CODE;&amp;#10;       :INTERFACE_CODE_DEFINITION.INTERFACE_SYSTEM_DESC := :PARAMETER.P_LOV_DESCRIPTION;&amp;#10;&amp;#10;    end if;&amp;#10;&amp;#10;  end if;  &amp;#10;&amp;#10;  oasis_number_set_item_property ('INTERFACE_CODE_DEFINITION.INTERFACE_SYSTEM_DESC', INSERT_ALLOWED, PROPERTY_OFF);&amp;#10;  oasis_number_set_item_property ('INTERFACE_CODE_DEFINITION.INTERFACE_SYSTEM_DESC', UPDATE_ALLOWED, PROPERTY_OFF);&amp;#10;&amp;#10;END;"/>
         </Item>
         <Item Name="CODE_TYPE" DistanceBetweenRecords="95" Width="65" MaximumLength="42" CompressionQuality="None" XPosition="93" Required="false" YPosition="84" DatabaseItem="true" Bevel="Plain" CanvasName="C_CODE_INTERFACE" CaseRestriction="Mixed" ParentType="29" Height="14" Hint="Enter value for : CODE_TYPE" ShowHorizontalScrollbar="false" TabPageName="" InsertAllowed="false" DataType="Number" UpdateAllowed="false" ParentModule="CODEINTR" ParentModuleType="12" ParentName="TEXT_ITEM_CLASS" DirtyInfo="true" Label="Code Type" QueryLength="42" ShowVerticalScrollbar="false" TooltipVisualAttributeGroup="V7_VA_TOOLTIP">
            <Trigger Name="KEY-LISTVAL" TriggerText="--&amp;#10;-- date&#x9;&#x9;by&#x9;&#x9;change&amp;#10;-- 06/08/1996&#x9;Steve Pusey&#x9;Creation&amp;#10;--&amp;#10;BEGIN&amp;#10;&amp;#10;  show_code_type_lov;&amp;#10;&amp;#10;END;"/>
            <Trigger Name="WHEN-VALIDATE-ITEM" DirtyInfo="true" TriggerText="-- &amp;#10;-- Date&#x9;&#x9;&#x9;by&#x9;&#x9;Change&amp;#10;-- 18/2/03&#x9;La&#x9;&#x9;Created&amp;#10;&amp;#10;DECLARE&amp;#10;  v_ok&#x9;BOOLEAN;&amp;#10;  &#x9;&amp;#10;BEGIN&amp;#10;&#x9;IF :SYSTEM.MODE != 'NORMAL' THEN&amp;#10;&#x9;&#x9;RETURN;&amp;#10;&#x9;END IF;&amp;#10;&#x9;&amp;#10;&#x9;IF :INTERFACE_CODE_DEFINITION.CODE_TYPE IS NULL THEN&amp;#10;    :INTERFACE_CODE_DEFINITION.CODE_TYPE := NULL;&amp;#10;    :INTERFACE_CODE_DEFINITION.CODE_TYPE_DESC := NULL;&amp;#10;    :INTERFACE_CODE_DEFINITION.WHEN_NULL := NULL;&amp;#10;&#x9;&#x9;&amp;#10;&#x9;ELSE&amp;#10;&amp;#10;&#x9;&#x9;v_ok := VALIDATE_CODE_TYPE (&amp;#10;&#x9;&#x9;        :INTERFACE_CODE_DEFINITION.CODE_TYPE,&amp;#10;&#x9;&#x9;        :INTERFACE_CODE_DEFINITION.CODE_TYPE_DESC,&amp;#10;&#x9;&#x9;        'VALIDATE');&amp;#10;&amp;#10;    :INTERFACE_CODE_DEFINITION.WHEN_NULL := NULL;&amp;#10;&#x9;END IF;&amp;#10;&#x9;&amp;#10;END;&amp;#10;"/>
         </Item>
         <Item Name="CODE_TYPE_DESC" DistanceBetweenRecords="95" Width="379" MaximumLength="80" CompressionQuality="None" XPosition="159" Required="false" YPosition="84" DatabaseItem="false" Bevel="Plain" CanvasName="C_CODE_INTERFACE" KeyboardNavigable="false" CaseRestriction="Upper" ParentType="29" Height="14" Hint="Enter value for : CODE_TYPE" ShowHorizontalScrollbar="false" TabPageName="" InsertAllowed="false" ItemType="Text Item" DataType="Char" UpdateAllowed="false" ParentModule="CODEINTR" ParentModuleType="12" ParentName="TEXT_ITEM_CLASS" DirtyInfo="true" Label="Code Type" QueryLength="0" ShowVerticalScrollbar="false" TooltipVisualAttributeGroup="V7_VA_TOOLTIP">
            <Trigger Name="KEY-LISTVAL" TriggerText="--&amp;#10;-- date&#x9;&#x9;by&#x9;&#x9;change&amp;#10;-- 06/08/1996&#x9;Steve Pusey&#x9;Creation&amp;#10;--&amp;#10;BEGIN&amp;#10;&amp;#10;  show_code_type_lov;&amp;#10;&amp;#10;END;"/>
         </Item>
         <Item Name="CODE_SIZE" LowestAllowedValue="1" DistanceBetweenRecords="95" Width="465" MaximumLength="42" CompressionQuality="None" XPosition="93" Required="false" YPosition="99" DatabaseItem="true" Bevel="Plain" CanvasName="C_CODE_INTERFACE" CaseRestriction="Upper" ParentType="29" Height="14" HighestAllowedValue="20" Hint="Enter value for : CODE_SIZE" ShowHorizontalScrollbar="false" TabPageName="" DataType="Number" InitializeValue="2" ParentModule="CODEINTR" ParentModuleType="12" ParentName="TEXT_ITEM_CLASS" DirtyInfo="true" Label="Code Size" QueryLength="42" ShowVerticalScrollbar="false" TooltipVisualAttributeGroup="V7_VA_TOOLTIP">
            <Trigger Name="PRE-TEXT-ITEM" TriggerText="--&amp;#10;-- disable lov_btn&amp;#10;--&amp;#10;-- date&#x9;&#x9;by&#x9;&#x9;change&amp;#10;-- 06/08/1996&#x9;Steve Pusey&#x9;Creation&amp;#10;-- 29/07/2016 girish deleted lov_btn ('ON'); the code for tfs-2951090&amp;#10;BEGIN&amp;#10;&amp;#10;  null;&amp;#10;&amp;#10;END;"/>
            <Trigger Name="WHEN-VALIDATE-ITEM" TriggerText="--&amp;#10;-- validate length is not shorter than any of the associated interface_codes&amp;#10;--&amp;#10;-- date&#x9;&#x9;by&#x9;&#x9;change&amp;#10;-- 06/08/1996&#x9;Steve Pusey&#x9;Creation&amp;#10;--&amp;#10;DECLARE&amp;#10;&amp;#10;  v_max_interface_code&#x9;number(2); -- length of maximum associated interface code&amp;#10;  v_error_text&#x9;&#x9;varchar2(80); &amp;#10;&amp;#10;  cursor get_max_length is&amp;#10;    select max(NVL(length(interface_code), 0))&amp;#10;    from interface_code_conversions conv, codes cd&amp;#10;    where conv.interface_system_code = :INTERFACE_CODE_DEFINITION.INTERFACE_SYSTEM_CODE&amp;#10;      and cd.code = conv.code&amp;#10;      and cd.code_type = :INTERFACE_CODE_DEFINITION.CODE_TYPE;&amp;#10; &amp;#10;BEGIN&amp;#10;&amp;#10;  if :SYSTEM.MODE = 'NORMAL' then&amp;#10;    -- check lengths&amp;#10;&amp;#10;    open get_max_length;&amp;#10;    fetch get_max_length into v_max_interface_code;&amp;#10;    close get_max_length;&amp;#10;&amp;#10;    if nvl(v_max_interface_code,0) > nvl(:INTERFACE_CODE_DEFINITION.CODE_SIZE,0) then&amp;#10;      -- whoops, tell user (s)he is an oik !?!&amp;#10;&amp;#10;      v_error_text := get_error_message (7062);&amp;#10;&amp;#10;      display_standard_alert (substr(v_error_text||' '||to_char(v_max_interface_code),1,80));&amp;#10;&amp;#10;      raise form_trigger_failure;&amp;#10;&amp;#10;    end if;&amp;#10;&amp;#10;  end if;&amp;#10;&amp;#10;END;"/>
            <Trigger Name="POST-TEXT-ITEM" TriggerText="--&amp;#10;-- enable lov_btn&amp;#10;--&amp;#10;-- date&#x9;&#x9;by&#x9;&#x9;change&amp;#10;-- 06/08/1996&#x9;Steve Pusey&#x9;Creation&amp;#10;-- 29/07/2016 girish deleted lov_btn ('ON'); the code for tfs-2951090&amp;#10;BEGIN&amp;#10;&amp;#10;  null;&amp;#10;&amp;#10;END;"/>
         </Item>
         <Item Name="WHEN_NULL" LowestAllowedValue="" DistanceBetweenRecords="95" Width="465" MaximumLength="30" CompressionQuality="None" XPosition="93" Required="false" YPosition="114" DatabaseItem="true" Bevel="Plain" CanvasName="C_CODE_INTERFACE" CaseRestriction="Upper" ParentType="29" Height="14" HighestAllowedValue="" Hint="Enter value for : CODE_SIZE" ShowHorizontalScrollbar="false" TabPageName="" ItemType="Text Item" DataType="Char" InitializeValue="" ParentModule="CODEINTR" ParentModuleType="12" ParentName="TEXT_ITEM_CLASS" DirtyInfo="true" Label="Code Size" Visible="true" QueryLength="42" ShowVerticalScrollbar="false" TooltipVisualAttributeGroup="V7_VA_TOOLTIP"/>
         <Item Name="INTERFACE_SYSTEM_CODE" Enabled="true" DistanceBetweenRecords="95" Width="63" MaximumLength="42" CompressionQuality="None" XPosition="147" Required="false" YPosition="27" DatabaseItem="true" Bevel="Plain" CanvasName="" KeyboardNavigable="true" CaseRestriction="Upper" Height="14" Hint="Enter value for : INTERFACE_SYSTEM_CODE" ShowHorizontalScrollbar="false" ItemType="Display Item" DataType="Number" UpdateAllowed="true" VisualAttributeName="DEFAULT" Label="Interface System Code" QueryAllowed="true" Visible="false" QueryLength="42" ShowVerticalScrollbar="false" TooltipVisualAttributeGroup="V7_VA_TOOLTIP"/>
         <Item Name="AMEND_BY_USER" Enabled="true" DistanceBetweenRecords="95" Width="63" MaximumLength="42" CompressionQuality="None" XPosition="352" Required="false" YPosition="54" DatabaseItem="true" Bevel="Plain" CanvasName="" KeyboardNavigable="true" CaseRestriction="Upper" Height="14" Hint="Enter value for : AMEND_BY_USER" ShowHorizontalScrollbar="false" ItemType="Display Item" DataType="Number" UpdateAllowed="true" VisualAttributeName="DEFAULT" Label="Amend By User" QueryAllowed="true" Visible="false" QueryLength="42" ShowVerticalScrollbar="false" TooltipVisualAttributeGroup="V7_VA_TOOLTIP"/>
         <Item Name="AMEND_LAST_DATE" Enabled="true" DistanceBetweenRecords="95" Width="58" MaximumLength="30" CompressionQuality="None" XPosition="147" Required="false" YPosition="81" DatabaseItem="true" Bevel="Plain" CanvasName="" KeyboardNavigable="true" CaseRestriction="Upper" Height="14" Hint="Enter value for : AMEND_LAST_DATE" ShowHorizontalScrollbar="false" ItemType="Text Item" DataType="Datetime" UpdateAllowed="true" VisualAttributeName="DEFAULT" Label="Amend Last Date" QueryAllowed="true" Visible="false" QueryLength="0" ShowVerticalScrollbar="false" TooltipVisualAttributeGroup="V7_VA_TOOLTIP"/>
         <Trigger Name="POST-BLOCK" TriggerText="--&amp;#10;-- disable lov_btn&amp;#10;--&amp;#10;-- date&#x9;&#x9;by&#x9;&#x9;change&amp;#10;-- 06/08/1996&#x9;Steve Pusey&#x9;Creation&amp;#10;-- 29/07/2016 girish deleted lov_btn ('OFF'); the code for tfs-2951090&amp;#10;BEGIN&amp;#10;&amp;#10;  null;&amp;#10;&amp;#10;END;"/>
         <Trigger Name="PRE-BLOCK" TriggerText="--&amp;#10;-- enable lov_btn&amp;#10;--&amp;#10;-- date&#x9;&#x9;by&#x9;&#x9;change&amp;#10;-- 06/08/1996&#x9;Steve Pusey&#x9;Creation&amp;#10;-- 29/07/2016 girish deleted lov_btn ('ON'); the code for tfs-2951090&amp;#10;BEGIN&amp;#10;&#x9;null;&amp;#10;END;"/>
         <Trigger Name="PRE-INSERT" TriggerText="--&amp;#10;-- fill in null canvas items&amp;#10;--&amp;#10;-- date&#x9;&#x9;by&#x9;&#x9;change&amp;#10;-- 06/08/1996&#x9;Steve Pusey&#x9;Creation&amp;#10;-- 18/05/2009 Joe Waters  Benenden Salesforce issue 3161. Trap a duplicate record before inserting.&amp;#10;declare&amp;#10;&#x9;vd_sysdate DATE:=sysdate;&amp;#10;&#x9;v_dup_rec  VARCHAR2(1); -- 18/05/2009 JW&amp;#10;--&amp;#10;-- 18/05/2009 Joe Waters Benenden Salesforce issue 3161. Check for a duplicate record.&amp;#10;  CURSOR c1 IS &amp;#10;    SELECT '1'&amp;#10;    FROM interface_code_definition i&amp;#10;    WHERE i.interface_system_code = :interface_code_definition.interface_system_code&amp;#10;    AND   i.code_type                 = :interface_code_definition.code_type;&amp;#10;BEGIN&amp;#10;-- 18/05/2009 Joe Waters Benenden Salesforce issue 3161. The Interface System and Oasis Code Type must both be entered&amp;#10;  IF   :interface_code_definition.interface_system_code IS NULL&amp;#10;  OR   :interface_code_definition.code_type IS NULL&amp;#10;  THEN DISPLAY_ALERT('ERROR_ALERT', 9614); -- Interface System and OASIS Code Type must be entered before Submitting&amp;#10;       RAISE FORM_TRIGGER_FAILURE;&amp;#10;  END IF;&amp;#10;--&amp;#10;-- 18/05/2009 Joe Waters Benenden Salesforce issue 3161. Trap a duplicate record before inserting.&amp;#10;  OPEN c1;&amp;#10;      FETCH c1 INTO v_dup_rec;&amp;#10;--&amp;#10;      IF   c1%FOUND&amp;#10;      THEN DISPLAY_ALERT('ERROR_ALERT', 9612); -- This Interface System/OASIS Code Type combination already exists&amp;#10;           RAISE FORM_TRIGGER_FAILURE;&amp;#10;      END IF;&amp;#10;  CLOSE c1;&amp;#10;&amp;#10;  :INTERFACE_CODE_DEFINITION.AMEND_BY_USER := :GLOBAL.USER_ID;&amp;#10;  :INTERFACE_CODE_DEFINITION.AMEND_LAST_DATE := vd_sysdate;&amp;#10;&amp;#10;END;"/>
         <Trigger Name="POST-QUERY" TriggerText="--&amp;#10;-- fill in non base table items&amp;#10;--&amp;#10;-- date&#x9;&#x9;by&#x9;&#x9;change&amp;#10;-- 06/08/1996&#x9;Steve Pusey&#x9;Creation&amp;#10;--&amp;#10;DECLARE&amp;#10;&amp;#10;  v_rec_exists&#x9;&#x9;boolean;&amp;#10;  v_user_code&#x9;&#x9;varchar2(15);&amp;#10;  v_error_no&#x9;&#x9;number;&amp;#10;&amp;#10;BEGIN&amp;#10;&amp;#10;  -- code_type_desc&amp;#10;  v_rec_exists := validate_code_type (&amp;#10;    :INTERFACE_CODE_DEFINITION.CODE_TYPE,&amp;#10;    :INTERFACE_CODE_DEFINITION.CODE_TYPE_DESC,&amp;#10;    'NOVALIDATE'&amp;#10;  );&amp;#10;&amp;#10;  -- interface_code_desc&amp;#10;  v_rec_exists := validate_code (&amp;#10;    :INTERFACE_CODE_DEFINITION.INTERFACE_SYSTEM_CODE,&amp;#10;    v_user_code,&amp;#10;    :INTERFACE_CODE_DEFINITION.INTERFACE_SYSTEM_DESC,&amp;#10;    v_error_no,&amp;#10;    'NOVALIDATE'&amp;#10;  );  &amp;#10;&amp;#10;&amp;#10;END;"/>
         <Trigger Name="KEY-CREREC" TriggerText="--&amp;#10;-- Copies the existing value from interface_system to be the default for the new one.&amp;#10;--&amp;#10;-- Date&#x9;&#x9;By&#x9;&#x9;Change&amp;#10;-- 19/6/1998&#x9;SImon&#x9;&#x9;Creation&amp;#10;-- 15/05/2009 Joe Waters Benenden Salesforce issue 3161. Only create a new record if there is a database &amp;#10;--                       record currently in the block.&amp;#10;DECLARE&amp;#10;  v_temp_sys_code&#x9;Number;&amp;#10;  v_temp_sys_desc&#x9;Varchar2(80);&amp;#10;BEGIN&amp;#10;-- 15/05/2009 Joe Waters Benenden Salesforce issue 3161. Only create a new record if there is a database &amp;#10;--                       record currently in the block.&amp;#10;  IF   :Interface_Code_Definition.rowid IS NULL&amp;#10;  THEN DISPLAY_ALERT('WARNING_ALERT', 9611);&amp;#10;       RAISE FORM_TRIGGER_FAILURE;&amp;#10;  END IF;&amp;#10;&amp;#10;  IF :Interface_Code_Definition.Interface_System_Code IS NOT NULL Then&amp;#10;&#x9;v_temp_sys_code := :Interface_Code_Definition.Interface_System_Code;&amp;#10;&#x9;v_temp_sys_desc := :Interface_Code_Definition.Interface_System_desc;&amp;#10;  END IF;&amp;#10;&amp;#10;  CREATE_RECORD;&amp;#10;&amp;#10;  IF v_temp_sys_code IS NOT NULL Then&amp;#10;&#x9;:Interface_Code_Definition.Interface_System_Code  := v_temp_sys_code;&amp;#10;&#x9;:Interface_Code_Definition.Interface_System_desc := v_temp_sys_desc;&amp;#10;  END IF;&amp;#10;END;"/>
         <Trigger Name="WHEN-NEW-RECORD-INSTANCE" DirtyInfo="true" TriggerText="show_view('BLANK');"/>
         <Trigger Name="PRE-UPDATE" DirtyInfo="true" TriggerText="-- Date       By          Change&amp;#10;-- 18/05/2009 Joe Waters  Benenden Salesforce issue 3161. Check for duplicates.&amp;#10;DECLARE&amp;#10;&#x9;v_dup_rec  VARCHAR2(1); &amp;#10;--&amp;#10;  CURSOR c1 IS &amp;#10;    SELECT '1'&amp;#10;    FROM interface_code_definition i&amp;#10;    WHERE i.interface_system_code = :interface_code_definition.interface_system_code&amp;#10;    AND   i.code_type             = :interface_code_definition.code_type&amp;#10;    AND   i.ROWID                &lt;> :interface_code_definition.ROWID;&amp;#10;BEGIN&amp;#10;-- The Interface System and Oasis Code Type must both be entered&amp;#10;  IF   :interface_code_definition.interface_system_code IS NULL&amp;#10;  OR   :interface_code_definition.code_type IS NULL&amp;#10;  THEN DISPLAY_ALERT('ERROR_ALERT', 9614); -- Interface System and OASIS Code Type must be entered before Submitting&amp;#10;       RAISE FORM_TRIGGER_FAILURE;&amp;#10;  END IF;&amp;#10;--&amp;#10;-- Trap a duplicate record before updating.&amp;#10;  OPEN c1;&amp;#10;      FETCH c1 INTO v_dup_rec;&amp;#10;--&amp;#10;      IF   c1%FOUND&amp;#10;      THEN DISPLAY_ALERT('ERROR_ALERT', 9612); -- This Interface System/OASIS Code Type combination already exists&amp;#10;           RAISE FORM_TRIGGER_FAILURE;&amp;#10;      END IF;&amp;#10;  CLOSE c1;&amp;#10;END;"/>
      </Block>
      <Block Name="CODE_INTERFACE" RecordsDisplayCount="11" WhereClause="where code_type = :INTERFACE_CODE_DEFINITION.CODE_TYPE" InsertAllowed="false" RecordOrientation="Vertical" OrderByClause="order by description" DMLDataName="CODES" DeleteAllowed="false" QueryDataSourceName="CODES" DirtyInfo="true" VisualAttributeName="DEFAULT" ScrollbarCanvasName="C_CODE_INTERFACE" ScrollbarOrientation="Vertical" DatabaseBlock="true" QueryDataSourceType="Table" ScrollbarWidth="12" ScrollbarXPosition="10" DMLDataType="Table" ScrollbarYPosition="196" ShowScrollbar="true" ScrollbarLength="154">
         <Item Name="USER_CODE" DistanceBetweenRecords="0" Width="86" MaximumLength="15" CompressionQuality="None" XPosition="22" Required="false" YPosition="196" DatabaseItem="true" Bevel="Plain" CanvasName="C_CODE_INTERFACE" KeyboardNavigable="false" CaseRestriction="Upper" ParentType="29" Height="14" Hint="Enter value for : USER_CODE" ShowHorizontalScrollbar="false" InsertAllowed="false" DataType="Char" UpdateAllowed="false" ParentModule="CODEINTR" ParentModuleType="12" ParentName="TEXT_ITEM_CLASS" DirtyInfo="true" Label="User Code" QueryLength="15" ShowVerticalScrollbar="false" TooltipVisualAttributeGroup="V7_VA_TOOLTIP"/>
         <Item Name="DESCRIPTION" DistanceBetweenRecords="0" Width="323" MaximumLength="80" CompressionQuality="None" XPosition="107" Required="false" YPosition="196" DatabaseItem="true" Bevel="Plain" CanvasName="C_CODE_INTERFACE" KeyboardNavigable="false" CaseRestriction="Upper" ParentType="29" Height="14" Hint="Enter value for : DESCRIPTION" ShowHorizontalScrollbar="false" InsertAllowed="false" DataType="Char" UpdateAllowed="false" ParentModule="CODEINTR" ParentModuleType="12" ParentName="TEXT_ITEM_CLASS" DirtyInfo="true" Label="Description" QueryLength="80" ShowVerticalScrollbar="false" TooltipVisualAttributeGroup="V7_VA_TOOLTIP"/>
         <Item Name="INTERFACE_CODE" Hint="" ShowHorizontalScrollbar="false" DistanceBetweenRecords="0" Width="128" MaximumLength="20" DataType="Char" ParentModule="CODEINTR" CompressionQuality="None" XPosition="430" Required="false" ParentModuleType="12" YPosition="196" DatabaseItem="false" ParentName="TEXT_ITEM_CLASS" Bevel="Plain" DirtyInfo="true" Label="Description" CanvasName="C_CODE_INTERFACE" QueryLength="80" ParentType="29" ShowVerticalScrollbar="false" TooltipVisualAttributeGroup="V7_VA_TOOLTIP" Height="14">
            <Trigger Name="WHEN-VALIDATE-ITEM" TriggerText="--&amp;#10;-- update an existing record or insert a new record into INTERFACE_CODE_CONVERSIONS&amp;#10;-- post changes so that user is presented with save changes etc message on exiting form etc&amp;#10;-- &amp;#10;-- date&#x9;&#x9;by&#x9;&#x9;change&amp;#10;-- 06/08/1996&#x9;Steve Pusey&#x9;Creation&amp;#10;--&amp;#10;declare&amp;#10;&#x9;vd_sysdate DATE:=sysdate;&amp;#10;BEGIN&amp;#10;&amp;#10;  if :SYSTEM.MODE = 'NORMAL' then&amp;#10;&amp;#10;    if :CODE_INTERFACE.INTERFACE_CODE is null then&amp;#10;      -- delete interface record&amp;#10;&amp;#10;      delete INTERFACE_CODE_CONVERSIONS&amp;#10;      where code = :CODE_INTERFACE.CODE&amp;#10;        and interface_system_code = :INTERFACE_CODE_DEFINITION.INTERFACE_SYSTEM_CODE;&amp;#10;&amp;#10;    else&amp;#10;      -- validate length of interface code&amp;#10;      if NVL(length (:CODE_INTERFACE.INTERFACE_CODE), 0) &amp;#10;       > nvl(:INTERFACE_CODE_DEFINITION.CODE_SIZE,0) &amp;#10;      then&amp;#10;        display_alert ('ERROR_ALERT', 812);&amp;#10;&amp;#10;      else&amp;#10;&amp;#10;        -- try to update existing record&amp;#10;        update INTERFACE_CODE_CONVERSIONS&amp;#10;        set &amp;#10;         amend_by_user &#x9;= :GLOBAL.USER_ID,&amp;#10;         amend_last_date&#x9;= vd_sysdate,&amp;#10;         interface_code &#x9;= :CODE_INTERFACE.INTERFACE_CODE&amp;#10;        where code = :CODE_INTERFACE.CODE&amp;#10;          and interface_system_code = :INTERFACE_CODE_DEFINITION.INTERFACE_SYSTEM_CODE;&amp;#10;    &amp;#10;        if sql%NOTFOUND then&amp;#10;        -- record does not exist, create new record&amp;#10;&amp;#10;          insert into INTERFACE_CODE_CONVERSIONS (&amp;#10;            interface_system_code, &amp;#10;            code,&amp;#10;            interface_code,&amp;#10;            amend_by_user,&amp;#10;            amend_last_date&amp;#10;          ) values (&amp;#10;            :INTERFACE_CODE_DEFINITION.INTERFACE_SYSTEM_CODE,&amp;#10;            :CODE_INTERFACE.CODE,&amp;#10;            :CODE_INTERFACE.INTERFACE_CODE,&amp;#10;            :GLOBAL.USER_ID,&amp;#10;            vd_sysdate     &amp;#10;          );&amp;#10;&amp;#10;        end if; -- sql%NOTFOUND&amp;#10;&amp;#10;      end if; -- validate length&amp;#10;&amp;#10;    end if; -- is null&amp;#10;&amp;#10;    -- make sure the record in the block has been changed so that the system is aware that a &amp;#10;    -- change has been made&amp;#10;    :CODE_INTERFACE.CODE := :CODE_INTERFACE.CODE;&amp;#10;&amp;#10;  end if; -- :SYSTEM.MODE&amp;#10;&amp;#10;END;"/>
         </Item>
         <Item Name="CODE" DistanceBetweenRecords="0" Width="45" MaximumLength="42" CompressionQuality="None" XPosition="15" Required="false" YPosition="35" DatabaseItem="true" Bevel="Plain" CanvasName="" KeyboardNavigable="false" CaseRestriction="Upper" ParentType="29" Height="14" Hint="Enter value for : CODE" ShowHorizontalScrollbar="false" InsertAllowed="false" ItemType="Display Item" DataType="Number" UpdateAllowed="false" ParentModule="CODEINTR" ParentModuleType="12" ParentName="TEXT_ITEM_CLASS" Label="Code" Visible="false" QueryLength="42" ShowVerticalScrollbar="false" TooltipVisualAttributeGroup="V7_VA_TOOLTIP"/>
         <Item Name="CODE_TYPE" Enabled="true" DistanceBetweenRecords="0" Width="63" MaximumLength="42" CompressionQuality="None" XPosition="179" Required="true" YPosition="41" DatabaseItem="true" Bevel="Plain" CanvasName="" KeyboardNavigable="true" Height="14" Hint="Enter value for : CODE_TYPE" ShowHorizontalScrollbar="false" ItemType="Display Item" DataType="Number" UpdateAllowed="true" VisualAttributeName="DEFAULT" Label="Code Type" QueryAllowed="true" Visible="false" QueryLength="42" ShowVerticalScrollbar="false" TooltipVisualAttributeGroup="V7_VA_TOOLTIP"/>
         <Trigger Name="POST-QUERY" TriggerText="--&amp;#10;-- fill in non base table items&amp;#10;--&amp;#10;-- date&#x9;&#x9;by&#x9;&#x9;change&amp;#10;-- 06/08/1996&#x9;Steve Pusey&#x9;Creation&amp;#10;--&amp;#10;DECLARE&amp;#10;&amp;#10;  v_rec_exists&#x9;boolean;&amp;#10;&amp;#10;BEGIN&amp;#10;&amp;#10;  v_rec_exists := validate_code_for_interface (&amp;#10;   :INTERFACE_CODE_DEFINITION.INTERFACE_SYSTEM_CODE,&amp;#10;   :CODE_INTERFACE.CODE,&amp;#10;   :CODE_INTERFACE.INTERFACE_CODE,&amp;#10;   'NOVALIDATE'&amp;#10;  );  &amp;#10;&amp;#10;END;"/>
      </Block>
      <Block Name="TITLES" DirtyInfo="true" ScrollbarWidth="14" ScrollbarLength="135">
         <Item Name="DSP_TITLE" Justification="Start" TabPageName="" Width="279" MaximumLength="30" ParentModule="CODEINTR" XPosition="105" ParentModuleType="12" YPosition="3" DatabaseItem="false" ParentName="FORM_TITLE_CLASS" DirtyInfo="true" VisualAttributeName="FORM_TITLE_VA" CanvasName="CNV_CONTENT" ParentType="29"/>
         <Item Name="INFO_BUTTON" ValidateFromList="false" LovXPosition="0" Justification="Left" LovYPosition="0" ListStyle="Poplist" Width="20" MaximumLength="30" WrapStyle="Word" AutoSkip="false" BackColor="white" CompressionQuality="None" XPosition="410" YPosition="21" DatabaseItem="false" Bevel="Raised" AutoHint="false" MouseNavigate="false" CanvasName="CNV_HIDE" MultiLine="false" CaseInsensitiveQuery="false" KeyboardNavigable="false" CaseRestriction="Mixed" CheckBoxOtherValues="Not Allowed" ImplementationClass="" OtherValues="exit50" PrimaryKey="false" DirtyInfo="true" DefaultButton="false" QueryAllowed="true" Visible="true" QueryLength="30" DisplayQuality="High" EditXPosition="0" EditYPosition="0" Enabled="true" DistanceBetweenRecords="0" FillPattern="transparent" FixedLength="false" Required="false" FontName="Fixedsys" FontSize="900" FontStyle="Plain" FontWeight="Medium" FontSpacing="Normal" ForegroundColor="black" ItemsDisplay="1" Height="16" ConcealData="false" SizingStyle="Crop" ShowHorizontalScrollbar="false" Iconic="true" IconFilename="b_info_b" TabPageName="" InsertAllowed="true" ItemType="Push Button" DataType="Char" UpdateAllowed="true" UpdateIfNull="false" KeepCursorPosition="false" LockRecord="false" ShowVerticalScrollbar="false">
            <Trigger Name="WHEN-BUTTON-PRESSED" DirtyInfo="true" TriggerText="call_form('TK_EXP');"/>
         </Item>
         <Item Name="PATIENT_NAME_M" ValidateFromList="false" LovXPosition="0" Justification="Start" LovYPosition="0" ListStyle="Poplist" Width="200" MaximumLength="80" WrapStyle="Word" AutoSkip="false" BackColor="white" CompressionQuality="None" XPosition="435" YPosition="24" DatabaseItem="false" Bevel="None" AutoHint="false" MouseNavigate="true" CanvasName="CNV_HIDE" MultiLine="false" CaseInsensitiveQuery="false" KeyboardNavigable="true" CaseRestriction="Mixed" CheckBoxOtherValues="Not Allowed" CheckedValue="" SynchronizedItemName="" OtherValues="" PrimaryKey="false" DirtyInfo="true" DefaultButton="false" QueryAllowed="true" Visible="true" QueryLength="80" DisplayQuality="High" EditXPosition="0" EditYPosition="0" Enabled="true" DistanceBetweenRecords="4364" FixedLength="false" Required="false" FontName="Arial" FontSize="800" FontStyle="Plain" FontWeight="Demilight" FontSpacing="Normal" ForegroundColor="gray96" FormatMask="" Height="12" ConcealData="false" SizingStyle="Crop" ShowHorizontalScrollbar="false" Iconic="false" IconFilename="" TabPageName="" InsertAllowed="true" ItemType="Display Item" CopyValueFromItem="" DataType="Char" UncheckedValue="" UpdateAllowed="true" UpdateIfNull="false" KeepCursorPosition="false" VisualAttributeName="TEXT_ITEM_BPT_RED" LockRecord="false" ShowVerticalScrollbar="false"/>
         <Item Name="HISTORY_BUTTON" Width="19" BackColor="white" XPosition="724" FontName="Arial" YPosition="21" FontSize="1000" FontStyle="Plain" FontWeight="Bold" PromptFontName="Arial" FontSpacing="Normal" ForegroundColor="r100g50b0" MouseNavigate="false" CanvasName="CNV_HIDE" KeyboardNavigable="false" Height="16" Prompt="" Iconic="true" IconFilename="b_lov_b3" TabPageName="" PromptAttachmentOffset="3" PromptAlignOffset="1" PromptFontSize="1000" ItemType="Push Button" ImplementationClass="" DirtyInfo="true" Label="" PromptFontStyle="Plain" PromptFontWeight="Bold" PromptFontSpacing="Normal">
            <Trigger Name="WHEN-BUTTON-PRESSED" DirtyInfo="true" TriggerText="DECLARE&amp;#10;  --&amp;#10;  p_count number;&amp;#10;  --&amp;#10;BEGIN&amp;#10;  --&amp;#10;/*  quick_patient_search_v3.init_search;  -- This will reset the search block.&amp;#10;  --&amp;#10;  :CONT.ID_ITEM   := 'H';&amp;#10;  p_count := count_matching_patients('NOVALIDATE');&#x9;&#x9;&#x9;&#x9;&#x9;&#x9;&amp;#10;  :CONT.COUNT_NO := p_count;&amp;#10;  --&amp;#10;  IF NVL(p_count, 0) = 0 THEN&amp;#10;    --&amp;#10;  &#x9;:CONT.ID_ITEM   := 'C';&amp;#10;  &#x9;GO_ITEM('CONT.PAT_NAME_1');&amp;#10;    do_key('execute_query');&amp;#10;    --&amp;#10;  END IF;&amp;#10;*/ null;  --&amp;#10;END;&#x9;"/>
         </Item>
      </Block>
      <Block Name="LT_FUNCTIONS" DirtyInfo="true" DatabaseBlock="false" ScrollbarWidth="14" ScrollbarLength="135">
         <Item Name="IMG_FUNCTIONS" Prompt="Functions" TabPageName="" PromptAttachmentOffset="36" PromptAlignOffset="0" PromptFontSize="900" Width="16" ItemType="Image" ImageFormat="BMP" XPosition="79" YPosition="0" DatabaseItem="false" Bevel="None" PromptForegroundColor="Allscripts Link Blue" DirtyInfo="true" VisualAttributeName="MENU_TEXT_ITEMS_VA" PromptFontName="Arial" PromptFontStyle="Plain" PromptFontWeight="Bold" PromptFontSpacing="Normal" Height="14">
            <Trigger Name="WHEN-MOUSE-CLICK" DirtyInfo="true" TriggerText="HCI_UPGRADE.functions_when_mouse_click;"/>
         </Item>
         <Item Name="NAVIGATE_BUTTON" Justification="Start" TabPageName="" DistanceBetweenRecords="0" Width="80" ItemType="Display Item" PopupMenuName="BOILER_PLATE" ParentModule="CODEINTR" XPosition="5" ParentModuleType="12" YPosition="20" DatabaseItem="false" ParentName="MENU_ITEM_CLASS" Bevel="None" FontStyle="Plain" DirtyInfo="true" FontSpacing="Normal" Visible="false" KeyboardNavigable="false" ParentType="29">
            <Trigger Name="WHEN-MOUSE-CLICK" DirtyInfo="true" TriggerText="--&amp;#10;-- Steve Pusey 15/4/96&amp;#10;--&amp;#10;-- toggle between navigation and default menus&amp;#10;--&amp;#10;BEGIN&amp;#10;&#x9;oasis_when_mouse_click.when_mouse_click;&amp;#10;&amp;#10;  oasis_menu.toggle_menu;&amp;#10;&amp;#10;END;"/>
         </Item>
         <Trigger Name="WHEN-NEW-BLOCK-INSTANCE" DirtyInfo="true" TriggerText="READ_IMAGE_FILE(hci_upgrade.g_image_directory || 'pas_expand_menu.gif', 'gif', 'LT_FUNCTIONS.IMG_FUNCTIONS');"/>
         <Trigger Name="WHEN-MOUSE-DOWN" DirtyInfo="true" TriggerText="SET_ITEM_PROPERTY(:SYSTEM.TRIGGER_ITEM,VISUAL_ATTRIBUTE,'WEB_TEXT_BUTTON_CLICK');"/>
         <Trigger Name="WHEN-MOUSE-UP" DirtyInfo="true" TriggerText="SET_ITEM_PROPERTY(:SYSTEM.TRIGGER_ITEM,VISUAL_ATTRIBUTE,'WEB_TEXT_BUTTON');"/>
         <Trigger Name="WHEN-NEW-ITEM-INSTANCE" DirtyInfo="true" TriggerText="NULL;"/>
      </Block>
      <Block Name="BUTTONS" DirtyInfo="true" DatabaseBlock="false" ScrollbarWidth="14" ScrollbarLength="135">
         <Item Name="SHOW_DETAILS_BTN" ShowHorizontalScrollbar="false" TabPageName="" Width="55" ItemType="Text Item" ParentModule="CODEINTR" CompressionQuality="None" XPosition="569" ParentModuleType="12" YPosition="70" DatabaseItem="false" ParentName="GOTO_BUTTON_CLASS" Bevel="None" DirtyInfo="true" VisualAttributeName="WEB_TEXT_BUTTON" Label="PUSH_BUTTON331" MouseNavigate="false" CanvasName="C_CODE_INTERFACE" KeyboardNavigable="false" ParentType="29" ShowVerticalScrollbar="false" TooltipVisualAttributeGroup="V7_VA_TOOLTIP" Height="14">
            <Trigger Name="WHEN-MOUSE-CLICK" DirtyInfo="true" TriggerText="--&amp;#10;-- show details block&amp;#10;--&amp;#10;-- date&#x9;&#x9;by&#x9;&#x9;change&amp;#10;-- 06/08/1996&#x9;Steve Pusey&#x9;Creation&amp;#10;--&amp;#10;BEGIN&amp;#10;  oasis_when_mouse_click.when_mouse_click;&amp;#10;  hide_view('BLANK');&amp;#10;  go_block ('CODE_INTERFACE');&amp;#10;  do_key ('EXECUTE_QUERY');&amp;#10;&amp;#10;END;"/>
         </Item>
         <Item Name="LIST_DEFS_BTN" Width="445" MaximumLength="80" CompressionQuality="None" XPosition="93" YPosition="47" DatabaseItem="false" Bevel="None" MouseNavigate="false" CanvasName="C_CODE_INTERFACE" KeyboardNavigable="false" ParentType="29" Height="14" ShowHorizontalScrollbar="false" Iconic="true" IconFilename="lov17" TabPageName="" ItemType="Text Item" ParentModule="CODEINTR" ParentModuleType="12" ParentName="BUTTON_CLASS" DirtyInfo="true" VisualAttributeName="WEB_TEXT_BUTTON" Label="PUSH_BUTTON331" ShowVerticalScrollbar="false" TooltipVisualAttributeGroup="V7_VA_TOOLTIP">
            <Trigger Name="WHEN-MOUSE-CLICK" DirtyInfo="true" TriggerText="--&amp;#10;-- show interface_definition_lov&amp;#10;--&amp;#10;-- date&#x9;&#x9;by&#x9;&#x9;change&amp;#10;-- 06/08/1996&#x9;Steve Pusey&#x9;Creation&amp;#10;-- &amp;#10;--&amp;#10;BEGIN&amp;#10;  oasis_when_mouse_click.when_mouse_click;&amp;#10;  if show_lov ('INTERFACE_DEFINITION_LOV') then&amp;#10;    -- query block for selected record&amp;#10;&amp;#10;    set_block_property ('INTERFACE_CODE_DEFINITION', DEFAULT_WHERE, &amp;#10;     'WHERE CODE_TYPE = :PARAMETER.P_LOV_CODE_TYPE'&amp;#10;     ||' AND INTERFACE_SYSTEM_CODE = :PARAMETER.P_LOV_CODE');&amp;#10;&amp;#10;    if :SYSTEM.CURSOR_BLOCK != 'INTERFACE_CODE_DEFINITION' then&amp;#10;      go_block ('INTERFACE_CODE_DEFINITION');&amp;#10;    end if;&amp;#10;&amp;#10;    do_key ('EXECUTE_QUERY');&amp;#10;&amp;#10;    -- query detail block&amp;#10;    hide_view('BLANK');&amp;#10;    go_block ('CODE_INTERFACE');&amp;#10;    do_key ('EXECUTE_QUERY');&amp;#10;&amp;#10;    -- reset query on block&amp;#10;    set_block_property ('INTERFACE_CODE_DEFINITION', DEFAULT_WHERE, '');&amp;#10;&amp;#10;  end if;&amp;#10;&amp;#10;END;"/>
         </Item>
         <Trigger Name="WHEN-MOUSE-DOWN" DirtyInfo="true" TriggerText="SET_ITEM_PROPERTY(:SYSTEM.TRIGGER_ITEM,VISUAL_ATTRIBUTE,'WEB_TEXT_BUTTON_CLICK');"/>
         <Trigger Name="WHEN-MOUSE-UP" DirtyInfo="true" TriggerText="SET_ITEM_PROPERTY(:SYSTEM.TRIGGER_ITEM, VISUAL_ATTRIBUTE, 'WEB_TEXT_BUTTON');&amp;#10;DEFAULT_VALUE(NULL,'GLOBAL.LAST_ITEM');&amp;#10;IF :global.last_item IS NOT NULL THEN&amp;#10;&#x9;GO_ITEM(:global.last_item);&amp;#10;END IF;"/>
         <Trigger Name="KEY-CLRBLK" DirtyInfo="true" TriggerText="NULL;"/>
         <Trigger Name="KEY-CLRREC" DirtyInfo="true" TriggerText="NULL;"/>
         <Trigger Name="KEY-CLRFRM" DirtyInfo="true" TriggerText="NULL;"/>
         <Trigger Name="KEY-DELREC" DirtyInfo="true" TriggerText="NULL;"/>
         <Trigger Name="KEY-ENTQRY" DirtyInfo="true" TriggerText="NULL;"/>
         <Trigger Name="KEY-EXEQRY" DirtyInfo="true" TriggerText="NULL;"/>
         <Trigger Name="KEY-CREREC" DirtyInfo="true" TriggerText="NULL;"/>
         <Trigger Name="KEY-NXTREC" DirtyInfo="true" TriggerText="NULL;"/>
         <Trigger Name="KEY-PRVREC" DirtyInfo="true" TriggerText="NULL;"/>
         <Trigger Name="KEY-SCRDOWN" DirtyInfo="true" TriggerText="NULL;"/>
         <Trigger Name="KEY-SCRUP" DirtyInfo="true" TriggerText="NULL;"/>
         <Trigger Name="KEY-DOWN" DirtyInfo="true" TriggerText="NULL;"/>
         <Trigger Name="KEY-UP" DirtyInfo="true" TriggerText="NULL;"/>
         <Trigger Name="WHEN-NEW-ITEM-INSTANCE" DirtyInfo="true" TriggerText="NULL; -- To ensure the form level trigger does not fire for the buttons"/>
      </Block>
      <Canvas Name="BLANK" CanvasType="Stacked" Width="630" WindowName="MAIN_FORM_WINDOW" Bevel="None" DirtyInfo="true" VisualAttributeName="BACKGROUND_CANVAS_BLUE" DisplayViewport="true" Height="220" ViewportHeight="220" ViewportXPosition="109" ViewportWidth="630" ViewportYPosition="185"/>
      <Canvas Name="TOOLBAR_CANVAS" BackColor="patient_live_blue" ParentModule="CODEINTR" ParentModuleType="12" ParentName="TOOLBAR_CANVAS_CLASS" DirtyInfo="true" Width="768" ParentType="29">
         <Graphics Name="LINE401" InternalLineWidth="228" Width="755" EdgeForegroundColor="gray16" EdgePattern="solid" JoinStyle="Bevel" XPosition="0" YPosition="62" Bevel="None" DirtyInfo="true" GraphicsType="Line" HorizontalMargin="8" ScrollbarWidth="15" VerticalMargin="16" HorizontalObjectOffset="15" Height="0" StartPromptOffset="8"/>
      </Canvas>
      <Canvas Name="CANVAS0" ViewportXPositionOnCanvas="0" ViewportYPositionOnCanvas="0" ShowHorizontalScrollbar="false" CanvasType="Content" Width="590" WindowName="WND_HIDE" Bevel="None" DirtyInfo="true" VisualAttributeName="BACKGROUND_CANVAS_BLUE" Visible="false" ShowVerticalScrollbar="false" Height="350" ViewportHeight="350" ViewportXPosition="0" ViewportWidth="590" ViewportYPosition="0" RaiseOnEnter="false">
         <Graphics Name="RECT1" InternalLineWidth="113" InternalRotationAngle="0" Width="0" EdgeForegroundColor="black" EdgeBackColor="black" FillPattern="none" EdgePattern="transparent" DashStyle="Solid" CapStyle="Butt" JoinStyle="Mitre" BackColor="white" XPosition="111" YPosition="137" Bevel="None" ForegroundColor="black" GraphicsType="Rectangle" HorizontalMargin="5" ScrollbarWidth="9" VerticalMargin="14" HorizontalObjectOffset="9" Height="0" StartPromptOffset="5"/>
      </Canvas>
      <Canvas Name="C_CODE_INTERFACE" ShowHorizontalScrollbar="false" Width="630" WindowName="MAIN_FORM_WINDOW" ParentModule="CODEINTR" ParentModuleType="12" ParentName="STACKED_CANVAS_CLASS" Bevel="None" DirtyInfo="true" DisplayViewport="true" ParentType="29" ShowVerticalScrollbar="false" Height="370" ViewportHeight="370" ViewportXPosition="109" ViewportWidth="630" ViewportYPosition="32">
         <Graphics Name="IMAGE395" Width="15" ClipWidth="15" ImageFilename="CODEINTR_C_CODE_INTERFACE_IMAGE395.tif" ClipHeight="15" XPosition="4" YPosition="157" DirtyInfo="true" GraphicsType="Image" HorizontalMargin="8" ScrollbarWidth="15" VerticalMargin="16" HorizontalObjectOffset="15" Height="15" StartPromptOffset="8"/>
         <Graphics Name="IMAGE394" Width="15" ClipWidth="15" ImageFilename="CODEINTR_C_CODE_INTERFACE_IMAGE394.tif" ClipHeight="15" XPosition="4" YPosition="14" DirtyInfo="true" GraphicsType="Image" HorizontalMargin="8" ScrollbarWidth="15" VerticalMargin="16" HorizontalObjectOffset="15" Height="15" StartPromptOffset="8"/>
         <Graphics Name="SECTION_LINE1" InternalLineWidth="113" Width="600" EdgeForegroundColor="gray16" EdgePattern="solid" JoinStyle="Bevel" BackColor="Line Green" XPosition="21" YPosition="172" Bevel="None" DirtyInfo="true" ForegroundColor="white" GraphicsType="Line" HorizontalMargin="7" ScrollbarWidth="14" VerticalMargin="14" HorizontalObjectOffset="14" Height="0" StartPromptOffset="7"/>
         <Graphics Name="GRAPHIC387" InternalLineWidth="113" Width="600" EdgeForegroundColor="gray16" EdgePattern="solid" JoinStyle="Bevel" BackColor="Line Green" XPosition="21" YPosition="29" Bevel="None" DirtyInfo="true" ForegroundColor="white" GraphicsType="Line" HorizontalMargin="7" ScrollbarWidth="14" VerticalMargin="14" HorizontalObjectOffset="14" Height="0" StartPromptOffset="7"/>
         <Graphics Name="SECTION_NUMBER1" Width="13" FillPattern="none" EdgePattern="none" JoinStyle="Bevel" BackColor="Side Green" XPosition="13" WrapText="false" YPosition="16" BoundingBoxScalable="false" Bevel="None" HorizontalOrigin="Right" HorizontalJustification="Center" ForegroundColor="darkcyan" GraphicsFontWeight="Bold" GraphicsFontSpacing="Normal" GraphicsType="Text" ScrollbarWidth="14" Height="11" GraphicsFontName="Arial" GraphicsFontSize="900" GraphicsFontStyle="0" GraphicsText="1" DirtyInfo="true" GraphicsFontColor="Black" GraphicsFontColorCode="0" HorizontalMargin="7" VerticalMargin="14" HorizontalObjectOffset="14" StartPromptOffset="7">
            <CompoundText Name="CMPTXT207">
               <TextSegment Name="TEXTSTR208" FontName="Arial" FontSize="900" FontStyle="Plain" DirtyInfo="true" FontWeight="Bold" FontSpacing="Normal" ForegroundColor="Black" Text="1"/>
            </CompoundText>
         </Graphics>
         <Graphics Name="GRAPHIC391" Width="14" FillPattern="none" EdgePattern="none" JoinStyle="Bevel" BackColor="black" XPosition="14" WrapText="false" YPosition="158" BoundingBoxScalable="false" Bevel="None" HorizontalOrigin="Right" HorizontalJustification="Center" ForegroundColor="darkcyan" GraphicsFontWeight="Bold" GraphicsFontSpacing="Normal" GraphicsType="Text" ScrollbarWidth="14" Height="12" GraphicsFontName="Arial" GraphicsFontSize="900" GraphicsFontStyle="0" GraphicsText="2" DirtyInfo="true" GraphicsFontColor="Black" GraphicsFontColorCode="0" HorizontalMargin="7" VerticalMargin="14" HorizontalObjectOffset="14" StartPromptOffset="7">
            <CompoundText Name="CMPTXT207">
               <TextSegment Name="TEXTSTR208" FontName="Arial" FontSize="900" FontStyle="Plain" DirtyInfo="true" FontWeight="Bold" FontSpacing="Normal" ForegroundColor="Black" Text="2"/>
            </CompoundText>
         </Graphics>
         <Graphics Name="RECT396" InternalLineWidth="1" Width="57" JoinStyle="Bevel" ParentModule="CODEINTR" XPosition="568" ParentModuleType="12" YPosition="69" ParentName="BACKGROUND_LINK_BOX_CLASS" DirtyInfo="true" GraphicsType="Rectangle" HorizontalMargin="8" ScrollbarWidth="15" VerticalMargin="16" HorizontalObjectOffset="15" ParentType="29" Height="15" StartPromptOffset="8"/>
      </Canvas>
      <Canvas Name="CNV_CONTENT" BackColor="white" Bevel="None" DirtyInfo="true" ForegroundColor="black" Width="755" WindowName="MAIN_FORM_WINDOW" Height="415" ViewportHeight="324" ViewportWidth="540"/>
      <Canvas Name="CNV_HIDE" Bevel="None" DirtyInfo="true" Width="800" Visible="false" WindowName="WND_HIDE" Height="410" ViewportHeight="324" ViewportWidth="540">
         <Graphics Name="GRAPHIC24" Width="92" EdgeForegroundColor="Side Green" FillPattern="transparent" EdgePattern="solid" JoinStyle="Bevel" BackColor="Side Green" XPosition="2" YPosition="19" Bevel="None" DirtyInfo="true" GraphicsType="Rounded Rectangle" HorizontalMargin="7" ScrollbarWidth="14" VerticalMargin="14" CornerRadiusX="10" CornerRadiusY="10" HorizontalObjectOffset="14" Height="14" StartPromptOffset="7"/>
         <Graphics Name="BLUE_CIRCLE1" Width="21" Dither="false" ClipWidth="21" ImageFilename="CODEINTR_CNV_HIDE_BLUE_CIRCLE1.tif" ClipHeight="19" XPosition="347" YPosition="42" DirtyInfo="true" GraphicsType="Image" HorizontalMargin="7" ScrollbarWidth="14" VerticalMargin="14" HorizontalObjectOffset="14" Height="19" StartPromptOffset="7"/>
         <Graphics Name="SECTION_NUMBER1" Width="13" FillPattern="none" EdgePattern="none" JoinStyle="Bevel" BackColor="Side Green" XPosition="361" WrapText="false" YPosition="47" BoundingBoxScalable="false" Bevel="None" HorizontalOrigin="Right" HorizontalJustification="Center" ForegroundColor="darkcyan" GraphicsFontWeight="Bold" GraphicsFontSpacing="Normal" GraphicsType="Text" ScrollbarWidth="14" Height="11" GraphicsFontName="Arial" GraphicsFontSize="1000" GraphicsFontStyle="0" GraphicsText="1" DirtyInfo="true" GraphicsFontColor="white" GraphicsFontColorCode="1" HorizontalMargin="7" VerticalMargin="14" HorizontalObjectOffset="14" StartPromptOffset="7">
            <CompoundText Name="CMPTXT207">
               <TextSegment Name="TEXTSTR208" FontName="Arial" FontSize="1000" FontStyle="Plain" DirtyInfo="true" FontWeight="Bold" FontSpacing="Normal" ForegroundColor="white" Text="1"/>
            </CompoundText>
         </Graphics>
      </Canvas>
      <ModuleParameter Name="P_RELEASE" ParentModule="PAS_RELEASE" ParentModuleType="25" ParentName="P_RELEASE" ParentFilename="PAS_RELEASE.olb" DirtyInfo="true" ParentType="13"/>
      <ModuleParameter Name="P_TEMPLATE" DirtyInfo="true" Comment="Used by ABOUT_FORM window, the template used to create this form" ParameterInitializeValue="TEMPLATE_V11"/>
      <ModuleParameter Name="P_VERSION" DirtyInfo="true" Comment="Used by ABOUT_FORM window, the form version, update after each update" ParameterInitializeValue="1"/>
      <ModuleParameter Name="P_DATE" DirtyInfo="true" Comment="Used by ABOUT_FORM window, the date the form was last updated, update after each update" ParameterInitializeValue="17-AUG-2016"/>
      <ModuleParameter Name="P_LOV_CODE" ParameterDataType="Number" Comment="returned from lov"/>
      <ModuleParameter Name="P_LOV_USER_CODE" Comment="returned from lov"/>
      <ModuleParameter Name="P_LOV_DESCRIPTION" Comment="returned from lov"/>
      <ModuleParameter Name="P_LOV_CODE_TYPE" ParameterDataType="Number" Comment="returned from lov"/>
      <ModuleParameter Name="API_VERSION" ParameterInitializeValue="V2.3"/>
      <ModuleParameter Name="P_BREADCRUMB"/>
      <LOV Name="INTERFACE_SYSTEM_LOV" XPosition="100" YPosition="90" DirtyInfo="true" VisualAttributeName="TEXT_ITEM_VA_LOV" Width="400" RecordGroupName="INTERFACE_SYSTEM_LOV" Height="300">
         <LOVColumnMapping Name="DESCRIPTION" ReturnItem="PARAMETER.P_LOV_DESCRIPTION" Title="Interface System" DisplayWidth="300"/>
         <LOVColumnMapping Name="USER_CODE" ReturnItem="PARAMETER.P_LOV_USER_CODE" Title="User Code" DisplayWidth="100"/>
         <LOVColumnMapping Name="CODE" ReturnItem="PARAMETER.P_LOV_CODE" Title="Code" DisplayWidth="100"/>
      </LOV>
      <LOV Name="CODE_TYPE_LOV" XPosition="100" YPosition="90" DirtyInfo="true" VisualAttributeName="TEXT_ITEM_VA_LOV" Width="400" RecordGroupName="CODE_TYPE_LOV" Height="300">
         <LOVColumnMapping Name="DESCRIPTION" ReturnItem="INTERFACE_CODE_DEFINITION.CODE_TYPE_DESC" Title="Description" DisplayWidth="400"/>
         <LOVColumnMapping Name="CODE_TYPE" ReturnItem="INTERFACE_CODE_DEFINITION.CODE_TYPE" Title="Code_Type" DisplayWidth="26"/>
      </LOV>
      <LOV Name="INTERFACE_DEFINITION_LOV" XPosition="50" YPosition="90" DirtyInfo="true" VisualAttributeName="TEXT_ITEM_VA_LOV" Width="500" RecordGroupName="INTERFACE_DEFINITION_LOV" Height="250">
         <LOVColumnMapping Name="DESCRIPTION" ReturnItem="" Title="Description" DisplayWidth="250"/>
         <LOVColumnMapping Name="INTERFACE_DESC" ReturnItem="" Title="Icrggq_0" DisplayWidth="250"/>
         <LOVColumnMapping Name="CODE_TYPE" ReturnItem="PARAMETER.P_LOV_CODE_TYPE" Title="Code_Type" DisplayWidth="100"/>
         <LOVColumnMapping Name="CODE" ReturnItem="PARAMETER.P_LOV_CODE" Title="Code" DisplayWidth="100"/>
      </LOV>
      <Menu Name="BOILER_PLATE" DirtyInfo="true">
         <MenuItem Name="CHANGE_PROMPT" DirtyInfo="true" Label="Change Prompt" MenuItemCode="message('Change Boilerplate prompt');pause;"/>
      </Menu>
      <ProgramUnit Name="INIT_FORM" ProgramUnitText="PACKAGE BODY init_form IS&amp;#10;--&amp;#10;-- steve pusey 2/5/1996&amp;#10;--&amp;#10;-- program units to initialise form&amp;#10;--&amp;#10;-- add code to init_form and init_format_masks program units, add other init procs to the&amp;#10;-- init_form procedure, for example if you write a procedure called init_toolbar then add &amp;#10;-- this to the init_form procedure. The init_form procedure is called from the &amp;#10;-- WHEN-NEW-FORM-INSTANCE trigger&amp;#10;-- 22/07/2016 girish deleted the detailed_btn in init_form for tfs-2951090&amp;#10;&amp;#10;---------------------------------------------------------------------------------------&amp;#10;-- INTERNAL PACKAGE VARIABLES &amp;#10;---------------------------------------------------------------------------------------&amp;#10;&amp;#10;---------------------------------------------------------------------------------------&amp;#10;-- INTERNAL PROGRAM UNITS (DECLARATION)&amp;#10;---------------------------------------------------------------------------------------&amp;#10;&amp;#10;  procedure init_list_items;&amp;#10;  procedure init_format_masks;&amp;#10;&amp;#10;---------------------------------------------------------------------------------------&amp;#10;-- PROGRAM UNITS (CODE)&amp;#10;---------------------------------------------------------------------------------------&amp;#10;&amp;#10;-- ##########################################################################################&amp;#10;&amp;#10;  procedure init_list_items is&amp;#10;  --&amp;#10;  -- initialise list items&amp;#10;  --&amp;#10;  -- date&#x9;by&#x9;&#x9;change&amp;#10;  -- 2/5/1996   Steve Pusey&#x9;Creation of template procedure&amp;#10;  --&amp;#10;  BEGIN&amp;#10;&amp;#10;    -- cut &amp; paste this code&amp;#10;    -- populate_poplist_from_codes ('BLOCK.ITEM', &lt;CODE_TYPE>);&amp;#10;&amp;#10;    null;&amp;#10;  &amp;#10;  END init_list_items;&amp;#10;&amp;#10;-- ##########################################################################################&amp;#10;&amp;#10;  procedure init_format_masks is&amp;#10;  --&amp;#10;  -- set the format masks for date, datetime, and numeric items&amp;#10;  --&amp;#10;  -- date&#x9;by&#x9;&#x9;change&amp;#10;  -- 2/5/1996   Steve Pusey&#x9;Creation of template procedure&amp;#10;  --&amp;#10;  BEGIN&amp;#10;&amp;#10;    -- copy &amp; paste this line&amp;#10;    -- set_format_mask ('BLOCK.ITEM');&amp;#10;&amp;#10;    null;&amp;#10;   &amp;#10;  END init_format_masks;&amp;#10;&amp;#10;-- ##########################################################################################&amp;#10;&amp;#10;  procedure init_form is&amp;#10;  --&amp;#10;  -- initialise form&amp;#10;  --&amp;#10;  -- date&#x9;by&#x9;&#x9;change&amp;#10;  -- 2/5/1996   Steve Pusey&#x9;Creation of template procedure&amp;#10;  --&amp;#10;  BEGIN&amp;#10;&amp;#10;    init_list_items;&amp;#10;    init_format_masks;&amp;#10;&amp;#10;&amp;#10;  END init_form;&amp;#10;&amp;#10;-- ##########################################################################################&amp;#10;&amp;#10;END init_form;" ProgramUnitType="Package Body"/>
      <ProgramUnit Name="INIT_FORM" ProgramUnitText="PACKAGE init_form IS&amp;#10;--&amp;#10;-- steve pusey 2/5/1996&amp;#10;--&amp;#10;-- program units to initialise form&amp;#10;--&amp;#10;&amp;#10;---------------------------------------------------------------------------------------&amp;#10;-- EXTERNAL PACKAGE VARIABLES&amp;#10;---------------------------------------------------------------------------------------&amp;#10;&amp;#10;---------------------------------------------------------------------------------------&amp;#10;-- EXTERNAL PROGRAM UNITS (DECLARATION) &amp;#10;---------------------------------------------------------------------------------------&amp;#10;&amp;#10;  procedure init_form;&amp;#10;&amp;#10;END init_form;" ProgramUnitType="Package Spec"/>
      <ProgramUnit Name="SHOW_CODE_TYPE_LOV" ProgramUnitText="PROCEDURE show_code_type_lov IS&amp;#10;--&amp;#10;-- show code_type_lov&amp;#10;--&amp;#10;-- date&#x9;&#x9;by&#x9;&#x9;change&amp;#10;-- 06/08/1996&#x9;Steve Pusey&#x9;Creation&amp;#10;--&amp;#10;&amp;#10;  v_lov_status&#x9;&#x9;boolean;&amp;#10;&amp;#10;BEGIN&amp;#10;&amp;#10;  OASIS_NUMBER_set_item_property ('INTERFACE_CODE_DEFINITION.CODE_TYPE', &#x9;INSERT_ALLOWED, PROPERTY_ON);&amp;#10;  OASIS_NUMBER_set_item_property ('INTERFACE_CODE_DEFINITION.CODE_TYPE', &#x9;UPDATE_ALLOWED, PROPERTY_ON);  &amp;#10;  OASIS_NUMBER_set_item_property ('INTERFACE_CODE_DEFINITION.CODE_TYPE_DESC',INSERT_ALLOWED, PROPERTY_ON);&amp;#10;  OASIS_NUMBER_set_item_property ('INTERFACE_CODE_DEFINITION.CODE_TYPE_DESC',UPDATE_ALLOWED, PROPERTY_ON);  &amp;#10;&amp;#10;  v_lov_status := show_lov ('CODE_TYPE_LOV');&amp;#10;&amp;#10;  IF v_lov_status THEN&amp;#10;  &#x9;-- Reset when_null column when code type change &amp;#10;    :INTERFACE_CODE_DEFINITION.WHEN_NULL := NULL;&amp;#10;  END IF;&amp;#10;  &amp;#10;&amp;#10;  OASIS_NUMBER_set_item_property ('INTERFACE_CODE_DEFINITION.CODE_TYPE', &#x9;INSERT_ALLOWED, PROPERTY_OFF);&amp;#10;  OASIS_NUMBER_set_item_property ('INTERFACE_CODE_DEFINITION.CODE_TYPE', &#x9;UPDATE_ALLOWED, PROPERTY_OFF);  &amp;#10;  OASIS_NUMBER_set_item_property ('INTERFACE_CODE_DEFINITION.CODE_TYPE_DESC',INSERT_ALLOWED, PROPERTY_OFF);&amp;#10;  OASIS_NUMBER_set_item_property ('INTERFACE_CODE_DEFINITION.CODE_TYPE_DESC',UPDATE_ALLOWED, PROPERTY_OFF);  &amp;#10;  &amp;#10;END;" ProgramUnitType="Procedure"/>
      <PropertyClass Name="BUTTON_CLASS" ParentModule="PAS_OLD" ParentModuleType="25" ParentName="BUTTON_CLASS" ParentFilename="PAS_OLD.olb" DirtyInfo="true" ParentType="29"/>
      <PropertyClass Name="OK_BUTTON_CLASS" ParentModule="PAS_OLD" ParentModuleType="25" ParentName="OK_BUTTON_CLASS" ParentFilename="PAS_OLD.olb" DirtyInfo="true" ParentType="29"/>
      <PropertyClass Name="CANCEL_BUTTON_CLASS" ParentModule="PAS_OLD" ParentModuleType="25" ParentName="CANCEL_BUTTON_CLASS" ParentFilename="PAS_OLD.olb" DirtyInfo="true" ParentType="29"/>
      <PropertyClass Name="TOOLBAR_BUTTON_CLASS" ParentModule="PAS_OLD" ParentModuleType="25" ParentName="TOOLBAR_BUTTON_CLASS" ParentFilename="PAS_OLD.olb" DirtyInfo="true" ParentType="29"/>
      <PropertyClass Name="GOTO_BUTTON_CLASS" ParentModule="PAS_OLD" ParentModuleType="25" ParentName="GOTO_BUTTON_CLASS" ParentFilename="PAS_OLD.olb" DirtyInfo="true" ParentType="29"/>
      <PropertyClass Name="GOBACK_BUTTON_CLASS" ParentModule="PAS_OLD" ParentModuleType="25" ParentName="GOBACK_BUTTON_CLASS" ParentFilename="PAS_OLD.olb" DirtyInfo="true" ParentType="29"/>
      <PropertyClass Name="LOV_BUTTON_CLASS" ParentModule="PAS_OLD" ParentModuleType="25" ParentName="LOV_BUTTON_CLASS" ParentFilename="PAS_OLD.olb" DirtyInfo="true" ParentType="29"/>
      <PropertyClass Name="BPT_CLASS" ParentModule="PAS_OLD" ParentModuleType="25" ParentName="BPT_CLASS" ParentFilename="PAS_OLD.olb" DirtyInfo="true" ParentType="29"/>
      <PropertyClass Name="BPT_BLUE_CLASS" ParentModule="PAS_OLD" ParentModuleType="25" ParentName="BPT_BLUE_CLASS" ParentFilename="PAS_OLD.olb" DirtyInfo="true" ParentType="29"/>
      <PropertyClass Name="BPT_GREY_CLASS" ParentModule="PAS_OLD" ParentModuleType="25" ParentName="BPT_GREY_CLASS" ParentFilename="PAS_OLD.olb" DirtyInfo="true" ParentType="29"/>
      <PropertyClass Name="TEXT_ITEM_CLASS" ParentModule="PAS_OLD" ParentModuleType="25" ParentName="TEXT_ITEM_CLASS" ParentFilename="PAS_OLD.olb" DirtyInfo="true" ParentType="29"/>
      <PropertyClass Name="TEXT_ITEM_DATE_CLASS" ParentModule="PAS_OLD" ParentModuleType="25" ParentName="TEXT_ITEM_DATE_CLASS" ParentFilename="PAS_OLD.olb" DirtyInfo="true" ParentType="29"/>
      <PropertyClass Name="TEXT_ITEM_NUMBER_CLASS" ParentModule="PAS_OLD" ParentModuleType="25" ParentName="TEXT_ITEM_NUMBER_CLASS" ParentFilename="PAS_OLD.olb" DirtyInfo="true" ParentType="29"/>
      <PropertyClass Name="TEXT_ITEM_DATETIME_CLASS" ParentModule="PAS_OLD" ParentModuleType="25" ParentName="TEXT_ITEM_DATETIME_CLASS" ParentFilename="PAS_OLD.olb" DirtyInfo="true" ParentType="29"/>
      <PropertyClass Name="DISPLAY_ITEM_CLASS" ParentModule="PAS_OLD" ParentModuleType="25" ParentName="DISPLAY_ITEM_CLASS" ParentFilename="PAS_OLD.olb" DirtyInfo="true" ParentType="29"/>
      <PropertyClass Name="BACKGROUND_LINK_BOX_CLASS" ParentModule="PAS_CUI" ParentModuleType="25" ParentName="BACKGROUND_LINK_BOX_CLASS" ParentFilename="PAS_CUI.olb" DirtyInfo="true" ParentType="29"/>
      <PropertyClass Name="FORM_TITLE_CLASS" ParentModule="PAS_CUI" ParentModuleType="25" ParentName="FORM_TITLE_CLASS" ParentFilename="PAS_CUI.olb" DirtyInfo="true" ParentType="29"/>
      <PropertyClass Name="MENU_ITEM_CLASS" ParentModule="PAS_CUI" ParentModuleType="25" ParentName="MENU_ITEM_CLASS" ParentFilename="PAS_CUI.olb" DirtyInfo="true" ParentType="29"/>
      <PropertyClass Name="SECTION_TITLE_CLASS" ParentModule="PAS_CUI" ParentModuleType="25" ParentName="SECTION_TITLE_CLASS" ParentFilename="PAS_CUI.olb" DirtyInfo="true" ParentType="29"/>
      <PropertyClass Name="TOOLBAR_CANVAS_CLASS" ParentModule="PAS_CUI" ParentModuleType="25" ParentName="TOOLBAR_CANVAS_CLASS" ParentFilename="PAS_CUI.olb" DirtyInfo="true" ParentType="29"/>
      <PropertyClass Name="STACKED_CANVAS_CLASS" ParentModule="PAS_OLD" ParentModuleType="25" ParentName="STACKED_CANVAS_CLASS" ParentFilename="PAS_OLD.olb" DirtyInfo="true" ParentType="29"/>
      <PropertyClass Name="WINDOW_CLASS" ParentModule="PAS_OLD" ParentModuleType="25" ParentName="WINDOW_CLASS" ParentFilename="PAS_OLD.olb" DirtyInfo="true" ParentType="29"/>
      <PropertyClass Name="ID_CLASS" ParentModule="PAS_OLD" ParentModuleType="25" ParentName="ID_CLASS" ParentFilename="PAS_OLD.olb" DirtyInfo="true" ParentType="29"/>
      <RecordGroup Name="INTERFACE_DEFINITION_LOV" DirtyInfo="true" RecordGroupFetchSize="0" RecordGroupQuery="select cd.description, ct.description interface_desc, def.code_type, cd.code from codes cd, code_types ct, interface_code_definition def where cd.code = def.interface_system_code and ct.code_type = def.code_type order by cd.description, ct.description" RecordGroupType="Query">
         <RecordGroupColumn Name="DESCRIPTION" ColumnDataType="Character" MaximumLength="80"/>
         <RecordGroupColumn Name="INTERFACE_DESC" ColumnDataType="Character" MaximumLength="80"/>
         <RecordGroupColumn Name="CODE_TYPE" ColumnDataType="Number" MaximumLength="23"/>
         <RecordGroupColumn Name="CODE" ColumnDataType="Number" MaximumLength="23"/>
      </RecordGroup>
      <RecordGroup Name="CODE_TYPE_LOV" DirtyInfo="true" RecordGroupFetchSize="0" RecordGroupQuery="select description, code_type from code_types where code_type not in (select code_type from interface_code_definition where interface_system_code = :interface_code_definition.interface_system_code) order by description" RecordGroupType="Query">
         <RecordGroupColumn Name="DESCRIPTION" ColumnDataType="Character" MaximumLength="80"/>
         <RecordGroupColumn Name="CODE_TYPE" ColumnDataType="Number" MaximumLength="23"/>
      </RecordGroup>
      <RecordGroup Name="INTERFACE_SYSTEM_LOV" DirtyInfo="true" RecordGroupFetchSize="0" RecordGroupQuery="select description, user_code, code from codes where code_type = 10000 and user_code = '*NEW' union select description, user_code, code from codes where code_type = 10030">
         <RecordGroupColumn Name="DESCRIPTION" ColumnDataType="Character" MaximumLength="80"/>
         <RecordGroupColumn Name="USER_CODE" ColumnDataType="Character" MaximumLength="15"/>
         <RecordGroupColumn Name="CODE" ColumnDataType="Number" MaximumLength="23"/>
      </RecordGroup>
      <Trigger Name="WHEN-MOUSE-CLICK" TriggerText="--&amp;#10;-- call stdlib procedure to handle mouse click&amp;#10;-- N.B. standard left button click is not affected &amp;#10;--&amp;#10;-- date&#x9;&#x9;by&#x9;&#x9;change&amp;#10;-- 31-05-1996&#x9;Steve Pusey&#x9;Creation&amp;#10;--&amp;#10;BEGIN&amp;#10;&amp;#10;  oasis_when_mouse_click.when_mouse_click;&amp;#10;&amp;#10;END;"/>
      <Trigger Name="WHEN-NEW-ITEM-INSTANCE" TriggerText="/* This trigger activates the hint message for the associated item */&amp;#10;begin&amp;#10;  --display_text_hint;&amp;#10;  :global.last_item:=:system.trigger_item;&amp;#10;end;"/>
      <Trigger Name="WHEN-NEW-FORM-INSTANCE" TriggerText="--&amp;#10;-- fires when form is entered, PRE-FORM fires before this trigger&amp;#10;--&amp;#10;-- Date&#x9;&#x9;by &#x9;&#x9;change&amp;#10;-- 10/1994&#x9;David Massie&#x9;Creation&amp;#10;-- 1995&#x9;&#x9;Nagy Tharwat&#x9;Upgrade to v9 - moved code into library procedure&amp;#10;-- 2/5/1996&#x9;Steve Pusey&#x9;Upgrade to V10 &amp;#10;--&#x9;&#x9;&#x9;&#x9;- versions into oasis_new_form_instance&amp;#10;--&#x9;&#x9;&#x9;&#x9;- Tidied code and added comments&amp;#10;--&amp;#10;&amp;#10;DECLARE&amp;#10;&amp;#10;  v_error_no             number(4); -- returned from oasis_new_form_instance&amp;#10;&amp;#10;BEGIN&amp;#10;&amp;#10;  -- version 2 form (gets bpt and window titles fromm files)&amp;#10;  oasis_new_form_instance_v2(v_error_no, 2); &amp;#10;&amp;#10;  if v_error_no > 0 then&amp;#10;    display_alert ('ERROR_ALERT', v_error_no);&amp;#10;    exit_form (NO_VALIDATE);&amp;#10;  end if;&amp;#10;&amp;#10;-- *** Insert additional code into init_form package ***&amp;#10;&amp;#10;  init_form.init_form;&amp;#10;  hci_upgrade.pr_initialise_images;&amp;#10;  &amp;#10;  show_view('BLANK');&amp;#10;&amp;#10;END;"/>
      <Trigger Name="ON-MESSAGE" TriggerText="--&amp;#10;-- steve pusey 19/4/96&amp;#10;--&amp;#10;BEGIN&amp;#10;&amp;#10;  oasis_standard_procs.on_message;&amp;#10;&amp;#10;END;"/>
      <Trigger Name="ON-ERROR" TriggerText="--&amp;#10;-- steve pusey 19/4/96&amp;#10;--&amp;#10;BEGIN&amp;#10;&amp;#10;  oasis_standard_procs.on_error;&amp;#10;&amp;#10;END;"/>
      <Trigger Name="WHEN-WINDOW-CLOSED" DirtyInfo="true"/>
      <Trigger Name="PRE_BLOCK" DirtyInfo="true" FireInQuery="true" TriggerText="/* This trigger resets the 40352_count global to allow the Last line of query message to be displayed */&amp;#10;begin&amp;#10;  :GLOBAL.40352_COUNT := 0;&amp;#10;end;" DisplayInKeyboardHelp="false"/>
      <Trigger Name="WHEN-TIMER-EXPIRED" TriggerText="Button_Hint;"/>
      <Trigger Name="PRE_QUERY" DirtyInfo="true" FireInQuery="true" TriggerText="/* This trigger resets the 40352_count global to allow the Last line of query message to be displayed */&amp;#10;begin&amp;#10;  :GLOBAL.40352_COUNT := 0;&amp;#10;end;" DisplayInKeyboardHelp="false"/>
      <Trigger Name="POST-FORM" DirtyInfo="true" TriggerText="/* This trigger clears the Global variables used within the form */&amp;#10;begin&amp;#10;&#x9;sqa_exit_handler;&amp;#10;  erase('GLOBAL.ROOT_WINDOW_NAME');&amp;#10;  erase('global.last_item');&amp;#10;end;&amp;#10;"/>
      <Trigger Name="EASY_BUTTON_TRIGGER" TriggerText="NULL;"/>
      <Trigger Name="DRILLDN_BUTTON_TRIGGER" TriggerText="NULL;"/>
      <Trigger Name="KEY-CLRFRM" ParentModule="PAS_CUI" ParentModuleType="25" ParentName="KEY-CLRFRM" ParentFilename="PAS_CUI.olb" DirtyInfo="true" ParentType="37"/>
      <Trigger Name="KEY-CLRREC" TriggerText="clear_record;"/>
      <Trigger Name="KEY-CLRBLK" TriggerText="clear_block;"/>
      <Trigger Name="KEY-COMMIT" TriggerText="commit_form;"/>
      <Trigger Name="KEY-CQUERY" TriggerText="count_query;"/>
      <Trigger Name="KEY-CREREC" TriggerText="create_record;"/>
      <Trigger Name="KEY-DELREC" TriggerText="null;"/>
      <Trigger Name="KEY-DOWN" TriggerText="down;"/>
      <Trigger Name="KEY-DUP-ITEM" KeyboardHelpText="Record Error" TriggerText="--&amp;#10;-- steve pusey 22/4/96&amp;#10;--&amp;#10;BEGIN&amp;#10;&amp;#10;  oasis_standard_procs.key_dupitem_trigger;&amp;#10;&amp;#10;END;" DisplayInKeyboardHelp="true"/>
      <Trigger Name="KEY-DUPREC" TriggerText="duplicate_record;"/>
      <Trigger Name="KEY-EDIT" TriggerText="EDIT_TEXTITEM;"/>
      <Trigger Name="KEY-ENTER" TriggerText="null;"/>
      <Trigger Name="KEY-ENTQRY" TriggerText="enter_query;"/>
      <Trigger Name="KEY-EXEQRY" TriggerText="execute_query;"/>
      <Trigger Name="KEY-EXIT" TriggerText="--&amp;#10;-- fires when form is exited&amp;#10;--&amp;#10;-- Date&#x9;&#x9;by &#x9;&#x9;change&amp;#10;-- 10/1994&#x9;David Massie&#x9;Creation&amp;#10;-- 1995&#x9;&#x9;Nagy Tharwat&#x9;Upgrade to v9 - moved code into library procedure&amp;#10;-- 2/5/1996&#x9;Steve Pusey&#x9;Upgrade to V10 &amp;#10;--&#x9;&#x9;&#x9;&#x9;- removed code to check for system.mode = 'ENTER-QUERY', I can't&amp;#10;--&#x9;&#x9;&#x9;&#x9;- see why this code is not in the library !&amp;#10;--&amp;#10;BEGIN&amp;#10;   &amp;#10;  oasis_exit_form;&amp;#10;&amp;#10;END;"/>
      <Trigger Name="KEY-HELP" TriggerText="GET_HELP;"/>
      <Trigger Name="KEY-LISTVAL" TriggerText="list_values;"/>
      <Trigger Name="KEY-NEXT-ITEM" TriggerText="replace_t_with_current_date;&amp;#10;next_item;"/>
      <Trigger Name="KEY-NXTREC" TriggerText="next_record;"/>
      <Trigger Name="KEY-NXTSET" TriggerText="next_set;"/>
      <Trigger Name="KEY-OTHERS" TriggerText="NULL;"/>
      <Trigger Name="KEY-PREV-ITEM" TriggerText="replace_t_with_current_date;&amp;#10;PREVIOUS_ITEM;"/>
      <Trigger Name="KEY-PRINT" TriggerText="print;"/>
      <Trigger Name="KEY-PRVREC" TriggerText="PREVIOUS_RECORD;"/>
      <Trigger Name="KEY-SCRDOWN" TriggerText="SCROLL_DOWN;"/>
      <Trigger Name="KEY-SCRUP" TriggerText="SCROLL_UP;"/>
      <Trigger Name="KEY-UP" TriggerText="UP;"/>
      <Trigger Name="WHEN-MOUSE-ENTER" DirtyInfo="true" TriggerText="sqa_mouse_handler;"/>
      <Trigger Name="WHEN-WINDOW-RESIZED" DirtyInfo="true" TriggerText="sqa_evt_handler;"/>
      <Trigger Name="WHEN-CUSTOM-ITEM-EVENT" DirtyInfo="true" TriggerText="If :system.custom_item_event = 'TIMEOUT' then&amp;#10;  Process_timeout; --call the procedure in stdlib&amp;#10;End if;&amp;#10;"/>
      <VisualAttribute Name="BACKGROUND_CANVAS_BLUE" ParentModule="PAS_OLD" ParentModuleType="25" ParentName="BACKGROUND_CANVAS_BLUE" ParentFilename="PAS_OLD.olb" DirtyInfo="true" ParentType="39"/>
      <VisualAttribute Name="BACKGROUND_CANVAS" ParentModule="PAS_OLD" ParentModuleType="25" ParentName="BACKGROUND_CANVAS" ParentFilename="PAS_OLD.olb" DirtyInfo="true" ParentType="39"/>
      <VisualAttribute Name="TEXT_ITEM_BPT" ParentModule="PAS_OLD" ParentModuleType="25" ParentName="TEXT_ITEM_BPT" ParentFilename="PAS_OLD.olb" DirtyInfo="true" ParentType="39"/>
      <VisualAttribute Name="TEXT_ITEM_BPT_GREY" ParentModule="PAS_OLD" ParentModuleType="25" ParentName="TEXT_ITEM_BPT_GREY" ParentFilename="PAS_OLD.olb" DirtyInfo="true" ParentType="39"/>
      <VisualAttribute Name="TEXT_ITEM_VA" ParentModule="PAS_OLD" ParentModuleType="25" ParentName="TEXT_ITEM_VA" ParentFilename="PAS_OLD.olb" DirtyInfo="true" ParentType="39"/>
      <VisualAttribute Name="CURR_ITEM_VA" ParentModule="PAS_OLD" ParentModuleType="25" ParentName="CURR_ITEM_VA" ParentFilename="PAS_OLD.olb" DirtyInfo="true" ParentType="39"/>
      <VisualAttribute Name="DISP_RED" ParentModule="PAS_OLD" ParentModuleType="25" ParentName="DISP_RED" ParentFilename="PAS_OLD.olb" DirtyInfo="true" ParentType="39"/>
      <VisualAttribute Name="DISP_RED2" ParentModule="PAS_OLD" ParentModuleType="25" ParentName="DISP_RED2" ParentFilename="PAS_OLD.olb" DirtyInfo="true" ParentType="39"/>
      <VisualAttribute Name="DISP_GREEN" ParentModule="PAS_OLD" ParentModuleType="25" ParentName="DISP_GREEN" ParentFilename="PAS_OLD.olb" DirtyInfo="true" ParentType="39"/>
      <VisualAttribute Name="DISP_GREEN2" ParentModule="PAS_OLD" ParentModuleType="25" ParentName="DISP_GREEN2" ParentFilename="PAS_OLD.olb" DirtyInfo="true" ParentType="39"/>
      <VisualAttribute Name="WEB_BTN" BackColor="white" FontName="Arial" FontSize="900" FontStyle="Plain" FontWeight="Medium" FontSpacing="Normal"/>
      <VisualAttribute Name="WEB_TEXT_BUTTON" ParentModule="PAS_CUI" ParentModuleType="25" ParentName="WEB_TEXT_BUTTON" ParentFilename="PAS_CUI.olb" DirtyInfo="true" ParentType="39"/>
      <VisualAttribute Name="WEB_TEXT_BUTTON_CLICK" ParentModule="PAS_CUI" ParentModuleType="25" ParentName="WEB_TEXT_BUTTON_CLICK" ParentFilename="PAS_CUI.olb" DirtyInfo="true" ParentType="39"/>
      <VisualAttribute Name="TEXT_ITEM_VA_LOV" ParentModule="PAS_OLD" ParentModuleType="25" ParentName="TEXT_ITEM_VA_LOV" ParentFilename="PAS_OLD.olb" DirtyInfo="true" ParentType="39"/>
      <VisualAttribute Name="WEB_BPT_WINGDINGS" BackColor="white" FontName="Wingdings" FontSize="1400" FontStyle="Plain" FontWeight="Medium" FontSpacing="Normal" ForegroundColor="Top Blue"/>
      <VisualAttribute Name="V7_VA_TOOLTIP" BackColor="r100g100b88" FontName="Arial" FontSize="900" FontStyle="Plain" DirtyInfo="true" FontWeight="Medium" FontSpacing="Normal" ForegroundColor="Black"/>
      <VisualAttribute Name="MENU_TEXT_ITEMS" BackColor="Side Green" FontName="Arial" VisualAttributeType="Common" FontSize="900" DirtyInfo="true" FontWeight="Bold" ForegroundColor="darkcyan"/>
      <VisualAttribute Name="MENU_TEXT_ITEMS_INV" BackColor="darkcyan" FontName="Arial" VisualAttributeType="Common" FontSize="900" DirtyInfo="true" FontWeight="Bold" ForegroundColor="Side Green"/>
      <VisualAttribute Name="CUI_TOOLTIP_VA" ParentModule="PAS_CUI" ParentModuleType="25" ParentName="CUI_TOOLTIP_VA" ParentFilename="PAS_CUI.olb" DirtyInfo="true" ParentType="39"/>
      <VisualAttribute Name="SECTION_TITLE_VA" ParentModule="PAS_CUI" ParentModuleType="25" ParentName="SECTION_TITLE_VA" ParentFilename="PAS_CUI.olb" DirtyInfo="true" ParentType="39"/>
      <VisualAttribute Name="BACKGROUND_LINK_BOX_VA" ParentModule="PAS_CUI" ParentModuleType="25" ParentName="BACKGROUND_LINK_BOX_VA" ParentFilename="PAS_CUI.olb" DirtyInfo="true" ParentType="39"/>
      <VisualAttribute Name="FORM_TITLE_VA" ParentModule="PAS_CUI" ParentModuleType="25" ParentName="FORM_TITLE_VA" ParentFilename="PAS_CUI.olb" DirtyInfo="true" ParentType="39"/>
      <VisualAttribute Name="MENU_CANVAS_VA" ParentModule="PAS_CUI" ParentModuleType="25" ParentName="MENU_CANVAS_VA" ParentFilename="PAS_CUI.olb" DirtyInfo="true" ParentType="39"/>
      <VisualAttribute Name="MENU_TEXT_ITEMS_VA" ParentModule="PAS_CUI" ParentModuleType="25" ParentName="MENU_TEXT_ITEMS_VA" ParentFilename="PAS_CUI.olb" DirtyInfo="true" ParentType="39"/>
      <VisualAttribute Name="MENU_PROMPT" VisualAttributeType="Prompt" PromptForegroundColor="darkgray" DirtyInfo="true" PromptFontName="Arial" PromptFontSize="900" PromptFontStyle="Plain" PromptFontWeight="Bold" PromptFontSpacing="Normal"/>
      <Window Name="MAIN_FORM_WINDOW" ShowHorizontalScrollbar="false" HorizontalToolbarCanvasName="TOOLBAR_CANVAS" ClearAllowed="true" MinimizeAllowed="true" Title="Template Form - Root Window Title" Width="755" InheritMenu="true" WindowStyle="Document" ResizeAllowed="true" PrimaryCanvas="CNV_CONTENT" HideOnExit="false" XPosition="0" YPosition="0" Bevel="None" MaximizeAllowed="true" DirtyInfo="true" VisualAttributeName="DEFAULT" Modal="false" MoveAllowed="true" ShowVerticalScrollbar="false" Height="480"/>
      <Window Name="WND_HIDE" Width="540" Height="324"/>
      <ObjectGroup Name="ACTIONS_OG" ParentModule="PAS_CUI" ParentModuleType="25" ParentName="ACTIONS_OG" ParentFilename="PAS_CUI.olb" DirtyInfo="true" ParentType="23">
         <ObjectGroupChild Name="C_ACTIONS" SubclassSubObject="true"/>
         <ObjectGroupChild Name="C_BASE" SubclassSubObject="true"/>
         <ObjectGroupChild Name="C_FUNCTIONS" SubclassSubObject="true"/>
         <ObjectGroupChild Name="MENU_CANVAS_CLASS" SubclassSubObject="true"/>
         <ObjectGroupChild Name="MENU_CANVAS_VA" SubclassSubObject="true"/>
         <ObjectGroupChild Name="MENU_ITEM_CLASS" SubclassSubObject="true"/>
         <ObjectGroupChild Name="TOP_MENU" SubclassSubObject="true"/>
         <ObjectGroupChild Name="LT_TOOLBAR_MAIN" SubclassSubObject="true"/>
         <ObjectGroupChild Name="HCI_UPGRADE" SubclassSubObject="true"/>
         <ObjectGroupChild Name="HCI_UPGRADE" SubclassSubObject="true"/>
         <ObjectGroupChild Name="LHM_RESET_CANVAS_STACK" SubclassSubObject="true"/>
         <ObjectGroupChild Name="LOCAL_RESET_CANVAS_STACK" SubclassSubObject="true"/>
      </ObjectGroup>
      <ObjectGroup Name="KEY_TRIGGERS" DirtyInfo="true" ObjectGroupType="22">
         <ObjectGroupChild Name="KEY-CLRFRM" Type="Trigger"/>
         <ObjectGroupChild Name="KEY-CLRBLK" Type="Trigger"/>
         <ObjectGroupChild Name="KEY-CLRREC" Type="Trigger"/>
         <ObjectGroupChild Name="KEY-COMMIT" Type="Trigger"/>
         <ObjectGroupChild Name="KEY-CQUERY" Type="Trigger"/>
         <ObjectGroupChild Name="KEY-CREREC" Type="Trigger"/>
         <ObjectGroupChild Name="KEY-DELREC" Type="Trigger"/>
         <ObjectGroupChild Name="KEY-DOWN" Type="Trigger"/>
         <ObjectGroupChild Name="KEY-DUP-ITEM" Type="Trigger"/>
         <ObjectGroupChild Name="KEY-DUPREC" Type="Trigger"/>
         <ObjectGroupChild Name="KEY-EDIT" Type="Trigger"/>
         <ObjectGroupChild Name="KEY-ENTER" Type="Trigger"/>
         <ObjectGroupChild Name="KEY-ENTQRY" Type="Trigger"/>
         <ObjectGroupChild Name="KEY-EXEQRY" Type="Trigger"/>
         <ObjectGroupChild Name="KEY-LISTVAL" Type="Trigger"/>
         <ObjectGroupChild Name="KEY-NEXT-ITEM" Type="Trigger"/>
         <ObjectGroupChild Name="KEY-NXTREC" Type="Trigger"/>
         <ObjectGroupChild Name="KEY-NXTSET" Type="Trigger"/>
         <ObjectGroupChild Name="KEY-OTHERS" Type="Trigger"/>
         <ObjectGroupChild Name="KEY-PREV-ITEM" Type="Trigger"/>
         <ObjectGroupChild Name="KEY-PRINT" Type="Trigger"/>
         <ObjectGroupChild Name="KEY-PRVREC" Type="Trigger"/>
         <ObjectGroupChild Name="KEY-SCRDOWN" Type="Trigger"/>
         <ObjectGroupChild Name="KEY-SCRUP" Type="Trigger"/>
         <ObjectGroupChild Name="KEY-UP" Type="Trigger"/>
      </ObjectGroup>
      <ObjectGroup Name="ABOUT_FORM_PARAMETERS" DirtyInfo="true" ObjectGroupType="22">
         <ObjectGroupChild Name="P_TEMPLATE" Type="ModuleParameter"/>
         <ObjectGroupChild Name="P_VERSION" Type="ModuleParameter"/>
         <ObjectGroupChild Name="P_DATE" Type="ModuleParameter"/>
      </ObjectGroup>
      <ObjectGroup Name="ON_TRIGGERS" DirtyInfo="true" ObjectGroupType="22">
         <ObjectGroupChild Name="ON-MESSAGE" Type="Trigger"/>
         <ObjectGroupChild Name="ON-ERROR" Type="Trigger"/>
      </ObjectGroup>
   </FormModule>
</Module>
