<?xml version = '1.0' encoding = 'UTF-8'?>
<Module version="122010300" xmlns="http://xmlns.oracle.com/Forms">
   <FormModule Name="ERARCH" ValidationUnit="Default" FirstNavigationBlockName="AE_ARCHIVE" HorizontalToolbarCanvas=" " ConsoleWindow="MAIN_FORM_WINDOW" MenuModule="OASIS" CursorMode="Open" InitializeMenu="DEFAULTMENUAPP" Use3dControls="true" RuntimeComp="5.0" DirtyInfo="true" MouseNavigationLimit="Form" SavepointMode="true">
      <Coordinate CharacterCellWidth="7" RealUnit="Point" DefaultFontScaling="false" CharacterCellHeight="16" CoordinateSystem="Real"/>
      <Alert Name="STANDARD_ALERT" DirtyInfo="true" Button1Label="OK" VisualAttributeName="DEFAULT" Button2Label="" DefaultAlertButton="Button 1" AlertStyle="Note"/>
      <Alert Name="WARNING_ALERT" DirtyInfo="true" Button1Label="OK" VisualAttributeName="DEFAULT" Button2Label="" DefaultAlertButton="Button 1" AlertStyle="Note"/>
      <Alert Name="ERROR_ALERT" DirtyInfo="true" Button1Label="OK" VisualAttributeName="DEFAULT" Button2Label="" DefaultAlertButton="Button 1" AlertStyle="Note"/>
      <Alert Name="QUESTION_ALERT" DirtyInfo="true" Button1Label="Yes" VisualAttributeName="DEFAULT" Button2Label="No" DefaultAlertButton="Button 1" AlertStyle="Note"/>
      <Block Name="CONTROL" RecordsBufferedCount="0" RecordsDisplayCount="1" RecordsFetchedCount="1" EnforcedColumnSecurity="false" InsertAllowed="false" EnforcedPrimaryKey="false" RecordOrientation="Vertical" UpdateAllowed="false" DeleteAllowed="false" DirtyInfo="true" VisualAttributeName="DEFAULT" KeyMode="Unique" DatabaseBlock="false" QueryDataSourceType="None" QueryAllowed="false" LockMode="Immediate" DMLDataType="None" NavigationStyle="Same Record" ShowScrollbar="false">
         <Item Name="TIMEOUT" DirtyInfo="true" TabPageName="" Width="0" CanvasName="CNV_CONTENT" ItemType="Bean Area" ImplementationClass="com.capula.eoasis.Timeout" Height="0"/>
      </Block>
      <Block Name="TEXT" RecordsBufferedCount="0" RecordsDisplayCount="1" RecordsFetchedCount="0" WhereClause="" EnforcedColumnSecurity="false" InsertAllowed="true" EnforcedPrimaryKey="false" RecordOrientation="Vertical" UpdateAllowed="true" DMLDataName="" DeleteAllowed="true" QueryDataSourceName="" DirtyInfo="true" VisualAttributeName="DEFAULT" KeyMode="Unique" DatabaseBlock="false" QueryDataSourceType="None" QueryAllowed="true" LockMode="Immediate" DMLDataType="None" NavigationStyle="Same Record" ShowScrollbar="false">
         <Item Name="FUNCTION_ID" ValidateFromList="false" LovXPosition="0" Justification="Left" LovYPosition="0" ListStyle="Poplist" Width="36" MaximumLength="6" WrapStyle="Word" AutoSkip="false" CompressionQuality="None" XPosition="108" YPosition="35" DatabaseItem="true" Bevel="Plain" AutoHint="false" MouseNavigate="true" MultiLine="false" CaseInsensitiveQuery="false" KeyboardNavigable="true" CaseRestriction="Mixed" CheckBoxOtherValues="Not Allowed" PrimaryKey="false" DefaultButton="false" QueryAllowed="true" Visible="true" QueryLength="6" DisplayQuality="High" EditXPosition="0" EditYPosition="0" Enabled="true" DistanceBetweenRecords="4364" FixedLength="false" Required="true" Height="14" ConcealData="false" Hint="Enter value for : FUNCTION_ID" SizingStyle="Crop" ShowHorizontalScrollbar="false" Iconic="false" InsertAllowed="true" ItemType="Display Item" DataType="Number" UpdateAllowed="true" UpdateIfNull="false" KeepCursorPosition="false" VisualAttributeName="DEFAULT" Label="Function Id" LockRecord="false" ShowVerticalScrollbar="false" TooltipVisualAttributeGroup="V7_VA_TOOLTIP"/>
         <Item Name="LANGUAGE_ID" ValidateFromList="false" LovXPosition="0" Justification="Left" LovYPosition="0" ListStyle="Poplist" Width="24" MaximumLength="4" WrapStyle="Word" AutoSkip="false" CompressionQuality="None" XPosition="576" YPosition="35" DatabaseItem="true" Bevel="Plain" AutoHint="false" MouseNavigate="true" MultiLine="false" CaseInsensitiveQuery="false" KeyboardNavigable="true" CaseRestriction="Mixed" CheckBoxOtherValues="Not Allowed" PrimaryKey="false" DefaultButton="false" QueryAllowed="true" Visible="true" QueryLength="4" DisplayQuality="High" EditXPosition="0" EditYPosition="0" Enabled="true" DistanceBetweenRecords="4364" FixedLength="false" Required="true" Height="14" ConcealData="false" Hint="Enter value for : LANGUAGE_ID" SizingStyle="Crop" ShowHorizontalScrollbar="false" Iconic="false" InsertAllowed="true" ItemType="Display Item" DataType="Number" UpdateAllowed="true" UpdateIfNull="false" KeepCursorPosition="false" VisualAttributeName="DEFAULT" Label="Language Id" LockRecord="false" ShowVerticalScrollbar="false" TooltipVisualAttributeGroup="V7_VA_TOOLTIP"/>
         <Item Name="CONTROL_ITEM" ValidateFromList="false" LovXPosition="0" Justification="Left" LovYPosition="0" ListStyle="Poplist" Width="0" MaximumLength="1" WrapStyle="Word" AutoSkip="false" BackColor="white" CompressionQuality="None" XPosition="16" YPosition="10" DatabaseItem="false" Bevel="Plain" AutoHint="false" MouseNavigate="true" CanvasName="TOOLBAR_CANVAS" MultiLine="false" CaseInsensitiveQuery="false" KeyboardNavigable="true" CaseRestriction="Mixed" CheckBoxOtherValues="Not Allowed" Comment="This item is created as a hidden enterable field to allow the query on this block to operate" PrimaryKey="false" DirtyInfo="true" DefaultButton="false" QueryAllowed="true" Visible="true" QueryLength="1" DisplayQuality="High" EditXPosition="0" EditYPosition="0" Enabled="true" DistanceBetweenRecords="0" FillPattern="transparent" FixedLength="false" Required="false" FontName="Fixedsys" FontSize="900" FontStyle="Plain" FontWeight="Demilight" FontSpacing="Normal" ForegroundColor="black" Height="0" ConcealData="false" SizingStyle="Crop" ShowHorizontalScrollbar="false" Iconic="false" InsertAllowed="true" ItemType="Text Item" DataType="Char" UpdateAllowed="true" UpdateIfNull="false" KeepCursorPosition="false" LockRecord="false" ShowVerticalScrollbar="false" TooltipVisualAttributeGroup="V7_VA_TOOLTIP"/>
         <Item Name="BPT_1" ValidateFromList="false" EditXPosition="0" LovXPosition="0" EditYPosition="0" LovYPosition="0" Enabled="true" ListStyle="Poplist" Width="30" FixedLength="false" WrapStyle="Word" AutoSkip="false" CompressionQuality="None" XPosition="20" Required="false" YPosition="4" AutoHint="false" MouseNavigate="true" CanvasName="C_AE_ARCHIVE" MultiLine="false" CaseInsensitiveQuery="false" KeyboardNavigable="true" CaseRestriction="Mixed" ParentType="29" CheckBoxOtherValues="Not Allowed" ConcealData="false" SizingStyle="Crop" ShowHorizontalScrollbar="false" Iconic="false" InsertAllowed="true" UpdateAllowed="true" ParentModule="ERARCH" UpdateIfNull="false" ParentModuleType="12" ParentName="BPT_GREY_CLASS" DirtyInfo="true" KeepCursorPosition="false" DefaultButton="false" QueryAllowed="true" QueryLength="80" LockRecord="false" DisplayQuality="High" ShowVerticalScrollbar="false" TooltipVisualAttributeGroup="V7_VA_TOOLTIP"/>
         <Item Name="BPT_2" ShowHorizontalScrollbar="false" Width="121" ParentModule="ERARCH" CompressionQuality="None" XPosition="95" ParentModuleType="12" YPosition="4" ParentName="BPT_GREY_CLASS" DirtyInfo="true" CanvasName="C_AE_ARCHIVE" ParentType="29" ShowVerticalScrollbar="false" TooltipVisualAttributeGroup="V7_VA_TOOLTIP"/>
         <Item Name="BPT_3" ShowHorizontalScrollbar="false" Width="80" ParentModule="ERARCH" CompressionQuality="None" XPosition="242" ParentModuleType="12" YPosition="4" ParentName="BPT_GREY_CLASS" DirtyInfo="true" CanvasName="C_AE_ARCHIVE" ParentType="29" ShowVerticalScrollbar="false" TooltipVisualAttributeGroup="V7_VA_TOOLTIP"/>
         <Item Name="BPT_5" ShowHorizontalScrollbar="false" Width="83" ParentModule="ERARCH" CompressionQuality="None" XPosition="328" ParentModuleType="12" YPosition="4" ParentName="BPT_GREY_CLASS" DirtyInfo="true" CanvasName="C_AE_ARCHIVE" ParentType="29" ShowVerticalScrollbar="false" TooltipVisualAttributeGroup="V7_VA_TOOLTIP"/>
         <Item Name="BPT_7" ShowHorizontalScrollbar="false" Width="120" ParentModule="ERARCH" CompressionQuality="None" XPosition="414" ParentModuleType="12" YPosition="4" ParentName="BPT_GREY_CLASS" DirtyInfo="true" CanvasName="C_AE_ARCHIVE" ParentType="29" ShowVerticalScrollbar="false" TooltipVisualAttributeGroup="V7_VA_TOOLTIP"/>
         <Item Name="BPT_8" Justification="Start" Width="330" MaximumLength="330" ParentModule="ERARCH" XPosition="105" ParentModuleType="12" YPosition="57" ParentName="SECTION_TITLE_CLASS" DirtyInfo="true" CanvasName="CNV_CONTENT" ParentType="29" TooltipVisualAttributeGroup="V7_VA_TOOLTIP"/>
         <Item Name="DSP_BREADCRUMB" Justification="Start" TabPageName="" Width="278" MaximumLength="4000" ItemType="Display Item" BackColor="white" XPosition="95" FontName="Arial" YPosition="4" DatabaseItem="false" Bevel="None" FontSize="1000" FontStyle="Italic" DirtyInfo="true" FontWeight="Bold" FontSpacing="Normal" ForegroundColor="darkcyan" CanvasName="CNV_HIDE" Visible="false" Height="15"/>
         <Trigger Name="WHEN-MOUSE-DOUBLECLICK" TriggerText="--&amp;#10;-- steve pusey 19/4/96&amp;#10;--&amp;#10;-- change value in current boilerplate text item&amp;#10;--&amp;#10;BEGIN&amp;#10;&amp;#10;  boilerplate.change_boilerplate;&amp;#10;&amp;#10;END;"/>
      </Block>
      <Block Name="AE_ARCHIVE" RecordsDisplayCount="16" InsertAllowed="false" RecordOrientation="Vertical" UpdateAllowed="false" DMLDataName="OASIS.AE_ARCHIVE" DeleteAllowed="false" QueryDataSourceName="OASIS.AE_ARCHIVE" DirtyInfo="true" VisualAttributeName="DEFAULT" ScrollbarCanvasName="C_AE_ARCHIVE" DatabaseBlock="true" QueryDataSourceType="Table" ScrollbarWidth="12" ScrollbarXPosition="6" DMLDataType="Table" ScrollbarYPosition="17" ShowScrollbar="true" ScrollbarLength="224">
         <Item Name="AE_ARCHIVE_ID" Bevel="Plain" DirtyInfo="true" Width="68" TooltipVisualAttributeGroup="V7_VA_TOOLTIP" Height="14"/>
         <Item Name="CRN" Hint="Enter value for : CRN" ShowHorizontalScrollbar="false" DistanceBetweenRecords="0" Width="74" MaximumLength="20" DataType="Char" ParentModule="ERARCH" CompressionQuality="None" XPosition="20" ParentModuleType="12" YPosition="17" DatabaseItem="true" ParentName="TEXT_ITEM_CLASS" Bevel="Plain" DirtyInfo="true" Label="Crn" CanvasName="C_AE_ARCHIVE" QueryLength="20" ParentType="29" ShowVerticalScrollbar="false" TooltipVisualAttributeGroup="V7_VA_TOOLTIP" Height="14"/>
         <Item Name="PAT_NAME_DESC" ShowHorizontalScrollbar="false" Width="146" MaximumLength="80" ParentModule="ERARCH" CompressionQuality="None" XPosition="95" ParentModuleType="12" YPosition="17" DatabaseItem="false" ParentName="TEXT_ITEM_CLASS" Bevel="Plain" DirtyInfo="true" CanvasName="C_AE_ARCHIVE" QueryLength="0" ParentType="29" ShowVerticalScrollbar="false" TooltipVisualAttributeGroup="V7_VA_TOOLTIP" Height="14"/>
         <Item Name="ARRIVAL_DATE" Hint="Enter value for : ARRIVAL_DATE" ShowHorizontalScrollbar="false" DistanceBetweenRecords="0" Width="53" MaximumLength="30" DataType="Date" ParentModule="ERARCH" CompressionQuality="None" XPosition="242" ParentModuleType="12" YPosition="17" DatabaseItem="true" ParentName="TEXT_ITEM_CLASS" Bevel="Plain" DirtyInfo="true" Label="Arrival Date" CanvasName="C_AE_ARCHIVE" QueryLength="0" ParentType="29" ShowVerticalScrollbar="false" TooltipVisualAttributeGroup="V7_VA_TOOLTIP" Height="14"/>
         <Item Name="ARRIVAL_TIME" Hint="Enter value for : ARRIVAL_TIME" ShowHorizontalScrollbar="false" DistanceBetweenRecords="0" Width="31" MaximumLength="5" DataType="Char" ParentModule="ERARCH" CompressionQuality="None" XPosition="296" ParentModuleType="12" YPosition="17" DatabaseItem="true" ParentName="TEXT_ITEM_CLASS" Bevel="Plain" DirtyInfo="true" Label="Arrival Time" CanvasName="C_AE_ARCHIVE" QueryLength="5" ParentType="29" ShowVerticalScrollbar="false" TooltipVisualAttributeGroup="V7_VA_TOOLTIP" Height="14"/>
         <Item Name="DEPARTURE_DATE" Hint="Enter value for : DEPARTURE_DATE" ShowHorizontalScrollbar="false" DistanceBetweenRecords="0" Width="53" MaximumLength="30" DataType="Date" ParentModule="ERARCH" CompressionQuality="None" XPosition="328" ParentModuleType="12" YPosition="17" DatabaseItem="true" ParentName="TEXT_ITEM_CLASS" Bevel="Plain" DirtyInfo="true" Label="Departure Date" CanvasName="C_AE_ARCHIVE" QueryLength="0" ParentType="29" ShowVerticalScrollbar="false" TooltipVisualAttributeGroup="V7_VA_TOOLTIP" Height="14"/>
         <Item Name="DEPARTURE_TIME" Hint="Enter value for : DEPARTURE_TIME" ShowHorizontalScrollbar="false" DistanceBetweenRecords="0" Width="31" MaximumLength="5" DataType="Char" ParentModule="ERARCH" CompressionQuality="None" XPosition="382" ParentModuleType="12" YPosition="17" DatabaseItem="true" ParentName="TEXT_ITEM_CLASS" Bevel="Plain" DirtyInfo="true" Label="Departure Time" CanvasName="C_AE_ARCHIVE" QueryLength="5" ParentType="29" ShowVerticalScrollbar="false" TooltipVisualAttributeGroup="V7_VA_TOOLTIP" Height="14"/>
         <Item Name="INCIDENT_TYPE" Hint="Enter value for : INCIDENT_TYPE" ShowHorizontalScrollbar="false" NextNavigationItemName="CRN" DistanceBetweenRecords="0" Width="126" MaximumLength="30" DataType="Char" ParentModule="ERARCH" CompressionQuality="None" XPosition="414" ParentModuleType="12" YPosition="17" DatabaseItem="true" ParentName="TEXT_ITEM_CLASS" Bevel="Plain" DirtyInfo="true" Label="Incident Type" CanvasName="C_AE_ARCHIVE" QueryLength="30" ParentType="29" ShowVerticalScrollbar="false" TooltipVisualAttributeGroup="V7_VA_TOOLTIP" Height="14"/>
         <Item Name="PAT_NAME_1" Enabled="false" Width="68" InsertAllowed="false" ItemType="Display Item" UpdateAllowed="false" Bevel="Plain" DirtyInfo="true" VisualAttributeName="TEXT_ITEM_VA" MouseNavigate="false" QueryAllowed="false" Visible="false" KeyboardNavigable="false" TooltipVisualAttributeGroup="V7_VA_TOOLTIP" Height="14"/>
         <Item Name="PAT_NAME_FAMILY" Enabled="false" Width="68" InsertAllowed="false" ItemType="Display Item" UpdateAllowed="false" Bevel="Plain" DirtyInfo="true" VisualAttributeName="TEXT_ITEM_VA" MouseNavigate="false" QueryAllowed="false" Visible="false" KeyboardNavigable="false" TooltipVisualAttributeGroup="V7_VA_TOOLTIP" Height="14"/>
         <Trigger Name="WHEN-MOUSE-DOUBLECLICK" TriggerText="&amp;#10;-- By&#x9;&#x9;&#x9;&#x9;Date&#x9;&#x9;&#x9;change&amp;#10;-- william Akin&#x9;&#x9;&#x9;14/05/1997&#x9;&#x9;creation&amp;#10;&amp;#10; BEGIN&amp;#10;&amp;#10;   EXECUTE_TRIGGER ('DRILLDOWN'); &amp;#10;&amp;#10; END;"/>
         <Trigger Name="DRILLDOWN" TriggerText="-- By           Date        Change&amp;#10;-- william Akin 14/05/1997  Creation&amp;#10;-- Robert       03/12/2003  Rewritten to call the main a and e archive details form&amp;#10;--&amp;#10;BEGIN&amp;#10;  --&amp;#10;-- go_item ('ae_archive.pat_name_family');&amp;#10;  --&amp;#10;  :GLOBAL.archive_id := :AE_ARCHIVE.ae_archive_id;&amp;#10;  --&amp;#10;  oasis_call_form( 'AEARCHD'&amp;#10;                 , 'NO_HIDE' );&amp;#10;  --&amp;#10;END;"/>
         <Trigger Name="PRE-QUERY" DirtyInfo="true" TriggerText="-- Date       by      Change&amp;#10;-- 26/02/2004 Sean    Created following CAPELN2308&amp;#10;--oasis_number_set_item_property('AE_ARCHIVE.DETAIL_BTN', ENABLED, PROPERTY_FALSE);&amp;#10;null;"/>
         <Trigger Name="POST-QUERY" DirtyInfo="true" TriggerText="-- Date       by      Change&amp;#10;-- 26/02/2004 Sean    Created following CAPELN2308&amp;#10;-- 13/04/2004 Bakulesh&#x9;added patient name and family name display only fields added and here it copied to desc field. &amp;#10;BEGIN&amp;#10;  IF :AE_ARCHIVE.ae_archive_id IS NOT NULL&amp;#10;  THEN&amp;#10;    --oasis_number_set_item_property('AE_ARCHIVE.DETAIL_BTN', ENABLED, PROPERTY_TRUE);&amp;#10;    :AE_ARCHIVE.PAT_NAME_DESC := :AE_ARCHIVE.PAT_NAME_1 ||' '||:AE_ARCHIVE.PAT_NAME_FAMILY;&amp;#10;  END IF;&amp;#10;END;"/>
      </Block>
      <Block Name="BUTTONS" DirtyInfo="true" DatabaseBlock="false" ScrollbarWidth="14" ScrollbarLength="135">
         <Item Name="DETAIL_BTN" ShowHorizontalScrollbar="false" IconFilename="amdrill1" Width="80" ItemType="Text Item" ParentModule="ERARCH" CompressionQuality="None" XPosition="557" ParentModuleType="12" YPosition="54" DatabaseItem="false" ParentName="BUTTON_CLASS" Bevel="None" DirtyInfo="true" VisualAttributeName="WEB_TEXT_BUTTON" CanvasName="C_AE_ARCHIVE" KeyboardNavigable="false" ItemsDisplay="1" ParentType="29" ShowVerticalScrollbar="false" TooltipVisualAttributeGroup="V7_VA_TOOLTIP" Height="14">
            <Trigger Name="WHEN-MOUSE-CLICK" DirtyInfo="true" TriggerText="&amp;#10;-- By&#x9;&#x9;&#x9;&#x9;Date&#x9;&#x9;&#x9;change&amp;#10;-- william Akin&#x9;&#x9;&#x9;14/05/1997&#x9;&#x9;creation&amp;#10;&amp;#10; BEGIN&amp;#10;   oasis_when_mouse_click.when_mouse_click;&amp;#10;   EXECUTE_TRIGGER ('DRILLDOWN'); &amp;#10;&amp;#10; END;&amp;#10; "/>
         </Item>
         <Trigger Name="WHEN-MOUSE-DOWN" DirtyInfo="true" TriggerText="SET_ITEM_PROPERTY(:SYSTEM.TRIGGER_ITEM,VISUAL_ATTRIBUTE,'WEB_TEXT_BUTTON_CLICK');"/>
         <Trigger Name="WHEN-MOUSE-UP" DirtyInfo="true" TriggerText="SET_ITEM_PROPERTY(:SYSTEM.TRIGGER_ITEM, VISUAL_ATTRIBUTE, 'WEB_TEXT_BUTTON');&amp;#10;DEFAULT_VALUE(NULL,'GLOBAL.LAST_ITEM');&amp;#10;IF :global.last_item IS NOT NULL THEN&amp;#10;&#x9;GO_ITEM(:global.last_item);&amp;#10;END IF;"/>
         <Trigger Name="KEY-CLRBLK" DirtyInfo="true" TriggerText="NULL;"/>
         <Trigger Name="KEY-CLRREC" DirtyInfo="true" TriggerText="NULL;"/>
         <Trigger Name="KEY-CLRFRM" DirtyInfo="true" TriggerText="NULL;"/>
         <Trigger Name="KEY-DELREC" DirtyInfo="true" TriggerText="NULL;"/>
         <Trigger Name="KEY-ENTQRY" DirtyInfo="true" TriggerText="NULL;"/>
         <Trigger Name="KEY-EXEQRY" DirtyInfo="true" TriggerText="NULL;"/>
         <Trigger Name="KEY-CREREC" DirtyInfo="true" TriggerText="NULL;"/>
         <Trigger Name="KEY-NXTREC" DirtyInfo="true" TriggerText="NULL;"/>
         <Trigger Name="KEY-PRVREC" DirtyInfo="true" TriggerText="NULL;"/>
         <Trigger Name="KEY-SCRDOWN" DirtyInfo="true" TriggerText="NULL;"/>
         <Trigger Name="KEY-SCRUP" DirtyInfo="true" TriggerText="NULL;"/>
         <Trigger Name="KEY-DOWN" DirtyInfo="true" TriggerText="NULL;"/>
         <Trigger Name="KEY-UP" DirtyInfo="true" TriggerText="NULL;"/>
         <Trigger Name="WHEN-NEW-ITEM-INSTANCE" DirtyInfo="true" TriggerText="NULL; -- To ensure the form level trigger does not fire for the buttons"/>
      </Block>
      <Block Name="TITLES" DirtyInfo="true" ScrollbarWidth="14" ScrollbarLength="135">
         <Item Name="DSP_TITLE" Justification="Start" TabPageName="" Width="330" MaximumLength="100" ParentModule="ERARCH" XPosition="105" ParentModuleType="12" YPosition="3" DatabaseItem="false" ParentName="FORM_TITLE_CLASS" DirtyInfo="true" CanvasName="CNV_CONTENT" ParentType="29"/>
      </Block>
      <Block Name="LT_FUNCTIONS" DirtyInfo="true" DatabaseBlock="false" ScrollbarWidth="14" ScrollbarLength="135">
         <Item Name="IMG_FUNCTIONS" Width="16" XPosition="79" YPosition="0" DatabaseItem="false" Bevel="None" PromptFontName="Arial" ParentType="29" Height="14" Prompt="Functions" TabPageName="" PromptAttachmentOffset="36" PromptAlignOffset="0" PromptFontSize="900" ItemType="Image" ImageFormat="BMP" ParentModule="PAS_CUI" ParentModuleType="25" ParentName="MENU_ITEM_CLASS" ParentFilename="PAS_CUI.olb" PromptForegroundColor="Allscripts Link Blue" DirtyInfo="true" PromptFontStyle="Plain" PromptFontWeight="Bold" PromptFontSpacing="Normal">
            <Trigger Name="WHEN-MOUSE-CLICK" DirtyInfo="true" TriggerText="HCI_UPGRADE.functions_when_mouse_click;"/>
         </Item>
         <Item Name="NAVIGATE_BUTTON" Justification="Start" TabPageName="" DistanceBetweenRecords="0" Width="80" ItemType="Display Item" PopupMenuName="BOILER_PLATE" ParentModule="PAS_CUI" XPosition="5" ParentModuleType="25" YPosition="20" DatabaseItem="false" ParentName="MENU_ITEM_CLASS" Bevel="None" ParentFilename="PAS_CUI.olb" FontStyle="Plain" DirtyInfo="true" FontSpacing="Normal" KeyboardNavigable="false" ParentType="29">
            <Trigger Name="WHEN-MOUSE-CLICK" DirtyInfo="true" TriggerText="BEGIN&amp;#10;&amp;#10;  oasis_menu.toggle_menu;&amp;#10;&amp;#10;END;"/>
         </Item>
         <Trigger Name="WHEN-NEW-BLOCK-INSTANCE" DirtyInfo="true" TriggerText="READ_IMAGE_FILE(hci_upgrade.g_image_directory || 'pas_expand_menu.gif', 'gif', 'LT_FUNCTIONS.IMG_FUNCTIONS');"/>
         <Trigger Name="WHEN-MOUSE-DOWN" DirtyInfo="true" TriggerText="SET_ITEM_PROPERTY(:SYSTEM.TRIGGER_ITEM,VISUAL_ATTRIBUTE,'WEB_TEXT_BUTTON_CLICK');"/>
         <Trigger Name="WHEN-MOUSE-UP" DirtyInfo="true" TriggerText="SET_ITEM_PROPERTY(:SYSTEM.TRIGGER_ITEM,VISUAL_ATTRIBUTE,'WEB_TEXT_BUTTON');"/>
         <Trigger Name="WHEN-NEW-ITEM-INSTANCE" DirtyInfo="true" TriggerText="NULL;"/>
      </Block>
      <Canvas Name="C_AE_ARCHIVE" ViewportXPositionOnCanvas="0" ViewportYPositionOnCanvas="0" ShowHorizontalScrollbar="false" Width="650" WindowName="MAIN_FORM_WINDOW" ParentModule="ERARCH" ParentModuleType="12" ParentName="STACKED_CANVAS_CLASS" Bevel="None" DirtyInfo="true" DisplayViewport="true" ParentType="29" ShowVerticalScrollbar="false" Height="270" ViewportHeight="270" ViewportXPosition="98" ViewportWidth="650" ViewportYPosition="95"/>
      <Canvas Name="TOOLBAR_CANVAS" BackColor="patient_live_blue" ParentModule="ERARCH" ParentModuleType="12" ParentName="TOOLBAR_CANVAS_CLASS" DirtyInfo="true" Width="768" ParentType="29">
         <Graphics Name="LINE376" InternalLineWidth="228" Width="755" EdgeForegroundColor="gray16" FillPattern="none" EdgePattern="Solid" JoinStyle="Bevel" BackColor="patient_live_blue" XPosition="0" YPosition="62" Bevel="None" DirtyInfo="true" GraphicsType="Line" HorizontalMargin="8" ScrollbarWidth="15" VerticalMargin="16" HorizontalObjectOffset="15" Height="0" StartPromptOffset="8"/>
      </Canvas>
      <Canvas Name="CANVAS0" ViewportXPositionOnCanvas="0" ViewportYPositionOnCanvas="0" ShowHorizontalScrollbar="false" CanvasType="Content" Width="590" WindowName="WND_HIDE" Bevel="None" DirtyInfo="true" VisualAttributeName="BACKGROUND_CANVAS_BLUE" Visible="false" ShowVerticalScrollbar="false" Height="320" ViewportHeight="350" ViewportXPosition="0" ViewportWidth="590" ViewportYPosition="0" RaiseOnEnter="false">
         <Graphics Name="RECT5" InternalLineWidth="113" InternalRotationAngle="0" Width="0" EdgeForegroundColor="black" EdgeBackColor="black" FillPattern="none" EdgePattern="transparent" DashStyle="Solid" CapStyle="Butt" JoinStyle="Mitre" BackColor="white" XPosition="111" YPosition="137" Bevel="None" ForegroundColor="black" GraphicsType="Rectangle" HorizontalMargin="5" ScrollbarWidth="9" VerticalMargin="14" HorizontalObjectOffset="9" Height="0" StartPromptOffset="5"/>
      </Canvas>
      <Canvas Name="CNV_CONTENT" BackColor="white" Bevel="None" DirtyInfo="true" ForegroundColor="black" Width="755" WindowName="MAIN_FORM_WINDOW" Height="415" ViewportHeight="324" ViewportWidth="540">
         <Graphics Name="GRAPHIC992" InternalLineWidth="113" Width="619" EdgeForegroundColor="gray16" EdgeBackColor="white" FillPattern="none" EdgePattern="solid" JoinStyle="Bevel" BackColor="Line Green" XPosition="105" YPosition="72" Bevel="None" DirtyInfo="true" ForegroundColor="white" GraphicsType="Line" HorizontalMargin="7" ScrollbarWidth="14" VerticalMargin="14" HorizontalObjectOffset="14" Height="0" StartPromptOffset="7"/>
      </Canvas>
      <Canvas Name="CNV_HIDE" Bevel="None" Width="800" Visible="false" WindowName="WND_HIDE" Height="410" ViewportHeight="324" ViewportWidth="540"/>
      <ModuleParameter Name="P_RELEASE" ParentModule="PAS_RELEASE" ParentModuleType="25" ParentName="P_RELEASE" ParentFilename="PAS_RELEASE.olb" DirtyInfo="true" ParentType="13"/>
      <ModuleParameter Name="P_TEMPLATE" DirtyInfo="true" Comment="Used by ABOUT_FORM window, the template used to create this form" ParameterInitializeValue="TEMPLATE_V11"/>
      <ModuleParameter Name="P_VERSION" DirtyInfo="true" Comment="Used by ABOUT_FORM window, the form version, update after each update" ParameterInitializeValue="0"/>
      <ModuleParameter Name="P_DATE" DirtyInfo="true" Comment="Used by ABOUT_FORM window, the date the form was last updated, update after each update" ParameterInitializeValue="03-Sep-2016"/>
      <ModuleParameter Name="API_VERSION" ParameterInitializeValue="V2.3"/>
      <ModuleParameter Name="P_BREADCRUMB"/>
      <Menu Name="BOILER_PLATE" DirtyInfo="true">
         <MenuItem Name="CHANGE_PROMPT" DirtyInfo="true" Label="Change Prompt" MenuItemCode="message('Change Boilerplate prompt');pause;"/>
      </Menu>
      <ProgramUnit Name="INIT_FORM" ProgramUnitText="PACKAGE BODY init_form IS&amp;#10;--&amp;#10;-- steve pusey 2/5/1996&amp;#10;--&amp;#10;-- program units to initialise form&amp;#10;--&amp;#10;-- add code to init_form and init_format_masks program units, add other init procs to the&amp;#10;-- init_form procedure, for example if you write a procedure called init_toolbar then add &amp;#10;-- this to the init_form procedure. The init_form procedure is called from the &amp;#10;-- WHEN-NEW-FORM-INSTANCE trigger&amp;#10;--&amp;#10;&amp;#10;---------------------------------------------------------------------------------------&amp;#10;-- INTERNAL PACKAGE VARIABLES &amp;#10;---------------------------------------------------------------------------------------&amp;#10;&amp;#10;---------------------------------------------------------------------------------------&amp;#10;-- INTERNAL PROGRAM UNITS (DECLARATION)&amp;#10;---------------------------------------------------------------------------------------&amp;#10;&amp;#10;  PROCEDURE init_list_items;&amp;#10;  PROCEDURE init_format_masks;&amp;#10;&amp;#10;---------------------------------------------------------------------------------------&amp;#10;-- PROGRAM UNITS (CODE)&amp;#10;---------------------------------------------------------------------------------------&amp;#10;&amp;#10;-- ##########################################################################################&amp;#10;&amp;#10;  PROCEDURE init_list_items IS&amp;#10;  --&amp;#10;  -- initialise list items&amp;#10;  --&amp;#10;  -- date&#x9;by&#x9;&#x9;change&amp;#10;  -- 2/5/1996   Steve Pusey&#x9;Creation of template procedure&amp;#10;  --&amp;#10;  BEGIN&amp;#10;&amp;#10;    -- cut &amp; paste this code&amp;#10;    -- populate_poplist_from_codes ('BLOCK.ITEM', &lt;CODE_TYPE>);&amp;#10;&amp;#10;    null;&amp;#10;  &amp;#10;  END init_list_items;&amp;#10;&amp;#10;-- ##########################################################################################&amp;#10;&amp;#10;  PROCEDURE init_format_masks IS&amp;#10;  --&amp;#10;  -- set the format masks for date, datetime, and numeric items&amp;#10;  --&amp;#10;  -- date&#x9;by&#x9;&#x9;change&amp;#10;  -- 2/5/1996   Steve Pusey&#x9;Creation of template procedure&amp;#10;  --&amp;#10;  BEGIN&amp;#10;&amp;#10;    -- copy &amp; paste this line&amp;#10;    -- set_format_mask ('BLOCK.ITEM');&amp;#10;&amp;#10;    set_format_mask('AE_ARCHIVE.ARRIVAL_DATE');&amp;#10;    set_format_mask('AE_ARCHIVE.DEPARTURE_DATE');&amp;#10;   &amp;#10;  END init_format_masks;&amp;#10;&amp;#10;-- ##########################################################################################&amp;#10;&amp;#10;  PROCEDURE init_form IS&amp;#10;  --&amp;#10;  -- initialise form&amp;#10;  --&amp;#10;  -- Date       by          Change&amp;#10;  -- 2/5/1996   Steve Pusey&#x9;Creation of template procedure&amp;#10;  -- 26/02/2004 Sean        Amended following CAPELN2308&amp;#10;  --&amp;#10;  BEGIN&amp;#10;&amp;#10;    init_list_items;&amp;#10;    init_format_masks;&amp;#10;    --&amp;#10;   --oasis_number_set_item_property('AE_ARCHIVE.DETAIL_BTN', ENABLED, PROPERTY_FALSE);&amp;#10;&amp;#10;  END init_form;&amp;#10;&amp;#10;-- ##########################################################################################&amp;#10;&amp;#10;END init_form;" ProgramUnitType="Package Body"/>
      <ProgramUnit Name="INIT_FORM" ProgramUnitText="PACKAGE init_form IS&amp;#10;--&amp;#10;-- steve pusey 2/5/1996&amp;#10;--&amp;#10;-- program units to initialise form&amp;#10;--&amp;#10;&amp;#10;---------------------------------------------------------------------------------------&amp;#10;-- EXTERNAL PACKAGE VARIABLES&amp;#10;---------------------------------------------------------------------------------------&amp;#10;&amp;#10;---------------------------------------------------------------------------------------&amp;#10;-- EXTERNAL PROGRAM UNITS (DECLARATION) &amp;#10;---------------------------------------------------------------------------------------&amp;#10;&amp;#10;  procedure init_form;&amp;#10;&amp;#10;END init_form;" ProgramUnitType="Package Spec"/>
      <PropertyClass Name="BUTTON_CLASS" ParentModule="PAS_OLD" ParentModuleType="25" ParentName="BUTTON_CLASS" ParentFilename="PAS_OLD.olb" DirtyInfo="true" ParentType="29"/>
      <PropertyClass Name="OK_BUTTON_CLASS" ParentModule="PAS_OLD" ParentModuleType="25" ParentName="OK_BUTTON_CLASS" ParentFilename="PAS_OLD.olb" DirtyInfo="true" ParentType="29"/>
      <PropertyClass Name="CANCEL_BUTTON_CLASS" ParentModule="PAS_OLD" ParentModuleType="25" ParentName="CANCEL_BUTTON_CLASS" ParentFilename="PAS_OLD.olb" DirtyInfo="true" ParentType="29"/>
      <PropertyClass Name="TOOLBAR_BUTTON_CLASS" ParentModule="PAS_OLD" ParentModuleType="25" ParentName="TOOLBAR_BUTTON_CLASS" ParentFilename="PAS_OLD.olb" DirtyInfo="true" ParentType="29"/>
      <PropertyClass Name="GOTO_BUTTON_CLASS" ParentModule="PAS_OLD" ParentModuleType="25" ParentName="GOTO_BUTTON_CLASS" ParentFilename="PAS_OLD.olb" DirtyInfo="true" ParentType="29"/>
      <PropertyClass Name="GOBACK_BUTTON_CLASS" ParentModule="PAS_OLD" ParentModuleType="25" ParentName="GOBACK_BUTTON_CLASS" ParentFilename="PAS_OLD.olb" DirtyInfo="true" ParentType="29"/>
      <PropertyClass Name="LOV_BUTTON_CLASS" ParentModule="PAS_OLD" ParentModuleType="25" ParentName="LOV_BUTTON_CLASS" ParentFilename="PAS_OLD.olb" DirtyInfo="true" ParentType="29"/>
      <PropertyClass Name="BPT_CLASS" ParentModule="PAS_OLD" ParentModuleType="25" ParentName="BPT_CLASS" ParentFilename="PAS_OLD.olb" DirtyInfo="true" ParentType="29"/>
      <PropertyClass Name="BPT_BLUE_CLASS" ParentModule="PAS_OLD" ParentModuleType="25" ParentName="BPT_BLUE_CLASS" ParentFilename="PAS_OLD.olb" DirtyInfo="true" ParentType="29"/>
      <PropertyClass Name="BPT_GREY_CLASS" ParentModule="PAS_OLD" ParentModuleType="25" ParentName="BPT_GREY_CLASS" ParentFilename="PAS_OLD.olb" DirtyInfo="true" ParentType="29"/>
      <PropertyClass Name="TEXT_ITEM_CLASS" ParentModule="PAS_OLD" ParentModuleType="25" ParentName="TEXT_ITEM_CLASS" ParentFilename="PAS_OLD.olb" DirtyInfo="true" ParentType="29"/>
      <PropertyClass Name="TEXT_ITEM_DATE_CLASS" ParentModule="PAS_OLD" ParentModuleType="25" ParentName="TEXT_ITEM_DATE_CLASS" ParentFilename="PAS_OLD.olb" DirtyInfo="true" ParentType="29"/>
      <PropertyClass Name="TOOLBAR_CANVAS_CLASS" ParentModule="PAS_CUI" ParentModuleType="25" ParentName="TOOLBAR_CANVAS_CLASS" ParentFilename="PAS_CUI.olb" DirtyInfo="true" ParentType="29"/>
      <PropertyClass Name="FORM_TITLE_CLASS" ParentModule="PAS_CUI" ParentModuleType="25" ParentName="FORM_TITLE_CLASS" ParentFilename="PAS_CUI.olb" DirtyInfo="true" ParentType="29"/>
      <PropertyClass Name="TEXT_ITEM_NUMBER_CLASS" ParentModule="PAS_OLD" ParentModuleType="25" ParentName="TEXT_ITEM_NUMBER_CLASS" ParentFilename="PAS_OLD.olb" DirtyInfo="true" ParentType="29"/>
      <PropertyClass Name="TEXT_ITEM_DATETIME_CLASS" ParentModule="PAS_OLD" ParentModuleType="25" ParentName="TEXT_ITEM_DATETIME_CLASS" ParentFilename="PAS_OLD.olb" DirtyInfo="true" ParentType="29"/>
      <PropertyClass Name="SECTION_TITLE_CLASS" ParentModule="PAS_CUI" ParentModuleType="25" ParentName="SECTION_TITLE_CLASS" ParentFilename="PAS_CUI.olb" DirtyInfo="true" ParentType="29"/>
      <PropertyClass Name="DISPLAY_ITEM_CLASS" ParentModule="PAS_OLD" ParentModuleType="25" ParentName="DISPLAY_ITEM_CLASS" ParentFilename="PAS_OLD.olb" DirtyInfo="true" ParentType="29"/>
      <PropertyClass Name="STACKED_CANVAS_CLASS" ParentModule="PAS_OLD" ParentModuleType="25" ParentName="STACKED_CANVAS_CLASS" ParentFilename="PAS_OLD.olb" DirtyInfo="true" ParentType="29"/>
      <PropertyClass Name="WINDOW_CLASS" ParentModule="PAS_OLD" ParentModuleType="25" ParentName="WINDOW_CLASS" ParentFilename="PAS_OLD.olb" DirtyInfo="true" ParentType="29"/>
      <PropertyClass Name="ID_CLASS" ParentModule="PAS_OLD" ParentModuleType="25" ParentName="ID_CLASS" ParentFilename="PAS_OLD.olb" DirtyInfo="true" ParentType="29"/>
      <Trigger Name="WHEN-MOUSE-CLICK" TriggerText="--&amp;#10;-- call stdlib procedure to handle mouse click&amp;#10;-- N.B. standard left button click is not affected &amp;#10;--&amp;#10;-- date&#x9;&#x9;by&#x9;&#x9;change&amp;#10;-- 31-05-1996&#x9;Steve Pusey&#x9;Creation&amp;#10;--&amp;#10;BEGIN&amp;#10;&amp;#10;  oasis_when_mouse_click.when_mouse_click;&amp;#10;&amp;#10;END;"/>
      <Trigger Name="WHEN-NEW-ITEM-INSTANCE" TriggerText="/* This trigger activates the hint message for the associated item */&amp;#10;begin&amp;#10;  --display_text_hint;&amp;#10;  :global.last_item:=:system.trigger_item;&amp;#10;end;"/>
      <Trigger Name="WHEN-NEW-FORM-INSTANCE" TriggerText="--&amp;#10;-- fires when form is entered, PRE-FORM fires before this trigger&amp;#10;--&amp;#10;-- Date&#x9;&#x9;by &#x9;&#x9;change&amp;#10;-- 10/1994&#x9;David Massie&#x9;Creation&amp;#10;-- 1995&#x9;&#x9;Nagy Tharwat&#x9;Upgrade to v9 - moved code into library procedure&amp;#10;-- 2/5/1996&#x9;Steve Pusey&#x9;Upgrade to V10 &amp;#10;--&#x9;&#x9;&#x9;&#x9;- versions into oasis_new_form_instance&amp;#10;--&#x9;&#x9;&#x9;&#x9;- Tidied code and added comments&amp;#10;--&amp;#10;&amp;#10;DECLARE&amp;#10;&amp;#10;  v_error_no             number(4); -- returned from oasis_new_form_instance&amp;#10;&amp;#10;BEGIN&amp;#10;&amp;#10;  -- version 2 form (gets bpt and window titles fromm files)&amp;#10;  oasis_new_form_instance_v2(v_error_no, 2); &amp;#10;&amp;#10;  if v_error_no > 0 then&amp;#10;    display_alert ('ERROR_ALERT', v_error_no);&amp;#10;    exit_form (NO_VALIDATE);&amp;#10;  end if;&amp;#10;&amp;#10;-- *** Insert additional code into init_form package ***&amp;#10;&amp;#10;  init_form.init_form;&amp;#10;  hci_upgrade.pr_initialise_images;&amp;#10;&amp;#10;END;"/>
      <Trigger Name="ON-MESSAGE" TriggerText="--&amp;#10;-- steve pusey 19/4/96&amp;#10;--&amp;#10;BEGIN&amp;#10;&amp;#10;  oasis_standard_procs.on_message;&amp;#10;&amp;#10;END;"/>
      <Trigger Name="ON-ERROR" TriggerText="--&amp;#10;-- steve pusey 19/4/96&amp;#10;--&amp;#10;BEGIN&amp;#10;&amp;#10;  oasis_standard_procs.on_error;&amp;#10;&amp;#10;END;"/>
      <Trigger Name="WHEN-WINDOW-CLOSED" DirtyInfo="true"/>
      <Trigger Name="PRE_BLOCK" FireInQuery="true" TriggerText="/* This trigger resets the 40352_count global to allow the Last line of query message to be displayed */&amp;#10;begin&amp;#10;  :GLOBAL.40352_COUNT := 0;&amp;#10;end;" DisplayInKeyboardHelp="false"/>
      <Trigger Name="WHEN-TIMER-EXPIRED" TriggerText="Button_Hint;"/>
      <Trigger Name="PRE_QUERY" FireInQuery="true" TriggerText="/* This trigger resets the 40352_count global to allow the Last line of query message to be displayed */&amp;#10;begin&amp;#10;  :GLOBAL.40352_COUNT := 0;&amp;#10;end;" DisplayInKeyboardHelp="false"/>
      <Trigger Name="POST-FORM" DirtyInfo="true" TriggerText="/* This trigger clears the Global variables used within the form */&amp;#10;begin&amp;#10;&#x9;sqa_exit_handler;&amp;#10;  erase('GLOBAL.ROOT_WINDOW_NAME');&amp;#10;  erase('global.last_item');&amp;#10;end;&amp;#10;"/>
      <Trigger Name="EASY_BUTTON_TRIGGER" TriggerText="NULL;"/>
      <Trigger Name="DRILLDN_BUTTON_TRIGGER" TriggerText="NULL;"/>
      <Trigger Name="KEY-CLRFRM" ParentModule="PAS_CUI" ParentModuleType="25" ParentName="KEY-CLRFRM" ParentFilename="PAS_CUI.olb" DirtyInfo="true" ParentType="37"/>
      <Trigger Name="KEY-CLRREC" TriggerText="clear_record;"/>
      <Trigger Name="KEY-CLRBLK" TriggerText="clear_block;"/>
      <Trigger Name="KEY-COMMIT" TriggerText="commit_form;"/>
      <Trigger Name="KEY-CQUERY" TriggerText="count_query;"/>
      <Trigger Name="KEY-CREREC" TriggerText="create_record;"/>
      <Trigger Name="KEY-DELREC" TriggerText="null;"/>
      <Trigger Name="KEY-DOWN" TriggerText="down;"/>
      <Trigger Name="KEY-DUP-ITEM" KeyboardHelpText="Record Error" TriggerText="--&amp;#10;-- steve pusey 22/4/96&amp;#10;--&amp;#10;BEGIN&amp;#10;&amp;#10;  oasis_standard_procs.key_dupitem_trigger;&amp;#10;&amp;#10;END;" DisplayInKeyboardHelp="true"/>
      <Trigger Name="KEY-DUPREC" TriggerText="duplicate_record;"/>
      <Trigger Name="KEY-EDIT" TriggerText="EDIT_TEXTITEM;"/>
      <Trigger Name="KEY-ENTER" TriggerText="null;"/>
      <Trigger Name="KEY-ENTQRY" TriggerText="enter_query;"/>
      <Trigger Name="KEY-EXEQRY" TriggerText="execute_query;"/>
      <Trigger Name="KEY-EXIT" TriggerText="--&amp;#10;-- fires when form is exited&amp;#10;--&amp;#10;-- Date&#x9;&#x9;by &#x9;&#x9;change&amp;#10;-- 10/1994&#x9;David Massie&#x9;Creation&amp;#10;-- 1995&#x9;&#x9;Nagy Tharwat&#x9;Upgrade to v9 - moved code into library procedure&amp;#10;-- 2/5/1996&#x9;Steve Pusey&#x9;Upgrade to V10 &amp;#10;--&#x9;&#x9;&#x9;&#x9;- removed code to check for system.mode = 'ENTER-QUERY', I can't&amp;#10;--&#x9;&#x9;&#x9;&#x9;- see why this code is not in the library !&amp;#10;--&amp;#10;BEGIN&amp;#10;   &amp;#10;  oasis_exit_form;&amp;#10;&amp;#10;END;"/>
      <Trigger Name="KEY-HELP" TriggerText="GET_HELP;"/>
      <Trigger Name="KEY-LISTVAL" TriggerText="list_values;"/>
      <Trigger Name="KEY-NEXT-ITEM" TriggerText="replace_t_with_current_date;&amp;#10;next_item;"/>
      <Trigger Name="KEY-NXTREC" TriggerText="next_record;"/>
      <Trigger Name="KEY-NXTSET" TriggerText="next_set;"/>
      <Trigger Name="KEY-OTHERS" TriggerText="NULL;"/>
      <Trigger Name="KEY-PREV-ITEM" TriggerText="replace_t_with_current_date;&amp;#10;PREVIOUS_ITEM;"/>
      <Trigger Name="KEY-PRINT" TriggerText="print;"/>
      <Trigger Name="KEY-PRVREC" TriggerText="PREVIOUS_RECORD;"/>
      <Trigger Name="KEY-SCRDOWN" TriggerText="SCROLL_DOWN;"/>
      <Trigger Name="KEY-SCRUP" TriggerText="SCROLL_UP;"/>
      <Trigger Name="KEY-UP" TriggerText="UP;"/>
      <Trigger Name="WHEN-CUSTOM-ITEM-EVENT" DirtyInfo="true" TriggerText="if :system.custom_item_event = 'TIMEOUT' then&amp;#10;&#x9;process_timeout; --call the procedure stdlib&amp;#10;end if;&amp;#10;"/>
      <Trigger Name="WHEN-MOUSE-ENTER" DirtyInfo="true" TriggerText="sqa_mouse_handler;"/>
      <Trigger Name="WHEN-WINDOW-RESIZED" DirtyInfo="true" TriggerText="sqa_evt_handler;"/>
      <VisualAttribute Name="BACKGROUND_CANVAS_BLUE" ParentModule="PAS_OLD" ParentModuleType="25" ParentName="BACKGROUND_CANVAS_BLUE" ParentFilename="PAS_OLD.olb" DirtyInfo="true" ParentType="39"/>
      <VisualAttribute Name="TEXT_ITEM_VA_LOV" ParentModule="PAS_OLD" ParentModuleType="25" ParentName="TEXT_ITEM_VA_LOV" ParentFilename="PAS_OLD.olb" DirtyInfo="true" ParentType="39"/>
      <VisualAttribute Name="BACKGROUND_CANVAS" ParentModule="PAS_OLD" ParentModuleType="25" ParentName="BACKGROUND_CANVAS" ParentFilename="PAS_OLD.olb" DirtyInfo="true" ParentType="39"/>
      <VisualAttribute Name="TEXT_ITEM_BPT" ParentModule="PAS_OLD" ParentModuleType="25" ParentName="TEXT_ITEM_BPT" ParentFilename="PAS_OLD.olb" DirtyInfo="true" ParentType="39"/>
      <VisualAttribute Name="FORM_TITLE_VA" ParentModule="PAS_CUI" ParentModuleType="25" ParentName="FORM_TITLE_VA" ParentFilename="PAS_CUI.olb" DirtyInfo="true" ParentType="39"/>
      <VisualAttribute Name="TEXT_ITEM_BPT_GREY" ParentModule="PAS_OLD" ParentModuleType="25" ParentName="TEXT_ITEM_BPT_GREY" ParentFilename="PAS_OLD.olb" DirtyInfo="true" ParentType="39"/>
      <VisualAttribute Name="TEXT_ITEM_VA" ParentModule="PAS_OLD" ParentModuleType="25" ParentName="TEXT_ITEM_VA" ParentFilename="PAS_OLD.olb" DirtyInfo="true" ParentType="39"/>
      <VisualAttribute Name="MENU_TEXT_ITEMS_VA" ParentModule="PAS_CUI" ParentModuleType="25" ParentName="MENU_TEXT_ITEMS_VA" ParentFilename="PAS_CUI.olb" DirtyInfo="true" ParentType="39"/>
      <VisualAttribute Name="CURR_ITEM_VA" ParentModule="PAS_OLD" ParentModuleType="25" ParentName="CURR_ITEM_VA" ParentFilename="PAS_OLD.olb" DirtyInfo="true" ParentType="39"/>
      <VisualAttribute Name="SECTION_TITLE_VA" ParentModule="PAS_CUI" ParentModuleType="25" ParentName="SECTION_TITLE_VA" ParentFilename="PAS_CUI.olb" DirtyInfo="true" ParentType="39"/>
      <VisualAttribute Name="DISP_RED" ParentModule="PAS_OLD" ParentModuleType="25" ParentName="DISP_RED" ParentFilename="PAS_OLD.olb" DirtyInfo="true" ParentType="39"/>
      <VisualAttribute Name="DISP_RED2" ParentModule="PAS_OLD" ParentModuleType="25" ParentName="DISP_RED2" ParentFilename="PAS_OLD.olb" DirtyInfo="true" ParentType="39"/>
      <VisualAttribute Name="DISP_GREEN" ParentModule="PAS_OLD" ParentModuleType="25" ParentName="DISP_GREEN" ParentFilename="PAS_OLD.olb" DirtyInfo="true" ParentType="39"/>
      <VisualAttribute Name="DISP_GREEN2" ParentModule="PAS_OLD" ParentModuleType="25" ParentName="DISP_GREEN2" ParentFilename="PAS_OLD.olb" DirtyInfo="true" ParentType="39"/>
      <VisualAttribute Name="WEB_BTN" BackColor="white" FontName="Arial" FontSize="900" FontStyle="Plain" FontWeight="Medium" FontSpacing="Normal"/>
      <VisualAttribute Name="WEB_TEXT_BUTTON" ParentModule="PAS_CUI" ParentModuleType="25" ParentName="WEB_TEXT_BUTTON" ParentFilename="PAS_CUI.olb" DirtyInfo="true" ParentType="39"/>
      <VisualAttribute Name="WEB_TEXT_BUTTON_CLICK" ParentModule="PAS_CUI" ParentModuleType="25" ParentName="WEB_TEXT_BUTTON_CLICK" ParentFilename="PAS_CUI.olb" DirtyInfo="true" ParentType="39"/>
      <VisualAttribute Name="WEB_BPT_WINGDINGS" BackColor="white" FontName="Wingdings" FontSize="1400" FontStyle="Plain" FontWeight="Medium" FontSpacing="Normal" ForegroundColor="Top Blue"/>
      <VisualAttribute Name="V7_VA_TOOLTIP" BackColor="r100g100b88" FontName="Arial" FontSize="900" FontStyle="Plain" DirtyInfo="true" FontWeight="Medium" FontSpacing="Normal" ForegroundColor="Black"/>
      <VisualAttribute Name="MENU_TEXT_ITEMS" BackColor="Side Green" FontName="Arial" VisualAttributeType="Common" FontSize="900" DirtyInfo="true" FontWeight="Bold" ForegroundColor="darkcyan"/>
      <VisualAttribute Name="MENU_TEXT_ITEMS_INV" BackColor="darkcyan" FontName="Arial" VisualAttributeType="Common" FontSize="900" DirtyInfo="true" FontWeight="Bold" ForegroundColor="Side Green"/>
      <VisualAttribute Name="MENU_PROMPT" VisualAttributeType="Prompt" PromptForegroundColor="darkgray" DirtyInfo="true" PromptFontName="Arial" PromptFontSize="900" PromptFontStyle="Plain" PromptFontWeight="Bold" PromptFontSpacing="Normal"/>
      <Window Name="MAIN_FORM_WINDOW" ShowHorizontalScrollbar="false" HorizontalToolbarCanvasName="TOOLBAR_CANVAS" ClearAllowed="true" MinimizeAllowed="true" Title="Template Form - Root Window Title" Width="755" InheritMenu="true" WindowStyle="Document" ResizeAllowed="true" PrimaryCanvas="CNV_CONTENT" HideOnExit="false" XPosition="0" YPosition="0" Bevel="None" MaximizeAllowed="true" DirtyInfo="true" VisualAttributeName="DEFAULT" Modal="false" MoveAllowed="true" ShowVerticalScrollbar="false" Height="480"/>
      <Window Name="W_AE_DETAILS" ShowHorizontalScrollbar="false" Width="559" WindowStyle="Dialog" ParentModule="ERARCH" XPosition="10" ParentModuleType="12" YPosition="50" ParentName="WINDOW_CLASS" DirtyInfo="true" VisualAttributeName="DEFAULT" ParentType="29" ShowVerticalScrollbar="false" Height="336"/>
      <Window Name="WND_HIDE" Width="540" Height="324"/>
      <ObjectGroup Name="ACTIONS_OG" ParentModule="PAS_CUI" ParentModuleType="25" ParentName="ACTIONS_OG" ParentFilename="PAS_CUI.olb" DirtyInfo="true" ParentType="23">
         <ObjectGroupChild Name="C_ACTIONS" SubclassSubObject="true"/>
         <ObjectGroupChild Name="C_BASE" SubclassSubObject="true"/>
         <ObjectGroupChild Name="C_FUNCTIONS" SubclassSubObject="true"/>
         <ObjectGroupChild Name="MENU_CANVAS_CLASS" SubclassSubObject="true"/>
         <ObjectGroupChild Name="MENU_CANVAS_VA" SubclassSubObject="true"/>
         <ObjectGroupChild Name="MENU_ITEM_CLASS" SubclassSubObject="true"/>
         <ObjectGroupChild Name="TOP_MENU" SubclassSubObject="true"/>
         <ObjectGroupChild Name="LT_TOOLBAR_MAIN" SubclassSubObject="true"/>
         <ObjectGroupChild Name="HCI_UPGRADE" SubclassSubObject="true"/>
         <ObjectGroupChild Name="HCI_UPGRADE" SubclassSubObject="true"/>
         <ObjectGroupChild Name="LHM_RESET_CANVAS_STACK" SubclassSubObject="true"/>
         <ObjectGroupChild Name="LOCAL_RESET_CANVAS_STACK" SubclassSubObject="true"/>
      </ObjectGroup>
      <ObjectGroup Name="KEY_TRIGGERS" ObjectGroupType="22">
         <ObjectGroupChild Name="KEY-CLRFRM" Type="Trigger"/>
         <ObjectGroupChild Name="KEY-CLRBLK" Type="Trigger"/>
         <ObjectGroupChild Name="KEY-CLRREC" Type="Trigger"/>
         <ObjectGroupChild Name="KEY-COMMIT" Type="Trigger"/>
         <ObjectGroupChild Name="KEY-CQUERY" Type="Trigger"/>
         <ObjectGroupChild Name="KEY-CREREC" Type="Trigger"/>
         <ObjectGroupChild Name="KEY-DELREC" Type="Trigger"/>
         <ObjectGroupChild Name="KEY-DOWN" Type="Trigger"/>
         <ObjectGroupChild Name="KEY-DUP-ITEM" Type="Trigger"/>
         <ObjectGroupChild Name="KEY-DUPREC" Type="Trigger"/>
         <ObjectGroupChild Name="KEY-EDIT" Type="Trigger"/>
         <ObjectGroupChild Name="KEY-ENTER" Type="Trigger"/>
         <ObjectGroupChild Name="KEY-ENTQRY" Type="Trigger"/>
         <ObjectGroupChild Name="KEY-EXEQRY" Type="Trigger"/>
         <ObjectGroupChild Name="KEY-LISTVAL" Type="Trigger"/>
         <ObjectGroupChild Name="KEY-NEXT-ITEM" Type="Trigger"/>
         <ObjectGroupChild Name="KEY-NXTREC" Type="Trigger"/>
         <ObjectGroupChild Name="KEY-NXTSET" Type="Trigger"/>
         <ObjectGroupChild Name="KEY-OTHERS" Type="Trigger"/>
         <ObjectGroupChild Name="KEY-PREV-ITEM" Type="Trigger"/>
         <ObjectGroupChild Name="KEY-PRINT" Type="Trigger"/>
         <ObjectGroupChild Name="KEY-PRVREC" Type="Trigger"/>
         <ObjectGroupChild Name="KEY-SCRDOWN" Type="Trigger"/>
         <ObjectGroupChild Name="KEY-SCRUP" Type="Trigger"/>
         <ObjectGroupChild Name="KEY-UP" Type="Trigger"/>
      </ObjectGroup>
      <ObjectGroup Name="ABOUT_FORM_PARAMETERS" ObjectGroupType="22">
         <ObjectGroupChild Name="P_TEMPLATE" Type="ModuleParameter"/>
         <ObjectGroupChild Name="P_VERSION" Type="ModuleParameter"/>
         <ObjectGroupChild Name="P_DATE" Type="ModuleParameter"/>
      </ObjectGroup>
      <ObjectGroup Name="ON_TRIGGERS" ObjectGroupType="22">
         <ObjectGroupChild Name="ON-MESSAGE" Type="Trigger"/>
         <ObjectGroupChild Name="ON-ERROR" Type="Trigger"/>
      </ObjectGroup>
   </FormModule>
</Module>
