<?xml version = '1.0' encoding = 'UTF-8'?>
<Module version="122010300" xmlns="http://xmlns.oracle.com/Forms">
   <FormModule Name="MAPACCES" ValidationUnit="Default" FirstNavigationBlockName="B_ACCESS_LEVELS" HorizontalToolbarCanvas="" ConsoleWindow="MAIN_FORM_WINDOW" MenuModule="OASIS" CursorMode="Open" InitializeMenu="DEFAULTMENUAPP" Use3dControls="true" RuntimeComp="5.0" DirtyInfo="true" MouseNavigationLimit="Form" SavepointMode="true">
      <Coordinate CharacterCellWidth="7" RealUnit="Point" DefaultFontScaling="false" CharacterCellHeight="16" CoordinateSystem="Real"/>
      <Alert Name="STANDARD_ALERT" Button1Label="OK" VisualAttributeName="DEFAULT" Button2Label="" DefaultAlertButton="Button 1" AlertStyle="Note"/>
      <Alert Name="WARNING_ALERT" Button1Label="OK" VisualAttributeName="DEFAULT" Button2Label="" DefaultAlertButton="Button 1" AlertStyle="Caution"/>
      <Alert Name="ERROR_ALERT" Button1Label="OK" VisualAttributeName="DEFAULT" Button2Label="" DefaultAlertButton="Button 1" AlertStyle="Stop"/>
      <Alert Name="QUESTION_ALERT" Button1Label="Yes" VisualAttributeName="DEFAULT" Button2Label="No" DefaultAlertButton="Button 1" AlertStyle="Stop"/>
      <Block Name="CONTROL" RecordsBufferedCount="0" RecordsDisplayCount="1" RecordsFetchedCount="1" EnforcedColumnSecurity="false" InsertAllowed="false" EnforcedPrimaryKey="false" RecordOrientation="Vertical" UpdateAllowed="false" DeleteAllowed="false" DirtyInfo="true" VisualAttributeName="DEFAULT" KeyMode="Unique" DatabaseBlock="false" QueryDataSourceType="None" QueryAllowed="false" LockMode="Immediate" DMLDataType="None" NavigationStyle="Same Record" ShowScrollbar="false">
         <Item Name="EXECUTABLE_NAME" ShowHorizontalScrollbar="false" Width="62" ParentModule="MAPACCES" CompressionQuality="None" XPosition="16" ParentModuleType="12" YPosition="62" ParentName="DISPLAY_ITEM_CLASS" Bevel="None" DirtyInfo="true" VisualAttributeName="TEXT_ITEM_BPT_GREY" CanvasName="C_ACCESS_LEVELS" QueryLength="8" CaseRestriction="Upper" ParentType="29" ShowVerticalScrollbar="false"/>
         <Item Name="FUNCTION_DESC" ShowHorizontalScrollbar="false" Width="428" MaximumLength="50" DataType="Char" ParentModule="MAPACCES" CompressionQuality="None" XPosition="94" ParentModuleType="12" YPosition="62" DatabaseItem="false" ParentName="DISPLAY_ITEM_CLASS" Bevel="None" DirtyInfo="true" VisualAttributeName="TEXT_ITEM_BPT_GREY" CanvasName="C_ACCESS_LEVELS" QueryLength="50" CaseRestriction="Upper" ParentType="29" ShowVerticalScrollbar="false" Height="17"/>
         <Trigger Name="WHEN-MOUSE-LEAVE" TriggerText="Kill_Hint_Timer;"/>
      </Block>
      <Block Name="TITLES" DirtyInfo="true" ScrollbarWidth="14" ScrollbarLength="135">
         <Item Name="DSP_TITLE" Justification="Start" TabPageName="" Width="278" MaximumLength="350" ParentModule="MAPACCES" XPosition="16" ParentModuleType="12" YPosition="11" DatabaseItem="false" ParentName="FORM_TITLE_CLASS" DirtyInfo="true" CanvasName="C_ACCESS_LEVELS" ParentType="29"/>
      </Block>
      <Block Name="TEXT" RecordsBufferedCount="0" RecordsDisplayCount="1" RecordsFetchedCount="0" WhereClause="" EnforcedColumnSecurity="false" InsertAllowed="true" EnforcedPrimaryKey="false" RecordOrientation="Vertical" UpdateAllowed="true" DMLDataName="" DeleteAllowed="true" QueryDataSourceName="" DirtyInfo="true" VisualAttributeName="DEFAULT" KeyMode="Unique" DatabaseBlock="false" QueryDataSourceType="None" QueryAllowed="true" LockMode="Immediate" DMLDataType="None" NavigationStyle="Same Record" ShowScrollbar="false">
         <Item Name="DSP_BREADCRUMB" Justification="Start" TabPageName="" Width="278" MaximumLength="4000" ItemType="Display Item" BackColor="white" XPosition="5" FontName="Arial" YPosition="4" DatabaseItem="false" Bevel="None" FontSize="1000" FontStyle="Italic" DirtyInfo="true" FontWeight="Bold" FontSpacing="Normal" ForegroundColor="darkcyan" Visible="false" Height="15"/>
         <Item Name="FUNCTION_ID" ValidateFromList="false" LovXPosition="0" Justification="Left" LovYPosition="0" ListStyle="Poplist" Width="36" MaximumLength="6" WrapStyle="Word" AutoSkip="false" CompressionQuality="None" XPosition="108" YPosition="35" DatabaseItem="true" Bevel="Lowered" AutoHint="false" MouseNavigate="true" MultiLine="false" CaseInsensitiveQuery="false" KeyboardNavigable="true" CaseRestriction="Mixed" CheckBoxOtherValues="Not Allowed" PrimaryKey="false" DefaultButton="false" QueryAllowed="true" Visible="true" QueryLength="6" DisplayQuality="High" EditXPosition="0" EditYPosition="0" Enabled="true" DistanceBetweenRecords="4364" FixedLength="false" Required="true" Height="17" ConcealData="false" Hint="Enter value for : FUNCTION_ID" SizingStyle="Crop" ShowHorizontalScrollbar="false" Iconic="false" InsertAllowed="true" ItemType="Display Item" DataType="Number" UpdateAllowed="true" UpdateIfNull="false" KeepCursorPosition="false" VisualAttributeName="DEFAULT" Label="Function Id" LockRecord="false" ShowVerticalScrollbar="false"/>
         <Item Name="LANGUAGE_ID" ValidateFromList="false" LovXPosition="0" Justification="Left" LovYPosition="0" ListStyle="Poplist" Width="24" MaximumLength="4" WrapStyle="Word" AutoSkip="false" CompressionQuality="None" XPosition="576" YPosition="35" DatabaseItem="true" Bevel="Lowered" AutoHint="false" MouseNavigate="true" MultiLine="false" CaseInsensitiveQuery="false" KeyboardNavigable="true" CaseRestriction="Mixed" CheckBoxOtherValues="Not Allowed" PrimaryKey="false" DefaultButton="false" QueryAllowed="true" Visible="true" QueryLength="4" DisplayQuality="High" EditXPosition="0" EditYPosition="0" Enabled="true" DistanceBetweenRecords="4364" FixedLength="false" Required="true" Height="17" ConcealData="false" Hint="Enter value for : LANGUAGE_ID" SizingStyle="Crop" ShowHorizontalScrollbar="false" Iconic="false" InsertAllowed="true" ItemType="Display Item" DataType="Number" UpdateAllowed="true" UpdateIfNull="false" KeepCursorPosition="false" VisualAttributeName="DEFAULT" Label="Language Id" LockRecord="false" ShowVerticalScrollbar="false"/>
         <Item Name="CONTROL_ITEM" ValidateFromList="false" LovXPosition="0" Justification="Left" LovYPosition="0" ListStyle="Poplist" Width="2" MaximumLength="1" WrapStyle="Word" AutoSkip="false" BackColor="white" CompressionQuality="None" XPosition="16" YPosition="10" DatabaseItem="false" Bevel="Lowered" AutoHint="false" MouseNavigate="true" MultiLine="false" CaseInsensitiveQuery="false" KeyboardNavigable="true" CaseRestriction="Mixed" CheckBoxOtherValues="Not Allowed" Comment="This item is created as a hidden enterable field to allow the query on this block to operate" PrimaryKey="false" DirtyInfo="true" DefaultButton="false" QueryAllowed="true" Visible="true" QueryLength="1" DisplayQuality="High" EditXPosition="0" EditYPosition="0" Enabled="true" DistanceBetweenRecords="0" FillPattern="transparent" FixedLength="false" Required="false" FontName="Fixedsys" FontSize="900" FontStyle="Plain" FontWeight="Demilight" FontSpacing="Normal" ForegroundColor="black" Height="2" ConcealData="false" SizingStyle="Crop" ShowHorizontalScrollbar="false" Iconic="false" InsertAllowed="true" ItemType="Text Item" DataType="Char" UpdateAllowed="true" UpdateIfNull="false" KeepCursorPosition="false" LockRecord="false" ShowVerticalScrollbar="false"/>
         <Item Name="BPT_1" ValidateFromList="false" EditXPosition="0" LovXPosition="0" EditYPosition="0" LovYPosition="0" Enabled="true" ListStyle="Poplist" Width="143" FixedLength="false" WrapStyle="Word" AutoSkip="false" CompressionQuality="None" XPosition="16" Required="false" YPosition="118" Bevel="None" AutoHint="false" MouseNavigate="true" CanvasName="C_ACCESS_LEVELS" MultiLine="false" CaseInsensitiveQuery="false" KeyboardNavigable="true" CaseRestriction="Mixed" CheckBoxOtherValues="Not Allowed" Height="13" ConcealData="false" SizingStyle="Crop" ShowHorizontalScrollbar="false" Iconic="false" InsertAllowed="true" UpdateAllowed="true" UpdateIfNull="false" DirtyInfo="true" KeepCursorPosition="false" VisualAttributeName="TEXT_ITEM_BPT" DefaultButton="false" QueryAllowed="true" QueryLength="80" LockRecord="false" DisplayQuality="High" ShowVerticalScrollbar="false"/>
         <Item Name="BPT_2" ValidateFromList="false" EditXPosition="0" LovXPosition="0" EditYPosition="0" LovYPosition="0" Enabled="true" ListStyle="Poplist" Width="110" FixedLength="false" WrapStyle="Word" AutoSkip="false" CompressionQuality="None" XPosition="209" Required="false" YPosition="118" Bevel="None" AutoHint="false" MouseNavigate="true" CanvasName="C_ACCESS_LEVELS" MultiLine="false" CaseInsensitiveQuery="false" KeyboardNavigable="true" CaseRestriction="Mixed" CheckBoxOtherValues="Not Allowed" Height="13" ConcealData="false" SizingStyle="Crop" ShowHorizontalScrollbar="false" Iconic="false" InsertAllowed="true" UpdateAllowed="true" UpdateIfNull="false" DirtyInfo="true" KeepCursorPosition="false" VisualAttributeName="TEXT_ITEM_BPT" DefaultButton="false" QueryAllowed="true" QueryLength="80" LockRecord="false" DisplayQuality="High" ShowVerticalScrollbar="false"/>
         <Item Name="BPT_3" ValidateFromList="false" EditXPosition="0" LovXPosition="0" EditYPosition="0" Justification="Right" LovYPosition="0" Enabled="true" ListStyle="Poplist" Width="80" MaximumLength="80" FixedLength="false" WrapStyle="Word" AutoSkip="false" CompressionQuality="None" XPosition="315" Required="false" YPosition="118" Bevel="None" AutoHint="false" MouseNavigate="true" CanvasName="C_ACCESS_LEVELS" MultiLine="false" CaseInsensitiveQuery="false" KeyboardNavigable="true" CaseRestriction="Mixed" CheckBoxOtherValues="Not Allowed" Height="13" ConcealData="false" SizingStyle="Crop" ShowHorizontalScrollbar="false" Iconic="false" InsertAllowed="true" UpdateAllowed="true" UpdateIfNull="false" DirtyInfo="true" KeepCursorPosition="false" VisualAttributeName="TEXT_ITEM_BPT" DefaultButton="false" QueryAllowed="true" QueryLength="80" LockRecord="false" DisplayQuality="High" ShowVerticalScrollbar="false"/>
         <Item Name="BPT_4_1" ValidateFromList="false" EditXPosition="0" LovXPosition="0" EditYPosition="0" LovYPosition="0" Enabled="true" ListStyle="Poplist" Width="40" FixedLength="false" WrapStyle="Word" AutoSkip="false" CompressionQuality="None" XPosition="401" Required="false" YPosition="118" Bevel="None" AutoHint="false" MouseNavigate="true" CanvasName="C_ACCESS_LEVELS" MultiLine="true" CaseInsensitiveQuery="false" KeyboardNavigable="true" CaseRestriction="Mixed" CheckBoxOtherValues="Not Allowed" Height="13" ConcealData="false" SizingStyle="Crop" ShowHorizontalScrollbar="false" Iconic="false" InsertAllowed="true" ItemType="Text Item" UpdateAllowed="true" UpdateIfNull="false" DirtyInfo="true" KeepCursorPosition="false" VisualAttributeName="TEXT_ITEM_BPT" DefaultButton="false" QueryAllowed="true" QueryLength="80" LockRecord="false" DisplayQuality="High" ShowVerticalScrollbar="false"/>
         <Item Name="BPT_4_2" ValidateFromList="false" LovXPosition="0" Justification="Start" LovYPosition="0" ListStyle="Poplist" Width="40" MaximumLength="80" WrapStyle="Word" AutoSkip="false" BackColor="r55g85b100" CompressionQuality="None" XPosition="401" YPosition="131" DatabaseItem="false" Bevel="None" AutoHint="false" MouseNavigate="true" CanvasName="C_ACCESS_LEVELS" MultiLine="true" CaseInsensitiveQuery="false" KeyboardNavigable="true" CaseRestriction="Mixed" CheckBoxOtherValues="Not Allowed" PrimaryKey="false" DirtyInfo="true" DefaultButton="false" QueryAllowed="true" Visible="true" QueryLength="80" DisplayQuality="High" EditXPosition="0" EditYPosition="0" Enabled="true" DistanceBetweenRecords="0" FillPattern="transparent" FixedLength="false" Required="false" FontName="Arial" FontSize="900" FontStyle="Plain" FontWeight="Medium" FontSpacing="Normal" ForegroundColor="black" Height="13" ConcealData="false" SizingStyle="Crop" ShowHorizontalScrollbar="false" Iconic="false" InsertAllowed="true" ItemType="Display Item" DataType="Char" UpdateAllowed="true" UpdateIfNull="false" KeepCursorPosition="false" VisualAttributeName="TEXT_ITEM_BPT_GREY" LockRecord="false" ShowVerticalScrollbar="false"/>
         <Item Name="BPT_5" ValidateFromList="false" EditXPosition="0" LovXPosition="0" EditYPosition="0" LovYPosition="0" Enabled="true" ListStyle="Poplist" Width="37" FixedLength="false" WrapStyle="Word" AutoSkip="false" CompressionQuality="None" XPosition="442" Required="false" YPosition="118" Bevel="None" AutoHint="false" MouseNavigate="true" CanvasName="C_ACCESS_LEVELS" MultiLine="false" CaseInsensitiveQuery="false" KeyboardNavigable="true" CaseRestriction="Mixed" CheckBoxOtherValues="Not Allowed" Height="13" ConcealData="false" SizingStyle="Crop" ShowHorizontalScrollbar="false" Iconic="false" InsertAllowed="true" UpdateAllowed="true" UpdateIfNull="false" DirtyInfo="true" KeepCursorPosition="false" VisualAttributeName="TEXT_ITEM_BPT" DefaultButton="false" QueryAllowed="true" QueryLength="80" LockRecord="false" DisplayQuality="High" ShowVerticalScrollbar="false"/>
         <Item Name="BPT_6" ValidateFromList="false" EditXPosition="0" LovXPosition="0" EditYPosition="0" LovYPosition="0" Enabled="true" ListStyle="Poplist" Width="37" FixedLength="false" WrapStyle="Word" AutoSkip="false" CompressionQuality="None" XPosition="481" Required="false" YPosition="118" Bevel="None" AutoHint="false" MouseNavigate="true" CanvasName="C_ACCESS_LEVELS" MultiLine="false" CaseInsensitiveQuery="false" KeyboardNavigable="true" CaseRestriction="Mixed" CheckBoxOtherValues="Not Allowed" Height="13" ConcealData="false" SizingStyle="Crop" ShowHorizontalScrollbar="false" Iconic="false" InsertAllowed="true" UpdateAllowed="true" UpdateIfNull="false" DirtyInfo="true" KeepCursorPosition="false" VisualAttributeName="TEXT_ITEM_BPT" DefaultButton="false" QueryAllowed="true" QueryLength="80" LockRecord="false" DisplayQuality="High" ShowVerticalScrollbar="false"/>
         <Item Name="BPT_7" ValidateFromList="false" EditXPosition="0" LovXPosition="0" EditYPosition="0" LovYPosition="0" Enabled="true" ListStyle="Poplist" Width="37" FixedLength="false" WrapStyle="Word" AutoSkip="false" CompressionQuality="None" XPosition="518" Required="false" YPosition="118" Bevel="None" AutoHint="false" MouseNavigate="true" CanvasName="C_ACCESS_LEVELS" MultiLine="false" CaseInsensitiveQuery="false" KeyboardNavigable="true" CaseRestriction="Mixed" CheckBoxOtherValues="Not Allowed" Height="13" ConcealData="false" SizingStyle="Crop" ShowHorizontalScrollbar="false" Iconic="false" InsertAllowed="true" UpdateAllowed="true" UpdateIfNull="false" DirtyInfo="true" KeepCursorPosition="false" VisualAttributeName="TEXT_ITEM_BPT" DefaultButton="false" QueryAllowed="true" QueryLength="80" LockRecord="false" DisplayQuality="High" ShowVerticalScrollbar="false"/>
         <Item Name="BPT_8" ValidateFromList="false" EditXPosition="0" LovXPosition="0" EditYPosition="0" LovYPosition="0" Enabled="true" ListStyle="Poplist" Width="37" FixedLength="false" WrapStyle="Word" AutoSkip="false" CompressionQuality="None" XPosition="556" Required="false" YPosition="118" Bevel="None" AutoHint="false" MouseNavigate="true" CanvasName="C_ACCESS_LEVELS" MultiLine="false" CaseInsensitiveQuery="false" KeyboardNavigable="true" CaseRestriction="Mixed" CheckBoxOtherValues="Not Allowed" Height="13" ConcealData="false" SizingStyle="Crop" ShowHorizontalScrollbar="false" Iconic="false" InsertAllowed="true" UpdateAllowed="true" UpdateIfNull="false" DirtyInfo="true" KeepCursorPosition="false" VisualAttributeName="TEXT_ITEM_BPT" DefaultButton="false" QueryAllowed="true" QueryLength="80" LockRecord="false" DisplayQuality="High" ShowVerticalScrollbar="false"/>
         <Item Name="BPT_9" ValidateFromList="false" LovXPosition="0" Justification="Start" LovYPosition="0" ListStyle="Poplist" Width="120" MaximumLength="80" WrapStyle="Word" AutoSkip="false" CompressionQuality="None" XPosition="16" YPosition="44" DatabaseItem="false" Bevel="None" AutoHint="false" MouseNavigate="true" CanvasName="C_ACCESS_LEVELS" MultiLine="false" CaseInsensitiveQuery="false" KeyboardNavigable="true" CaseRestriction="Mixed" CheckBoxOtherValues="Not Allowed" PrimaryKey="false" DirtyInfo="true" DefaultButton="false" QueryAllowed="true" Visible="true" QueryLength="80" DisplayQuality="High" EditXPosition="0" EditYPosition="0" Enabled="true" DistanceBetweenRecords="4364" FixedLength="false" Required="false" FontWeight="Bold" ForegroundColor="Line Green" Height="13" ConcealData="false" SizingStyle="Crop" ShowHorizontalScrollbar="false" Iconic="false" InsertAllowed="true" ItemType="Display Item" CopyValueFromItem="" DataType="Char" UpdateAllowed="true" UpdateIfNull="false" KeepCursorPosition="false" VisualAttributeName="TEXT_ITEM_BPT" LockRecord="false" ShowVerticalScrollbar="false" TooltipVisualAttributeGroup="V7_VA_TOOLTIP" LovName=""/>
         <Item Name="BPT_10" ValidateFromList="false" LovXPosition="0" Justification="Start" LovYPosition="0" ListStyle="Poplist" Width="120" MaximumLength="80" WrapStyle="Word" AutoSkip="false" CompressionQuality="None" XPosition="16" YPosition="87" DatabaseItem="false" Bevel="None" AutoHint="false" MouseNavigate="true" CanvasName="C_ACCESS_LEVELS" MultiLine="false" CaseInsensitiveQuery="false" KeyboardNavigable="true" CaseRestriction="Mixed" CheckBoxOtherValues="Not Allowed" PrimaryKey="false" DirtyInfo="true" DefaultButton="false" QueryAllowed="true" Visible="true" QueryLength="80" DisplayQuality="High" EditXPosition="0" EditYPosition="0" Enabled="true" DistanceBetweenRecords="4364" FixedLength="false" Required="false" FontWeight="Bold" ForegroundColor="Line Green" Height="13" ConcealData="false" SizingStyle="Crop" ShowHorizontalScrollbar="false" Iconic="false" InsertAllowed="true" ItemType="Display Item" CopyValueFromItem="" DataType="Char" UpdateAllowed="true" UpdateIfNull="false" KeepCursorPosition="false" VisualAttributeName="TEXT_ITEM_BPT" LockRecord="false" ShowVerticalScrollbar="false" TooltipVisualAttributeGroup="V7_VA_TOOLTIP" LovName=""/>
         <Trigger Name="WHEN-MOUSE-DOUBLECLICK" TriggerText="--&amp;#10;-- steve pusey 19/4/96&amp;#10;--&amp;#10;-- change value in current boilerplate text item&amp;#10;--&amp;#10;BEGIN&amp;#10;&amp;#10;  boilerplate.change_boilerplate;&amp;#10;&amp;#10;END;"/>
      </Block>
      <Block Name="B_ACCESS_LEVELS" RecordsDisplayCount="8" WhereClause="where job_id > 0" InsertAllowed="false" Comment="do not show developer/system manager as this job group has access to ALL OASIS forms" RecordOrientation="Vertical" OrderByClause="order by job_description" DMLDataName="MAPS004" DeleteAllowed="false" QueryDataSourceName="MAPS004" DirtyInfo="true" VisualAttributeName="DEFAULT" ScrollbarCanvasName="C_ACCESS_LEVELS" ScrollbarOrientation="Vertical" DatabaseBlock="true" QueryDataSourceType="Table" ScrollbarWidth="10" ScrollbarXPosition="6" DMLDataType="Table" ScrollbarYPosition="146" ShowScrollbar="true" ScrollbarLength="136">
         <Item Name="JOB_ID" DistanceBetweenRecords="0" Width="35" MaximumLength="6" CompressionQuality="None" XPosition="173" Required="false" YPosition="146" DatabaseItem="true" Bevel="Plain" CanvasName="C_ACCESS_LEVELS" KeyboardNavigable="false" ParentType="29" Hint="Enter value for : JOB_ID" ShowHorizontalScrollbar="false" InsertAllowed="false" DataType="Number" UpdateAllowed="false" ParentModule="MAPACCES" ParentModuleType="12" ParentName="TEXT_ITEM_CLASS" DirtyInfo="true" Label="Job Id" QueryAllowed="true" QueryLength="6" ShowVerticalScrollbar="false"/>
         <Item Name="JOB_DESCRIPTION" DistanceBetweenRecords="0" Width="157" MaximumLength="30" CompressionQuality="None" XPosition="16" Required="false" YPosition="146" DatabaseItem="true" Bevel="Plain" CanvasName="C_ACCESS_LEVELS" CaseRestriction="Upper" ParentType="29" Hint="Enter value for : JOB_DESCRIPTION" ShowHorizontalScrollbar="false" InsertAllowed="false" DataType="Char" UpdateAllowed="false" ParentModule="MAPACCES" ParentModuleType="12" ParentName="TEXT_ITEM_CLASS" DirtyInfo="true" Label="Job Description" QueryLength="30" ShowVerticalScrollbar="false"/>
         <Item Name="JOB_TYPE_DESC" DistanceBetweenRecords="0" Width="157" MaximumLength="30" CompressionQuality="None" XPosition="208" Required="false" YPosition="146" DatabaseItem="false" Bevel="Plain" CanvasName="C_ACCESS_LEVELS" CaseRestriction="Upper" ParentType="29" Hint="Enter value for : JOB_DESCRIPTION" ShowHorizontalScrollbar="false" InsertAllowed="false" DataType="Char" UpdateAllowed="false" ParentModule="MAPACCES" ParentModuleType="12" ParentName="TEXT_ITEM_CLASS" DirtyInfo="true" Label="Job Description" QueryLength="30" ShowVerticalScrollbar="false"/>
         <Item Name="ACCESS_LEVEL" ShowHorizontalScrollbar="false" Width="30" MaximumLength="1" ItemType="List Item" Comment="The access levels have been hardcoded as OASIS has been designed to have 5 access levels" DataType="Number" InitializeValue="1" OtherValues="1" CompressionQuality="None" XPosition="365" YPosition="146" DatabaseItem="false" DirtyInfo="true" VisualAttributeName="TEXT_ITEM_VA" CanvasName="C_ACCESS_LEVELS" ListElementCount="5" ShowVerticalScrollbar="false" Height="17">
            <ListItemElement Index="1" Name="1" Value="1"/>
            <ListItemElement Index="2" Name="2" Value="2"/>
            <ListItemElement Index="3" Name="3" Value="3"/>
            <ListItemElement Index="4" Name="4" Value="4"/>
            <ListItemElement Index="5" Name="5" Value="5"/>
            <Trigger Name="WHEN-LIST-CHANGED" TriggerText="--&amp;#10;-- if access level is set to null then set all checkboxes to N&amp;#10;--&amp;#10;-- date&#x9;&#x9;by&#x9;&#x9;change&amp;#10;-- 12/7/1996&#x9;Steve Pusey&#x9;Creation&amp;#10;--&amp;#10;BEGIN&amp;#10;&amp;#10;  if :B_ACCESS_LEVELS.ACCESS_LEVEL is null then&amp;#10;  &amp;#10;    :B_ACCESS_LEVELS.TOGGLE_ALL_RIGHTS_BOX := 'N';&amp;#10;    :B_ACCESS_LEVELS.F_INSERT := 'N';&amp;#10;    :B_ACCESS_LEVELS.F_UPDATE := 'N';&amp;#10;    :B_ACCESS_LEVELS.F_QUERY  := 'N';&amp;#10;    :B_ACCESS_LEVELS.F_DELETE := 'N';&amp;#10;&amp;#10;  end if;&amp;#10;    &amp;#10;END;"/>
         </Item>
         <Item Name="JOB_TYPE_ID" Enabled="true" DistanceBetweenRecords="0" Width="32" MaximumLength="4" CompressionQuality="None" XPosition="236" Required="true" YPosition="41" DatabaseItem="true" Bevel="Lowered" CanvasName="" KeyboardNavigable="true" Height="14" Hint="Enter value for : JOB_TYPE_ID" ShowHorizontalScrollbar="false" ItemType="Display Item" DataType="Number" UpdateAllowed="true" VisualAttributeName="DEFAULT" Label="Job Type Id" QueryAllowed="true" Visible="true" QueryLength="4" ShowVerticalScrollbar="false"/>
         <Item Name="TOGGLE_ALL_RIGHTS_BOX" CheckedValue="Y" ShowHorizontalScrollbar="false" DistanceBetweenRecords="7" Width="10" MaximumLength="1" ItemType="Check Box" InitializeValue="N" UncheckedValue="N" CompressionQuality="None" XPosition="414" YPosition="148" DatabaseItem="false" DirtyInfo="true" VisualAttributeName="TEXT_ITEM_VA" Label="" CanvasName="C_ACCESS_LEVELS" ShowVerticalScrollbar="false" CheckBoxOtherValues="Unchecked" Height="10">
            <Trigger Name="WHEN-CHECKBOX-CHANGED" TriggerText="--&amp;#10;-- toggle other checkboxes on/off&amp;#10;-- set access level if it is null&amp;#10;--&amp;#10;-- date&#x9;&#x9;by&#x9;&#x9;change&amp;#10;-- 11/07/1996&#x9;Steve Pusey&#x9;Creation&amp;#10;--&amp;#10;BEGIN&amp;#10;&amp;#10;  if :B_ACCESS_LEVELS.TOGGLE_ALL_RIGHTS_BOX = 'N' then&amp;#10;    -- set all other boxes to N&amp;#10;&amp;#10;    :B_ACCESS_LEVELS.F_INSERT := 'N';&amp;#10;    :B_ACCESS_LEVELS.F_UPDATE := 'N';&amp;#10;    :B_ACCESS_LEVELS.F_QUERY := 'N';&amp;#10;    :B_ACCESS_LEVELS.F_DELETE := 'N';&amp;#10;&amp;#10;  else&amp;#10;    -- set all other boxes to D (default)&amp;#10;&amp;#10;    :B_ACCESS_LEVELS.F_INSERT := 'D';&amp;#10;    :B_ACCESS_LEVELS.F_UPDATE := 'D';&amp;#10;    :B_ACCESS_LEVELS.F_QUERY  := 'D';&amp;#10;    :B_ACCESS_LEVELS.F_DELETE := 'D';&amp;#10;&amp;#10;  end if;&amp;#10;&amp;#10;  set_access_level (:B_ACCESS_LEVELS.TOGGLE_ALL_RIGHTS_BOX);&amp;#10;&amp;#10;END;"/>
         </Item>
         <Item Name="F_INSERT" CheckedValue="D" ShowHorizontalScrollbar="false" ParentModule="MAPACCES" CompressionQuality="None" XPosition="452" ParentModuleType="12" YPosition="148" DatabaseItem="false" ParentName="CHECKBOX_PROPERTY_CLASS" DirtyInfo="true" Label="CHECK_BOX331" CanvasName="C_ACCESS_LEVELS" ParentType="29" ShowVerticalScrollbar="false" CheckBoxOtherValues="Unchecked"/>
         <Item Name="F_UPDATE" CheckedValue="D" ShowHorizontalScrollbar="false" ParentModule="MAPACCES" CompressionQuality="None" XPosition="490" ParentModuleType="12" YPosition="148" DatabaseItem="false" ParentName="CHECKBOX_PROPERTY_CLASS" DirtyInfo="true" Label="CHECK_BOX331" CanvasName="C_ACCESS_LEVELS" ParentType="29" ShowVerticalScrollbar="false" CheckBoxOtherValues="Unchecked"/>
         <Item Name="F_QUERY" CheckedValue="D" ShowHorizontalScrollbar="false" ParentModule="MAPACCES" CompressionQuality="None" XPosition="530" ParentModuleType="12" YPosition="148" DatabaseItem="false" ParentName="CHECKBOX_PROPERTY_CLASS" DirtyInfo="true" Label="CHECK_BOX331" CanvasName="C_ACCESS_LEVELS" ParentType="29" ShowVerticalScrollbar="false" CheckBoxOtherValues="Unchecked"/>
         <Item Name="F_DELETE" CheckedValue="D" ShowHorizontalScrollbar="false" ParentModule="MAPACCES" CompressionQuality="None" XPosition="566" ParentModuleType="12" YPosition="148" DatabaseItem="false" ParentName="CHECKBOX_PROPERTY_CLASS" DirtyInfo="true" Label="CHECK_BOX331" CanvasName="C_ACCESS_LEVELS" ParentType="29" ShowVerticalScrollbar="false" CheckBoxOtherValues="Unchecked"/>
         <Item Name="OK_BUTTON" CompressionQuality="None" XPosition="428" ShowHorizontalScrollbar="false" YPosition="302" DatabaseItem="false" DirtyInfo="true" TabPageName="" Label="PUSH_BUTTON340" CanvasName="" ItemsDisplay="1" ShowVerticalScrollbar="false">
            <Trigger Name="WHEN-BUTTON-PRESSED" TriggerText="--&amp;#10;-- save changes (&amp; close form)&amp;#10;--&amp;#10;-- date&#x9;&#x9;by&#x9;&#x9;change&amp;#10;-- 11/07/1996&#x9;Steve Pusey&#x9;Creation&amp;#10;--&amp;#10;BEGIN&amp;#10;&amp;#10;  if :SYSTEM.FORM_STATUS = 'CHANGED' then&amp;#10;    -- commit changes&amp;#10;&amp;#10;    :SYSTEM.MESSAGE_LEVEL := 10;&amp;#10;    commit_form;&amp;#10;    :SYSTEM.MESSAGE_LEVEL := 10;&amp;#10;&amp;#10;  end if; &amp;#10;&amp;#10;  do_key ('EXIT_FORM');&amp;#10;&amp;#10;END;"/>
         </Item>
         <Trigger Name="POST-QUERY" TriggerText="--&amp;#10;-- populate non-base table items&amp;#10;-- set toggle_all_rights_box to Y if all other checkboxes = 'D'&amp;#10;--&amp;#10;-- date&#x9;&#x9;by&#x9;&#x9;change&amp;#10;-- 11/07/1996&#x9;Steve Pusey&#x9;Creation&amp;#10;--&amp;#10;DECLARE&amp;#10;&amp;#10;  cursor job_type is&amp;#10;    select job_type_desc&amp;#10;    from maps005&amp;#10;    where job_type_id = :B_ACCESS_LEVELS.JOB_TYPE_ID;&amp;#10;&amp;#10;  cursor m9 is&amp;#10;    select access_level, f_insert, f_update, f_query, f_delete&amp;#10;    from maps009&amp;#10;    where function_id = :PARAMETER.P_FUNCTION_ID &amp;#10;      and job_id = :B_ACCESS_LEVELS.JOB_ID;&amp;#10;&amp;#10;BEGIN&amp;#10;&amp;#10;  open job_type;&amp;#10;  fetch job_type into :B_ACCESS_LEVELS.JOB_TYPE_DESC;&amp;#10;  close job_type;&amp;#10;&amp;#10;  open m9;&amp;#10;  fetch m9 into &amp;#10;   :B_ACCESS_LEVELS.ACCESS_LEVEL,&amp;#10;   :B_ACCESS_LEVELS.F_INSERT,&amp;#10;   :B_ACCESS_LEVELS.F_UPDATE,&amp;#10;   :B_ACCESS_LEVELS.F_QUERY,&amp;#10;   :B_ACCESS_LEVELS.F_DELETE;&amp;#10;  close m9;&amp;#10;&amp;#10;  set_change_all_box;&amp;#10;&amp;#10;END;"/>
         <Trigger Name="WHEN-VALIDATE-ITEM" TriggerText="--&amp;#10;-- make change to database item so that record is marked as changed&amp;#10;-- set value in change_all box&amp;#10;--&amp;#10;-- date&#x9;&#x9;by&#x9;&#x9;change&amp;#10;-- 11/07/1996&#x9;Steve Pusey&#x9;Creation&amp;#10;--&amp;#10;BEGIN&amp;#10;&amp;#10;  if :SYSTEM.MODE = 'NORMAL' and :PARAMETER.P_COMPLETED_INIT_FORM = 'Y' then&amp;#10;&amp;#10;    :B_ACCESS_LEVELS.JOB_ID := :B_ACCESS_LEVELS.JOB_ID;&amp;#10;&amp;#10;  end if;&amp;#10;&amp;#10;END;"/>
         <Trigger Name="WHEN-CHECKBOX-CHANGED" TriggerText="--&amp;#10;-- (1) set change_all_box&amp;#10;-- (2) set access level if null&amp;#10;--&amp;#10;-- date&#x9;&#x9;by&#x9;&#x9;change&amp;#10;-- 11/07/1996&#x9;Steve Pusey&#x9;Creation&amp;#10;--&amp;#10;BEGIN&amp;#10;&amp;#10;  set_change_all_box;&amp;#10;  set_access_level (:SYSTEM.CURSOR_VALUE);--&amp;#10;&amp;#10;END;"/>
         <Trigger Name="PRE-UPDATE" TriggerText="--&amp;#10;-- (1) Check if there is an existing maps009 record for function_id &amp; job_id&amp;#10;-- (2) If there is then update this record,&amp;#10;--     else create a new maps009 record&amp;#10;--&amp;#10;-- date&#x9;&#x9;by&#x9;&#x9;change&amp;#10;-- 12/7/1996&#x9;Steve Pusey&#x9;Creation&amp;#10;--&amp;#10;BEGIN&amp;#10;&amp;#10;   if maps009_rec_exists (:PARAMETER.P_FUNCTION_ID, :B_ACCESS_LEVELS.JOB_ID) then&amp;#10;&amp;#10;     if :B_ACCESS_LEVELS.ACCESS_LEVEL is null then&amp;#10;&amp;#10;       delete_maps009_rec (&amp;#10;        :PARAMETER.P_FUNCTION_ID, &amp;#10;        :B_ACCESS_LEVELS.JOB_ID&amp;#10;       );&amp;#10;&amp;#10;     else&amp;#10;&amp;#10;       update_maps009_rec (&amp;#10;        :PARAMETER.P_FUNCTION_ID, &amp;#10;        :B_ACCESS_LEVELS.JOB_ID,&amp;#10;        :B_ACCESS_LEVELS.ACCESS_LEVEL,&amp;#10;        :B_ACCESS_LEVELS.F_INSERT,&amp;#10;        :B_ACCESS_LEVELS.F_UPDATE,&amp;#10;        :B_ACCESS_LEVELS.F_QUERY,&amp;#10;        :B_ACCESS_LEVELS.F_DELETE&amp;#10;       );&amp;#10;&amp;#10;     end if;&amp;#10;&amp;#10;   elsif :B_ACCESS_LEVELS.ACCESS_LEVEL is not null then&amp;#10;&amp;#10;     insert_maps009_rec (&amp;#10;      :PARAMETER.P_FUNCTION_ID, &amp;#10;      :B_ACCESS_LEVELS.JOB_ID,&amp;#10;      :B_ACCESS_LEVELS.ACCESS_LEVEL,&amp;#10;      :B_ACCESS_LEVELS.F_INSERT,&amp;#10;      :B_ACCESS_LEVELS.F_UPDATE,&amp;#10;      :B_ACCESS_LEVELS.F_QUERY,&amp;#10;      :B_ACCESS_LEVELS.F_DELETE&amp;#10;     );&amp;#10;&amp;#10;   end if;&amp;#10;&amp;#10;END;"/>
         <Trigger Name="KEY-EXEQRY" TriggerText="--&amp;#10;-- allow query on non-base table items&amp;#10;--&amp;#10;-- date&#x9;&#x9;by&#x9;&#x9;change&amp;#10;-- 12/7/1996&#x9;Steve Pusey&#x9;Creation&amp;#10;--&amp;#10;DECLARE&amp;#10;&amp;#10;   v_original_where_clause&#x9;varchar2(200);&amp;#10;   v_default_where&#x9;&#x9;varchar2(500);&amp;#10;&amp;#10;BEGIN&amp;#10;  if :SYSTEM.MODE = 'ENTER-QUERY' then&amp;#10;    -- add non base table items to query&amp;#10;&amp;#10;    -- get existing default_where&amp;#10;    v_original_where_clause := get_block_property ('B_ACCESS_LEVELS', DEFAULT_WHERE);&amp;#10;&amp;#10;    if v_original_where_clause is null then&amp;#10;      v_original_where_clause := 'WHERE 1 = 1 ';&amp;#10;    end if;&amp;#10;&amp;#10;    -- add items to where clause&amp;#10;    if :B_ACCESS_LEVELS.JOB_TYPE_DESC is not null then&amp;#10;&amp;#10;      v_default_where := v_default_where||' AND JOB_TYPE_ID IN (SELECT JOB_TYPE_ID'&amp;#10;       ||' FROM MAPS005 WHERE JOB_TYPE_DESC LIKE '''||:B_ACCESS_LEVELS.JOB_TYPE_DESC||''') ';&amp;#10;&amp;#10;    end if;&amp;#10;&amp;#10;    if :B_ACCESS_LEVELS.ACCESS_LEVEL is not null &amp;#10;     or :B_ACCESS_LEVELS.F_INSERT is not null&amp;#10;     or :B_ACCESS_LEVELS.F_UPDATE is not null&amp;#10;     or :B_ACCESS_LEVELS.F_QUERY is not null&amp;#10;     or :B_ACCESS_LEVELS.F_DELETE is not null&amp;#10;    then&amp;#10;      -- add code to select from maps009&amp;#10;&amp;#10;       v_default_where := v_default_where||' AND JOB_ID IN (SELECT JOB_ID FROM MAPS009 '&amp;#10;        ||'WHERE FUNCTION_ID = '||TO_CHAR(:PARAMETER.P_FUNCTION_ID);&amp;#10;&amp;#10;       if :B_ACCESS_LEVELS.ACCESS_LEVEL is not null then&amp;#10;         v_default_where := v_default_where||' AND ACCESS_LEVEL = '&amp;#10;          ||to_char(:B_ACCESS_LEVELS.ACCESS_LEVEL);&amp;#10;       end if;&amp;#10;&amp;#10;       if :B_ACCESS_LEVELS.F_INSERT is not null then&amp;#10;         v_default_where := v_default_where||' AND F_INSERT = '''||:B_ACCESS_LEVELS.F_INSERT&amp;#10;          ||'''';&amp;#10;       end if;&amp;#10;&amp;#10;       if :B_ACCESS_LEVELS.F_UPDATE is not null then&amp;#10;         v_default_where := v_default_where||' AND F_UPDATE = '''||:B_ACCESS_LEVELS.F_UPDATE&amp;#10;          ||'''';&amp;#10;       end if;&amp;#10;&amp;#10;       if :B_ACCESS_LEVELS.F_QUERY is not null then&amp;#10;         v_default_where := v_default_where||' AND F_QUERY = '''||:B_ACCESS_LEVELS.F_QUERY&amp;#10;          ||'''';&amp;#10;       end if;&amp;#10;&amp;#10;       if :B_ACCESS_LEVELS.F_DELETE is not null then&amp;#10;         v_default_where := v_default_where||' AND F_DELETE = '''||:B_ACCESS_LEVELS.F_DELETE&amp;#10;          ||'''';&amp;#10;       end if;&amp;#10;&amp;#10;       v_default_where := v_default_where||')';&amp;#10;&amp;#10;    end if;&amp;#10;&amp;#10;    -- set block query&amp;#10;    set_block_property ('B_ACCESS_LEVELS', DEFAULT_WHERE, &amp;#10;     v_original_where_clause||v_default_where);&amp;#10;&amp;#10;    -- query block&amp;#10;    execute_query;&amp;#10;&amp;#10;    -- reset default_where on block&amp;#10;    set_block_property ('B_ACCESS_LEVELS', DEFAULT_WHERE, v_original_where_clause);&amp;#10;&amp;#10;  else&amp;#10;&amp;#10;    execute_query;&amp;#10;&amp;#10;  end if;&amp;#10;&amp;#10;END;"/>
      </Block>
      <Block Name="BUTTONS" DirtyInfo="true" DatabaseBlock="false" ScrollbarWidth="14" ScrollbarLength="135">
         <Item Name="CANCEL_BUTTON" Hint="" ShowHorizontalScrollbar="false" Justification="Center" TabPageName="" Width="60" ItemType="Text Item" CompressionQuality="None" XPosition="276" YPosition="290" DatabaseItem="false" Bevel="None" DirtyInfo="true" VisualAttributeName="WEB_TEXT_BUTTON" Label="PUSH_BUTTON336" Tooltip="" PreviousNavigationItemName="" CanvasName="C_ACCESS_LEVELS" KeyboardNavigable="false" ShowVerticalScrollbar="false" TooltipVisualAttributeGroup="V7_VA_TOOLTIP" Height="13">
            <Trigger Name="WHEN-MOUSE-CLICK" DirtyInfo="true" TriggerText="/* This trigger exits the form */&amp;#10;&amp;#10;begin&amp;#10;&#x9;oasis_when_mouse_click.when_mouse_click;&amp;#10;--  clear_form (NO_VALIDATE); -- clear all changes&amp;#10;  do_key('exit_form');&amp;#10;end;&amp;#10;&amp;#10;"/>
         </Item>
         <Item Name="OK_BUTTON" Justification="Center" Enabled="true" Width="60" CompressionQuality="None" XPosition="540" YPosition="290" DatabaseItem="false" Bevel="None" AutoHint="false" MouseNavigate="false" CanvasName="C_ACCESS_LEVELS" KeyboardNavigable="false" Height="13" ShowHorizontalScrollbar="false" TabPageName="" ItemType="Text Item" DirtyInfo="true" VisualAttributeName="WEB_TEXT_BUTTON" Label="PUSH_BUTTON334" DefaultButton="false" PreviousNavigationItemName="" Visible="true" ShowVerticalScrollbar="false" TooltipVisualAttributeGroup="V7_VA_TOOLTIP">
            <Trigger Name="WHEN-MOUSE-CLICK" DirtyInfo="true" TriggerText="/* This trigger will save and exit the form */&amp;#10;-- Marcus 2/6/97&amp;#10;-- Uses the form level KEY-COMMIT&amp;#10;--&amp;#10;BEGIN&amp;#10;&#x9;oasis_when_mouse_click.when_mouse_click;&amp;#10;  if :SYSTEM.FORM_STATUS = 'CHANGED' then&amp;#10;    -- commit changes&amp;#10;&amp;#10;    :SYSTEM.MESSAGE_LEVEL := 10;&amp;#10;    commit_form;&amp;#10;    :SYSTEM.MESSAGE_LEVEL := 10;&amp;#10;&amp;#10;  end if; &amp;#10;&amp;#10;  do_key ('EXIT_FORM');&amp;#10;&amp;#10;END;"/>
         </Item>
         <Trigger Name="WHEN-MOUSE-DOWN" DirtyInfo="true" TriggerText="SET_ITEM_PROPERTY(:SYSTEM.TRIGGER_ITEM,VISUAL_ATTRIBUTE,'WEB_TEXT_BUTTON_CLICK');"/>
         <Trigger Name="WHEN-MOUSE-UP" DirtyInfo="true" TriggerText="SET_ITEM_PROPERTY(:SYSTEM.TRIGGER_ITEM, VISUAL_ATTRIBUTE, 'WEB_TEXT_BUTTON');&amp;#10;DEFAULT_VALUE(NULL,'GLOBAL.LAST_ITEM');&amp;#10;IF :global.last_item IS NOT NULL THEN&amp;#10;&#x9;GO_ITEM(:global.last_item);&amp;#10;END IF;"/>
         <Trigger Name="KEY-CLRBLK" DirtyInfo="true" TriggerText="NULL;"/>
         <Trigger Name="KEY-CLRREC" DirtyInfo="true" TriggerText="NULL;"/>
         <Trigger Name="KEY-CLRFRM" DirtyInfo="true" TriggerText="NULL;"/>
         <Trigger Name="KEY-DELREC" DirtyInfo="true" TriggerText="NULL;"/>
         <Trigger Name="KEY-ENTQRY" DirtyInfo="true" TriggerText="NULL;"/>
         <Trigger Name="KEY-EXEQRY" DirtyInfo="true" TriggerText="NULL;"/>
         <Trigger Name="KEY-CREREC" DirtyInfo="true" TriggerText="NULL;"/>
         <Trigger Name="KEY-NXTREC" DirtyInfo="true" TriggerText="NULL;"/>
         <Trigger Name="KEY-PRVREC" DirtyInfo="true" TriggerText="NULL;"/>
         <Trigger Name="KEY-SCRDOWN" DirtyInfo="true" TriggerText="NULL;"/>
         <Trigger Name="KEY-SCRUP" DirtyInfo="true" TriggerText="NULL;"/>
         <Trigger Name="KEY-DOWN" DirtyInfo="true" TriggerText="NULL;"/>
         <Trigger Name="KEY-UP" DirtyInfo="true" TriggerText="NULL;"/>
         <Trigger Name="WHEN-NEW-ITEM-INSTANCE" DirtyInfo="true" TriggerText="NULL; -- To ensure the form level trigger does not fire for the buttons"/>
      </Block>
      <Canvas Name="C_ACCESS_LEVELS" ViewportXPositionOnCanvas="0" ViewportYPositionOnCanvas="0" ShowHorizontalScrollbar="false" CanvasType="Stacked" Width="605" WindowName="MAIN_FORM_WINDOW" ParentModule="MAPACCES" ParentModuleType="12" ParentName="STACKED_CANVAS_CLASS" Bevel="None" DirtyInfo="true" Visible="true" ParentType="29" ShowVerticalScrollbar="false" Height="310" ViewportHeight="310" ViewportWidth="605">
         <Graphics Name="GRAPHIC387" InternalLineWidth="113" Width="565" EdgeForegroundColor="Line Green" EdgePattern="solid" JoinStyle="Bevel" BackColor="Line Green" XPosition="17" YPosition="60" Bevel="None" DirtyInfo="true" ForegroundColor="white" GraphicsType="Line" HorizontalMargin="7" ScrollbarWidth="14" VerticalMargin="14" HorizontalObjectOffset="14" Height="0" StartPromptOffset="7"/>
         <Graphics Name="GRAPHIC363" Width="21" Dither="false" ClipWidth="21" ImageFilename="MAPACCES_C_ACCESS_LEVELS_GRAPHIC363.tif" ClipHeight="19" XPosition="567" YPosition="42" DirtyInfo="true" GraphicsType="Image" HorizontalMargin="7" ScrollbarWidth="14" VerticalMargin="14" HorizontalObjectOffset="14" Height="19" StartPromptOffset="7"/>
         <Graphics Name="GRAPHIC364" Width="13" FillPattern="none" EdgePattern="none" JoinStyle="Bevel" BackColor="Side Green" XPosition="581" WrapText="false" YPosition="46" BoundingBoxScalable="false" Bevel="None" HorizontalOrigin="Right" HorizontalJustification="Center" ForegroundColor="darkcyan" GraphicsFontWeight="Bold" GraphicsFontSpacing="Normal" GraphicsType="Text" ScrollbarWidth="14" Height="11" GraphicsFontName="Arial" GraphicsFontSize="1000" GraphicsFontStyle="0" GraphicsText="1" DirtyInfo="true" GraphicsFontColor="white" GraphicsFontColorCode="1" HorizontalMargin="7" VerticalMargin="14" HorizontalObjectOffset="14" StartPromptOffset="7">
            <CompoundText Name="CMPTXT207">
               <TextSegment Name="TEXTSTR208" FontName="Arial" FontSize="1000" FontStyle="Plain" DirtyInfo="true" FontWeight="Bold" FontSpacing="Normal" ForegroundColor="white" Text="1"/>
            </CompoundText>
         </Graphics>
         <Graphics Name="GRAPHIC365" InternalLineWidth="113" Width="564" EdgeForegroundColor="Line Green" EdgePattern="solid" JoinStyle="Bevel" BackColor="Line Green" XPosition="15" YPosition="103" Bevel="None" DirtyInfo="true" ForegroundColor="white" GraphicsType="Line" HorizontalMargin="7" ScrollbarWidth="14" VerticalMargin="14" HorizontalObjectOffset="14" Height="0" StartPromptOffset="7"/>
         <Graphics Name="GRAPHIC366" Width="21" Dither="false" ClipWidth="21" ImageFilename="MAPACCES_C_ACCESS_LEVELS_GRAPHIC366.tif" ClipHeight="19" XPosition="564" YPosition="85" DirtyInfo="true" GraphicsType="Image" HorizontalMargin="7" ScrollbarWidth="14" VerticalMargin="14" HorizontalObjectOffset="14" Height="19" StartPromptOffset="7"/>
         <Graphics Name="GRAPHIC367" Width="13" FillPattern="none" EdgePattern="none" JoinStyle="Bevel" BackColor="Side Green" XPosition="578" WrapText="false" YPosition="89" BoundingBoxScalable="false" Bevel="None" HorizontalOrigin="Right" HorizontalJustification="Center" ForegroundColor="darkcyan" GraphicsFontWeight="Bold" GraphicsFontSpacing="Normal" GraphicsType="Text" ScrollbarWidth="14" Height="11" GraphicsFontName="Arial" GraphicsFontSize="1000" GraphicsFontStyle="0" GraphicsText="2" DirtyInfo="true" GraphicsFontColor="white" GraphicsFontColorCode="1" HorizontalMargin="7" VerticalMargin="14" HorizontalObjectOffset="14" StartPromptOffset="7">
            <CompoundText Name="CMPTXT207">
               <TextSegment Name="TEXTSTR208" FontName="Arial" FontSize="1000" FontStyle="Plain" DirtyInfo="true" FontWeight="Bold" FontSpacing="Normal" ForegroundColor="white" Text="2"/>
            </CompoundText>
         </Graphics>
      </Canvas>
      <ModuleParameter Name="P_TEMPLATE" DirtyInfo="true" Comment="Used by ABOUT_FORM window, the template used to create this form" ParameterInitializeValue="TEMPLATE_V11"/>
      <ModuleParameter Name="P_RELEASE" ParentModule="PAS_RELEASE" ParentModuleType="25" ParentName="P_RELEASE" ParentFilename="pas_release.olb" DirtyInfo="true" ParentFilepath="" ParentType="13"/>
      <ModuleParameter Name="P_VERSION" DirtyInfo="true" Comment="" ParameterInitializeValue="0"/>
      <ModuleParameter Name="P_DATE" DirtyInfo="true" Comment="Used by ABOUT_FORM window, the date the form was last updated, update after each update" ParameterInitializeValue="27-Jan-2017"/>
      <ModuleParameter Name="P_FUNCTION_ID" ParameterDataType="Number" Comment="function_id for form" ParameterInitializeValue="0"/>
      <ModuleParameter Name="P_COMPLETED_INIT_FORM" Comment="set Y when we have finished initialising form, used in when-validate-item on c_access_levels block" ParameterInitializeValue="N"/>
      <ModuleParameter Name="P_BREADCRUMB"/>
      <ModuleParameter Name="P_DUMMY"/>
      <Menu Name="BOILER_PLATE" DirtyInfo="true">
         <MenuItem Name="CHANGE_PROMPT" DirtyInfo="true" Label="Change Prompt" MenuItemCode="message('Change Boilerplate prompt');pause;"/>
      </Menu>
      <ProgramUnit Name="INIT_FORM" ProgramUnitText="PACKAGE BODY init_form IS&amp;#10;--&amp;#10;-- steve pusey 2/5/1996&amp;#10;--&amp;#10;-- program units to initialise form&amp;#10;--&amp;#10;-- add code to init_form and init_format_masks program units, add other init procs to the&amp;#10;-- init_form procedure, for example if you write a procedure called init_toolbar then add &amp;#10;-- this to the init_form procedure. The init_form procedure is called from the &amp;#10;-- WHEN-NEW-FORM-INSTANCE trigger&amp;#10;--&amp;#10;&amp;#10;---------------------------------------------------------------------------------------&amp;#10;-- INTERNAL PACKAGE VARIABLES &amp;#10;---------------------------------------------------------------------------------------&amp;#10;&amp;#10;---------------------------------------------------------------------------------------&amp;#10;-- INTERNAL PROGRAM UNITS (DECLARATION)&amp;#10;---------------------------------------------------------------------------------------&amp;#10;&amp;#10;  procedure init_list_items;&amp;#10;  procedure init_format_masks;&amp;#10;  procedure init_form_details;&amp;#10;  procedure init_globals;&amp;#10;&amp;#10;---------------------------------------------------------------------------------------&amp;#10;-- PROGRAM UNITS (CODE)&amp;#10;---------------------------------------------------------------------------------------&amp;#10;&amp;#10;-- ##########################################################################################&amp;#10;&amp;#10;  procedure init_list_items is&amp;#10;  --&amp;#10;  -- initialise list items&amp;#10;  --&amp;#10;  -- date&#x9;by&#x9;&#x9;change&amp;#10;  -- 2/5/1996   Steve Pusey&#x9;Creation of template procedure&amp;#10;  --&amp;#10;  BEGIN&amp;#10;&amp;#10;    -- cut &amp; paste this code&amp;#10;    -- populate_poplist_from_codes ('BLOCK.ITEM', &lt;CODE_TYPE>);&amp;#10;&amp;#10;    null;&amp;#10;&amp;#10;  END init_list_items;&amp;#10;&amp;#10;-- ##########################################################################################&amp;#10;&amp;#10;  procedure init_format_masks is&amp;#10;  --&amp;#10;  -- set the format masks for date, datetime, and numeric items&amp;#10;  --&amp;#10;  -- date&#x9;by&#x9;&#x9;change&amp;#10;  -- 2/5/1996   Steve Pusey&#x9;Creation of template procedure&amp;#10;  --&amp;#10;  BEGIN&amp;#10;&amp;#10;    -- copy &amp; paste this line&amp;#10;    -- set_format_mask ('BLOCK.ITEM');&amp;#10;&amp;#10;    null;&amp;#10;   &amp;#10;  END init_format_masks;&amp;#10;&amp;#10;-- ##########################################################################################&amp;#10;&amp;#10;  procedure init_globals is&amp;#10;  --&amp;#10;  -- retrieve globals passed into form&amp;#10;  --&amp;#10;  -- date&#x9;by&#x9;&#x9;change&amp;#10;  -- 11/7/1996&#x9;Steve Pusey&#x9;Creation&amp;#10;  --&amp;#10;  BEGIN&amp;#10;&amp;#10;    default_value ('N/A', 'GLOBAL.MAPACCES_FORM_NAME');&amp;#10;&amp;#10;    :CONTROL.EXECUTABLE_NAME := :GLOBAL.MAPACCES_FORM_NAME;&amp;#10;&amp;#10;    erase ('GLOBAL.MAPACCES_FORM_NAME');&amp;#10;&amp;#10;  END init_globals;&amp;#10;&amp;#10;-- ##########################################################################################&amp;#10;&amp;#10;  procedure init_form_details is&amp;#10;  --&amp;#10;  -- retrieve globals passed into form&amp;#10;  --&amp;#10;  -- date&#x9;by&#x9;&#x9;change&amp;#10;  -- 11/7/1996&#x9;Steve Pusey&#x9;Creation&amp;#10;  --&amp;#10;&amp;#10;    cursor get_desc is&amp;#10;      select function_id, long_name&amp;#10;      from maps017&amp;#10;      where short_name = :CONTROL.EXECUTABLE_NAME;&amp;#10;&amp;#10;  BEGIN&amp;#10;    open get_desc;&amp;#10;    fetch get_desc into :PARAMETER.P_FUNCTION_ID, :CONTROL.FUNCTION_DESC;&amp;#10;    close get_desc;&amp;#10;  END init_form_details;&amp;#10;&amp;#10;-- ##########################################################################################&amp;#10;&amp;#10;  procedure init_form is&amp;#10;  --&amp;#10;  -- initialise form&amp;#10;  --&amp;#10;  -- date&#x9;by&#x9;&#x9;change&amp;#10;  -- 2/5/1996   Steve Pusey&#x9;Creation of template procedure&amp;#10;  --&amp;#10;  BEGIN&amp;#10;    init_list_items;&amp;#10;    init_format_masks;&amp;#10;    init_globals;&amp;#10;    init_form_details;&amp;#10;&amp;#10;    go_block('B_ACCESS_LEVELS');&amp;#10;    do_key('EXECUTE_QUERY');&amp;#10;  END init_form;&amp;#10;&amp;#10;-- ##########################################################################################&amp;#10;&amp;#10;END init_form;" ProgramUnitType="Package Body"/>
      <ProgramUnit Name="INIT_FORM" ProgramUnitText="PACKAGE init_form IS&amp;#10;--&amp;#10;-- steve pusey 2/5/1996&amp;#10;--&amp;#10;-- program units to initialise form&amp;#10;--&amp;#10;&amp;#10;---------------------------------------------------------------------------------------&amp;#10;-- EXTERNAL PACKAGE VARIABLES&amp;#10;---------------------------------------------------------------------------------------&amp;#10;&amp;#10;---------------------------------------------------------------------------------------&amp;#10;-- EXTERNAL PROGRAM UNITS (DECLARATION) &amp;#10;---------------------------------------------------------------------------------------&amp;#10;&amp;#10;  procedure init_form;&amp;#10;&amp;#10;END init_form;" ProgramUnitType="Package Spec"/>
      <ProgramUnit Name="SET_CHANGE_ALL_BOX" ProgramUnitText="PROCEDURE set_change_all_box IS&amp;#10;--&amp;#10;-- set toggle_all_rights_box to Y if all f_xxx boxes are D, else set to N&amp;#10;--&amp;#10;-- date&#x9;&#x9;by&#x9;&#x9;Change&amp;#10;-- 11/07/1996&#x9;Steve Pusey&#x9;Creation&amp;#10;--&amp;#10;BEGIN&amp;#10;&amp;#10;   if   :SYSTEM.MODE = 'NORMAL'&amp;#10;    and :B_ACCESS_LEVELS.F_INSERT = 'D' &amp;#10;    and :B_ACCESS_LEVELS.F_UPDATE = 'D'&amp;#10;    and :B_ACCESS_LEVELS.F_QUERY  = 'D'&amp;#10;    and :B_ACCESS_LEVELS.F_DELETE = 'D' &amp;#10;    and nvl(:B_ACCESS_LEVELS.TOGGLE_ALL_RIGHTS_BOX,'N') = 'N' then&amp;#10;&amp;#10;    :B_ACCESS_LEVELS.TOGGLE_ALL_RIGHTS_BOX := 'Y';&amp;#10;&amp;#10;  elsif nvl(:B_ACCESS_LEVELS.TOGGLE_ALL_RIGHTS_BOX,'N') = 'Y' then&amp;#10;    &amp;#10;    :B_ACCESS_LEVELS.TOGGLE_ALL_RIGHTS_BOX := 'N';&amp;#10;&amp;#10;  end if;&amp;#10;&amp;#10;END;" ProgramUnitType="Procedure"/>
      <ProgramUnit Name="MAPS009_REC_EXISTS" ProgramUnitText="FUNCTION maps009_rec_exists (&amp;#10; p_function_id&#x9;&#x9;number, -- id for oasis executable&amp;#10; p_job_id&#x9;&#x9;number&#x9;-- id for users job group&amp;#10;) RETURN boolean IS&amp;#10;--&amp;#10;-- returns TRUE if a maps009 record exists for p_job_id &amp; p_function_id&amp;#10;--&amp;#10;-- date&#x9;&#x9;by&#x9;&#x9;change&amp;#10;-- 12/7/1996&#x9;Steve Pusey&#x9;Creation&amp;#10;--&amp;#10;&amp;#10;  v_dummy&#x9;&#x9;number(1);  -- returned fromm cursor&amp;#10;  v_rec_exists&#x9;&#x9;boolean;&amp;#10;&amp;#10;  cursor rec_exists is&amp;#10;    select null&amp;#10;    from maps009&amp;#10;    where function_id = p_function_id&amp;#10;      and job_id = p_job_id;&amp;#10;&amp;#10;BEGIN&amp;#10;&amp;#10;  open rec_exists;&amp;#10;  fetch rec_exists into v_dummy;&amp;#10;&amp;#10;  if rec_exists%FOUND then&amp;#10;    v_rec_exists := TRUE;&amp;#10;  else&amp;#10;    v_rec_exists := FALSE;&amp;#10;  end if;&amp;#10;&amp;#10;  close rec_exists;&amp;#10;&amp;#10;  return v_rec_exists;&amp;#10;  &amp;#10;END;" ProgramUnitType="Function"/>
      <ProgramUnit Name="UPDATE_MAPS009_REC" ProgramUnitText="PROCEDURE update_maps009_rec (&amp;#10;  p_function_id&#x9;&#x9;number,&amp;#10;  p_job_id&#x9;&#x9;number,&amp;#10;  p_access_level&#x9;number,&amp;#10;  p_f_insert&#x9;&#x9;varchar2 := 'N',&amp;#10;  p_f_update&#x9;&#x9;varchar2 := 'N',&amp;#10;  p_f_query&#x9;&#x9;varchar2 := 'N',&amp;#10;  p_f_delete&#x9;&#x9;varchar2 := 'N'&amp;#10;) IS&amp;#10;--&amp;#10;-- update existing maps009 record&amp;#10;--&amp;#10;-- date&#x9;&#x9;by&#x9;&#x9;change&amp;#10;-- 12/7/1996&#x9;Steve Pusey&#x9;Creation&amp;#10;--&amp;#10;BEGIN&amp;#10;  &amp;#10;  update maps009 set &amp;#10;   access_level &#x9;= p_access_level,&amp;#10;   f_insert  &#x9;&#x9;= nvl(p_f_insert,'N'),&amp;#10;   f_update &#x9;&#x9;= nvl(p_f_update,'N'),&amp;#10;   f_query &#x9;&#x9;= nvl(p_f_query,'N'),&amp;#10;   f_delete &#x9;&#x9;= nvl(p_f_delete,'N'),&amp;#10;   amend_by_user &#x9;= :GLOBAL.USER_ID,&amp;#10;   amend_last_date &#x9;= sysdate&amp;#10;  where function_id = p_function_id&amp;#10;    and job_id = p_job_id; &amp;#10;      &amp;#10;END;" ProgramUnitType="Procedure"/>
      <ProgramUnit Name="INSERT_MAPS009_REC" ProgramUnitText="PROCEDURE insert_maps009_rec (&amp;#10;  p_function_id&#x9;&#x9;number,&amp;#10;  p_job_id&#x9;&#x9;number,&amp;#10;  p_access_level&#x9;number,&amp;#10;  p_f_insert&#x9;&#x9;varchar2 := 'N',&amp;#10;  p_f_update&#x9;&#x9;varchar2 := 'N',&amp;#10;  p_f_query&#x9;&#x9;varchar2 := 'N',&amp;#10;  p_f_delete&#x9;&#x9;varchar2 := 'N'&amp;#10;) IS&amp;#10;--&amp;#10;-- insert a maps009 record&amp;#10;--&amp;#10;-- date&#x9;&#x9;by&#x9;&#x9;change&amp;#10;-- 12/7/1996&#x9;Steve Pusey&#x9;Creation&amp;#10;--&amp;#10;BEGIN&amp;#10;&amp;#10;  insert into maps009&amp;#10;   (function_id, job_id, access_level, f_insert, f_update, f_query, f_delete, amend_by_user,&amp;#10;    amend_last_date&amp;#10;   ) values (&amp;#10;    p_function_id, p_job_id, p_access_level, nvl(p_f_insert,'N'), nvl(p_f_update,'N'),&amp;#10;    nvl(p_f_query,'N'), nvl(p_f_delete,'N'), :GLOBAL.USER_ID, sysdate&amp;#10;   );&amp;#10;&amp;#10;END;" ProgramUnitType="Procedure"/>
      <ProgramUnit Name="DELETE_MAPS009_REC" ProgramUnitText="PROCEDURE delete_maps009_rec (&amp;#10;  p_function_id&#x9;number,&amp;#10;  p_job_id&#x9;number&amp;#10;) IS&amp;#10;--&amp;#10;-- delete maps009 record&amp;#10;--&amp;#10;-- date&#x9;&#x9;by&#x9;&#x9;change&amp;#10;-- 12/7/1996&#x9;Steve Pusey&#x9;Creation&amp;#10;--&amp;#10;BEGIN&amp;#10;  &amp;#10;  delete maps009&amp;#10;  where function_id = p_function_id&amp;#10;    and job_id = p_job_id;&amp;#10;&amp;#10;END;" ProgramUnitType="Procedure"/>
      <ProgramUnit Name="SET_ACCESS_LEVEL" ProgramUnitText="PROCEDURE set_access_level (&amp;#10;  p_checkbox_value varchar2&amp;#10;) IS&amp;#10;--&amp;#10;-- set access level if null &amp; any of the checkboxes are set to D &amp;#10;--&amp;#10;-- date&#x9;&#x9;by&#x9;&#x9;change&amp;#10;-- 12/7/1996&#x9;Steve Pusey&#x9;Creation&amp;#10;--&amp;#10;BEGIN&amp;#10;&amp;#10;  if :SYSTEM.MODE = 'NORMAL'&amp;#10;   and :B_ACCESS_LEVELS.ACCESS_LEVEL is null &amp;#10;   and p_checkbox_value in ('Y','D') then&amp;#10;&amp;#10;    display_alert ('WARNING_ALERT', 7051); -- setting access level to default value&amp;#10;    :B_ACCESS_LEVELS.ACCESS_LEVEL := 1;&amp;#10;&amp;#10;  end if;&amp;#10;&amp;#10;END;" ProgramUnitType="Procedure"/>
      <PropertyClass Name="BUTTON_CLASS" Iconic="true" Width="28" FillPattern="Transparent" ItemType="Push Button" BackColor="White" FontName="Fixedsys" FontSize="900" DirtyInfo="true" FontStyle="Plain" FontWeight="Medium" FontSpacing="Normal" ForegroundColor="Black" Height="28"/>
      <PropertyClass Name="LOV_BUTTON_CLASS" ParentModule="PAS_OLD" ParentModuleType="25" ParentName="LOV_BUTTON_CLASS" ParentFilename="pas_old.olb" ParentFilepath="" ParentType="29"/>
      <PropertyClass Name="BPT_CLASS" ParentModule="PAS_OLD" ParentModuleType="25" ParentName="BPT_CLASS" ParentFilename="pas_old.olb" ParentFilepath="" ParentType="29"/>
      <PropertyClass Name="BPT_BLUE_CLASS" ParentModule="PAS_OLD" ParentModuleType="25" ParentName="BPT_BLUE_CLASS" ParentFilename="pas_old.olb" ParentFilepath="" ParentType="29"/>
      <PropertyClass Name="TEXT_ITEM_CLASS" ParentModule="PAS_OLD" ParentModuleType="25" ParentName="TEXT_ITEM_CLASS" ParentFilename="pas_old.olb" ParentFilepath="" ParentType="29"/>
      <PropertyClass Name="TEXT_ITEM_DATE_CLASS" ParentModule="PAS_OLD" ParentModuleType="25" ParentName="TEXT_ITEM_DATE_CLASS" ParentFilename="pas_old.olb" ParentFilepath="" ParentType="29"/>
      <PropertyClass Name="TEXT_ITEM_NUMBER_CLASS" ParentModule="PAS_OLD" ParentModuleType="25" ParentName="TEXT_ITEM_NUMBER_CLASS" ParentFilename="pas_old.olb" ParentFilepath="" ParentType="29"/>
      <PropertyClass Name="TEXT_ITEM_DATETIME_CLASS" ParentModule="PAS_OLD" ParentModuleType="25" ParentName="TEXT_ITEM_DATETIME_CLASS" ParentFilename="pas_old.olb" ParentFilepath="" ParentType="29"/>
      <PropertyClass Name="DISPLAY_ITEM_CLASS" ParentModule="PAS_OLD" ParentModuleType="25" ParentName="DISPLAY_ITEM_CLASS" ParentFilename="pas_old.olb" ParentFilepath="" ParentType="29"/>
      <PropertyClass Name="STACKED_CANVAS_CLASS" ParentModule="PAS_OLD" ParentModuleType="25" ParentName="STACKED_CANVAS_CLASS" ParentFilename="pas_old.olb" ParentFilepath="" ParentType="29"/>
      <PropertyClass Name="WINDOW_CLASS" ParentModule="PAS_OLD" ParentModuleType="25" ParentName="WINDOW_CLASS" ParentFilename="pas_old.olb" ParentFilepath="" ParentType="29"/>
      <PropertyClass Name="ID_CLASS" ParentModule="PAS_OLD" ParentModuleType="25" ParentName="ID_CLASS" ParentFilename="pas_old.olb" ParentFilepath="" ParentType="29"/>
      <PropertyClass Name="CHECKBOX_PROPERTY_CLASS" CheckedValue="Y" DistanceBetweenRecords="7" Width="10" FillPattern="transparent" MaximumLength="1" ItemType="Check Box" InitializeValue="N" UncheckedValue="N" BackColor="white" FontName="Arial" FontSize="900" FontStyle="Plain" FontWeight="Bold" VisualAttributeName="TEXT_ITEM_VA" FontSpacing="Normal" ForegroundColor="black" ParameterInitializeValue="N" Height="10"/>
      <PropertyClass Name="MENU_ITEM_CLASS" ParentModule="PAS_CUI" ParentModuleType="25" ParentName="MENU_ITEM_CLASS" ParentFilename="pas_cui.olb" DirtyInfo="true" ParentFilepath="" ParentType="29"/>
      <PropertyClass Name="FORM_TITLE_CLASS" ParentModule="PAS_CUI" ParentModuleType="25" ParentName="FORM_TITLE_CLASS" ParentFilename="pas_cui.olb" DirtyInfo="true" ParentFilepath="" ItemType="Display Item" ParentType="29"/>
      <PropertyClass Name="SECTION_TITLE_CLASS" ParentModule="PAS_CUI" ParentModuleType="25" ParentName="SECTION_TITLE_CLASS" ParentFilename="pas_cui.olb" DirtyInfo="true" ParentFilepath="" ItemType="Display Item" ParentType="29"/>
      <PropertyClass Name="BACKGROUND_LINK_BOX_CLASS" ParentModule="PAS_CUI" ParentModuleType="25" ParentName="BACKGROUND_LINK_BOX_CLASS" ParentFilename="pas_cui.olb" DirtyInfo="true" ParentFilepath="" ParentType="29"/>
      <PropertyClass Name="CUI_DATE_INPUT" ParentModule="PAS_CUI" ParentModuleType="25" ParentName="CUI_DATE_INPUT" ParentFilename="pas_cui.olb" DirtyInfo="true" ParentFilepath="" ParentType="29"/>
      <PropertyClass Name="CUI_DATE_DISP" ParentModule="PAS_CUI" ParentModuleType="25" ParentName="CUI_DATE_DISP" ParentFilename="pas_cui.olb" DirtyInfo="true" ParentFilepath="" ParentType="29"/>
      <PropertyClass Name="CUI_DATETIME_INPUT" ParentModule="PAS_CUI" ParentModuleType="25" ParentName="CUI_DATETIME_INPUT" ParentFilename="pas_cui.olb" DirtyInfo="true" ParentFilepath="" ParentType="29"/>
      <PropertyClass Name="CUI_DATETIME_DISP" ParentModule="PAS_CUI" ParentModuleType="25" ParentName="CUI_DATETIME_DISP" ParentFilename="pas_cui.olb" DirtyInfo="true" ParentFilepath="" ParentType="29"/>
      <Trigger Name="WHEN-MOUSE-CLICK" TriggerText="--&amp;#10;-- call stdlib procedure to handle mouse click&amp;#10;-- N.B. standard left button click is not affected &amp;#10;--&amp;#10;-- date&#x9;&#x9;by&#x9;&#x9;change&amp;#10;-- 31-05-1996&#x9;Steve Pusey&#x9;Creation&amp;#10;--&amp;#10;BEGIN&amp;#10;&amp;#10;  oasis_when_mouse_click.when_mouse_click;&amp;#10;&amp;#10;END;"/>
      <Trigger Name="WHEN-NEW-ITEM-INSTANCE" TriggerText="/* This trigger activates the hint message for the associated item */&amp;#10;begin&amp;#10;  display_text_hint;&amp;#10;  :global.last_item := :system.trigger_item;&amp;#10;end;"/>
      <Trigger Name="WHEN-NEW-FORM-INSTANCE" TriggerText="--&amp;#10;-- fires when form is entered, PRE-FORM fires before this trigger&amp;#10;--&amp;#10;-- Date&#x9;&#x9;by &#x9;&#x9;change&amp;#10;-- 10/1994&#x9;David Massie&#x9;Creation&amp;#10;-- 1995&#x9;&#x9;Nagy Tharwat&#x9;Upgrade to v9 - moved code into library procedure&amp;#10;-- 2/5/1996&#x9;Steve Pusey&#x9;Upgrade to V10 &amp;#10;--&#x9;&#x9;&#x9;&#x9;- versions into oasis_new_form_instance&amp;#10;--&#x9;&#x9;&#x9;&#x9;- Tidied code and added comments&amp;#10;--&amp;#10;&amp;#10;DECLARE&amp;#10;&amp;#10;  v_error_no        number(4); -- returned from oasis_new_form_instance&amp;#10;  v_full_path &#x9;&#x9;&#x9;VARCHAR2(500);&amp;#10;&amp;#10;BEGIN&amp;#10;  :PARAMETER.P_COMPLETED_INIT_FORM := 'N'; -- used to determine if initialisation has been &amp;#10;&#x9;&#x9;&#x9;&#x9;&#x9;   -- completed&amp;#10;&amp;#10;  -- version 2 form (gets bpt and window titles fromm files)&amp;#10;  oasis_new_form_instance_v2(v_error_no, 2); &amp;#10;&amp;#10;  if v_error_no > 0 then&amp;#10;    display_alert ('ERROR_ALERT', v_error_no);&amp;#10;    exit_form (NO_VALIDATE);&amp;#10;  end if;&amp;#10;&amp;#10;-- *** Insert additional code into init_form package ***&amp;#10;  init_form.init_form;&amp;#10;&amp;#10;  :PARAMETER.P_COMPLETED_INIT_FORM := 'Y'; -- used to determine if initialisation has been completed&amp;#10;&#x9;&#x9;&amp;#10;END;"/>
      <Trigger Name="ON-MESSAGE" TriggerText="--&amp;#10;-- steve pusey 19/4/96&amp;#10;--&amp;#10;BEGIN&amp;#10;&amp;#10;  oasis_standard_procs.on_message;&amp;#10;&amp;#10;END;"/>
      <Trigger Name="ON-ERROR" TriggerText="--&amp;#10;-- steve pusey 19/4/96&amp;#10;--&amp;#10;BEGIN&amp;#10;&amp;#10;  oasis_standard_procs.on_error;&amp;#10;&amp;#10;END;"/>
      <Trigger Name="WHEN-WINDOW-CLOSED" DirtyInfo="true" TriggerText="/* This trigger ensures proper navigation when a window is closed using the windows close function */&amp;#10;begin&amp;#10;  :GLOBAL.WINDOW_NAME := get_view_property(get_item_property(:SYSTEM.CURSOR_ITEM,&amp;#10;     item_canvas), window_name);&amp;#10;  hide_window(:GLOBAL.WINDOW_NAME);&amp;#10;  erase('GLOBAL.WINDOW_NAME');&amp;#10;end;&amp;#10;"/>
      <Trigger Name="PRE_BLOCK" DirtyInfo="true" FireInQuery="true" TriggerText="/* This trigger resets the 40352_count global to allow the Last line of query message to be displayed */&amp;#10;begin&amp;#10;  :GLOBAL.40352_COUNT := 0;&amp;#10;end;" DisplayInKeyboardHelp="false"/>
      <Trigger Name="WHEN-TIMER-EXPIRED" TriggerText="Button_Hint;"/>
      <Trigger Name="PRE_QUERY" DirtyInfo="true" FireInQuery="true" TriggerText="/* This trigger resets the 40352_count global to allow the Last line of query message to be displayed */&amp;#10;begin&amp;#10;  :GLOBAL.40352_COUNT := 0;&amp;#10;end;" DisplayInKeyboardHelp="false"/>
      <Trigger Name="POST-FORM" DirtyInfo="true" TriggerText="&#x9;sqa_exit_handler;&amp;#10;  erase('GLOBAL.ROOT_WINDOW_NAME');&amp;#10;  erase('global.last_item');&amp;#10;"/>
      <Trigger Name="EASY_BUTTON_TRIGGER" TriggerText="NULL;"/>
      <Trigger Name="DRILLDN_BUTTON_TRIGGER" TriggerText="NULL;"/>
      <Trigger Name="KEY-CLRFRM" ParentModule="PAS_CUI" ParentModuleType="25" ParentName="KEY-CLRFRM" ParentFilename="pas_cui.olb" ParentFilepath="" ParentType="37"/>
      <Trigger Name="KEY-CLRREC" TriggerText="clear_record;"/>
      <Trigger Name="KEY-CLRBLK" TriggerText="clear_block;"/>
      <Trigger Name="KEY-COMMIT" TriggerText="commit_form;"/>
      <Trigger Name="KEY-CQUERY" TriggerText="count_query;"/>
      <Trigger Name="KEY-CREREC" TriggerText="create_record;"/>
      <Trigger Name="KEY-DELREC" TriggerText="null;"/>
      <Trigger Name="KEY-DOWN" TriggerText="down;"/>
      <Trigger Name="KEY-DUP-ITEM" KeyboardHelpText="Record Error" TriggerText="--&amp;#10;-- steve pusey 22/4/96&amp;#10;--&amp;#10;BEGIN&amp;#10;&amp;#10;  oasis_standard_procs.key_dupitem_trigger;&amp;#10;&amp;#10;END;" DisplayInKeyboardHelp="true"/>
      <Trigger Name="KEY-DUPREC" TriggerText="duplicate_record;"/>
      <Trigger Name="KEY-EDIT" TriggerText="EDIT_TEXTITEM;"/>
      <Trigger Name="KEY-ENTER" TriggerText="null;"/>
      <Trigger Name="KEY-ENTQRY" TriggerText="enter_query;"/>
      <Trigger Name="KEY-EXEQRY" TriggerText="execute_query;"/>
      <Trigger Name="KEY-EXIT" TriggerText="--&amp;#10;-- fires when form is exited&amp;#10;--&amp;#10;-- Date&#x9;&#x9;by &#x9;&#x9;change&amp;#10;-- 10/1994&#x9;David Massie&#x9;Creation&amp;#10;-- 1995&#x9;&#x9;Nagy Tharwat&#x9;Upgrade to v9 - moved code into library procedure&amp;#10;-- 2/5/1996&#x9;Steve Pusey&#x9;Upgrade to V10 &amp;#10;--&#x9;&#x9;&#x9;&#x9;- removed code to check for system.mode = 'ENTER-QUERY', I can't&amp;#10;--&#x9;&#x9;&#x9;&#x9;- see why this code is not in the library !&amp;#10;--&amp;#10;BEGIN&amp;#10;   &amp;#10;  oasis_exit_form;&amp;#10;&amp;#10;END;"/>
      <Trigger Name="KEY-HELP" TriggerText="GET_HELP;"/>
      <Trigger Name="KEY-LISTVAL" TriggerText="list_values;"/>
      <Trigger Name="KEY-NEXT-ITEM" TriggerText="next_item;"/>
      <Trigger Name="KEY-NXTREC" TriggerText="next_record;"/>
      <Trigger Name="KEY-NXTSET" TriggerText="next_set;"/>
      <Trigger Name="KEY-OTHERS" TriggerText="NULL;"/>
      <Trigger Name="KEY-PREV-ITEM" TriggerText="PREVIOUS_ITEM;"/>
      <Trigger Name="KEY-PRINT" TriggerText="print;"/>
      <Trigger Name="KEY-PRVREC" TriggerText="PREVIOUS_RECORD;"/>
      <Trigger Name="KEY-SCRDOWN" TriggerText="SCROLL_DOWN;"/>
      <Trigger Name="KEY-SCRUP" TriggerText="SCROLL_UP;"/>
      <Trigger Name="KEY-UP" TriggerText="UP;"/>
      <VisualAttribute Name="BACKGROUND_CANVAS_BLUE" ParentModule="PAS_OLD" ParentModuleType="25" ParentName="BACKGROUND_CANVAS_BLUE" ParentFilename="pas_old.olb" DirtyInfo="true" ParentFilepath="" ParentType="39"/>
      <VisualAttribute Name="BACKGROUND_CANVAS" ParentModule="PAS_OLD" ParentModuleType="25" ParentName="BACKGROUND_CANVAS" ParentFilename="pas_old.olb" DirtyInfo="true" ParentFilepath="" ParentType="39"/>
      <VisualAttribute Name="TEXT_ITEM_BPT" ParentModule="PAS_OLD" ParentModuleType="25" ParentName="TEXT_ITEM_BPT" ParentFilename="pas_old.olb" DirtyInfo="true" ParentFilepath="" ParentType="39"/>
      <VisualAttribute Name="TEXT_ITEM_BPT_GREY" ParentModule="PAS_OLD" ParentModuleType="25" ParentName="TEXT_ITEM_BPT_GREY" ParentFilename="pas_old.olb" DirtyInfo="true" ParentFilepath="" ParentType="39"/>
      <VisualAttribute Name="TEXT_ITEM_VA" ParentModule="PAS_OLD" ParentModuleType="25" ParentName="TEXT_ITEM_VA" ParentFilename="pas_old.olb" DirtyInfo="true" ParentFilepath="" ParentType="39"/>
      <VisualAttribute Name="CURR_ITEM_VA" ParentModule="PAS_OLD" ParentModuleType="25" ParentName="CURR_ITEM_VA" ParentFilename="pas_old.olb" ParentFilepath="" ParentType="39"/>
      <VisualAttribute Name="TEXT_ITEM_VA_LOV" BackColor="white" FontName="Arial" FontSize="900" FontStyle="Plain" DirtyInfo="true" FontWeight="Medium" FontSpacing="Normal" ForegroundColor="black" FillPattern="transparent"/>
      <VisualAttribute Name="DISP_RED" ParentModule="PAS_OLD" ParentModuleType="25" ParentName="DISP_RED" ParentFilename="pas_old.olb" ParentFilepath="" ParentType="39"/>
      <VisualAttribute Name="DISP_RED2" ParentModule="PAS_OLD" ParentModuleType="25" ParentName="DISP_RED2" ParentFilename="pas_old.olb" ParentFilepath="" ParentType="39"/>
      <VisualAttribute Name="DISP_GREEN" ParentModule="PAS_OLD" ParentModuleType="25" ParentName="DISP_GREEN" ParentFilename="pas_old.olb" ParentFilepath="" ParentType="39"/>
      <VisualAttribute Name="DISP_GREEN2" ParentModule="PAS_OLD" ParentModuleType="25" ParentName="DISP_GREEN2" ParentFilename="pas_old.olb" ParentFilepath="" ParentType="39"/>
      <VisualAttribute Name="WEB_BTN" BackColor="white" FontName="Arial" FontSize="900" FontStyle="Plain" FontWeight="Medium" FontSpacing="Normal"/>
      <VisualAttribute Name="WEB_TEXT_BUTTON" ParentModule="PAS_CUI" ParentModuleType="25" ParentName="WEB_TEXT_BUTTON" ParentFilename="pas_cui.olb" ParentFilepath="" ParentType="39"/>
      <VisualAttribute Name="WEB_TEXT_BUTTON_CLICK" ParentModule="PAS_CUI" ParentModuleType="25" ParentName="WEB_TEXT_BUTTON_CLICK" ParentFilename="pas_cui.olb" ParentFilepath="" ParentType="39"/>
      <VisualAttribute Name="WEB_BPT_WINGDINGS" BackColor="white" FontName="Wingdings" FontSize="1400" FontStyle="Plain" FontWeight="Medium" FontSpacing="Normal" ForegroundColor="Top Blue"/>
      <VisualAttribute Name="V7_VA_TOOLTIP" BackColor="r100g100b88" FontName="Arial" FontSize="900" FontStyle="Plain" FontWeight="Medium" FontSpacing="Normal" ForegroundColor="Black"/>
      <VisualAttribute Name="MENU_TEXT_ITEMS" BackColor="Side Green" FontName="Arial" VisualAttributeType="Common" FontSize="900" DirtyInfo="true" FontWeight="Bold" ForegroundColor="darkcyan"/>
      <VisualAttribute Name="MENU_TEXT_ITEMS_INV" BackColor="darkcyan" FontName="Arial" VisualAttributeType="Common" FontSize="900" DirtyInfo="true" FontWeight="Bold" ForegroundColor="Side Green"/>
      <VisualAttribute Name="MENU_PROMPT" VisualAttributeType="Prompt" PromptForegroundColor="darkgray" DirtyInfo="true" PromptFontName="Arial" PromptFontSize="900" PromptFontStyle="Plain" PromptFontWeight="Bold" PromptFontSpacing="Normal"/>
      <VisualAttribute Name="MENU_TEXT_ITEMS_VA" ParentModule="PAS_CUI" ParentModuleType="25" ParentName="MENU_TEXT_ITEMS_VA" ParentFilename="pas_cui.olb" DirtyInfo="true" ParentFilepath="" ParentType="39"/>
      <VisualAttribute Name="FORM_TITLE_VA" ParentModule="PAS_CUI" ParentModuleType="25" ParentName="FORM_TITLE_VA" ParentFilename="pas_cui.olb" DirtyInfo="true" ParentFilepath="" ParentType="39"/>
      <VisualAttribute Name="SECTION_TITLE_VA" ParentModule="PAS_CUI" ParentModuleType="25" ParentName="SECTION_TITLE_VA" ParentFilename="pas_cui.olb" DirtyInfo="true" ParentFilepath="" ParentType="39"/>
      <VisualAttribute Name="BACKGROUND_LINK_BOX_VA" ParentModule="PAS_CUI" ParentModuleType="25" ParentName="BACKGROUND_LINK_BOX_VA" ParentFilename="pas_cui.olb" DirtyInfo="true" ParentFilepath="" ParentType="39"/>
      <VisualAttribute Name="CUI_TOOLTIP_VA" ParentModule="PAS_CUI" ParentModuleType="25" ParentName="CUI_TOOLTIP_VA" ParentFilename="pas_cui.olb" DirtyInfo="true" ParentFilepath="" ParentType="39"/>
      <Window Name="MAIN_FORM_WINDOW" ShowHorizontalScrollbar="false" ClearAllowed="true" MinimizeAllowed="true" Title="Template Form - Root Window Title" Width="605" InheritMenu="true" WindowStyle="Dialog" ResizeAllowed="true" HideOnExit="false" XPosition="90" YPosition="120" Bevel="None" MaximizeAllowed="true" DirtyInfo="true" VisualAttributeName="DEFAULT" Modal="false" MoveAllowed="true" ShowVerticalScrollbar="false" Height="310"/>
      <ObjectGroup Name="KEY_TRIGGERS" DirtyInfo="true" ObjectGroupType="22">
         <ObjectGroupChild Name="KEY-CLRFRM" Type="Trigger"/>
         <ObjectGroupChild Name="KEY-CLRBLK" Type="Trigger"/>
         <ObjectGroupChild Name="KEY-CLRREC" Type="Trigger"/>
         <ObjectGroupChild Name="KEY-COMMIT" Type="Trigger"/>
         <ObjectGroupChild Name="KEY-CQUERY" Type="Trigger"/>
         <ObjectGroupChild Name="KEY-CREREC" Type="Trigger"/>
         <ObjectGroupChild Name="KEY-DELREC" Type="Trigger"/>
         <ObjectGroupChild Name="KEY-DOWN" Type="Trigger"/>
         <ObjectGroupChild Name="KEY-DUP-ITEM" Type="Trigger"/>
         <ObjectGroupChild Name="KEY-DUPREC" Type="Trigger"/>
         <ObjectGroupChild Name="KEY-EDIT" Type="Trigger"/>
         <ObjectGroupChild Name="KEY-ENTER" Type="Trigger"/>
         <ObjectGroupChild Name="KEY-ENTQRY" Type="Trigger"/>
         <ObjectGroupChild Name="KEY-EXEQRY" Type="Trigger"/>
         <ObjectGroupChild Name="KEY-LISTVAL" Type="Trigger"/>
         <ObjectGroupChild Name="KEY-NEXT-ITEM" Type="Trigger"/>
         <ObjectGroupChild Name="KEY-NXTREC" Type="Trigger"/>
         <ObjectGroupChild Name="KEY-NXTSET" Type="Trigger"/>
         <ObjectGroupChild Name="KEY-OTHERS" Type="Trigger"/>
         <ObjectGroupChild Name="KEY-PREV-ITEM" Type="Trigger"/>
         <ObjectGroupChild Name="KEY-PRINT" Type="Trigger"/>
         <ObjectGroupChild Name="KEY-PRVREC" Type="Trigger"/>
         <ObjectGroupChild Name="KEY-SCRDOWN" Type="Trigger"/>
         <ObjectGroupChild Name="KEY-SCRUP" Type="Trigger"/>
         <ObjectGroupChild Name="KEY-UP" Type="Trigger"/>
      </ObjectGroup>
      <ObjectGroup Name="ABOUT_FORM_PARAMETERS" DirtyInfo="true" ObjectGroupType="22">
         <ObjectGroupChild Name="P_TEMPLATE" Type="ModuleParameter"/>
         <ObjectGroupChild Name="P_VERSION" Type="ModuleParameter"/>
         <ObjectGroupChild Name="P_DATE" Type="ModuleParameter"/>
      </ObjectGroup>
      <ObjectGroup Name="ON_TRIGGERS" DirtyInfo="true" ObjectGroupType="22">
         <ObjectGroupChild Name="ON-MESSAGE" Type="Trigger"/>
         <ObjectGroupChild Name="ON-ERROR" Type="Trigger"/>
      </ObjectGroup>
   </FormModule>
</Module>
