<?xml version = '1.0' encoding = 'UTF-8'?>
<Module version="122010300" xmlns="http://xmlns.oracle.com/Forms">
   <FormModule Name="MAPFJOBS" ValidationUnit="Default" FirstNavigationBlockName="WHICH_FUNCTION" HorizontalToolbarCanvas=" " ConsoleWindow="MAIN_FORM_WINDOW" MenuModule="OASIS" MenuRole="" CursorMode="Open" InitializeMenu="DEFAULTMENUAPP" Use3dControls="false" RuntimeComp="5.0" DirtyInfo="true" MouseNavigationLimit="Form" SavepointMode="true">
      <Coordinate CharacterCellWidth="7" RealUnit="Point" DefaultFontScaling="false" CharacterCellHeight="16" CoordinateSystem="Real"/>
      <Alert Name="STANDARD_ALERT" DirtyInfo="true" Button1Label="OK" VisualAttributeName="DEFAULT" Button2Label="" DefaultAlertButton="Button 1" AlertStyle="Note"/>
      <Alert Name="WARNING_ALERT" DirtyInfo="true" Button1Label="OK" VisualAttributeName="DEFAULT" Button2Label="" DefaultAlertButton="Button 1" AlertStyle="Note"/>
      <Alert Name="ERROR_ALERT" DirtyInfo="true" Button1Label="OK" VisualAttributeName="DEFAULT" Button2Label="" DefaultAlertButton="Button 1" AlertStyle="Note"/>
      <Alert Name="QUESTION_ALERT" DirtyInfo="true" Button1Label="Yes" VisualAttributeName="DEFAULT" Button2Label="No" DefaultAlertButton="Button 1" AlertStyle="Note"/>
      <Alert Name="QUESTION_ALERT3" DirtyInfo="true" Button1Label="Yes" VisualAttributeName="DEFAULT" Button2Label="No" Button3Label="Cancel" DefaultAlertButton="Button 1" AlertStyle="Note"/>
      <Block Name="CONTROL" NextNavigationBlockName="" RecordsBufferedCount="0" RecordsDisplayCount="1" RecordsFetchedCount="1" EnforcedColumnSecurity="false" InsertAllowed="false" EnforcedPrimaryKey="false" RecordOrientation="Vertical" UpdateAllowed="false" DMLDataName="" DeleteAllowed="false" QueryDataSourceName="" DirtyInfo="true" VisualAttributeName="DEFAULT" KeyMode="Unique" PreviousNavigationBlockName="" DatabaseBlock="false" QueryDataSourceType="None" QueryAllowed="false" LockMode="Immediate" DMLDataType="None" NavigationStyle="Same Record" ShowScrollbar="false">
         <Item Name="TIMEOUT" DirtyInfo="true" TabPageName="" Width="0" CanvasName="CNV_CONTENT" ItemType="Bean Area" ImplementationClass="com.capula.eoasis.Timeout" Height="0"/>
         <Item Name="TEMP_USER_ID" ValidateFromList="false" LovXPosition="0" Justification="Center" LovYPosition="0" ListStyle="Poplist" Width="40" MaximumLength="30" WrapStyle="Word" AutoSkip="false" CompressionQuality="None" XPosition="188" YPosition="39" DatabaseItem="false" Bevel="Plain" AutoHint="false" MouseNavigate="true" CanvasName="CNV_HIDE" MultiLine="false" CaseInsensitiveQuery="false" KeyboardNavigable="true" CaseRestriction="Mixed" CheckBoxOtherValues="Not Allowed" PrimaryKey="false" DirtyInfo="true" DefaultButton="false" QueryAllowed="true" Visible="false" QueryLength="0" DisplayQuality="High" EditXPosition="0" EditYPosition="0" Enabled="true" DistanceBetweenRecords="0" FixedLength="false" Required="false" Height="14" ConcealData="false" SizingStyle="Crop" ShowHorizontalScrollbar="false" Iconic="false" TabPageName="" InsertAllowed="true" ItemType="Display Item" CopyValueFromItem="" DataType="Number" UpdateAllowed="true" UpdateIfNull="false" KeepCursorPosition="false" VisualAttributeName="DEFAULT" LockRecord="false" ShowVerticalScrollbar="false" TooltipVisualAttributeGroup="V7_VA_TOOLTIP" LovName=""/>
      </Block>
      <Block Name="TEXT" RecordsBufferedCount="0" RecordsDisplayCount="1" RecordsFetchedCount="0" WhereClause="" EnforcedPrimaryKey="false" RecordOrientation="Vertical" NavigationStyle="Same Record" ShowScrollbar="false" NextNavigationBlockName="" EnforcedColumnSecurity="false" InsertAllowed="true" UpdateAllowed="true" DMLDataName="" DeleteAllowed="true" QueryDataSourceName="" DirtyInfo="true" VisualAttributeName="DEFAULT" KeyMode="Unique" PreviousNavigationBlockName="" DatabaseBlock="false" QueryDataSourceType="None" QueryAllowed="true" LockMode="Immediate" DMLDataType="None">
         <Item Name="CONTROL_ITEM" ValidateFromList="false" LovXPosition="0" Justification="Left" LovYPosition="0" ListStyle="Poplist" Width="0" MaximumLength="1" WrapStyle="Word" AutoSkip="false" BackColor="white" CompressionQuality="None" XPosition="10" YPosition="9" DatabaseItem="false" Bevel="Plain" AutoHint="false" MouseNavigate="true" CanvasName="TOOLBAR_CANVAS" MultiLine="false" CaseInsensitiveQuery="false" KeyboardNavigable="true" CaseRestriction="Mixed" CheckBoxOtherValues="Not Allowed" Comment="This item is created as a hidden enterable field to allow the query on this block to operate" PrimaryKey="false" DirtyInfo="true" DefaultButton="false" QueryAllowed="true" Visible="true" QueryLength="1" DisplayQuality="High" EditXPosition="0" EditYPosition="0" Enabled="true" DistanceBetweenRecords="0" FillPattern="transparent" FixedLength="false" Required="false" FontName="Fixedsys" FontSize="900" FontStyle="Plain" FontWeight="Demilight" FontSpacing="Normal" ForegroundColor="black" Height="0" ConcealData="false" SizingStyle="Crop" ShowHorizontalScrollbar="false" Iconic="false" InsertAllowed="true" ItemType="Text Item" CopyValueFromItem="" DataType="Char" UpdateAllowed="true" UpdateIfNull="false" KeepCursorPosition="false" LockRecord="false" ShowVerticalScrollbar="false" TooltipVisualAttributeGroup="V7_VA_TOOLTIP" LovName=""/>
         <Item Name="FUNCTION_ID" ValidateFromList="false" LovXPosition="0" Justification="Left" LovYPosition="0" ListStyle="Poplist" Width="36" MaximumLength="6" WrapStyle="Word" AutoSkip="false" CompressionQuality="None" XPosition="108" YPosition="35" DatabaseItem="false" Bevel="Plain" AutoHint="false" MouseNavigate="true" MultiLine="false" CaseInsensitiveQuery="false" KeyboardNavigable="true" CaseRestriction="Mixed" CheckBoxOtherValues="Not Allowed" PrimaryKey="false" DefaultButton="false" QueryAllowed="true" Visible="true" QueryLength="6" DisplayQuality="High" EditXPosition="0" EditYPosition="0" Enabled="true" DistanceBetweenRecords="4364" FixedLength="false" Required="true" Height="14" ConcealData="false" Hint="Enter value for : FUNCTION_ID" SizingStyle="Crop" ShowHorizontalScrollbar="false" Iconic="false" InsertAllowed="true" ItemType="Text Item" DataType="Number" UpdateAllowed="true" UpdateIfNull="false" KeepCursorPosition="false" VisualAttributeName="DEFAULT" Label="Function Id" LockRecord="false" ShowVerticalScrollbar="false" TooltipVisualAttributeGroup="V7_VA_TOOLTIP" LovName=""/>
         <Item Name="LANGUAGE_ID" ValidateFromList="false" LovXPosition="0" Justification="Left" LovYPosition="0" ListStyle="Poplist" Width="24" MaximumLength="4" WrapStyle="Word" AutoSkip="false" CompressionQuality="None" XPosition="576" YPosition="35" DatabaseItem="false" Bevel="Plain" AutoHint="false" MouseNavigate="true" MultiLine="false" CaseInsensitiveQuery="false" KeyboardNavigable="true" CaseRestriction="Mixed" CheckBoxOtherValues="Not Allowed" PrimaryKey="false" DefaultButton="false" QueryAllowed="true" Visible="true" QueryLength="4" DisplayQuality="High" EditXPosition="0" EditYPosition="0" Enabled="true" DistanceBetweenRecords="4364" FixedLength="false" Required="true" Height="14" ConcealData="false" Hint="Enter value for : LANGUAGE_ID" SizingStyle="Crop" ShowHorizontalScrollbar="false" Iconic="false" InsertAllowed="true" ItemType="Text Item" DataType="Number" UpdateAllowed="true" UpdateIfNull="false" KeepCursorPosition="false" VisualAttributeName="DEFAULT" Label="Language Id" LockRecord="false" ShowVerticalScrollbar="false" TooltipVisualAttributeGroup="V7_VA_TOOLTIP" LovName=""/>
         <Item Name="BPT_1" ValidateFromList="false" LovXPosition="0" Justification="Start" LovYPosition="0" ListStyle="Poplist" Width="69" MaximumLength="80" WrapStyle="Word" AutoSkip="false" CompressionQuality="None" XPosition="105" YPosition="80" DatabaseItem="false" Bevel="None" AutoHint="false" MouseNavigate="true" CanvasName="CNV_CONTENT" MultiLine="false" CaseInsensitiveQuery="false" KeyboardNavigable="true" CaseRestriction="Mixed" CheckBoxOtherValues="Not Allowed" PrimaryKey="false" DirtyInfo="true" DefaultButton="false" QueryAllowed="true" Visible="true" QueryLength="80" DisplayQuality="High" EditXPosition="0" EditYPosition="0" Enabled="true" DistanceBetweenRecords="4364" FixedLength="false" Required="false" Height="13" ConcealData="false" SizingStyle="Crop" ShowHorizontalScrollbar="false" Iconic="false" InsertAllowed="true" ItemType="Display Item" CopyValueFromItem="" DataType="Char" UpdateAllowed="true" UpdateIfNull="false" KeepCursorPosition="false" VisualAttributeName="TEXT_ITEM_BPT" LockRecord="false" ShowVerticalScrollbar="false" TooltipVisualAttributeGroup="V7_VA_TOOLTIP" LovName=""/>
         <Item Name="BPT_2" ValidateFromList="false" LovXPosition="0" Justification="Start" LovYPosition="0" ListStyle="Poplist" Width="120" MaximumLength="80" WrapStyle="Word" AutoSkip="false" CompressionQuality="None" XPosition="468" YPosition="70" DatabaseItem="false" Bevel="None" AutoHint="false" MouseNavigate="true" CanvasName="CNV_CONTENT" MultiLine="false" CaseInsensitiveQuery="false" KeyboardNavigable="true" CaseRestriction="Mixed" CheckBoxOtherValues="Not Allowed" PrimaryKey="false" DirtyInfo="true" DefaultButton="false" QueryAllowed="true" Visible="true" QueryLength="80" DisplayQuality="High" EditXPosition="0" EditYPosition="0" Enabled="true" DistanceBetweenRecords="4364" FixedLength="false" Required="false" Height="15" ConcealData="false" SizingStyle="Crop" ShowHorizontalScrollbar="false" Iconic="false" InsertAllowed="true" ItemType="Display Item" CopyValueFromItem="" DataType="Char" UpdateAllowed="true" UpdateIfNull="false" KeepCursorPosition="false" VisualAttributeName="TEXT_ITEM_BPT" LockRecord="false" ShowVerticalScrollbar="false" TooltipVisualAttributeGroup="V7_VA_TOOLTIP" LovName="">
            <Trigger Name="WHEN-MOUSE-CLICK" DirtyInfo="true" TriggerText="-- Name&#x9;&#x9;&#x9;Date&#x9;&#x9;&#x9;change&amp;#10;-- william akin&#x9;&#x9;21/03/1997&#x9;&#x9;created&amp;#10;&amp;#10;:WHICH_FUNCTION.RB_ALL := 'A';&amp;#10;"/>
         </Item>
         <Item Name="BPT_3" ValidateFromList="false" LovXPosition="0" Justification="Start" LovYPosition="0" ListStyle="Poplist" Width="120" MaximumLength="80" WrapStyle="Word" AutoSkip="false" CompressionQuality="None" XPosition="468" YPosition="85" DatabaseItem="false" Bevel="None" AutoHint="false" MouseNavigate="true" CanvasName="CNV_CONTENT" MultiLine="false" CaseInsensitiveQuery="false" KeyboardNavigable="true" CaseRestriction="Mixed" CheckBoxOtherValues="Not Allowed" PrimaryKey="false" DirtyInfo="true" DefaultButton="false" QueryAllowed="true" Visible="true" QueryLength="80" DisplayQuality="High" EditXPosition="0" EditYPosition="0" Enabled="true" DistanceBetweenRecords="4364" FixedLength="false" Required="false" Height="15" ConcealData="false" SizingStyle="Crop" ShowHorizontalScrollbar="false" Iconic="false" InsertAllowed="true" ItemType="Display Item" CopyValueFromItem="" DataType="Char" UpdateAllowed="true" UpdateIfNull="false" KeepCursorPosition="false" VisualAttributeName="TEXT_ITEM_BPT" LockRecord="false" ShowVerticalScrollbar="false" TooltipVisualAttributeGroup="V7_VA_TOOLTIP" LovName="">
            <Trigger Name="WHEN-MOUSE-CLICK" DirtyInfo="true" TriggerText="-- Name&#x9;&#x9;&#x9;Date&#x9;&#x9;&#x9;change&amp;#10;-- william akin&#x9;&#x9;21/03/1997&#x9;&#x9;created&amp;#10;&amp;#10;:WHICH_FUNCTION.RB_ALL := 'S';&amp;#10;&amp;#10;"/>
         </Item>
         <Item Name="BPT_4" ValidateFromList="false" LovXPosition="0" Justification="Start" LovYPosition="0" ListStyle="Poplist" Width="200" MaximumLength="80" WrapStyle="Word" AutoSkip="false" CompressionQuality="None" XPosition="468" YPosition="100" DatabaseItem="false" Bevel="None" AutoHint="false" MouseNavigate="true" CanvasName="CNV_CONTENT" MultiLine="false" CaseInsensitiveQuery="false" KeyboardNavigable="true" CaseRestriction="Mixed" CheckBoxOtherValues="Not Allowed" PrimaryKey="false" DirtyInfo="true" DefaultButton="false" QueryAllowed="true" Visible="true" QueryLength="80" DisplayQuality="High" EditXPosition="0" EditYPosition="0" Enabled="true" DistanceBetweenRecords="4364" FixedLength="false" Required="false" Height="15" ConcealData="false" SizingStyle="Crop" ShowHorizontalScrollbar="false" Iconic="false" InsertAllowed="true" ItemType="Display Item" CopyValueFromItem="" DataType="Char" UpdateAllowed="true" UpdateIfNull="false" KeepCursorPosition="false" VisualAttributeName="TEXT_ITEM_BPT" LockRecord="false" ShowVerticalScrollbar="false" TooltipVisualAttributeGroup="V7_VA_TOOLTIP" LovName="">
            <Trigger Name="WHEN-MOUSE-CLICK" DirtyInfo="true" TriggerText="-- Name&#x9;&#x9;&#x9;Date&#x9;&#x9;&#x9;change&amp;#10;-- william akin&#x9;&#x9;21/03/1997&#x9;&#x9;created&amp;#10;&amp;#10;:WHICH_FUNCTION.RB_ALL := 'V';&amp;#10;&amp;#10;"/>
         </Item>
         <Item Name="BPT_5" ValidateFromList="false" LovXPosition="0" Justification="Start" LovYPosition="0" ListStyle="Poplist" Width="30" MaximumLength="80" WrapStyle="Word" AutoSkip="false" CompressionQuality="None" XPosition="26" YPosition="40" DatabaseItem="false" Bevel="None" AutoHint="false" MouseNavigate="true" CanvasName="MAPS004D" MultiLine="false" CaseInsensitiveQuery="false" KeyboardNavigable="true" CaseRestriction="Mixed" CheckBoxOtherValues="Not Allowed" PrimaryKey="false" DirtyInfo="true" DefaultButton="false" QueryAllowed="true" Visible="true" QueryLength="80" DisplayQuality="High" EditXPosition="0" EditYPosition="0" Enabled="true" DistanceBetweenRecords="4364" FixedLength="false" Required="false" Height="15" ConcealData="false" SizingStyle="Crop" ShowHorizontalScrollbar="false" Iconic="false" InsertAllowed="true" ItemType="Display Item" CopyValueFromItem="" DataType="Char" UpdateAllowed="true" UpdateIfNull="false" KeepCursorPosition="false" VisualAttributeName="TEXT_ITEM_BPT_GREY" LockRecord="false" ShowVerticalScrollbar="false" TooltipVisualAttributeGroup="V7_VA_TOOLTIP" LovName=""/>
         <Item Name="BPT_6" ValidateFromList="false" LovXPosition="0" Justification="Start" LovYPosition="0" ListStyle="Poplist" Width="55" MaximumLength="80" WrapStyle="Word" AutoSkip="false" CompressionQuality="None" XPosition="58" YPosition="40" DatabaseItem="false" Bevel="None" AutoHint="false" MouseNavigate="true" CanvasName="MAPS004D" MultiLine="false" CaseInsensitiveQuery="false" KeyboardNavigable="true" CaseRestriction="Mixed" CheckBoxOtherValues="Not Allowed" PrimaryKey="false" DirtyInfo="true" DefaultButton="false" QueryAllowed="true" Visible="true" QueryLength="80" DisplayQuality="High" EditXPosition="0" EditYPosition="0" Enabled="true" DistanceBetweenRecords="4364" FixedLength="false" Required="false" Height="15" ConcealData="false" SizingStyle="Crop" ShowHorizontalScrollbar="false" Iconic="false" InsertAllowed="true" ItemType="Display Item" CopyValueFromItem="" DataType="Char" UpdateAllowed="true" UpdateIfNull="false" KeepCursorPosition="false" VisualAttributeName="TEXT_ITEM_BPT_GREY" LockRecord="false" ShowVerticalScrollbar="false" TooltipVisualAttributeGroup="V7_VA_TOOLTIP" LovName=""/>
         <Item Name="BPT_7" ValidateFromList="false" LovXPosition="0" Justification="Center" LovYPosition="0" ListStyle="Poplist" Width="40" MaximumLength="80" WrapStyle="Word" AutoSkip="false" CompressionQuality="None" XPosition="290" YPosition="40" DatabaseItem="false" Bevel="None" AutoHint="false" MouseNavigate="true" CanvasName="MAPS004D" MultiLine="false" CaseInsensitiveQuery="false" KeyboardNavigable="true" CaseRestriction="Mixed" CheckBoxOtherValues="Not Allowed" PrimaryKey="false" DirtyInfo="true" DefaultButton="false" QueryAllowed="true" Visible="true" QueryLength="80" DisplayQuality="High" EditXPosition="0" EditYPosition="0" Enabled="true" DistanceBetweenRecords="4364" FixedLength="false" Required="false" Height="15" ConcealData="false" SizingStyle="Crop" ShowHorizontalScrollbar="false" Iconic="false" InsertAllowed="true" ItemType="Display Item" CopyValueFromItem="" DataType="Char" UpdateAllowed="true" UpdateIfNull="false" KeepCursorPosition="false" VisualAttributeName="TEXT_ITEM_BPT_GREY" LockRecord="false" ShowVerticalScrollbar="false" TooltipVisualAttributeGroup="V7_VA_TOOLTIP" LovName=""/>
         <Item Name="BPT_8" ValidateFromList="false" LovXPosition="0" Justification="Center" LovYPosition="0" ListStyle="Poplist" Width="45" MaximumLength="80" WrapStyle="Word" AutoSkip="false" CompressionQuality="None" XPosition="333" YPosition="40" DatabaseItem="false" Bevel="None" AutoHint="false" MouseNavigate="true" CanvasName="MAPS004D" MultiLine="false" CaseInsensitiveQuery="false" KeyboardNavigable="true" CaseRestriction="Mixed" CheckBoxOtherValues="Not Allowed" PrimaryKey="false" DirtyInfo="true" DefaultButton="false" QueryAllowed="true" Visible="true" QueryLength="80" DisplayQuality="High" EditXPosition="0" EditYPosition="0" Enabled="true" DistanceBetweenRecords="4364" FixedLength="false" Required="false" Height="15" ConcealData="false" SizingStyle="Crop" ShowHorizontalScrollbar="false" Iconic="false" InsertAllowed="true" ItemType="Display Item" CopyValueFromItem="" DataType="Char" UpdateAllowed="true" UpdateIfNull="false" KeepCursorPosition="false" VisualAttributeName="TEXT_ITEM_BPT_GREY" LockRecord="false" ShowVerticalScrollbar="false" TooltipVisualAttributeGroup="V7_VA_TOOLTIP" LovName=""/>
         <Item Name="BPT_9" ValidateFromList="false" LovXPosition="0" Justification="Center" LovYPosition="0" ListStyle="Poplist" Width="40" MaximumLength="80" WrapStyle="Word" AutoSkip="false" CompressionQuality="None" XPosition="388" YPosition="40" DatabaseItem="false" Bevel="None" AutoHint="false" MouseNavigate="true" CanvasName="MAPS004D" MultiLine="false" CaseInsensitiveQuery="false" KeyboardNavigable="true" CaseRestriction="Mixed" CheckBoxOtherValues="Not Allowed" PrimaryKey="false" DirtyInfo="true" DefaultButton="false" QueryAllowed="true" Visible="true" QueryLength="80" DisplayQuality="High" EditXPosition="0" EditYPosition="0" Enabled="true" DistanceBetweenRecords="4364" FixedLength="false" Required="false" Height="15" ConcealData="false" SizingStyle="Crop" ShowHorizontalScrollbar="false" Iconic="false" InsertAllowed="true" ItemType="Display Item" CopyValueFromItem="" DataType="Char" UpdateAllowed="true" UpdateIfNull="false" KeepCursorPosition="false" VisualAttributeName="TEXT_ITEM_BPT_GREY" LockRecord="false" ShowVerticalScrollbar="false" TooltipVisualAttributeGroup="V7_VA_TOOLTIP" LovName=""/>
         <Item Name="BPT_10" ValidateFromList="false" LovXPosition="0" Justification="Center" LovYPosition="0" ListStyle="Poplist" Width="40" MaximumLength="80" WrapStyle="Word" AutoSkip="false" CompressionQuality="None" XPosition="435" YPosition="40" DatabaseItem="false" Bevel="None" AutoHint="false" MouseNavigate="true" CanvasName="MAPS004D" MultiLine="false" CaseInsensitiveQuery="false" KeyboardNavigable="true" CaseRestriction="Mixed" CheckBoxOtherValues="Not Allowed" PrimaryKey="false" DirtyInfo="true" DefaultButton="false" QueryAllowed="true" Visible="true" QueryLength="80" DisplayQuality="High" EditXPosition="0" EditYPosition="0" Enabled="true" DistanceBetweenRecords="4364" FixedLength="false" Required="false" Height="15" ConcealData="false" SizingStyle="Crop" ShowHorizontalScrollbar="false" Iconic="false" InsertAllowed="true" ItemType="Display Item" CopyValueFromItem="" DataType="Char" UpdateAllowed="true" UpdateIfNull="false" KeepCursorPosition="false" VisualAttributeName="TEXT_ITEM_BPT_GREY" LockRecord="false" ShowVerticalScrollbar="false" TooltipVisualAttributeGroup="V7_VA_TOOLTIP" LovName=""/>
         <Item Name="BPT_11" ValidateFromList="false" LovXPosition="0" Justification="Center" LovYPosition="0" ListStyle="Poplist" Width="40" MaximumLength="80" WrapStyle="Word" AutoSkip="false" CompressionQuality="None" XPosition="480" YPosition="40" DatabaseItem="false" Bevel="None" AutoHint="false" MouseNavigate="true" CanvasName="MAPS004D" MultiLine="false" CaseInsensitiveQuery="false" KeyboardNavigable="true" CaseRestriction="Mixed" CheckBoxOtherValues="Not Allowed" PrimaryKey="false" DirtyInfo="true" DefaultButton="false" QueryAllowed="true" Visible="true" QueryLength="80" DisplayQuality="High" EditXPosition="0" EditYPosition="0" Enabled="true" DistanceBetweenRecords="4364" FixedLength="false" Required="false" Height="15" ConcealData="false" SizingStyle="Crop" ShowHorizontalScrollbar="false" Iconic="false" InsertAllowed="true" ItemType="Display Item" CopyValueFromItem="" DataType="Char" UpdateAllowed="true" UpdateIfNull="false" KeepCursorPosition="false" VisualAttributeName="TEXT_ITEM_BPT_GREY" LockRecord="false" ShowVerticalScrollbar="false" TooltipVisualAttributeGroup="V7_VA_TOOLTIP" LovName=""/>
         <Item Name="BPT_12" ValidateFromList="false" LovXPosition="0" Justification="Center" LovYPosition="0" ListStyle="Poplist" Width="40" MaximumLength="80" WrapStyle="Word" AutoSkip="false" CompressionQuality="None" XPosition="524" YPosition="40" DatabaseItem="false" Bevel="None" AutoHint="false" MouseNavigate="true" CanvasName="MAPS004D" MultiLine="false" CaseInsensitiveQuery="false" KeyboardNavigable="true" CaseRestriction="Mixed" CheckBoxOtherValues="Not Allowed" PrimaryKey="false" DirtyInfo="true" DefaultButton="false" QueryAllowed="true" Visible="true" QueryLength="80" DisplayQuality="High" EditXPosition="0" EditYPosition="0" Enabled="true" DistanceBetweenRecords="4364" FixedLength="false" Required="false" Height="15" ConcealData="false" SizingStyle="Crop" ShowHorizontalScrollbar="false" Iconic="false" InsertAllowed="true" ItemType="Display Item" CopyValueFromItem="" DataType="Char" UpdateAllowed="true" UpdateIfNull="false" KeepCursorPosition="false" VisualAttributeName="TEXT_ITEM_BPT_GREY" LockRecord="false" ShowVerticalScrollbar="false" TooltipVisualAttributeGroup="V7_VA_TOOLTIP" LovName=""/>
         <Item Name="BPT_13" ValidateFromList="false" LovXPosition="0" Justification="Start" LovYPosition="0" ListStyle="Poplist" Width="120" MaximumLength="80" WrapStyle="Word" AutoSkip="false" CompressionQuality="None" XPosition="105" YPosition="49" DatabaseItem="false" Bevel="None" AutoHint="false" MouseNavigate="true" CanvasName="CNV_CONTENT" MultiLine="false" CaseInsensitiveQuery="false" KeyboardNavigable="true" CaseRestriction="Mixed" CheckBoxOtherValues="Not Allowed" PrimaryKey="false" DirtyInfo="true" DefaultButton="false" QueryAllowed="true" Visible="true" QueryLength="80" DisplayQuality="High" EditXPosition="0" EditYPosition="0" Enabled="true" DistanceBetweenRecords="4364" FixedLength="false" Required="false" FontWeight="Bold" ForegroundColor="Line Green" Height="13" ConcealData="false" SizingStyle="Crop" ShowHorizontalScrollbar="false" Iconic="false" InsertAllowed="true" ItemType="Display Item" CopyValueFromItem="" DataType="Char" UpdateAllowed="true" UpdateIfNull="false" KeepCursorPosition="false" VisualAttributeName="TEXT_ITEM_BPT" LockRecord="false" ShowVerticalScrollbar="false" TooltipVisualAttributeGroup="V7_VA_TOOLTIP" LovName=""/>
         <Item Name="BPT_14" ValidateFromList="false" LovXPosition="0" Justification="Start" LovYPosition="0" ListStyle="Poplist" Width="120" MaximumLength="80" WrapStyle="Word" AutoSkip="false" CompressionQuality="None" XPosition="10" YPosition="11" DatabaseItem="false" Bevel="None" AutoHint="false" MouseNavigate="true" CanvasName="MAPS004D" MultiLine="false" CaseInsensitiveQuery="false" KeyboardNavigable="true" CaseRestriction="Mixed" CheckBoxOtherValues="Not Allowed" PrimaryKey="false" DirtyInfo="true" DefaultButton="false" QueryAllowed="true" Visible="true" QueryLength="80" DisplayQuality="High" EditXPosition="0" EditYPosition="0" Enabled="true" DistanceBetweenRecords="4364" FixedLength="false" Required="false" FontWeight="Bold" ForegroundColor="Line Green" Height="13" ConcealData="false" SizingStyle="Crop" ShowHorizontalScrollbar="false" Iconic="false" InsertAllowed="true" ItemType="Display Item" CopyValueFromItem="" DataType="Char" UpdateAllowed="true" UpdateIfNull="false" KeepCursorPosition="false" VisualAttributeName="TEXT_ITEM_BPT" LockRecord="false" ShowVerticalScrollbar="false" TooltipVisualAttributeGroup="V7_VA_TOOLTIP" LovName=""/>
         <Item Name="DSP_BREADCRUMB" Justification="Start" TabPageName="" Width="278" MaximumLength="4000" ItemType="Display Item" BackColor="white" XPosition="95" FontName="Arial" YPosition="4" DatabaseItem="false" Bevel="None" FontSize="1000" FontStyle="Italic" DirtyInfo="true" FontWeight="Bold" FontSpacing="Normal" ForegroundColor="darkcyan" CanvasName="CNV_HIDE" Visible="false" Height="15"/>
         <Trigger Name="WHEN-MOUSE-DOUBLECLICK" TriggerText="--&amp;#10;-- steve pusey 19/4/96&amp;#10;--&amp;#10;-- change value in current boilerplate text item&amp;#10;--&amp;#10;BEGIN&amp;#10;&amp;#10;  boilerplate.change_boilerplate;&amp;#10;&amp;#10;END;"/>
      </Block>
      <Block Name="MAPS004" RecordsBufferedCount="0" RecordsDisplayCount="13" RecordsFetchedCount="0" EnforcedPrimaryKey="false" RecordOrientation="Vertical" ScrollbarCanvasName="MAPS004D" ScrollbarOrientation="Vertical" ScrollbarWidth="14" ScrollbarXPosition="10" ScrollbarYPosition="55" NavigationStyle="Same Record" ShowScrollbar="true" ScrollbarLength="182" NextNavigationBlockName="WHICH_FUNCTION" EnforcedColumnSecurity="false" InsertAllowed="false" UpdateAllowed="true" OrderByClause="JOB_DESCRIPTION" DMLDataName="MAPS004" DeleteAllowed="false" QueryDataSourceName="MAPS004" DirtyInfo="true" VisualAttributeName="DEFAULT" KeyMode="Unique" PreviousNavigationBlockName="WHICH_FUNCTION" DatabaseBlock="true" QueryDataSourceType="Table" QueryAllowed="true" LockMode="Immediate" DMLDataType="Table">
         <Item Name="JOB_ID" ValidateFromList="false" EditXPosition="0" LovXPosition="0" EditYPosition="0" LovYPosition="0" DistanceBetweenRecords="0" ListStyle="Poplist" Width="30" MaximumLength="4" FixedLength="false" WrapStyle="Word" AutoSkip="false" CompressionQuality="None" XPosition="26" Required="true" YPosition="55" DatabaseItem="true" Bevel="Plain" AutoHint="false" CanvasName="MAPS004D" MultiLine="false" CaseInsensitiveQuery="false" CaseRestriction="Mixed" ParentType="29" CheckBoxOtherValues="Not Allowed" Height="14" ConcealData="false" SizingStyle="Crop" ShowHorizontalScrollbar="false" Iconic="false" CopyValueFromItem="" DataType="Number" ParentModule="MAPFJOBS" UpdateIfNull="false" ParentModuleType="12" PrimaryKey="false" ParentName="TEXT_ITEM_CLASS" DirtyInfo="true" KeepCursorPosition="false" VisualAttributeName="TEXT_ITEM_VA" DefaultButton="false" QueryLength="4" LockRecord="false" DisplayQuality="High" ShowVerticalScrollbar="false" TooltipVisualAttributeGroup="V7_VA_TOOLTIP" LovName=""/>
         <Item Name="JOB_DESCRIPTION" ValidateFromList="false" LovXPosition="0" LovYPosition="0" ListStyle="Poplist" Width="200" MaximumLength="30" WrapStyle="Word" AutoSkip="false" CompressionQuality="None" XPosition="57" YPosition="55" DatabaseItem="true" Bevel="Plain" AutoHint="false" CanvasName="MAPS004D" MultiLine="false" CaseInsensitiveQuery="false" CaseRestriction="Mixed" ParentType="29" CheckBoxOtherValues="Not Allowed" PrimaryKey="false" DirtyInfo="true" DefaultButton="false" QueryLength="30" DisplayQuality="High" EditName="" EditXPosition="0" EditYPosition="0" DistanceBetweenRecords="0" FixedLength="false" Required="false" FormatMask="" Height="14" ConcealData="false" SizingStyle="Crop" ShowHorizontalScrollbar="false" Iconic="false" CopyValueFromItem="" DataType="Char" ParentModule="MAPFJOBS" UpdateIfNull="false" ParentModuleType="12" ParentName="TEXT_ITEM_CLASS" KeepCursorPosition="false" VisualAttributeName="TEXT_ITEM_VA" LockRecord="false" ShowVerticalScrollbar="false" TooltipVisualAttributeGroup="V7_VA_TOOLTIP" LovName=""/>
         <Item Name="ACCESS_LEVEL" ValidateFromList="false" LovXPosition="0" Justification="Left" LovYPosition="0" ListStyle="Poplist" Width="30" MaximumLength="1" WrapStyle="Word" AutoSkip="false" CompressionQuality="None" XPosition="340" YPosition="55" DatabaseItem="false" Bevel="Plain" AutoHint="false" MouseNavigate="true" CanvasName="MAPS004D" MultiLine="false" CaseInsensitiveQuery="false" KeyboardNavigable="true" CaseRestriction="Mixed" CheckBoxOtherValues="Not Allowed" OtherValues="" PrimaryKey="false" DirtyInfo="true" DefaultButton="false" QueryAllowed="true" Visible="true" QueryLength="30" DisplayQuality="High" EditXPosition="0" EditYPosition="0" Enabled="true" DistanceBetweenRecords="0" FixedLength="false" Required="false" ListElementCount="5" Height="14" ConcealData="false" SizingStyle="Crop" ShowHorizontalScrollbar="false" Iconic="false" IconFilename="" InsertAllowed="true" ItemType="List Item" CopyValueFromItem="" DataType="Number" InitializeValue="1" UpdateAllowed="true" UpdateIfNull="false" KeepCursorPosition="false" VisualAttributeName="TEXT_ITEM_VA" LockRecord="false" ShowVerticalScrollbar="false" TooltipVisualAttributeGroup="V7_VA_TOOLTIP" LovName="">
            <ListItemElement Index="1" Name="1" Value="1"/>
            <ListItemElement Index="2" Name="2" Value="2"/>
            <ListItemElement Index="3" Name="3" Value="3"/>
            <ListItemElement Index="4" Name="4" Value="4"/>
            <ListItemElement Index="5" Name="5" Value="5"/>
         </Item>
         <Item Name="CB_ALLOWED" ValidateFromList="false" LovXPosition="0" Justification="Left" LovYPosition="0" ListStyle="Poplist" Width="10" MaximumLength="1" WrapStyle="Word" AutoSkip="false" BackColor="white" CompressionQuality="None" XPosition="305" YPosition="55" DatabaseItem="false" Bevel="Plain" AutoHint="false" MouseNavigate="true" CanvasName="MAPS004D" MultiLine="false" CaseInsensitiveQuery="false" KeyboardNavigable="true" CaseRestriction="Mixed" CheckBoxOtherValues="Not Allowed" CheckedValue="Y" PrimaryKey="false" DirtyInfo="true" DefaultButton="false" QueryAllowed="true" Visible="true" QueryLength="30" DisplayQuality="High" EditXPosition="0" EditYPosition="0" Enabled="true" DistanceBetweenRecords="0" FixedLength="false" Required="false" Height="14" ConcealData="false" SizingStyle="Crop" ShowHorizontalScrollbar="false" Iconic="false" InsertAllowed="true" ItemType="Check Box" CopyValueFromItem="" DataType="Char" InitializeValue="N" UncheckedValue="N" UpdateAllowed="true" UpdateIfNull="false" KeepCursorPosition="false" VisualAttributeName="TEXT_ITEM_BPT_GREY" LockRecord="false" ShowVerticalScrollbar="false" TooltipVisualAttributeGroup="V7_VA_TOOLTIP" LovName=""/>
         <Item Name="CB_INS" ValidateFromList="false" LovXPosition="0" Justification="Left" LovYPosition="0" ListStyle="Poplist" Width="10" MaximumLength="1" WrapStyle="Word" AutoSkip="false" BackColor="white" CompressionQuality="None" XPosition="404" YPosition="55" DatabaseItem="false" Bevel="Plain" AutoHint="false" MouseNavigate="true" CanvasName="MAPS004D" MultiLine="false" CaseInsensitiveQuery="false" KeyboardNavigable="true" CaseRestriction="Mixed" CheckBoxOtherValues="Not Allowed" CheckedValue="D" PrimaryKey="false" DirtyInfo="true" DefaultButton="false" QueryAllowed="true" Visible="true" QueryLength="30" DisplayQuality="High" EditXPosition="0" EditYPosition="0" Enabled="true" DistanceBetweenRecords="0" FixedLength="false" Required="false" Height="14" ConcealData="false" SizingStyle="Crop" ShowHorizontalScrollbar="false" Iconic="false" InsertAllowed="true" ItemType="Check Box" CopyValueFromItem="" DataType="Char" InitializeValue="N" UncheckedValue="N" UpdateAllowed="true" UpdateIfNull="false" KeepCursorPosition="false" VisualAttributeName="BACKGROUND_CANVAS" LockRecord="false" ShowVerticalScrollbar="false" TooltipVisualAttributeGroup="V7_VA_TOOLTIP" LovName=""/>
         <Item Name="CB_UPD" ValidateFromList="false" LovXPosition="0" Justification="Left" LovYPosition="0" ListStyle="Poplist" Width="10" MaximumLength="1" WrapStyle="Word" AutoSkip="false" BackColor="white" CompressionQuality="None" XPosition="451" YPosition="55" DatabaseItem="false" Bevel="Plain" AutoHint="false" MouseNavigate="true" CanvasName="MAPS004D" MultiLine="false" CaseInsensitiveQuery="false" KeyboardNavigable="true" CaseRestriction="Mixed" CheckBoxOtherValues="Not Allowed" CheckedValue="D" PrimaryKey="false" DirtyInfo="true" DefaultButton="false" QueryAllowed="true" Visible="true" QueryLength="30" DisplayQuality="High" EditXPosition="0" EditYPosition="0" Enabled="true" DistanceBetweenRecords="0" FixedLength="false" Required="false" Height="14" ConcealData="false" SizingStyle="Crop" ShowHorizontalScrollbar="false" Iconic="false" InsertAllowed="true" ItemType="Check Box" CopyValueFromItem="" DataType="Char" InitializeValue="N" UncheckedValue="N" UpdateAllowed="true" UpdateIfNull="false" KeepCursorPosition="false" VisualAttributeName="BACKGROUND_CANVAS" LockRecord="false" ShowVerticalScrollbar="false" TooltipVisualAttributeGroup="V7_VA_TOOLTIP" LovName=""/>
         <Item Name="CB_QRY" ValidateFromList="false" LovXPosition="0" Justification="Left" LovYPosition="0" ListStyle="Poplist" Width="10" MaximumLength="1" WrapStyle="Word" AutoSkip="false" BackColor="white" CompressionQuality="None" XPosition="496" YPosition="55" DatabaseItem="false" Bevel="Plain" AutoHint="false" MouseNavigate="true" CanvasName="MAPS004D" MultiLine="false" CaseInsensitiveQuery="false" KeyboardNavigable="true" CaseRestriction="Mixed" CheckBoxOtherValues="Not Allowed" CheckedValue="D" PrimaryKey="false" DirtyInfo="true" DefaultButton="false" QueryAllowed="true" Visible="true" QueryLength="30" DisplayQuality="High" EditXPosition="0" EditYPosition="0" Enabled="true" DistanceBetweenRecords="0" FixedLength="false" Required="false" Height="14" ConcealData="false" SizingStyle="Crop" ShowHorizontalScrollbar="false" Iconic="false" InsertAllowed="true" ItemType="Check Box" CopyValueFromItem="" DataType="Char" InitializeValue="N" UncheckedValue="N" UpdateAllowed="true" UpdateIfNull="false" KeepCursorPosition="false" VisualAttributeName="BACKGROUND_CANVAS" LockRecord="false" ShowVerticalScrollbar="false" TooltipVisualAttributeGroup="V7_VA_TOOLTIP" LovName=""/>
         <Item Name="CB_DEL" ValidateFromList="false" LovXPosition="0" Justification="Left" LovYPosition="0" ListStyle="Poplist" Width="10" MaximumLength="1" WrapStyle="Word" AutoSkip="false" BackColor="white" CompressionQuality="None" XPosition="541" YPosition="55" DatabaseItem="false" Bevel="Plain" AutoHint="false" MouseNavigate="true" CanvasName="MAPS004D" MultiLine="false" CaseInsensitiveQuery="false" KeyboardNavigable="true" CaseRestriction="Mixed" CheckBoxOtherValues="Not Allowed" CheckedValue="D" PrimaryKey="false" DirtyInfo="true" DefaultButton="false" QueryAllowed="true" Visible="true" QueryLength="30" DisplayQuality="High" EditXPosition="0" EditYPosition="0" Enabled="true" DistanceBetweenRecords="0" FixedLength="false" Required="false" Height="14" ConcealData="false" SizingStyle="Crop" ShowHorizontalScrollbar="false" Iconic="false" InsertAllowed="true" ItemType="Check Box" CopyValueFromItem="" DataType="Char" InitializeValue="N" UncheckedValue="N" UpdateAllowed="true" UpdateIfNull="false" KeepCursorPosition="false" VisualAttributeName="BACKGROUND_CANVAS" LockRecord="false" ShowVerticalScrollbar="false" TooltipVisualAttributeGroup="V7_VA_TOOLTIP" LovName=""/>
         <Trigger Name="POST-QUERY" DirtyInfo="true" FireInQuery="true" TriggerText="DECLARE&amp;#10;   CURSOR C1 IS&amp;#10;       Select 'Y', Access_Level, F_Insert, F_Update, F_Query, F_Delete&amp;#10;       from   MAPS009&amp;#10;       Where  MAPS009.FUNCTION_ID = &amp;#10;:WHICH_FUNCTION.FUNCTION_ID&amp;#10;       and    MAPS009.JOB_ID      = :MAPS004.JOB_ID;&amp;#10;BEGIN&amp;#10;If :WHICH_FUNCTION.RB_ALL = 'A' or :WHICH_FUNCTION.RB_ALL = 'S'  then&amp;#10;   OPEN  C1;&amp;#10;   FETCH C1 into :MAPS004.CB_Allowed, :MAPS004.Access_Level,&amp;#10;                 :MAPS004.CB_Ins,     :MAPS004.CB_Upd,&amp;#10;                 :MAPS004.CB_Qry,     :MAPS004.CB_Del;&amp;#10;   CLOSE C1;&amp;#10;End If;&amp;#10;End;" DisplayInKeyboardHelp="false"/>
         <Trigger Name="WHEN-NEW-BLOCK-INSTANCE" DirtyInfo="true" FireInQuery="true" TriggerText="EXECUTE_QUERY;" DisplayInKeyboardHelp="false"/>
         <Trigger Name="WHEN-VALIDATE-ITEM" DirtyInfo="true" FireInQuery="true" TriggerText="IF NVL(:MAPS004.ACCESS_LEVEL, 0) &lt; 1&amp;#10;OR NVL(:MAPS004.ACCESS_LEVEL, 0) > 5 THEN&amp;#10;   DISPLAY_ALERT('ERROR_ALERT', 257);&amp;#10;   :MAPS004.ACCESS_LEVEL := 1;&amp;#10;   RAISE FORM_TRIGGER_FAILURE;&amp;#10;END IF;" DisplayInKeyboardHelp="false"/>
         <Trigger Name="PRE-UPDATE" DirtyInfo="true" FireInQuery="true" TriggerText="/*  This procedure will update or insert a record into MAPS009 if the user has changed the status of any check box in the MAPS001 Block  */&amp;#10;/* First check to see whether the record already exist in the MAPS009 Table, if it does then it is an update else it is an insert.  */&amp;#10;&amp;#10;-- Changed by&#x9;&#x9;&#x9;When&#x9;&#x9;&#x9;&#x9;&#x9;Change&amp;#10;-- Dave L&#x9;&#x9;&#x9;&#x9;&#x9;20/03/2009&#x9;&#x9;Replaced problematic WHERE CURRENT OF cursor.  This sometimes does not work with 10g forms.&amp;#10;--&amp;#10;&#x9;&#x9;&#x9;&#x9;&#x9;&#x9;&#x9;&#x9;&#x9;&#x9;&#x9;&amp;#10;DECLARE&amp;#10;&amp;#10;  dummy_id NUMBER;&amp;#10;&amp;#10;  CURSOR c1 IS&amp;#10;    SELECT ROWID,&amp;#10;           function_id&amp;#10;      FROM maps009&amp;#10;     WHERE maps009.function_id = :which_function.function_id&amp;#10;       AND maps009.job_id = :maps004.job_id&amp;#10;       FOR UPDATE OF access_level, f_insert, f_update, f_query, f_delete;&amp;#10;       &amp;#10;  vd_sysdate DATE := SYSDATE;&amp;#10;  v_rowid ROWID;&amp;#10;  &amp;#10;BEGIN&amp;#10;&amp;#10;  IF :maps004.access_level IS NULL THEN&amp;#10;    RAISE form_trigger_failure;&amp;#10;  END IF;&amp;#10;&amp;#10;  IF :maps004.cb_ins IS NULL THEN&amp;#10;    :maps004.cb_ins := 'N';&amp;#10;  END IF;&amp;#10;&amp;#10;  IF :maps004.cb_upd IS NULL THEN&amp;#10;    :maps004.cb_upd := 'N';&amp;#10;  END IF;&amp;#10;&amp;#10;  IF :maps004.cb_qry IS NULL THEN&amp;#10;    :maps004.cb_qry := 'N';&amp;#10;  END IF;&amp;#10;&amp;#10;  IF :maps004.cb_del IS NULL THEN&amp;#10;    :maps004.cb_del := 'N';&amp;#10;  END IF;&amp;#10;&amp;#10;  OPEN c1;&amp;#10;  FETCH c1&amp;#10;    INTO v_rowid, dummy_id;&amp;#10;&amp;#10;  IF c1%FOUND AND&amp;#10;     :maps004.cb_allowed = 'Y' THEN&amp;#10;  &amp;#10;    UPDATE maps009&amp;#10;       SET access_level = :maps004.access_level,&amp;#10;           f_insert     = :maps004.cb_ins,&amp;#10;           f_update     = :maps004.cb_upd,&amp;#10;           f_query      = :maps004.cb_qry,&amp;#10;           f_delete     = :maps004.cb_del&amp;#10;    WHERE ROWID = v_rowid; &amp;#10;     --WHERE CURRENT OF c1;&amp;#10;     &amp;#10;  ELSIF :maps004.cb_allowed = 'Y' THEN&amp;#10;  &amp;#10;    INSERT INTO maps009&amp;#10;      (job_id,&amp;#10;       function_id,&amp;#10;       access_level,&amp;#10;       f_insert,&amp;#10;       f_update,&amp;#10;       f_query,&amp;#10;       f_delete,&amp;#10;       amend_by_user,&amp;#10;       amend_last_date,&amp;#10;       amend_by_module)&amp;#10;    VALUES&amp;#10;      (:maps004.job_id,&amp;#10;       :which_function.function_id,&amp;#10;       :maps004.access_level,&amp;#10;       :maps004.cb_ins,&amp;#10;       :maps004.cb_upd,&amp;#10;       :maps004.cb_qry,&amp;#10;       :maps004.cb_del,&amp;#10;       :global.user_id,&amp;#10;       vd_sysdate,&amp;#10;       'MAPFJOBS');&amp;#10;  &amp;#10;  END IF;&amp;#10;  CLOSE c1;&amp;#10;&amp;#10;  /* Delete the corresponding record from MAPS008 if an executable has been removed from the job list on MAPS009   */&amp;#10;  IF :maps004.cb_allowed = 'N' THEN&amp;#10;    DELETE FROM maps008&amp;#10;     WHERE maps008.job_id = :maps004.job_id&amp;#10;       AND maps008.function_id = :which_function.function_id;&amp;#10;  &amp;#10;    DELETE FROM maps009&amp;#10;     WHERE maps009.function_id = :which_function.function_id&amp;#10;       AND maps009.job_id = :maps004.job_id&amp;#10;       AND maps009.access_level = :maps004.access_level;&amp;#10;  END IF;&amp;#10;&amp;#10;END;&amp;#10;" DisplayInKeyboardHelp="false"/>
         <Trigger Name="WHEN-LIST-CHANGED" DirtyInfo="true" FireInQuery="true" TriggerText="SET_RECORD_PROPERTY(:SYSTEM.CURSOR_RECORD, 'MAPS004', STATUS, CHANGED_STATUS);" DisplayInKeyboardHelp="false"/>
         <Trigger Name="WHEN-CHECKBOX-CHANGED" DirtyInfo="true" FireInQuery="true" TriggerText="SET_RECORD_PROPERTY(:SYSTEM.CURSOR_RECORD, 'MAPS004', STATUS, CHANGED_STATUS);" DisplayInKeyboardHelp="false"/>
      </Block>
      <Block Name="WHICH_FUNCTION" NextNavigationBlockName="MAPS004" RecordsBufferedCount="0" RecordsDisplayCount="1" RecordsFetchedCount="1" EnforcedColumnSecurity="false" InsertAllowed="true" EnforcedPrimaryKey="false" RecordOrientation="Vertical" UpdateAllowed="true" DMLDataName="" DeleteAllowed="true" QueryDataSourceName="" DirtyInfo="true" VisualAttributeName="DEFAULT" KeyMode="Unique" PreviousNavigationBlockName="MAPS004" DatabaseBlock="false" QueryDataSourceType="None" QueryAllowed="true" LockMode="Immediate" DMLDataType="None" NavigationStyle="Same Record" ShowScrollbar="false">
         <Item Name="EXECUTABLE_NAME" ValidateFromList="true" EditXPosition="0" LovXPosition="0" EditYPosition="0" LovYPosition="0" DistanceBetweenRecords="0" ListStyle="Poplist" Width="240" MaximumLength="8" FixedLength="false" WrapStyle="Word" AutoSkip="false" CompressionQuality="None" XPosition="179" Required="false" YPosition="80" DatabaseItem="false" Bevel="Plain" AutoHint="false" CanvasName="CNV_CONTENT" MultiLine="false" CaseInsensitiveQuery="false" CaseRestriction="Upper" CheckBoxOtherValues="Not Allowed" Height="14" ConcealData="false" SizingStyle="Crop" ShowHorizontalScrollbar="false" Iconic="false" CopyValueFromItem="" DataType="Char" UpdateIfNull="false" PrimaryKey="false" DirtyInfo="true" KeepCursorPosition="false" VisualAttributeName="TEXT_ITEM_VA" DefaultButton="false" QueryLength="50" LockRecord="false" DisplayQuality="High" ShowVerticalScrollbar="false" TooltipVisualAttributeGroup="V7_VA_TOOLTIP" LovName="LOV_FUNCTION">
            <Trigger Name="WHEN_VALIDATEITEM" DirtyInfo="true" TriggerText="-- Name&#x9;&#x9;&#x9;Date&#x9;&#x9;&#x9;change&amp;#10;-- william&#x9;&#x9;21/03/1997&#x9;&#x9;created&amp;#10;&amp;#10;&amp;#10;DECLARE&amp;#10;&amp;#10;  cursor c1 is &amp;#10;        &#x9;select  &amp;#10;&#x9;&#x9;function_long_name  &amp;#10;&#x9;&#x9;from maps001 &amp;#10;&#x9;&#x9;WHERE FUNCTION_ID = :WHICH_FUNCTION.FUNCTION_ID; &amp;#10;&#x9;&#x9;&amp;#10;&amp;#10; BEGIN&amp;#10;&amp;#10;&amp;#10;    :WHICH_FUNCTION.FUNCTION_LONG_NAME := '';&amp;#10;    &amp;#10;&amp;#10;    open c1;&amp;#10;       fetch c1 into :WHICH_FUNCTION.FUNCTION_LONG_NAME;&amp;#10;    close c1;&amp;#10;&amp;#10; END;&amp;#10;&amp;#10;       "/>
         </Item>
         <Item Name="FUNCTION_LONG_NAME" ValidateFromList="false" EditXPosition="0" LovXPosition="0" EditYPosition="0" LovYPosition="0" Enabled="false" DistanceBetweenRecords="0" ListStyle="Poplist" Width="240" MaximumLength="80" FixedLength="false" WrapStyle="Word" AutoSkip="false" CompressionQuality="None" XPosition="179" Required="false" YPosition="95" DatabaseItem="false" Bevel="Plain" AutoHint="false" CanvasName="CNV_CONTENT" MultiLine="false" CaseInsensitiveQuery="false" KeyboardNavigable="false" CaseRestriction="Upper" CheckBoxOtherValues="Not Allowed" Height="14" ConcealData="false" SizingStyle="Crop" ShowHorizontalScrollbar="false" Iconic="false" CopyValueFromItem="" DataType="Char" UpdateIfNull="false" PrimaryKey="false" DirtyInfo="true" KeepCursorPosition="false" VisualAttributeName="TEXT_ITEM_VA" DefaultButton="false" QueryLength="80" LockRecord="false" DisplayQuality="High" ShowVerticalScrollbar="false" TooltipVisualAttributeGroup="V7_VA_TOOLTIP" LovName=""/>
         <Item Name="RB_ALL" ValidateFromList="false" LovXPosition="0" Justification="Left" LovYPosition="0" ListStyle="Poplist" Width="10" MaximumLength="30" WrapStyle="Word" AutoSkip="false" CompressionQuality="None" XPosition="291" YPosition="18" DatabaseItem="false" Bevel="Plain" AutoHint="false" MouseNavigate="true" CanvasName="CNV_CONTENT" MultiLine="false" CaseInsensitiveQuery="false" KeyboardNavigable="true" CaseRestriction="Mixed" CheckBoxOtherValues="Not Allowed" OtherValues="" PrimaryKey="false" DirtyInfo="true" DefaultButton="false" QueryAllowed="true" Visible="true" QueryLength="30" DisplayQuality="High" EditXPosition="0" EditYPosition="0" Enabled="true" DistanceBetweenRecords="0" FixedLength="false" Required="false" Height="14" ConcealData="false" SizingStyle="Crop" ShowHorizontalScrollbar="false" Iconic="false" IconFilename="" TabPageName="" InsertAllowed="true" ItemType="Radio Group" CopyValueFromItem="" DataType="Char" InitializeValue="A" UpdateAllowed="true" UpdateIfNull="false" KeepCursorPosition="false" VisualAttributeName="BACKGROUND_CANVAS_BLUE" LockRecord="false" ShowVerticalScrollbar="false" TooltipVisualAttributeGroup="V7_VA_TOOLTIP" LovName="">
            <RadioButton Name="RB_ALL" RadioButtonValue="A" BackColor="white" XPosition="450" YPosition="72" DirtyInfo="true" VisualAttributeName="TEXT_ITEM_VA" Enabled="true" DistanceBetweenRecords="0" Width="10" Visible="true" Height="10"/>
            <RadioButton Name="RB_SELECTED" RadioButtonValue="S" BackColor="white" XPosition="450" YPosition="87" DirtyInfo="true" VisualAttributeName="TEXT_ITEM_VA" Enabled="true" DistanceBetweenRecords="0" Width="10" Visible="true" Height="10"/>
            <RadioButton Name="RB_AVILABLE" RadioButtonValue="V" BackColor="white" XPosition="450" YPosition="102" DirtyInfo="true" VisualAttributeName="TEXT_ITEM_VA" Enabled="true" DistanceBetweenRecords="0" Width="10" Visible="true" Height="10"/>
            <Trigger Name="WHEN-RADIO-CHANGED" DirtyInfo="true" FireInQuery="true" TriggerText="SET_DEFAULT_WHERE;&amp;#10;" DisplayInKeyboardHelp="false"/>
         </Item>
         <Item Name="FUNCTION_ID" ShowHorizontalScrollbar="false" Width="60" MaximumLength="4" ItemType="Display Item" DataType="Number" ParentModule="MAPFJOBS" CompressionQuality="None" ParentModuleType="12" ParentName="TEXT_ITEM_CLASS" Bevel="Plain" CanvasName="" Visible="false" QueryLength="4" ParentType="29" ShowVerticalScrollbar="false" TooltipVisualAttributeGroup="V7_VA_TOOLTIP" Height="14"/>
         <Trigger Name="KEY-EXEQRY" TriggerText="--  name&#x9;&#x9;&#x9;date&#x9;&#x9;&#x9;change&amp;#10;--  william akin   &#x9;&#x9;22/03/1997&#x9;&#x9;created&amp;#10;&amp;#10;&amp;#10;DECLARE&amp;#10;   DUMMY BOOLEAN;&amp;#10;BEGIN&amp;#10;   IF :WHICH_FUNCTION.FUNCTION_ID IS NOT NULL THEN&amp;#10;      SET_DEFAULT_WHERE;&amp;#10;      GO_BLOCK('MAPS004');&amp;#10;   ELSE&amp;#10;      DUMMY := SHOW_LOV('LOV_FUNCTION');&amp;#10;   END IF;&amp;#10;END;"/>
         <Trigger Name="KEY-LISTVAL" TriggerText="-- Name&#x9;&#x9;&#x9;Date&#x9;&#x9;&#x9;change&amp;#10;-- william akin&#x9;&#x9;21/03/1997&#x9;&#x9;created&amp;#10;&amp;#10; DECLARE&amp;#10;  V_LOV BOOLEAN;&amp;#10;&amp;#10;&amp;#10;&amp;#10; BEGIN&amp;#10;&amp;#10;    V_LOV := SHOW_LOV('LOV_FUNCTION');&amp;#10;&amp;#10;&amp;#10; END;&amp;#10;"/>
      </Block>
      <Block Name="BUTTONS" DirtyInfo="true" DatabaseBlock="false" ScrollbarWidth="14" ScrollbarLength="135">
         <Item Name="PB_JOB" ValidateFromList="false" LovXPosition="0" Justification="Start" LovYPosition="0" ListStyle="Poplist" Width="75" MaximumLength="30" WrapStyle="Word" AutoSkip="false" BackColor="white" CompressionQuality="None" XPosition="624" YPosition="78" DatabaseItem="false" Bevel="None" AutoHint="false" MouseNavigate="true" CanvasName="CNV_CONTENT" MultiLine="false" CaseInsensitiveQuery="false" KeyboardNavigable="false" CaseRestriction="Mixed" CheckBoxOtherValues="Not Allowed" OtherValues="JOBEXES" PrimaryKey="false" DirtyInfo="true" DefaultButton="false" QueryAllowed="true" Visible="true" QueryLength="30" DisplayQuality="High" EditXPosition="0" EditYPosition="0" Enabled="true" DistanceBetweenRecords="0" FillPattern="transparent" FixedLength="false" Required="false" FontName="Arial" FontSize="900" FontStyle="Plain" FontWeight="Bold" FontSpacing="Normal" ForegroundColor="black" Height="14" ConcealData="false" SizingStyle="Crop" ShowHorizontalScrollbar="false" Iconic="true" IconFilename="GOTO" InsertAllowed="false" ItemType="Text Item" DataType="Char" UpdateAllowed="true" UpdateIfNull="false" KeepCursorPosition="false" VisualAttributeName="WEB_TEXT_BUTTON" Label="Job &amp;Type" LockRecord="false" ShowVerticalScrollbar="false" TooltipVisualAttributeGroup="V7_VA_TOOLTIP" LovName="">
            <Trigger Name="WHEN-MOUSE-CLICK" DirtyInfo="true" FireInQuery="true" TriggerText="--  name&#x9;&#x9;date&#x9;&#x9;&#x9;change&amp;#10;--  william Akin &#x9;22/03/1997&#x9;&#x9;created&amp;#10;oasis_when_mouse_click.when_mouse_click;&amp;#10;do_key ('execute_query');&amp;#10;&amp;#10;&amp;#10;&amp;#10;" DisplayInKeyboardHelp="false"/>
         </Item>
         <Trigger Name="WHEN-MOUSE-DOWN" DirtyInfo="true" TriggerText="SET_ITEM_PROPERTY(:SYSTEM.TRIGGER_ITEM,VISUAL_ATTRIBUTE,'WEB_TEXT_BUTTON_CLICK');"/>
         <Trigger Name="WHEN-MOUSE-UP" DirtyInfo="true" TriggerText="SET_ITEM_PROPERTY(:SYSTEM.TRIGGER_ITEM, VISUAL_ATTRIBUTE, 'WEB_TEXT_BUTTON');&amp;#10;DEFAULT_VALUE(NULL,'GLOBAL.LAST_ITEM');&amp;#10;IF :global.last_item IS NOT NULL THEN&amp;#10;&#x9;GO_ITEM(:global.last_item);&amp;#10;END IF;"/>
         <Trigger Name="KEY-CLRBLK" DirtyInfo="true" TriggerText="NULL;"/>
         <Trigger Name="KEY-CLRREC" DirtyInfo="true" TriggerText="NULL;"/>
         <Trigger Name="KEY-CLRFRM" DirtyInfo="true" TriggerText="NULL;"/>
         <Trigger Name="KEY-DELREC" DirtyInfo="true" TriggerText="NULL;"/>
         <Trigger Name="KEY-ENTQRY" DirtyInfo="true" TriggerText="NULL;"/>
         <Trigger Name="KEY-EXEQRY" DirtyInfo="true" TriggerText="NULL;"/>
         <Trigger Name="KEY-CREREC" DirtyInfo="true" TriggerText="NULL;"/>
         <Trigger Name="KEY-NXTREC" DirtyInfo="true" TriggerText="NULL;"/>
         <Trigger Name="KEY-PRVREC" DirtyInfo="true" TriggerText="NULL;"/>
         <Trigger Name="KEY-SCRDOWN" DirtyInfo="true" TriggerText="NULL;"/>
         <Trigger Name="KEY-SCRUP" DirtyInfo="true" TriggerText="NULL;"/>
         <Trigger Name="KEY-DOWN" DirtyInfo="true" TriggerText="NULL;"/>
         <Trigger Name="KEY-UP" DirtyInfo="true" TriggerText="NULL;"/>
         <Trigger Name="WHEN-NEW-ITEM-INSTANCE" DirtyInfo="true" TriggerText="NULL; -- To ensure the form level trigger does not fire for the buttons"/>
      </Block>
      <Block Name="TITLES" DirtyInfo="true" ScrollbarWidth="14" ScrollbarLength="135">
         <Item Name="DSP_TITLE" Justification="Start" TabPageName="" Width="350" MaximumLength="350" ParentModule="MAPFJOBS" XPosition="105" ParentModuleType="12" YPosition="3" DatabaseItem="false" ParentName="FORM_TITLE_CLASS" DirtyInfo="true" CanvasName="CNV_CONTENT" ParentType="29"/>
      </Block>
      <Block Name="LT_FUNCTIONS" DirtyInfo="true" DatabaseBlock="false" ScrollbarWidth="14" ScrollbarLength="135">
         <Item Name="IMG_FUNCTIONS" Prompt="Functions" TabPageName="" PromptAttachmentOffset="36" PromptAlignOffset="0" PromptFontSize="900" Width="16" ItemType="Image" ImageFormat="BMP" XPosition="79" YPosition="0" DatabaseItem="false" Bevel="None" PromptForegroundColor="Allscripts Link Blue" DirtyInfo="true" VisualAttributeName="MENU_TEXT_ITEMS_VA" PromptFontName="Arial" PromptFontStyle="Plain" PromptFontWeight="Bold" PromptFontSpacing="Normal" Height="14">
            <Trigger Name="WHEN-MOUSE-CLICK" DirtyInfo="true" TriggerText="HCI_UPGRADE.functions_when_mouse_click;"/>
         </Item>
         <Item Name="NAVIGATE_BUTTON" Justification="Start" TabPageName="" DistanceBetweenRecords="0" Width="80" ItemType="Display Item" PopupMenuName="BOILER_PLATE" ParentModule="MAPFJOBS" XPosition="5" ParentModuleType="12" YPosition="18" DatabaseItem="false" ParentName="MENU_ITEM_CLASS" Bevel="None" FontStyle="Plain" DirtyInfo="true" FontSpacing="Normal" KeyboardNavigable="false" ParentType="29">
            <Trigger Name="WHEN-MOUSE-CLICK" DirtyInfo="true" TriggerText="--&amp;#10;-- Steve Pusey 15/4/96&amp;#10;--&amp;#10;-- toggle between navigation and default menus&amp;#10;--&amp;#10;BEGIN&amp;#10;  oasis_when_mouse_click.when_mouse_click;&amp;#10;  oasis_menu.toggle_menu;&amp;#10;&amp;#10;END;"/>
         </Item>
         <Trigger Name="WHEN-NEW-BLOCK-INSTANCE" DirtyInfo="true" TriggerText="READ_IMAGE_FILE(hci_upgrade.g_image_directory || 'pas_expand_menu.gif', 'gif', 'LT_FUNCTIONS.IMG_FUNCTIONS');"/>
         <Trigger Name="WHEN-MOUSE-DOWN" DirtyInfo="true" TriggerText="SET_ITEM_PROPERTY(:SYSTEM.TRIGGER_ITEM,VISUAL_ATTRIBUTE,'WEB_TEXT_BUTTON_CLICK');"/>
         <Trigger Name="WHEN-MOUSE-UP" DirtyInfo="true" TriggerText="SET_ITEM_PROPERTY(:SYSTEM.TRIGGER_ITEM,VISUAL_ATTRIBUTE,'WEB_TEXT_BUTTON');"/>
         <Trigger Name="WHEN-NEW-ITEM-INSTANCE" DirtyInfo="true" TriggerText="NULL;"/>
      </Block>
      <Canvas Name="TOOLBAR_CANVAS" ViewportXPositionOnCanvas="0" ViewportYPositionOnCanvas="0" ShowHorizontalScrollbar="false" CanvasType="Horizontal Toolbar" Width="768" WindowName="MAIN_FORM_WINDOW" BackColor="patient_live_blue" Bevel="None" DirtyInfo="true" VisualAttributeName="BACKGROUND_CANVAS" Visible="true" ShowVerticalScrollbar="false" Height="64" ViewportHeight="24" ViewportXPosition="0" ViewportWidth="590" ViewportYPosition="0" RaiseOnEnter="false">
         <Graphics Name="BANNER_LINE" InternalLineWidth="227" Width="755" EdgeForegroundColor="gray16" EdgePattern="solid" JoinStyle="Bevel" XPosition="0" YPosition="63" GraphicsType="Line" HorizontalMargin="8" ScrollbarWidth="15" VerticalMargin="16" HorizontalObjectOffset="15" Height="0" StartPromptOffset="8"/>
      </Canvas>
      <Canvas Name="MAPS004" ViewportXPositionOnCanvas="0" ViewportYPositionOnCanvas="0" ShowHorizontalScrollbar="false" CanvasType="Content" Width="660" WindowName="MAIN_FORM_WINDOW" Bevel="None" DirtyInfo="true" VisualAttributeName="BACKGROUND_CANVAS_BLUE" Visible="true" ShowVerticalScrollbar="false" Height="80" ViewportHeight="355" ViewportXPosition="0" ViewportWidth="590" ViewportYPosition="0" RaiseOnEnter="false"/>
      <Canvas Name="MAPS004D" ViewportXPositionOnCanvas="0" ViewportYPositionOnCanvas="0" ShowHorizontalScrollbar="false" Width="660" WindowName="MAIN_FORM_WINDOW" ParentModule="MAPFJOBS" ParentModuleType="12" ParentName="STACKED_CANVAS_CLASS" Bevel="None" DirtyInfo="true" VisualAttributeName="BACKGROUND_CANVAS" DisplayViewport="true" ParentType="29" ShowVerticalScrollbar="false" Height="315" ViewportHeight="315" ViewportXPosition="95" ViewportWidth="660" ViewportYPosition="120" RaiseOnEnter="false">
         <Graphics Name="GRAPHIC386" InternalLineWidth="113" Width="603" EdgeForegroundColor="Line Green" EdgePattern="solid" JoinStyle="Bevel" BackColor="Line Green" XPosition="10" YPosition="27" Bevel="None" DirtyInfo="true" ForegroundColor="white" GraphicsType="Line" HorizontalMargin="7" ScrollbarWidth="14" VerticalMargin="14" HorizontalObjectOffset="14" Height="0" StartPromptOffset="7"/>
         <Graphics Name="GRAPHIC388" Width="21" Dither="false" ClipWidth="21" ImageFilename="MAPFJOBS_MAPS004D_GRAPHIC388.tif" ClipHeight="19" XPosition="612" YPosition="9" DirtyInfo="true" GraphicsType="Image" HorizontalMargin="7" ScrollbarWidth="14" VerticalMargin="14" HorizontalObjectOffset="14" Height="19" StartPromptOffset="7"/>
         <Graphics Name="GRAPHIC389" Width="13" FillPattern="none" EdgePattern="none" JoinStyle="Bevel" BackColor="Side Green" XPosition="626" WrapText="false" YPosition="13" BoundingBoxScalable="false" Bevel="None" HorizontalOrigin="Right" HorizontalJustification="Center" ForegroundColor="darkcyan" GraphicsFontWeight="Bold" GraphicsFontSpacing="Normal" GraphicsType="Text" ScrollbarWidth="14" Height="11" GraphicsFontName="Arial" GraphicsFontSize="1000" GraphicsFontStyle="0" GraphicsText="2" DirtyInfo="true" GraphicsFontColor="white" GraphicsFontColorCode="1" HorizontalMargin="7" VerticalMargin="14" HorizontalObjectOffset="14" StartPromptOffset="7">
            <CompoundText Name="CMPTXT207">
               <TextSegment Name="TEXTSTR208" FontName="Arial" FontSize="1000" FontStyle="Plain" DirtyInfo="true" FontWeight="Bold" FontSpacing="Normal" ForegroundColor="white" Text="2"/>
            </CompoundText>
         </Graphics>
      </Canvas>
      <Canvas Name="CNV_CONTENT" BackColor="white" Bevel="None" DirtyInfo="true" ForegroundColor="black" Width="755" WindowName="MAIN_FORM_WINDOW" Height="415" ViewportHeight="324" ViewportWidth="540">
         <Graphics Name="GRAPHIC387" InternalLineWidth="113" Width="609" EdgeForegroundColor="Line Green" EdgePattern="solid" JoinStyle="Bevel" BackColor="Line Green" XPosition="105" YPosition="65" Bevel="None" DirtyInfo="true" ForegroundColor="white" GraphicsType="Line" HorizontalMargin="7" ScrollbarWidth="14" VerticalMargin="14" HorizontalObjectOffset="14" Height="0" StartPromptOffset="7"/>
         <Graphics Name="BLUE_CIRCLE1" Width="21" Dither="false" ClipWidth="21" ImageFilename="MAPFJOBS_CNV_CONTENT_BLUE_CIRCLE1.tif" ClipHeight="19" XPosition="707" YPosition="47" DirtyInfo="true" GraphicsType="Image" HorizontalMargin="7" ScrollbarWidth="14" VerticalMargin="14" HorizontalObjectOffset="14" Height="19" StartPromptOffset="7"/>
         <Graphics Name="SECTION_NUMBER1" Width="13" FillPattern="none" EdgePattern="none" JoinStyle="Bevel" BackColor="Side Green" XPosition="721" WrapText="false" YPosition="51" BoundingBoxScalable="false" Bevel="None" HorizontalOrigin="Right" HorizontalJustification="Center" ForegroundColor="darkcyan" GraphicsFontWeight="Bold" GraphicsFontSpacing="Normal" GraphicsType="Text" ScrollbarWidth="14" Height="11" GraphicsFontName="Arial" GraphicsFontSize="1000" GraphicsFontStyle="0" GraphicsText="1" DirtyInfo="true" GraphicsFontColor="white" GraphicsFontColorCode="1" HorizontalMargin="7" VerticalMargin="14" HorizontalObjectOffset="14" StartPromptOffset="7">
            <CompoundText Name="CMPTXT207">
               <TextSegment Name="TEXTSTR208" FontName="Arial" FontSize="1000" FontStyle="Plain" DirtyInfo="true" FontWeight="Bold" FontSpacing="Normal" ForegroundColor="white" Text="1"/>
            </CompoundText>
         </Graphics>
      </Canvas>
      <Canvas Name="CNV_HIDE" Bevel="None" DirtyInfo="true" Width="800" Visible="false" WindowName="MAIN_FORM_WINDOW" Height="410" ViewportHeight="324" ViewportWidth="540">
         <Graphics Name="SECTION_LINE1" InternalLineWidth="113" Width="251" EdgeForegroundColor="Line Green" EdgePattern="solid" JoinStyle="Bevel" BackColor="Line Green" XPosition="96" YPosition="60" Bevel="None" DirtyInfo="true" ForegroundColor="white" GraphicsType="Line" HorizontalMargin="7" ScrollbarWidth="14" VerticalMargin="14" HorizontalObjectOffset="14" Height="0" StartPromptOffset="7"/>
         <Graphics Name="BLUE_CIRCLE1" Width="21" Dither="false" ClipWidth="21" ImageFilename="MAPFJOBS_CNV_HIDE_BLUE_CIRCLE1.tif" ClipHeight="19" XPosition="347" YPosition="42" DirtyInfo="true" GraphicsType="Image" HorizontalMargin="7" ScrollbarWidth="14" VerticalMargin="14" HorizontalObjectOffset="14" Height="19" StartPromptOffset="7"/>
         <Graphics Name="SECTION_NUMBER1" Width="13" FillPattern="none" EdgePattern="none" JoinStyle="Bevel" BackColor="Side Green" XPosition="361" WrapText="false" YPosition="47" BoundingBoxScalable="false" Bevel="None" HorizontalOrigin="Right" HorizontalJustification="Center" ForegroundColor="darkcyan" GraphicsFontWeight="Bold" GraphicsFontSpacing="Normal" GraphicsType="Text" ScrollbarWidth="14" Height="11" GraphicsFontName="Arial" GraphicsFontSize="1000" GraphicsFontStyle="0" GraphicsText="1" DirtyInfo="true" GraphicsFontColor="white" GraphicsFontColorCode="1" HorizontalMargin="7" VerticalMargin="14" HorizontalObjectOffset="14" StartPromptOffset="7">
            <CompoundText Name="CMPTXT207">
               <TextSegment Name="TEXTSTR208" FontName="Arial" FontSize="1000" FontStyle="Plain" DirtyInfo="true" FontWeight="Bold" FontSpacing="Normal" ForegroundColor="white" Text="1"/>
            </CompoundText>
         </Graphics>
      </Canvas>
      <ModuleParameter Name="P_TEMPLATE" DirtyInfo="true" Comment="Used by ABOUT_FORM window, the template used to create this form" ParameterInitializeValue="TEMPLATE_V11"/>
      <ModuleParameter Name="P_VERSION" DirtyInfo="true" Comment="Used by ABOUT_FORM window, the form version, update after each update" ParameterInitializeValue="0"/>
      <ModuleParameter Name="P_DATE" DirtyInfo="true" Comment="Used by ABOUT_FORM window, the date the form was last updated, update after each update" ParameterInitializeValue="10-Nov-2016"/>
      <ModuleParameter Name="API_VERSION" ParameterInitializeValue="V2.3"/>
      <ModuleParameter Name="P_BREADCRUMB"/>
      <ModuleParameter Name="P_RELEASE" ParentModule="PAS_RELEASE" ParentModuleType="25" ParentName="P_RELEASE" ParentFilename="pas_release.olb" DirtyInfo="true" ParentFilepath="" ParentType="13"/>
      <LOV Name="LOV_FUNCTION" ListType="Record Group" Width="550" RecordGroupName="LOV_FUNCTION" AutoSelect="false" AutoDisplay="false" AutoRefresh="true" AutoSkip="true" XPosition="6" YPosition="125" DirtyInfo="true" VisualAttributeName="TEXT_ITEM_VA_LOV" FilterBeforeDisplay="true" Height="273">
         <LOVColumnMapping Name="EXECUTABLE_NAME" ReturnItem="WHICH_FUNCTION.EXECUTABLE_NAME" Title="Executable" DisplayWidth="57"/>
         <LOVColumnMapping Name="FUNCTION_ID" ReturnItem="WHICH_FUNCTION.FUNCTION_ID" Title="      ID" DisplayWidth="30"/>
         <LOVColumnMapping Name="FUNCTION_SHORT_NAME" ReturnItem="" Title="Short Name" DisplayWidth="57"/>
         <LOVColumnMapping Name="LONG_NAME" ReturnItem="WHICH_FUNCTION.FUNCTION_LONG_NAME" Title="Function Long Name" DisplayWidth="306"/>
         <LOVColumnMapping Name="FUNCTION_TYPE" ReturnItem="" Title="Type" DisplayWidth="19"/>
      </LOV>
      <Menu Name="BOILER_PLATE" DirtyInfo="true">
         <MenuItem Name="CHANGE_PROMPT" DirtyInfo="true" Label="Change Prompt" MenuItemCode="message('Change Boilerplate prompt');pause;"/>
      </Menu>
      <ProgramUnit Name="SET_DEFAULT_WHERE" ProgramUnitText="PROCEDURE SET_DEFAULT_WHERE IS&amp;#10;&amp;#10;ALL_FUNCTIONS      VARCHAR2(80);&amp;#10;SELECTED_FUNCTIONS VARCHAR2(300);&amp;#10;AVILABLE_FUNCTIONS VARCHAR2(400);&amp;#10;&amp;#10;BEGIN&amp;#10;ALL_FUNCTIONS      := 'JOB_ID > 0';&amp;#10;SELECTED_FUNCTIONS := 'Exists (Select JOB_ID&amp;#10;                               From  MAPS009&amp;#10;                               Where MAPS009.Function_ID = :WHICH_FUNCTION.Function_ID&amp;#10;                               And   JOB_ID = MAPS004.JOB_ID)&amp;#10;                               AND   JOB_ID > 0';&amp;#10;AVILABLE_FUNCTIONS := 'JOB_ID not in (Select JOB_ID&amp;#10;                                      from   MAPS009&amp;#10;                                      where  MAPS009.Function_ID = :WHICH_FUNCTION.Function_ID)&amp;#10;                                      AND    JOB_ID > 0';&amp;#10;IF :WHICH_FUNCTION.RB_ALL = 'V' THEN&amp;#10;   SET_BLOCK_PROPERTY('MAPS004', DEFAULT_WHERE, AVILABLE_FUNCTIONS);&amp;#10;ELSE IF :WHICH_FUNCTION.RB_ALL = 'S' THEN&amp;#10;        SET_BLOCK_PROPERTY('MAPS004', DEFAULT_WHERE, SELECTED_FUNCTIONS);&amp;#10;     ELSE&amp;#10;        SET_BLOCK_PROPERTY('MAPS004', DEFAULT_WHERE, ALL_FUNCTIONS);&amp;#10;     END IF;&amp;#10;END IF;&amp;#10;END;&amp;#10;" ProgramUnitType="Procedure"/>
      <ProgramUnit Name="INIT_FORM" ProgramUnitText="PACKAGE init_form IS&amp;#10;--&amp;#10;-- steve pusey 2/5/1996&amp;#10;--&amp;#10;-- program units to initialise form&amp;#10;--&amp;#10;&amp;#10;---------------------------------------------------------------------------------------&amp;#10;-- EXTERNAL PACKAGE VARIABLES&amp;#10;---------------------------------------------------------------------------------------&amp;#10;&amp;#10;---------------------------------------------------------------------------------------&amp;#10;-- EXTERNAL PROGRAM UNITS (DECLARATION) &amp;#10;---------------------------------------------------------------------------------------&amp;#10;&amp;#10;  procedure init_form;&amp;#10;&amp;#10;END init_form;" ProgramUnitType="Package Spec"/>
      <ProgramUnit Name="INIT_FORM" ProgramUnitText="PACKAGE BODY init_form IS&amp;#10;--&amp;#10;-- steve pusey 2/5/1996&amp;#10;--&amp;#10;-- program units to initialise form&amp;#10;--&amp;#10;-- add code to init_form and init_format_masks program units, add other init procs to the&amp;#10;-- init_form procedure, for example if you write a procedure called init_toolbar then add &amp;#10;-- this to the init_form procedure. The init_form procedure is called from the &amp;#10;-- WHEN-NEW-FORM-INSTANCE trigger&amp;#10;--&amp;#10;&amp;#10;---------------------------------------------------------------------------------------&amp;#10;-- INTERNAL PACKAGE VARIABLES &amp;#10;---------------------------------------------------------------------------------------&amp;#10;&amp;#10;---------------------------------------------------------------------------------------&amp;#10;-- INTERNAL PROGRAM UNITS (DECLARATION)&amp;#10;---------------------------------------------------------------------------------------&amp;#10;&amp;#10;  procedure init_list_items;&amp;#10;  procedure init_format_masks;&amp;#10;&amp;#10;---------------------------------------------------------------------------------------&amp;#10;-- PROGRAM UNITS (CODE)&amp;#10;---------------------------------------------------------------------------------------&amp;#10;&amp;#10;-- ##########################################################################################&amp;#10;&amp;#10;  procedure init_list_items is&amp;#10;  --&amp;#10;  -- initialise list items&amp;#10;  --&amp;#10;  -- date&#x9;by&#x9;&#x9;change&amp;#10;  -- 2/5/1996   Steve Pusey&#x9;Creation of template procedure&amp;#10;  --&amp;#10;  BEGIN&amp;#10;&amp;#10;    -- cut &amp; paste this code&amp;#10;    -- populate_poplist_from_codes ('BLOCK.ITEM', &lt;CODE_TYPE>);&amp;#10;&amp;#10;    null;&amp;#10;  &amp;#10;  END init_list_items;&amp;#10;&amp;#10;-- ##########################################################################################&amp;#10;&amp;#10;  procedure init_format_masks is&amp;#10;  --&amp;#10;  -- set the format masks for date, datetime, and numeric items&amp;#10;  --&amp;#10;  -- date&#x9;by&#x9;&#x9;change&amp;#10;  -- 2/5/1996   Steve Pusey&#x9;Creation of template procedure&amp;#10;  --&amp;#10;  BEGIN&amp;#10;&amp;#10;    -- copy &amp; paste this line&amp;#10;    -- set_format_mask ('BLOCK.ITEM');&amp;#10;&#x9;&amp;#10;&#x9;null;&amp;#10;   &amp;#10;  END init_format_masks;&amp;#10;&amp;#10;-- ##########################################################################################&amp;#10;&amp;#10;  procedure init_form is&amp;#10;  --&amp;#10;  -- initialise form&amp;#10;  --&amp;#10;  -- date&#x9;by&#x9;&#x9;change&amp;#10;  -- 2/5/1996   Steve Pusey&#x9;Creation of template procedure&amp;#10;  --&amp;#10;  BEGIN&amp;#10;    init_list_items;&amp;#10;    init_format_masks;&amp;#10;  END init_form;&amp;#10;&amp;#10;-- ##########################################################################################&amp;#10;&amp;#10;END init_form;" ProgramUnitType="Package Body"/>
      <ProgramUnit Name="OASIS_EXIT_FORM" ProgramUnitText="PROCEDURE oasis_exit_form IS&amp;#10;  /* This trigger fires on forms exit &amp;#10;   and checks if the form was called directly from the login screen,&amp;#10;   if so it new forms the menu*/&amp;#10;--&amp;#10;-- Developed by Nagy Tharwat.&amp;#10;-- Date       : 26/09/1995.&amp;#10;--&amp;#10;-- *** modified steve pusey 13/5/1996&amp;#10;-- if we are in enter query mode then use exit_form to cancel the query&amp;#10;--&amp;#10;-- steve pusey&#x9;01/02/1997&#x9;&amp;#10;-- reset the cursor style to the default cursor style&amp;#10;--&amp;#10;&amp;#10;  v_record_group recordgroup;&amp;#10;BEGIN&amp;#10;&amp;#10;   -- reset the cursor style&amp;#10;   set_application_property (CURSOR_STYLE, 'DEFAULT');&amp;#10;&amp;#10;   -- check to see if we are in enter-query mode&amp;#10;   if name_in ('SYSTEM.MODE') = 'ENTER-QUERY' then&amp;#10;&amp;#10;     exit_form;&amp;#10;&amp;#10;   else&amp;#10;&amp;#10;     -- reset the window title, otherwise exit button hint will remain in new form !&amp;#10;     set_window_property(FORMS_MDI_WINDOW, TITLE, NAME_IN('GLOBAL.SYSTEM_TITLE'));&amp;#10;&amp;#10;     if get_application_property(CALLING_FORM) is not null then&amp;#10;       -- return to calling form&amp;#10;&amp;#10;       exit_form;&amp;#10; &amp;#10;     else&amp;#10;       -- check if menu2000 (oasis menu form) is open in memory, if not then goto menu2000&amp;#10;&amp;#10;       if subform_is_open('MENU2000') then&amp;#10;         exit_form;&amp;#10;       else&amp;#10;         new_form('MENU2000');&amp;#10;       end if; -- subform_is_open...&amp;#10;&amp;#10;     end if; -- get_application_property...&amp;#10;&amp;#10;  end if; -- name_in (SYSTEM.MODE)...&amp;#10;&amp;#10;  --&amp;#10;  -- delete the record group containing the security hidden items&amp;#10;  --&amp;#10;   v_record_group:=find_group(get_application_property(CURRENT_FORM)||'_MAPS003_RG');&amp;#10;   delete_group(v_record_group);&amp;#10;&amp;#10;END oasis_exit_form;" ProgramUnitType="Procedure"/>
      <PropertyClass Name="BUTTON_CLASS" ParentModule="PAS_OLD" ParentModuleType="25" ParentName="BUTTON_CLASS" ParentFilename="pas_old.olb" ParentFilepath="" ParentType="29"/>
      <PropertyClass Name="OK_BUTTON_CLASS" ParentModule="PAS_OLD" ParentModuleType="25" ParentName="OK_BUTTON_CLASS" ParentFilename="pas_old.olb" ParentFilepath="" ParentType="29"/>
      <PropertyClass Name="CANCEL_BUTTON_CLASS" ParentModule="PAS_OLD" ParentModuleType="25" ParentName="CANCEL_BUTTON_CLASS" ParentFilename="pas_old.olb" ParentFilepath="" ParentType="29"/>
      <PropertyClass Name="TOOLBAR_BUTTON_CLASS" ParentModule="PAS_OLD" ParentModuleType="25" ParentName="TOOLBAR_BUTTON_CLASS" ParentFilename="pas_old.olb" ParentFilepath="" ParentType="29"/>
      <PropertyClass Name="GOTO_BUTTON_CLASS" ParentModule="PAS_OLD" ParentModuleType="25" ParentName="GOTO_BUTTON_CLASS" ParentFilename="pas_old.olb" ParentFilepath="" ParentType="29"/>
      <PropertyClass Name="GOBACK_BUTTON_CLASS" ParentModule="PAS_OLD" ParentModuleType="25" ParentName="GOBACK_BUTTON_CLASS" ParentFilename="pas_old.olb" ParentFilepath="" ParentType="29"/>
      <PropertyClass Name="LOV_BUTTON_CLASS" ParentModule="PAS_OLD" ParentModuleType="25" ParentName="LOV_BUTTON_CLASS" ParentFilename="pas_old.olb" ParentFilepath="" ParentType="29"/>
      <PropertyClass Name="BPT_CLASS" ParentModule="PAS_OLD" ParentModuleType="25" ParentName="BPT_CLASS" ParentFilename="pas_old.olb" ParentFilepath="" ParentType="29"/>
      <PropertyClass Name="BPT_BLUE_CLASS" ParentModule="PAS_OLD" ParentModuleType="25" ParentName="BPT_BLUE_CLASS" ParentFilename="pas_old.olb" ParentFilepath="" ParentType="29"/>
      <PropertyClass Name="BPT_GREY_CLASS" ParentModule="PAS_OLD" ParentModuleType="25" ParentName="BPT_GREY_CLASS" ParentFilename="pas_old.olb" ParentFilepath="" ParentType="29"/>
      <PropertyClass Name="TEXT_ITEM_CLASS" ParentModule="PAS_OLD" ParentModuleType="25" ParentName="TEXT_ITEM_CLASS" ParentFilename="pas_old.olb" ParentFilepath="" ParentType="29"/>
      <PropertyClass Name="TEXT_ITEM_DATE_CLASS" ParentModule="PAS_OLD" ParentModuleType="25" ParentName="TEXT_ITEM_DATE_CLASS" ParentFilename="pas_old.olb" ParentFilepath="" ParentType="29"/>
      <PropertyClass Name="TEXT_ITEM_NUMBER_CLASS" ParentModule="PAS_OLD" ParentModuleType="25" ParentName="TEXT_ITEM_NUMBER_CLASS" ParentFilename="pas_old.olb" ParentFilepath="" ParentType="29"/>
      <PropertyClass Name="TEXT_ITEM_DATETIME_CLASS" ParentModule="PAS_OLD" ParentModuleType="25" ParentName="TEXT_ITEM_DATETIME_CLASS" ParentFilename="pas_old.olb" ParentFilepath="" ParentType="29"/>
      <PropertyClass Name="DISPLAY_ITEM_CLASS" ParentModule="PAS_OLD" ParentModuleType="25" ParentName="DISPLAY_ITEM_CLASS" ParentFilename="pas_old.olb" ParentFilepath="" ParentType="29"/>
      <PropertyClass Name="STACKED_CANVAS_CLASS" ParentModule="PAS_OLD" ParentModuleType="25" ParentName="STACKED_CANVAS_CLASS" ParentFilename="pas_old.olb" ParentFilepath="" ParentType="29"/>
      <PropertyClass Name="WINDOW_CLASS" ParentModule="PAS_OLD" ParentModuleType="25" ParentName="WINDOW_CLASS" ParentFilename="pas_old.olb" ParentFilepath="" ParentType="29"/>
      <PropertyClass Name="ID_CLASS" ParentModule="PAS_OLD" ParentModuleType="25" ParentName="ID_CLASS" ParentFilename="pas_old.olb" ParentFilepath="" ParentType="29"/>
      <PropertyClass Name="FORM_TITLE_CLASS" ParentModule="PAS_CUI" ParentModuleType="25" ParentName="FORM_TITLE_CLASS" ParentFilename="pas_cui.olb" DirtyInfo="true" ParentFilepath="" ItemType="Display Item" ParentType="29"/>
      <PropertyClass Name="SECTION_TITLE_CLASS" ParentModule="PAS_CUI" ParentModuleType="25" ParentName="SECTION_TITLE_CLASS" ParentFilename="pas_cui.olb" DirtyInfo="true" ParentFilepath="" ItemType="Display Item" ParentType="29"/>
      <PropertyClass Name="BACKGROUND_LINK_BOX_CLASS" ParentModule="PAS_CUI" ParentModuleType="25" ParentName="BACKGROUND_LINK_BOX_CLASS" ParentFilename="pas_cui.olb" DirtyInfo="true" ParentFilepath="" ParentType="29"/>
      <PropertyClass Name="CUI_DATE_INPUT" ParentModule="PAS_CUI" ParentModuleType="25" ParentName="CUI_DATE_INPUT" ParentFilename="pas_cui.olb" DirtyInfo="true" ParentFilepath="" ParentType="29"/>
      <PropertyClass Name="CUI_DATE_DISP" ParentModule="PAS_CUI" ParentModuleType="25" ParentName="CUI_DATE_DISP" ParentFilename="pas_cui.olb" DirtyInfo="true" ParentFilepath="" ParentType="29"/>
      <PropertyClass Name="CUI_DATETIME_INPUT" ParentModule="PAS_CUI" ParentModuleType="25" ParentName="CUI_DATETIME_INPUT" ParentFilename="pas_cui.olb" DirtyInfo="true" ParentFilepath="" ParentType="29"/>
      <PropertyClass Name="CUI_DATETIME_DISP" ParentModule="PAS_CUI" ParentModuleType="25" ParentName="CUI_DATETIME_DISP" ParentFilename="pas_cui.olb" DirtyInfo="true" ParentFilepath="" ParentType="29"/>
      <PropertyClass Name="MENU_ITEM_CLASS" ParentModule="PAS_CUI" ParentModuleType="25" ParentName="MENU_ITEM_CLASS" ParentFilename="pas_cui.olb" DirtyInfo="true" ParentFilepath="" ParentType="29"/>
      <RecordGroup Name="LOV_FUNCTION" DirtyInfo="true" RecordGroupFetchSize="0" RecordGroupQuery="select t1.executable_name, t1.function_id, t1.function_short_name,t1.function_type, t2.long_name from maps001 t1, maps017 t2 where t1.function_id = t2.function_id and rownum &lt; 500 and function_type = 'F' order by executable_name" RecordGroupType="Query">
         <RecordGroupColumn Name="EXECUTABLE_NAME" ColumnDataType="Character" MaximumLength="8"/>
         <RecordGroupColumn Name="FUNCTION_ID" ColumnDataType="Number" MaximumLength="23"/>
         <RecordGroupColumn Name="FUNCTION_SHORT_NAME" ColumnDataType="Character" MaximumLength="8"/>
         <RecordGroupColumn Name="FUNCTION_TYPE" ColumnDataType="Character" MaximumLength="1"/>
         <RecordGroupColumn Name="LONG_NAME" ColumnDataType="Character" MaximumLength="50"/>
      </RecordGroup>
      <Trigger Name="WHEN-NEW-ITEM-INSTANCE" DirtyInfo="true" FireInQuery="true" TriggerText="/* This trigger activates the hint message for the associated item */&amp;#10;begin&amp;#10;  --display_text_hint;&amp;#10;  :global.last_item:=:system.trigger_item;&amp;#10;end;" DisplayInKeyboardHelp="false"/>
      <Trigger Name="WHEN-NEW-FORM-INSTANCE" TriggerText="--&amp;#10;-- fires when form is entered, PRE-FORM fires before this trigger&amp;#10;--&amp;#10;-- Date&#x9;&#x9;by &#x9;&#x9;change&amp;#10;-- 10/1994&#x9;David Massie&#x9;Creation&amp;#10;-- 1995&#x9;&#x9;Nagy Tharwat&#x9;Upgrade to v9 - moved code into library procedure&amp;#10;-- 2/5/1996&#x9;Steve Pusey&#x9;Upgrade to V10 &amp;#10;--&#x9;&#x9;&#x9;&#x9;- versions into oasis_new_form_instance&amp;#10;--&#x9;&#x9;&#x9;&#x9;- Tidied code and added comments&amp;#10;--&amp;#10;&amp;#10;DECLARE&amp;#10;&amp;#10;  v_error_no             number(4); -- returned from oasis_new_form_instance&amp;#10;&amp;#10;BEGIN&amp;#10;&amp;#10;  -- version 2 form (gets bpt and window titles fromm files)&amp;#10;  oasis_new_form_instance_v2(v_error_no, 2); &amp;#10;&amp;#10;  if v_error_no > 0 then&amp;#10;    display_alert ('ERROR_ALERT', v_error_no);&amp;#10;    exit_form (NO_VALIDATE);&amp;#10;  end if;&amp;#10;&amp;#10;-- *** Insert additional code into init_form package ***&amp;#10;&amp;#10;  init_form.init_form;&amp;#10;  hci_upgrade.pr_initialise_images;&amp;#10;&amp;#10;END;"/>
      <Trigger Name="PRE_BLOCK" DirtyInfo="true" FireInQuery="true" TriggerText="/* This trigger resets the 40352_count global to allow the Last line of query message to be displayed */&amp;#10;begin&amp;#10;  :GLOBAL.40352_COUNT := 0;&amp;#10;end;" DisplayInKeyboardHelp="false"/>
      <Trigger Name="PRE_QUERY" DirtyInfo="true" FireInQuery="true" TriggerText="/* This trigger resets the 40352_count global to allow the Last line of query message to be displayed */&amp;#10;begin&amp;#10;  :GLOBAL.40352_COUNT := 0;&amp;#10;end;" DisplayInKeyboardHelp="false"/>
      <Trigger Name="ON_MESSAGE" DirtyInfo="true" FireInQuery="true" TriggerText="/* This trigger traps the multiple FRM-40352 messages produced when a user uses a scrollbar to move past the bottom of a multiline block */&amp;#10;declare&amp;#10;  mssgnum   number       := message_code;&amp;#10;  mssgtxt   varchar2(80) := message_text;&amp;#10;  mssgtyp   varchar2(3)  := message_type;&amp;#10;begin&amp;#10;  default_value('0','GLOBAL.40352_COUNT');&amp;#10;  if mssgnum = 40352 then&amp;#10;    if :GLOBAL.40352_COUNT = 0 then&amp;#10;      message(mssgtyp||'-'||to_char(mssgnum)||': '||mssgtxt);&amp;#10;      :GLOBAL.40352_COUNT := 1;&amp;#10;      raise form_trigger_failure;&amp;#10;    else&amp;#10;      raise form_trigger_failure;&amp;#10;    end if;&amp;#10;  else&amp;#10;    message(mssgtyp||'-'||to_char(mssgnum)||': '||mssgtxt);&amp;#10;    raise form_trigger_failure;&amp;#10;  end if;&amp;#10;end;&amp;#10;" DisplayInKeyboardHelp="false"/>
      <Trigger Name="KEY-EXIT" DirtyInfo="true" FireInQuery="true" TriggerText="--NAME&#x9;&#x9;&#x9;DATE&#x9;&#x9;CHANGE&amp;#10;--William&#x9;&#x9;21/03/1997&#x9;created&amp;#10;&amp;#10;&amp;#10;BEGIN&amp;#10;   &amp;#10;  oasis_exit_form;&amp;#10;&amp;#10;END;" DisplayInKeyboardHelp="false"/>
      <Trigger Name="WHEN-WINDOW-CLOSED" DirtyInfo="true" FireInQuery="true" TriggerText="/* This trigger ensures proper navigation when a window is closed using the windows close function */&amp;#10;begin&amp;#10;  :GLOBAL.WINDOW_NAME := get_view_property(get_item_property(:SYSTEM.CURSOR_ITEM,&amp;#10;     item_canvas), window_name);&amp;#10;  hide_window(:GLOBAL.WINDOW_NAME);&amp;#10;  erase('GLOBAL.WINDOW_NAME');&amp;#10;end;&amp;#10;" DisplayInKeyboardHelp="false"/>
      <Trigger Name="POST-FORM" DirtyInfo="true" FireInQuery="true" TriggerText="/* This trigger clears the Global variables used within the form */&amp;#10;begin&amp;#10;&#x9;sqa_exit_handler;&amp;#10;  erase('GLOBAL.ROOT_WINDOW_NAME');&amp;#10;  erase('global.last_item');&amp;#10;end;&amp;#10;" DisplayInKeyboardHelp="false"/>
      <Trigger Name="WHEN-TIMER-EXPIRED" TriggerText="/* This trigger calls the Button_Hint procedure which queries the DB for the button hint&amp;#10;    which it then displays in the MDI Window title, the timer expires one half second after the&amp;#10;    mouse arrow enters a button.  The hint remains displayed for as long as the mouse &#x9;&amp;#10;    arrow remains on the button.*/&amp;#10;&amp;#10;    Button_hint;"/>
      <Trigger Name="WHEN-MOUSE-CLICK" TriggerText="--&amp;#10;-- call stdlib procedure to handle mouse click&amp;#10;-- N.B. standard left button click is not affected &amp;#10;--&amp;#10;-- date&#x9;&#x9;by&#x9;&#x9;change&amp;#10;-- 31-05-1996&#x9;Steve Pusey&#x9;Creation&amp;#10;--&amp;#10;BEGIN&amp;#10;&amp;#10;  oasis_when_mouse_click.when_mouse_click;&amp;#10;&amp;#10;END;"/>
      <Trigger Name="ON-MESSAGE" TriggerText="--&amp;#10;-- steve pusey 19/4/96&amp;#10;--&amp;#10;BEGIN&amp;#10;&amp;#10;  oasis_standard_procs.on_message;&amp;#10;&amp;#10;END;"/>
      <Trigger Name="ON-ERROR" TriggerText="--&amp;#10;-- steve pusey 19/4/96&amp;#10;--&amp;#10;BEGIN&amp;#10;&amp;#10;  oasis_standard_procs.on_error;&amp;#10;&amp;#10;END;"/>
      <Trigger Name="EASY_BUTTON_TRIGGER" TriggerText="NULL;"/>
      <Trigger Name="DRILLDN_BUTTON_TRIGGER" TriggerText="NULL;"/>
      <Trigger Name="KEY-CLRFRM" ParentModule="PAS_CUI" ParentModuleType="25" ParentName="KEY-CLRFRM" ParentFilename="pas_cui.olb" ParentFilepath="" ParentType="37"/>
      <Trigger Name="KEY-CLRREC" TriggerText="clear_record;"/>
      <Trigger Name="KEY-CLRBLK" TriggerText="clear_block;"/>
      <Trigger Name="KEY-COMMIT" TriggerText="commit_form;"/>
      <Trigger Name="KEY-CQUERY" TriggerText="count_query;"/>
      <Trigger Name="KEY-CREREC" TriggerText="create_record;"/>
      <Trigger Name="KEY-DELREC" TriggerText="null;"/>
      <Trigger Name="KEY-DOWN" TriggerText="down;"/>
      <Trigger Name="KEY-DUP-ITEM" KeyboardHelpText="Record Error" TriggerText="--&amp;#10;-- steve pusey 22/4/96&amp;#10;--&amp;#10;BEGIN&amp;#10;&amp;#10;  oasis_standard_procs.key_dupitem_trigger;&amp;#10;&amp;#10;END;" DisplayInKeyboardHelp="true"/>
      <Trigger Name="KEY-DUPREC" TriggerText="duplicate_record;"/>
      <Trigger Name="KEY-EDIT" TriggerText="EDIT_TEXTITEM;"/>
      <Trigger Name="KEY-ENTER" TriggerText="null;"/>
      <Trigger Name="KEY-ENTQRY" TriggerText="enter_query;"/>
      <Trigger Name="KEY-EXEQRY" TriggerText="execute_query;"/>
      <Trigger Name="KEY-HELP" TriggerText="GET_HELP;"/>
      <Trigger Name="KEY-LISTVAL" TriggerText="list_values;"/>
      <Trigger Name="KEY-NEXT-ITEM" TriggerText="replace_t_with_current_date;&amp;#10;next_item;"/>
      <Trigger Name="KEY-NXTREC" TriggerText="next_record;"/>
      <Trigger Name="KEY-NXTSET" TriggerText="next_set;"/>
      <Trigger Name="KEY-OTHERS" TriggerText="NULL;"/>
      <Trigger Name="KEY-PREV-ITEM" TriggerText="replace_t_with_current_date;&amp;#10;PREVIOUS_ITEM;"/>
      <Trigger Name="KEY-PRINT" TriggerText="print;"/>
      <Trigger Name="KEY-PRVREC" TriggerText="PREVIOUS_RECORD;"/>
      <Trigger Name="KEY-SCRDOWN" TriggerText="SCROLL_DOWN;"/>
      <Trigger Name="KEY-SCRUP" TriggerText="SCROLL_UP;"/>
      <Trigger Name="KEY-UP" TriggerText="UP;"/>
      <Trigger Name="WHEN-MOUSE-ENTER" DirtyInfo="true" TriggerText="sqa_mouse_handler;"/>
      <Trigger Name="WHEN-WINDOW-RESIZED" DirtyInfo="true" TriggerText="sqa_evt_handler;"/>
      <Trigger Name="WHEN-CUSTOM-ITEM-EVENT" DirtyInfo="true" TriggerText="If :system.custom_item_event = 'TIMEOUT' then&amp;#10;  Process_timeout; --call the procedure in stdlib&amp;#10;End if;&amp;#10;"/>
      <VisualAttribute Name="TEXT_ITEM_VA_LOV" DirtyInfo="true"/>
      <VisualAttribute Name="TEXT_ITEM_VA" BackColor="gray8" FontName="Arial" FontSize="900" FontStyle="Plain" DirtyInfo="true" FontWeight="Medium" FontSpacing="Normal" ForegroundColor="black" FillPattern="transparent"/>
      <VisualAttribute Name="BACKGROUND_CANVAS" BackColor="white" FontName="Arial" FontSize="900" FontStyle="Plain" FontWeight="Medium" FontSpacing="Normal" ForegroundColor="black" FillPattern="transparent"/>
      <VisualAttribute Name="DISP_RED" BackColor="red" FontName="Arial" FontSize="900" FontStyle="Plain" FontWeight="Bold" FontSpacing="Normal" ForegroundColor="black" FillPattern="solid"/>
      <VisualAttribute Name="BACKGROUND_CANVAS_BLUE" BackColor="white" FontName="Arial" FontSize="900" FontStyle="Plain" FontWeight="Medium" FontSpacing="Normal" ForegroundColor="black" FillPattern="transparent"/>
      <VisualAttribute Name="TEXT_ITEM_BPT" BackColor="white" FontName="Arial" FontSize="900" FontStyle="Plain" DirtyInfo="true" FontWeight="Medium" FontSpacing="Normal" ForegroundColor="Top Blue" FillPattern="transparent"/>
      <VisualAttribute Name="TEXT_ITEM_BPT_GREY" BackColor="white" FontName="Arial" FontSize="900" FontStyle="Plain" DirtyInfo="true" FontWeight="Medium" FontSpacing="Normal" ForegroundColor="Top Blue" FillPattern="transparent"/>
      <VisualAttribute Name="DISP_RED2" BackColor="white" FontName="Arial" FontSize="900" FontStyle="Plain" FontWeight="Demibold" FontSpacing="Normal" ForegroundColor="red" FillPattern="transparent"/>
      <VisualAttribute Name="DISP_GREEN" BackColor="green" FontName="Arial" FontSize="900" FontStyle="Plain" FontWeight="Bold" FontSpacing="Normal" ForegroundColor="black" FillPattern="solid"/>
      <VisualAttribute Name="DISP_GREEN2" BackColor="white" FontName="Arial" FontSize="900" FontStyle="Plain" FontWeight="Demibold" FontSpacing="Normal" ForegroundColor="green" FillPattern="solid"/>
      <VisualAttribute Name="CURR_ITEM_VA" BackColor="r55g100b40" FontName="Arial" FontSize="900" FontStyle="Plain" FontWeight="Bold" FontSpacing="Normal" ForegroundColor="black" FillPattern="transparent"/>
      <VisualAttribute Name="WEB_BTN" BackColor="white" FontName="Arial" FontSize="900" FontStyle="Plain" FontWeight="Medium" FontSpacing="Normal"/>
      <VisualAttribute Name="WEB_TEXT_BUTTON" ParentModule="PAS_CUI" ParentModuleType="25" ParentName="WEB_TEXT_BUTTON" ParentFilename="pas_cui.olb" DirtyInfo="true" ParentFilepath="" ParentType="39"/>
      <VisualAttribute Name="WEB_TEXT_BUTTON_CLICK" ParentModule="PAS_CUI" ParentModuleType="25" ParentName="WEB_TEXT_BUTTON_CLICK" ParentFilename="pas_cui.olb" ParentFilepath="" ParentType="39"/>
      <VisualAttribute Name="WEB_BPT_WINGDINGS" BackColor="white" FontName="Wingdings" FontSize="1400" FontStyle="Plain" FontWeight="Medium" FontSpacing="Normal" ForegroundColor="Top Blue"/>
      <VisualAttribute Name="V7_VA_TOOLTIP" BackColor="r100g100b88" FontName="Arial" FontSize="900" FontStyle="Plain" DirtyInfo="true" FontWeight="Medium" FontSpacing="Normal" ForegroundColor="Black"/>
      <VisualAttribute Name="MENU_TEXT_ITEMS" BackColor="Side Green" FontName="Arial" VisualAttributeType="Common" FontSize="900" DirtyInfo="true" FontWeight="Bold" ForegroundColor="darkcyan"/>
      <VisualAttribute Name="MENU_TEXT_ITEMS_INV" BackColor="darkcyan" FontName="Arial" VisualAttributeType="Common" FontSize="900" DirtyInfo="true" FontWeight="Bold" ForegroundColor="Side Green"/>
      <VisualAttribute Name="MENU_PROMPT" VisualAttributeType="Prompt" PromptForegroundColor="darkgray" DirtyInfo="true" PromptFontName="Arial" PromptFontSize="900" PromptFontStyle="Plain" PromptFontWeight="Bold" PromptFontSpacing="Normal"/>
      <VisualAttribute Name="FORM_TITLE_VA" ParentModule="PAS_CUI" ParentModuleType="25" ParentName="FORM_TITLE_VA" ParentFilename="pas_cui.olb" DirtyInfo="true" ParentFilepath="" ParentType="39"/>
      <VisualAttribute Name="SECTION_TITLE_VA" ParentModule="PAS_CUI" ParentModuleType="25" ParentName="SECTION_TITLE_VA" ParentFilename="pas_cui.olb" DirtyInfo="true" ParentFilepath="" ParentType="39"/>
      <VisualAttribute Name="BACKGROUND_LINK_BOX_VA" ParentModule="PAS_CUI" ParentModuleType="25" ParentName="BACKGROUND_LINK_BOX_VA" ParentFilename="pas_cui.olb" DirtyInfo="true" ParentFilepath="" ParentType="39"/>
      <VisualAttribute Name="CUI_TOOLTIP_VA" ParentModule="PAS_CUI" ParentModuleType="25" ParentName="CUI_TOOLTIP_VA" ParentFilename="pas_cui.olb" DirtyInfo="true" ParentFilepath="" ParentType="39"/>
      <VisualAttribute Name="MENU_TEXT_ITEMS_VA" ParentModule="PAS_CUI" ParentModuleType="25" ParentName="MENU_TEXT_ITEMS_VA" ParentFilename="pas_cui.olb" DirtyInfo="true" ParentFilepath="" ParentType="39"/>
      <Window Name="MAIN_FORM_WINDOW" ShowHorizontalScrollbar="false" HorizontalToolbarCanvasName="TOOLBAR_CANVAS" ClearAllowed="true" MinimizeAllowed="true" IconFilename="" Title=" " Width="755" InheritMenu="true" WindowStyle="Document" ResizeAllowed="true" PrimaryCanvas="CNV_CONTENT" HideOnExit="false" XPosition="0" YPosition="0" Bevel="None" MaximizeAllowed="true" DirtyInfo="true" VisualAttributeName="DEFAULT" Modal="false" MoveAllowed="true" ShowVerticalScrollbar="false" Height="480"/>
      <ObjectGroup Name="ACTIONS_OG" ParentModule="PAS_CUI" ParentModuleType="25" ParentName="ACTIONS_OG" ParentFilename="PAS_CUI.olb" DirtyInfo="true" ParentType="23">
         <ObjectGroupChild Name="C_ACTIONS" SubclassSubObject="true"/>
         <ObjectGroupChild Name="C_BASE" SubclassSubObject="true"/>
         <ObjectGroupChild Name="C_FUNCTIONS" SubclassSubObject="true"/>
         <ObjectGroupChild Name="MENU_CANVAS_CLASS" SubclassSubObject="true"/>
         <ObjectGroupChild Name="MENU_CANVAS_VA" SubclassSubObject="true"/>
         <ObjectGroupChild Name="MENU_ITEM_CLASS" SubclassSubObject="true"/>
         <ObjectGroupChild Name="TOP_MENU" SubclassSubObject="true"/>
         <ObjectGroupChild Name="LT_TOOLBAR_MAIN" SubclassSubObject="true"/>
         <ObjectGroupChild Name="HCI_UPGRADE" SubclassSubObject="true"/>
         <ObjectGroupChild Name="HCI_UPGRADE" SubclassSubObject="true"/>
         <ObjectGroupChild Name="LHM_RESET_CANVAS_STACK" SubclassSubObject="true"/>
         <ObjectGroupChild Name="LOCAL_RESET_CANVAS_STACK" SubclassSubObject="true"/>
      </ObjectGroup>
      <ObjectGroup Name="KEY_TRIGGERS" ObjectGroupType="22"/>
      <ObjectGroup Name="ABOUT_FORM_PARAMETERS" DirtyInfo="true" ObjectGroupType="22">
         <ObjectGroupChild Name="P_TEMPLATE" Type="ModuleParameter"/>
         <ObjectGroupChild Name="P_VERSION" Type="ModuleParameter"/>
         <ObjectGroupChild Name="P_DATE" Type="ModuleParameter"/>
      </ObjectGroup>
      <ObjectGroup Name="ON_TRIGGERS" ObjectGroupType="22"/>
   </FormModule>
</Module>
