<?xml version = '1.0' encoding = 'UTF-8'?>
<Module version="122010300" xmlns="http://xmlns.oracle.com/Forms">
   <FormModule Name="MAPRULES" ValidationUnit="Default" FirstNavigationBlockName="B1" HorizontalToolbarCanvas=" " ConsoleWindow="MAIN_FORM_WINDOW" MenuModule="OASIS" MenuRole="" CursorMode="Open" InitializeMenu="DEFAULTMENUAPP" Use3dControls="true" RuntimeComp="5.0" DirtyInfo="true" MouseNavigationLimit="Form" SavepointMode="true">
      <Coordinate CharacterCellWidth="7" RealUnit="Point" DefaultFontScaling="false" CharacterCellHeight="16" CoordinateSystem="Real"/>
      <Alert Name="STANDARD_ALERT" Button1Label="OK" VisualAttributeName="DEFAULT" Button2Label="" DefaultAlertButton="Button 1" AlertStyle="Note"/>
      <Alert Name="WARNING_ALERT" Button1Label="OK" VisualAttributeName="DEFAULT" Button2Label="" DefaultAlertButton="Button 1" AlertStyle="Caution"/>
      <Alert Name="ERROR_ALERT" Button1Label="OK" VisualAttributeName="DEFAULT" Button2Label="" DefaultAlertButton="Button 1" AlertStyle="Stop"/>
      <Block Name="CONTROL" RecordsBufferedCount="0" RecordsDisplayCount="1" RecordsFetchedCount="1" EnforcedColumnSecurity="false" InsertAllowed="false" EnforcedPrimaryKey="false" RecordOrientation="Vertical" UpdateAllowed="false" DeleteAllowed="false" DirtyInfo="true" VisualAttributeName="DEFAULT" KeyMode="Unique" DatabaseBlock="false" QueryDataSourceType="None" QueryAllowed="false" LockMode="Immediate" DMLDataType="None" NavigationStyle="Same Record" ShowScrollbar="false">
         <Item Name="TIMEOUT" DirtyInfo="true" TabPageName="" Width="0" CanvasName="TOOLBAR_CANVAS" ItemType="Bean Area" ImplementationClass="com.capula.eoasis.Timeout" Height="0"/>
         <Trigger Name="WHEN-MOUSE-LEAVE" TriggerText="Kill_Hint_Timer;"/>
      </Block>
      <Block Name="TEXT" RecordsBufferedCount="0" RecordsDisplayCount="1" RecordsFetchedCount="0" WhereClause="" EnforcedPrimaryKey="false" RecordOrientation="Vertical" NavigationStyle="Same Record" ShowScrollbar="false" NextNavigationBlockName="" EnforcedColumnSecurity="false" InsertAllowed="true" UpdateAllowed="true" DMLDataName="" DeleteAllowed="true" QueryDataSourceName="" DirtyInfo="true" VisualAttributeName="DEFAULT" KeyMode="Unique" PreviousNavigationBlockName="" DatabaseBlock="false" QueryDataSourceType="None" QueryAllowed="true" LockMode="Immediate" DMLDataType="None">
         <Item Name="CONTROL_ITEM" ValidateFromList="false" LovXPosition="0" Justification="Left" LovYPosition="0" ListStyle="Poplist" Width="0" MaximumLength="30" WrapStyle="Word" AutoSkip="false" BackColor="white" CompressionQuality="None" XPosition="0" YPosition="0" DatabaseItem="false" Bevel="Plain" AutoHint="false" MouseNavigate="true" CanvasName="TOOLBAR_CANVAS" MultiLine="false" CaseInsensitiveQuery="false" KeyboardNavigable="true" CaseRestriction="Mixed" CheckBoxOtherValues="Not Allowed" Comment="This item is created as a hidden enterable field to allow the query on this block to operate" PrimaryKey="false" DirtyInfo="true" DefaultButton="false" QueryAllowed="true" Visible="true" QueryLength="30" DisplayQuality="High" EditXPosition="0" EditYPosition="0" Enabled="true" DistanceBetweenRecords="0" FillPattern="transparent" FixedLength="false" Required="false" FontName="Fixedsys" FontSize="900" FontStyle="Plain" FontWeight="Demilight" FontSpacing="Normal" ForegroundColor="black" Height="0" ConcealData="false" SizingStyle="Crop" ShowHorizontalScrollbar="false" Iconic="false" InsertAllowed="true" ItemType="Text Item" CopyValueFromItem="" DataType="Char" UpdateAllowed="true" UpdateIfNull="false" KeepCursorPosition="false" LockRecord="false" ShowVerticalScrollbar="false" TooltipVisualAttributeGroup="V7_VA_TOOLTIP" LovName=""/>
         <Item Name="LANGUAGE_ID" ValidateFromList="false" LovXPosition="0" Justification="Left" LovYPosition="0" ListStyle="Poplist" Width="24" MaximumLength="4" WrapStyle="Word" AutoSkip="false" CompressionQuality="None" XPosition="576" YPosition="35" DatabaseItem="false" Bevel="Plain" AutoHint="false" MouseNavigate="true" MultiLine="false" CaseInsensitiveQuery="false" KeyboardNavigable="true" CaseRestriction="Mixed" CheckBoxOtherValues="Not Allowed" PrimaryKey="false" DefaultButton="false" QueryAllowed="true" Visible="true" QueryLength="4" DisplayQuality="High" EditXPosition="0" EditYPosition="0" Enabled="true" DistanceBetweenRecords="4364" FixedLength="false" Required="true" Height="14" ConcealData="false" Hint="Enter value for : LANGUAGE_ID" SizingStyle="Crop" ShowHorizontalScrollbar="false" Iconic="false" InsertAllowed="true" ItemType="Text Item" DataType="Number" UpdateAllowed="true" UpdateIfNull="false" KeepCursorPosition="false" VisualAttributeName="DEFAULT" Label="Language Id" LockRecord="false" ShowVerticalScrollbar="false" TooltipVisualAttributeGroup="V7_VA_TOOLTIP" LovName=""/>
         <Item Name="FUNCTION_ID" ValidateFromList="false" LovXPosition="0" Justification="Left" LovYPosition="0" ListStyle="Poplist" Width="36" MaximumLength="6" WrapStyle="Word" AutoSkip="false" CompressionQuality="None" XPosition="108" YPosition="35" DatabaseItem="false" Bevel="Plain" AutoHint="false" MouseNavigate="true" MultiLine="false" CaseInsensitiveQuery="false" KeyboardNavigable="true" CaseRestriction="Mixed" CheckBoxOtherValues="Not Allowed" PrimaryKey="false" DefaultButton="false" QueryAllowed="true" Visible="true" QueryLength="6" DisplayQuality="High" EditXPosition="0" EditYPosition="0" Enabled="true" DistanceBetweenRecords="4364" FixedLength="false" Required="true" Height="14" ConcealData="false" Hint="Enter value for : FUNCTION_ID" SizingStyle="Crop" ShowHorizontalScrollbar="false" Iconic="false" InsertAllowed="true" ItemType="Text Item" DataType="Number" UpdateAllowed="true" UpdateIfNull="false" KeepCursorPosition="false" VisualAttributeName="DEFAULT" Label="Function Id" LockRecord="false" ShowVerticalScrollbar="false" TooltipVisualAttributeGroup="V7_VA_TOOLTIP" LovName=""/>
         <Item Name="BPT_1" ValidateFromList="false" LovXPosition="0" Justification="Start" LovYPosition="0" ListStyle="Poplist" Width="50" WrapStyle="Word" AutoSkip="false" CompressionQuality="None" XPosition="105" YPosition="59" AutoHint="false" MouseNavigate="true" CanvasName="CNV_CONTENT" MultiLine="true" CaseInsensitiveQuery="false" KeyboardNavigable="true" CaseRestriction="Mixed" ParentType="29" CheckBoxOtherValues="Not Allowed" DirtyInfo="true" DefaultButton="false" QueryAllowed="false" QueryLength="80" DisplayQuality="High" EditXPosition="0" EditYPosition="0" Enabled="true" FixedLength="false" Required="false" Height="26" ConcealData="false" SizingStyle="Crop" ShowHorizontalScrollbar="false" Iconic="false" TabPageName="" InsertAllowed="false" ItemType="Text Item" CopyValueFromItem="" UpdateAllowed="false" ParentModule="MAPRULES" UpdateIfNull="false" ParentModuleType="12" ParentName="BPT_BLUE_CLASS" KeepCursorPosition="false" LockRecord="false" ShowVerticalScrollbar="false" TooltipVisualAttributeGroup="V7_VA_TOOLTIP" LovName=""/>
         <Item Name="BPT_2" ValidateFromList="false" EditXPosition="0" LovXPosition="0" EditYPosition="0" LovYPosition="0" Enabled="true" ListStyle="Poplist" Width="116" FixedLength="false" WrapStyle="Word" AutoSkip="false" CompressionQuality="None" XPosition="190" Required="false" YPosition="72" AutoHint="false" MouseNavigate="true" CanvasName="CNV_CONTENT" MultiLine="false" CaseInsensitiveQuery="false" KeyboardNavigable="true" CaseRestriction="Mixed" ParentType="29" CheckBoxOtherValues="Not Allowed" ConcealData="false" SizingStyle="Crop" ShowHorizontalScrollbar="false" Iconic="false" TabPageName="" InsertAllowed="true" CopyValueFromItem="" UpdateAllowed="true" ParentModule="MAPRULES" UpdateIfNull="false" ParentModuleType="12" ParentName="BPT_BLUE_CLASS" DirtyInfo="true" KeepCursorPosition="false" DefaultButton="false" QueryAllowed="true" QueryLength="80" LockRecord="false" DisplayQuality="High" ShowVerticalScrollbar="false" TooltipVisualAttributeGroup="V7_VA_TOOLTIP" LovName=""/>
         <Item Name="BPT_4" ValidateFromList="false" EditXPosition="0" LovXPosition="0" EditYPosition="0" LovYPosition="0" Enabled="true" ListStyle="Poplist" Width="35" FixedLength="false" WrapStyle="Word" AutoSkip="false" CompressionQuality="None" XPosition="680" Required="false" YPosition="72" AutoHint="false" MouseNavigate="true" CanvasName="CNV_CONTENT" MultiLine="false" CaseInsensitiveQuery="false" KeyboardNavigable="true" CaseRestriction="Mixed" ParentType="29" CheckBoxOtherValues="Not Allowed" ConcealData="false" SizingStyle="Crop" ShowHorizontalScrollbar="false" Iconic="false" TabPageName="" InsertAllowed="true" CopyValueFromItem="" UpdateAllowed="true" ParentModule="MAPRULES" UpdateIfNull="false" ParentModuleType="12" ParentName="BPT_BLUE_CLASS" DirtyInfo="true" KeepCursorPosition="false" DefaultButton="false" QueryAllowed="true" QueryLength="80" LockRecord="false" DisplayQuality="High" ShowVerticalScrollbar="false" TooltipVisualAttributeGroup="V7_VA_TOOLTIP" LovName=""/>
         <Item Name="BPT_3" ValidateFromList="false" EditXPosition="0" LovXPosition="0" EditYPosition="0" LovYPosition="0" Enabled="true" ListStyle="Poplist" Width="68" FixedLength="false" WrapStyle="Word" AutoSkip="false" CompressionQuality="None" XPosition="350" Required="false" YPosition="72" AutoHint="false" MouseNavigate="true" CanvasName="CNV_CONTENT" MultiLine="false" CaseInsensitiveQuery="false" KeyboardNavigable="true" CaseRestriction="Mixed" ParentType="29" CheckBoxOtherValues="Not Allowed" ConcealData="false" SizingStyle="Crop" ShowHorizontalScrollbar="false" Iconic="false" TabPageName="" InsertAllowed="true" CopyValueFromItem="" UpdateAllowed="true" ParentModule="MAPRULES" UpdateIfNull="false" ParentModuleType="12" ParentName="BPT_BLUE_CLASS" DirtyInfo="true" KeepCursorPosition="false" DefaultButton="false" QueryAllowed="true" QueryLength="80" LockRecord="false" DisplayQuality="High" ShowVerticalScrollbar="false" TooltipVisualAttributeGroup="V7_VA_TOOLTIP" LovName=""/>
         <Item Name="BPT_5" ValidateFromList="false" EditXPosition="0" LovXPosition="0" EditYPosition="0" LovYPosition="0" Enabled="true" ListStyle="Poplist" Width="73" FixedLength="false" WrapStyle="Word" AutoSkip="false" CompressionQuality="None" XPosition="425" Required="false" YPosition="72" AutoHint="false" MouseNavigate="true" CanvasName="CNV_CONTENT" MultiLine="false" CaseInsensitiveQuery="false" KeyboardNavigable="true" CaseRestriction="Mixed" ParentType="29" CheckBoxOtherValues="Not Allowed" ConcealData="false" SizingStyle="Crop" ShowHorizontalScrollbar="false" Iconic="false" TabPageName="" InsertAllowed="true" CopyValueFromItem="" UpdateAllowed="true" ParentModule="MAPRULES" UpdateIfNull="false" ParentModuleType="12" ParentName="BPT_BLUE_CLASS" DirtyInfo="true" KeepCursorPosition="false" DefaultButton="false" QueryAllowed="true" QueryLength="80" LockRecord="false" DisplayQuality="High" ShowVerticalScrollbar="false" TooltipVisualAttributeGroup="V7_VA_TOOLTIP" LovName=""/>
         <Item Name="BPT_6" ValidateFromList="false" EditXPosition="0" LovXPosition="0" EditYPosition="0" LovYPosition="0" Enabled="true" ListStyle="Poplist" Width="81" FixedLength="false" WrapStyle="Word" AutoSkip="false" CompressionQuality="None" XPosition="590" Required="false" YPosition="72" AutoHint="false" MouseNavigate="true" CanvasName="CNV_CONTENT" MultiLine="false" CaseInsensitiveQuery="false" KeyboardNavigable="true" CaseRestriction="Mixed" ParentType="29" CheckBoxOtherValues="Not Allowed" ConcealData="false" SizingStyle="Crop" ShowHorizontalScrollbar="false" Iconic="false" TabPageName="" InsertAllowed="true" CopyValueFromItem="" UpdateAllowed="true" ParentModule="MAPRULES" UpdateIfNull="false" ParentModuleType="12" ParentName="BPT_BLUE_CLASS" DirtyInfo="true" KeepCursorPosition="false" DefaultButton="false" QueryAllowed="true" QueryLength="80" LockRecord="false" DisplayQuality="High" ShowVerticalScrollbar="false" TooltipVisualAttributeGroup="V7_VA_TOOLTIP" LovName=""/>
         <Item Name="BPT_7" ValidateFromList="false" LovXPosition="0" Justification="Center" LovYPosition="0" ListStyle="Poplist" Width="40" WrapStyle="Word" AutoSkip="false" CompressionQuality="None" XPosition="550" YPosition="59" AutoHint="false" MouseNavigate="true" CanvasName="CNV_CONTENT" MultiLine="true" CaseInsensitiveQuery="false" KeyboardNavigable="true" CaseRestriction="Mixed" ParentType="29" CheckBoxOtherValues="Not Allowed" DirtyInfo="true" DefaultButton="false" QueryAllowed="false" QueryLength="80" DisplayQuality="High" EditXPosition="0" EditYPosition="0" Enabled="true" FixedLength="false" Required="false" Height="26" ConcealData="false" SizingStyle="Crop" ShowHorizontalScrollbar="false" Iconic="false" TabPageName="" InsertAllowed="false" ItemType="Text Item" CopyValueFromItem="" UpdateAllowed="false" ParentModule="MAPRULES" UpdateIfNull="false" ParentModuleType="12" ParentName="BPT_BLUE_CLASS" KeepCursorPosition="false" LockRecord="false" ShowVerticalScrollbar="false" TooltipVisualAttributeGroup="V7_VA_TOOLTIP" LovName=""/>
         <Item Name="BPT_8" ValidateFromList="false" LovXPosition="0" Justification="Start" LovYPosition="0" ListStyle="Poplist" Width="123" MaximumLength="80" WrapStyle="Word" AutoSkip="false" CompressionQuality="None" XPosition="105" YPosition="26" DatabaseItem="false" AutoHint="false" MouseNavigate="true" CanvasName="CNV_CONTENT" MultiLine="false" CaseInsensitiveQuery="false" KeyboardNavigable="true" CaseRestriction="Mixed" ParentType="29" CheckBoxOtherValues="Not Allowed" PrimaryKey="false" DirtyInfo="true" DefaultButton="false" QueryAllowed="true" Visible="true" QueryLength="80" DisplayQuality="High" EditXPosition="0" EditYPosition="0" Enabled="true" DistanceBetweenRecords="0" FillPattern="transparent" FixedLength="false" Required="false" ConcealData="false" SizingStyle="Crop" ShowHorizontalScrollbar="false" Iconic="false" TabPageName="" InsertAllowed="true" CopyValueFromItem="" DataType="Char" UpdateAllowed="true" ParentModule="MAPRULES" UpdateIfNull="false" ParentModuleType="12" ParentName="SECTION_TITLE_CLASS" KeepCursorPosition="false" LockRecord="false" ShowVerticalScrollbar="false" TooltipVisualAttributeGroup="V7_VA_TOOLTIP" LovName=""/>
         <Item Name="DSP_BREADCRUMB" Justification="Start" TabPageName="" Width="278" MaximumLength="4000" ItemType="Display Item" BackColor="white" XPosition="95" FontName="Arial" YPosition="4" DatabaseItem="false" Bevel="None" FontSize="1000" FontStyle="Italic" DirtyInfo="true" FontWeight="Bold" FontSpacing="Normal" ForegroundColor="darkcyan" CanvasName="CNV_HIDE" Visible="false" Height="15"/>
         <Item Name="BPT_9" ValidateFromList="false" LovXPosition="0" Justification="Center" LovYPosition="0" ListStyle="Poplist" Width="40" MaximumLength="80" WrapStyle="Word" AutoSkip="false" CompressionQuality="None" XPosition="715" YPosition="59" DatabaseItem="false" Bevel="None" AutoHint="false" MouseNavigate="true" CanvasName="CNV_CONTENT" MultiLine="true" CaseInsensitiveQuery="false" KeyboardNavigable="true" CaseRestriction="Mixed" CheckBoxOtherValues="Not Allowed" PrimaryKey="false" DirtyInfo="true" DefaultButton="false" QueryAllowed="false" Visible="true" QueryLength="80" DisplayQuality="High" EditXPosition="0" EditYPosition="0" Enabled="true" DistanceBetweenRecords="0" FixedLength="false" Required="false" Height="26" ConcealData="false" SizingStyle="Crop" ShowHorizontalScrollbar="false" Iconic="false" TabPageName="" InsertAllowed="false" ItemType="Text Item" CopyValueFromItem="" DataType="Char" UpdateAllowed="false" UpdateIfNull="false" KeepCursorPosition="false" VisualAttributeName="TEXT_ITEM_BPT" LockRecord="false" ShowVerticalScrollbar="false" TooltipVisualAttributeGroup="V7_VA_TOOLTIP" LovName=""/>
         <Trigger Name="WHEN-MOUSE-DOUBLECLICK" TriggerText="--&amp;#10;-- steve pusey 19/4/96&amp;#10;--&amp;#10;-- change value in current boilerplate text item&amp;#10;--&amp;#10;BEGIN&amp;#10;&amp;#10;  boilerplate.change_boilerplate;&amp;#10;&amp;#10;END;"/>
      </Block>
      <Block Name="B1" RecordsBufferedCount="0" RecordsDisplayCount="21" RecordsFetchedCount="0" WhereClause="HOSPITAL_ID=:PARAMETER.P_HOSPITAL_ID" EnforcedPrimaryKey="false" RecordOrientation="Vertical" RecordVisualAttributeGroupName="CURR_ITEM_VA" ScrollbarCanvasName="CNV_CONTENT" ScrollbarWidth="13" ScrollbarXPosition="738" ScrollbarYPosition="87" NavigationStyle="Same Record" ShowScrollbar="true" ScrollbarLength="315" EnforcedColumnSecurity="false" InsertAllowed="true" UpdateAllowed="true" OrderByClause="DEFAULT_TYPE" DMLDataName="MAPS011" DeleteAllowed="true" QueryDataSourceName="MAPS011" DirtyInfo="true" VisualAttributeName="DEFAULT" KeyMode="Unique" DatabaseBlock="true" ScrollbarTabPageName="" QueryDataSourceType="Table" QueryAllowed="true" LockMode="Immediate" DMLDataType="Table">
         <Item Name="DEFAULT_TYPE" ValidateFromList="false" LovXPosition="0" Justification="Left" LovYPosition="0" ListStyle="Poplist" Width="85" MaximumLength="30" WrapStyle="Word" AutoSkip="false" CompressionQuality="None" XPosition="105" YPosition="87" DatabaseItem="true" Bevel="Plain" AutoHint="false" MouseNavigate="true" CanvasName="CNV_CONTENT" MultiLine="false" CaseInsensitiveQuery="true" KeyboardNavigable="true" CaseRestriction="Upper" CheckBoxOtherValues="Not Allowed" PrimaryKey="false" DirtyInfo="true" DefaultButton="false" QueryAllowed="true" Visible="true" QueryLength="30" DisplayQuality="High" EditXPosition="0" EditYPosition="0" Enabled="true" DistanceBetweenRecords="0" FixedLength="false" Required="true" Height="15" ConcealData="false" Hint="Enter value for : DEFAULT_TYPE" SizingStyle="Crop" ShowHorizontalScrollbar="false" Iconic="false" TabPageName="" InsertAllowed="true" ItemType="Text Item" CopyValueFromItem="" DataType="Char" UpdateAllowed="true" UpdateIfNull="false" KeepCursorPosition="false" VisualAttributeName="TEXT_ITEM_VA" LockRecord="false" ShowVerticalScrollbar="false" TooltipVisualAttributeGroup="V7_VA_TOOLTIP" LovName=""/>
         <Item Name="DESCRIPTION" ValidateFromList="false" LovXPosition="0" Justification="Left" LovYPosition="0" ListStyle="Poplist" Width="160" MaximumLength="80" WrapStyle="Word" AutoSkip="false" CompressionQuality="None" XPosition="190" YPosition="87" DatabaseItem="true" Bevel="Plain" AutoHint="false" MouseNavigate="true" CanvasName="CNV_CONTENT" MultiLine="false" CaseInsensitiveQuery="true" KeyboardNavigable="true" CaseRestriction="Upper" CheckBoxOtherValues="Not Allowed" PrimaryKey="false" DirtyInfo="true" DefaultButton="false" QueryAllowed="true" Visible="true" QueryLength="80" DisplayQuality="High" EditXPosition="0" EditYPosition="0" Enabled="true" DistanceBetweenRecords="0" FixedLength="false" Required="true" Height="15" ConcealData="false" Hint="Enter value for : DESCRIPTION" SizingStyle="Crop" ShowHorizontalScrollbar="false" Iconic="false" TabPageName="" InsertAllowed="true" ItemType="Text Item" CopyValueFromItem="" DataType="Char" UpdateAllowed="true" UpdateIfNull="false" KeepCursorPosition="false" VisualAttributeName="TEXT_ITEM_VA" LockRecord="false" ShowVerticalScrollbar="false" TooltipVisualAttributeGroup="V7_VA_TOOLTIP" LovName=""/>
         <Item Name="DEFAULT_VARIABLE" ValidateFromList="true" LovXPosition="20" Justification="Left" LovYPosition="153" ListStyle="Poplist" Width="75" MaximumLength="80" WrapStyle="Word" AutoSkip="false" CompressionQuality="None" XPosition="350" YPosition="87" DatabaseItem="true" Bevel="Plain" AutoHint="false" MouseNavigate="true" CanvasName="CNV_CONTENT" MultiLine="false" CaseInsensitiveQuery="true" KeyboardNavigable="true" CaseRestriction="Mixed" CheckBoxOtherValues="Not Allowed" PrimaryKey="false" DirtyInfo="true" DefaultButton="false" QueryAllowed="true" Visible="true" QueryLength="80" DisplayQuality="High" EditXPosition="0" EditYPosition="0" Enabled="true" DistanceBetweenRecords="0" FixedLength="false" Required="true" ListElementCount="1" Height="15" ConcealData="false" Hint="Enter value for : DEFAULT_VARIABLE" SizingStyle="Crop" ShowHorizontalScrollbar="false" Iconic="false" TabPageName="" InsertAllowed="true" ItemType="Text Item" CopyValueFromItem="" DataType="Char" InitializeValue="" UpdateAllowed="true" UpdateIfNull="false" KeepCursorPosition="false" VisualAttributeName="TEXT_ITEM_VA" LockRecord="false" ShowVerticalScrollbar="false" TooltipVisualAttributeGroup="V7_VA_TOOLTIP" LovName="LOV_SELECT">
            <Trigger Name="WHEN-NEW-ITEM-INSTANCE" FireInQuery="false" TriggerText="--&amp;#10;-- set the LOV recordgroup depending on B1.SELECT validation statement&amp;#10;--&amp;#10;-- date&#x9;&#x9;by&#x9;&#x9;change&amp;#10;-- 07/01/1997&#x9;Steve Pusey&#x9;Creation&amp;#10;-- 17/12/2003 Paul changed the record group column names to the default&amp;#10;--&amp;#10;DECLARE&amp;#10;&amp;#10;   v_rg_id   RecordGroup;&amp;#10;   v_rg_name varchar2(30) := 'MAPRULES_VALIDATION_RG';&amp;#10;&amp;#10;BEGIN&amp;#10;&amp;#10;   v_rg_id := find_group(v_rg_name);&amp;#10;&amp;#10;   If NOT id_null(v_rg_id) then&amp;#10;      &#x9;DELETE_GROUP(v_rg_id);&amp;#10;   end if;&amp;#10;&amp;#10;   IF :B1.SELECT_STATEMENT is NOT NULL THEN&amp;#10;     -- build a recordgroup for the lov against this item. set validation against lov on to&amp;#10;     -- validate the item&amp;#10;&amp;#10;      &#x9;v_rg_id := Create_Group_From_Query (v_rg_name,:B1.SELECT_STATEMENT);&amp;#10;&amp;#10;   &#x9;-- set the LOV to look at the right recordgroup&amp;#10;   &#x9;set_lov_property ('LOV_SELECT', GROUP_NAME, v_rg_name);&amp;#10;&amp;#10;&#x9;set_item_property ('B1.DEFAULT_VARIABLE', LOV_VALIDATION, PROPERTY_ON);&amp;#10;&amp;#10;   ELSE&amp;#10;     -- turn validate aginst lov off and set recordgroup to null&amp;#10;&amp;#10;-- Paul 17/12/03&amp;#10;--      &#x9;v_rg_id := Create_Group_From_Query (v_rg_name,'SELECT ''x'' DESCRIPTION, 0 CODE'&amp;#10;      &#x9;v_rg_id := Create_Group_From_Query (v_rg_name,'SELECT ''x'' VALUE ,''x'' DESCRIPTION'&amp;#10;&#x9;  ||' FROM DUAL WHERE 1 = 0'&amp;#10;&#x9;);&amp;#10;&amp;#10;   &#x9;-- set the LOV to look at the right recordgroup&amp;#10;   &#x9;set_lov_property ('LOV_SELECT', GROUP_NAME, v_rg_name);&amp;#10;&amp;#10;&#x9;set_item_property ('B1.DEFAULT_VARIABLE', LOV_VALIDATION, PROPERTY_OFF);&amp;#10;&amp;#10;   END IF;&amp;#10;&amp;#10;END;"/>
         </Item>
         <Item Name="CATEGORY" ShowHorizontalScrollbar="false" TabPageName="" Width="45" MaximumLength="15" ParentModule="MAPRULES" CompressionQuality="None" XPosition="425" ParentModuleType="12" YPosition="87" DatabaseItem="true" ParentName="TEXT_ITEM_CLASS" Bevel="Plain" DirtyInfo="true" CanvasName="CNV_CONTENT" CaseRestriction="Upper" ParentType="29" ShowVerticalScrollbar="false" TooltipVisualAttributeGroup="V7_VA_TOOLTIP" Height="15">
            <Trigger Name="WHEN-VALIDATE-ITEM" TriggerText="DECLARE&amp;#10;  vb_valid &#x9;BOOLEAN;&amp;#10;&amp;#10;BEGIN&amp;#10;  IF :b1.category IS NOT NULL AND&amp;#10;    :system.mode='NORMAL' THEN&amp;#10;&amp;#10;    vb_valid:=validate_user_code(10130,&amp;#10;&#x9;&#x9;&#x9;&#x9;:B1.category,&amp;#10;&#x9;&#x9; &#x9;&#x9;:b1.category_code,&amp;#10;&#x9;&#x9;&#x9;    &#x9;:b1.category_desc,&amp;#10;&#x9;&#x9;&#x9;    &#x9;735,&amp;#10;&#x9;&#x9;&#x9;    &#x9;'VALIDATE');&amp;#10;  ELSIF :SYSTEM.MODE='NORMAL' THEN&amp;#10;    :b1.category:='';&amp;#10;    :b1.category_desc:='';    &amp;#10;  END IF;&#x9;&#x9;&amp;#10;  &amp;#10;END;&amp;#10;"/>
            <Trigger Name="KEY-LISTVAL" TriggerText="-- DATE   &#x9;BY&#x9;&#x9;CHANGE&amp;#10;-- 12/8/1997&#x9;Robert Osborne&#x9;Create&amp;#10;--&amp;#10;&amp;#10;DECLARE&amp;#10;  vb_valid&#x9;BOOLEAN;&amp;#10;&amp;#10;BEGIN&amp;#10;  vb_valid:=show_codes_lov&amp;#10;&#x9;('codes_lov',&amp;#10;&#x9;:b1.category_desc,&amp;#10;&#x9;:b1.category,&amp;#10;&#x9;:b1.category_code,&amp;#10;&#x9;10130,&amp;#10;&#x9;TRUE,&amp;#10;&#x9;'',&amp;#10;&#x9;'');&amp;#10;END;&amp;#10;"/>
         </Item>
         <Item Name="CATEGORY_DESC" ShowHorizontalScrollbar="false" TabPageName="" Width="91" MaximumLength="80" ParentModule="MAPRULES" CompressionQuality="None" XPosition="470" ParentModuleType="12" YPosition="87" DatabaseItem="false" ParentName="TEXT_ITEM_CLASS" Bevel="Plain" DirtyInfo="true" CanvasName="CNV_CONTENT" CaseRestriction="Upper" ParentType="29" ShowVerticalScrollbar="false" TooltipVisualAttributeGroup="V7_VA_TOOLTIP" Height="15"/>
         <Item Name="PB_EDIT" ValidateFromList="false" LovXPosition="0" Justification="Left" LovYPosition="0" ListStyle="Poplist" Width="20" MaximumLength="40" WrapStyle="Word" AutoSkip="false" CompressionQuality="None" XPosition="660" YPosition="87" DatabaseItem="true" Bevel="Lowered" AutoHint="false" MouseNavigate="true" CanvasName="CNV_CONTENT" MultiLine="false" CaseInsensitiveQuery="false" KeyboardNavigable="true" CaseRestriction="Mixed" CheckBoxOtherValues="Not Allowed" PrimaryKey="false" DirtyInfo="true" DefaultButton="false" QueryAllowed="true" Visible="true" QueryLength="40" DisplayQuality="High" EditXPosition="0" EditYPosition="0" Enabled="true" DistanceBetweenRecords="0" FixedLength="false" Required="true" Height="15" ConcealData="false" Hint="Enter value for : DEFAULT_VARIABLE" SizingStyle="Crop" ShowHorizontalScrollbar="false" Iconic="true" IconFilename="b_arrow" TabPageName="" InsertAllowed="true" ItemType="Push Button" CopyValueFromItem="" DataType="Char" UpdateAllowed="true" UpdateIfNull="false" KeepCursorPosition="false" VisualAttributeName="WEB_BTN" LockRecord="false" ShowVerticalScrollbar="false" TooltipVisualAttributeGroup="V7_VA_TOOLTIP" LovName="">
            <Trigger Name="WHEN-MOUSE-ENTER" TriggerText="/* This trigger activates the hint message for the associated button */&amp;#10;begin&amp;#10;  display_button_hint(10187);&amp;#10;end;"/>
            <Trigger Name="WHEN-BUTTON-PRESSED" TriggerText="DECLARE&amp;#10;   VAL       VARCHAR2(500);&amp;#10;   Ed_Result BOOLEAN;&amp;#10;BEGIN&amp;#10;   VAL := :B1.SELECT_STATEMENT;&amp;#10;   Show_Editor ('EDITOR_SELECT',VAL,VAL,Ed_Result);&amp;#10;   IF ED_RESULT THEN&amp;#10;      IF upper(SUBSTR(VAL,1,6)) != 'SELECT' THEN&amp;#10;         DISPLAY_ALERT('ERROR_ALERT', 574);&amp;#10;      ELSE&amp;#10;         :B1.SELECT_STATEMENT := VAL;&amp;#10;      END IF;&amp;#10;   END IF;&amp;#10;&amp;#10;  EXCEPTION &amp;#10;    WHEN VALUE_ERROR THEN&amp;#10;        Null;&amp;#10;END;&amp;#10;"/>
            <Trigger Name="WHEN-MOUSE-LEAVE" TriggerText="Kill_Hint_Timer;"/>
         </Item>
         <Item Name="VALIDATION_ERROR_NO" ShowHorizontalScrollbar="false" Justification="Start" TabPageName="" Width="34" ItemType="Display Item" CompressionQuality="None" XPosition="680" YPosition="87" DatabaseItem="true" Bevel="Plain" DirtyInfo="true" VisualAttributeName="TEXT_ITEM_VA" CanvasName="CNV_CONTENT" QueryOnly="true" ShowVerticalScrollbar="false" TooltipVisualAttributeGroup="V7_VA_TOOLTIP" Height="15"/>
         <Item Name="WORK_ENTITY_OVERRIDE" CheckedValue="Y" ShowHorizontalScrollbar="false" TabPageName="" DistanceBetweenRecords="5" Width="10" FillPattern="transparent" MaximumLength="1" ItemType="Check Box" InitializeValue="N" UncheckedValue="N" BackColor="white" CompressionQuality="None" XPosition="565" YPosition="89" Bevel="Plain" DirtyInfo="true" ForegroundColor="black" CanvasName="CNV_CONTENT" ShowVerticalScrollbar="false" TooltipVisualAttributeGroup="V7_VA_TOOLTIP" Height="10">
            <Trigger Name="WHEN-CHECKBOX-CHANGED" DirtyInfo="true" TriggerText="DECLARE&amp;#10;&#x9;&amp;#10;&#x9;v_null&#x9;number;&amp;#10;&#x9;&amp;#10;&#x9;cursor c1 is&amp;#10;  &#x9;SELECT null&amp;#10;    FROM oasis_literals&amp;#10;    WHERE number_seq = 1&amp;#10;    AND description = 'LLS1611HD1618SS1623EG1628S1632TS1635TG1637C16A42';&amp;#10;    &amp;#10;BEGIN&amp;#10;&#x9;&amp;#10;&#x9;OPEN c1;&amp;#10;&#x9;FETCH c1 INTO v_null;&amp;#10;&#x9;&amp;#10;&#x9;IF c1%NOTFOUND THEN&amp;#10;&#x9;&#x9;:B1.WORK_ENTITY_OVERRIDE := get_item_property('B1.WORK_ENTITY_OVERRIDE',DATABASE_VALUE );&amp;#10;&#x9;&#x9;display_alert('WARNING_ALERT',8907);&amp;#10;&#x9;END IF;&amp;#10;&#x9;&amp;#10;&#x9;CLOSE c1;&amp;#10;&#x9;&amp;#10;END;"/>
         </Item>
         <Item Name="OASIS_INI_FILE" CheckedValue="Y" ShowHorizontalScrollbar="false" TabPageName="" DistanceBetweenRecords="5" Width="10" FillPattern="transparent" MaximumLength="1" ItemType="Check Box" InitializeValue="N" UncheckedValue="N" BackColor="white" CompressionQuality="None" XPosition="589" YPosition="89" Bevel="Plain" DirtyInfo="true" ForegroundColor="black" CanvasName="CNV_CONTENT" ShowVerticalScrollbar="false" TooltipVisualAttributeGroup="V7_VA_TOOLTIP" Height="10"/>
         <Item Name="OASIS_INI_TYPE" ShowHorizontalScrollbar="false" TabPageName="" Width="60" ItemType="List Item" InitializeValue="" OtherValues="" ParentModule="MAPRULES" CompressionQuality="None" XPosition="600" Required="false" ParentModuleType="12" YPosition="87" DatabaseItem="true" ParentName="TEXT_ITEM_CLASS" Bevel="Plain" DirtyInfo="true" CanvasName="CNV_CONTENT" ListElementCount="1" ParentType="29" ShowVerticalScrollbar="false" TooltipVisualAttributeGroup="V7_VA_TOOLTIP" Height="15">
            <ListItemElement Index="1" Name="&lt;LIST NOT POP>" Value=""/>
         </Item>
         <Item Name="CATEGORY_CODE" ShowHorizontalScrollbar="false" Width="66" FillPattern="transparent" MaximumLength="30" DataType="Number" BackColor="white" CompressionQuality="None" XPosition="455" YPosition="46" DatabaseItem="false" Bevel="Plain" ForegroundColor="black" CanvasName="" Visible="false" CaseRestriction="Upper" ShowVerticalScrollbar="false" TooltipVisualAttributeGroup="V7_VA_TOOLTIP" Height="14"/>
         <Item Name="SELECT_STATEMENT" ShowHorizontalScrollbar="false" Justification="Start" Width="20" MaximumLength="500" ItemType="Display Item" CompressionQuality="None" XPosition="562" YPosition="46" DatabaseItem="true" Bevel="Plain" VisualAttributeName="TEXT_ITEM_VA" CanvasName="" Visible="false" QueryOnly="false" ShowVerticalScrollbar="false" TooltipVisualAttributeGroup="V7_VA_TOOLTIP" Height="14"/>
         <Item Name="AMEND_BY_USER" ShowHorizontalScrollbar="false" Width="3" CompressionQuality="None" XPosition="582" YPosition="46" Bevel="Plain" VisualAttributeName="DEFAULT" CanvasName="" Visible="false" ShowVerticalScrollbar="false" TooltipVisualAttributeGroup="V7_VA_TOOLTIP" Height="14"/>
         <Item Name="AMEND_BY_MODULE" ShowHorizontalScrollbar="false" Width="3" CompressionQuality="None" XPosition="582" YPosition="46" Bevel="Plain" VisualAttributeName="DEFAULT" CanvasName="" Visible="false" ShowVerticalScrollbar="false" TooltipVisualAttributeGroup="V7_VA_TOOLTIP" Height="14"/>
         <Item Name="AMEND_LAST_DATE" ShowHorizontalScrollbar="false" Width="3" DataType="Datetime" CompressionQuality="None" XPosition="585" YPosition="46" Bevel="Plain" VisualAttributeName="DEFAULT" CanvasName="" Visible="false" QueryLength="0" ShowVerticalScrollbar="false" TooltipVisualAttributeGroup="V7_VA_TOOLTIP" Height="14"/>
         <Item Name="HOSPITAL_ID" ShowHorizontalScrollbar="false" Width="3" MaximumLength="20" DataType="Number" CompressionQuality="None" XPosition="582" YPosition="46" Bevel="Plain" VisualAttributeName="DEFAULT" CanvasName="" Visible="false" ShowVerticalScrollbar="false" TooltipVisualAttributeGroup="V7_VA_TOOLTIP" Height="14"/>
         <Item Name="OVERRIDE_ALL" CheckedValue="Y" ShowHorizontalScrollbar="false" TabPageName="" DistanceBetweenRecords="5" Width="10" FillPattern="transparent" MaximumLength="1" ItemType="Check Box" InitializeValue="N" UncheckedValue="N" BackColor="white" CompressionQuality="None" XPosition="722" YPosition="89" Bevel="Plain" DirtyInfo="true" ForegroundColor="black" CanvasName="CNV_CONTENT" ShowVerticalScrollbar="false" TooltipVisualAttributeGroup="V7_VA_TOOLTIP" CheckBoxOtherValues="Unchecked" Height="10"/>
         <Trigger Name="POST-QUERY" TriggerText="-- DATE&#x9;&#x9;BY&#x9;&#x9;CHANGE&amp;#10;-- 11/8/1997&#x9;Robert Osborne  Created&amp;#10;--&amp;#10;&amp;#10;DECLARE&amp;#10;  vb_valid &#x9;BOOLEAN;&amp;#10;&amp;#10;BEGIN&amp;#10;    vb_valid:=validate_user_code(10130,&amp;#10;&#x9;&#x9;&#x9;&#x9;&#x9;&#x9;&#x9;&#x9;&#x9;&#x9;&#x9;&#x9;&#x9;&#x9;&#x9;&#x9;:B1.category,&amp;#10;&#x9;&#x9;&#x9;&#x9;&#x9;&#x9;&#x9;&#x9;&#x9;&#x9;&#x9;&#x9;&#x9; &#x9;&#x9;  :b1.category_code,&amp;#10;&#x9;&#x9;&#x9;&#x9;&#x9;&#x9;&#x9;&#x9;&#x9;&#x9;&#x9;&#x9;&#x9;&#x9;&#x9;  :b1.category_desc,&amp;#10;&#x9;&#x9;&#x9;&#x9;&#x9;&#x9;&#x9;&#x9;&#x9;&#x9;&#x9;&#x9;&#x9;&#x9;&#x9;  735,&amp;#10;&#x9;&#x9;&#x9;&#x9;&#x9;&#x9;&#x9;&#x9;&#x9;&#x9;&#x9;&#x9;&#x9;&#x9;&#x9;  'NOVALIDATE');&amp;#10;    &amp;#10;    &amp;#10;    &amp;#10;END;&amp;#10;"/>
         <Trigger Name="PRE-INSERT" TriggerText="declare&amp;#10;&#x9;vd_sysdate date := sysdate;&amp;#10;BEGIN&amp;#10;  :B1.AMEND_BY_USER   := :GLOBAL.USER_ID;&amp;#10;  :B1.AMEND_LAST_DATE := vd_SYSDATE;&amp;#10;  :B1.AMEND_BY_MODULE := 'MAPRULES';-- RAO 12/8/97&amp;#10;  :B1.HOSPITAL_ID     := :PARAMETER.P_HOSPITAL_ID;-- RAO 12/8/97&amp;#10;END;"/>
         <Trigger Name="PRE-UPDATE" TriggerText="declare&amp;#10;&#x9;vd_sysdate date := sysdate;&amp;#10;BEGIN  &amp;#10;  :B1.AMEND_BY_USER   := :GLOBAL.USER_ID;&amp;#10;  :B1.AMEND_LAST_DATE := vd_SYSDATE;&amp;#10;  :B1.AMEND_BY_MODULE := 'MAPRULES';-- RAO 12/8/97&amp;#10;  :B1.HOSPITAL_ID     := :PARAMETER.P_HOSPITAL_ID;-- RAO 12/8/97&amp;#10;END;"/>
         <Trigger Name="WHEN-NEW-RECORD-INSTANCE" DirtyInfo="true" TriggerText="&amp;#10;DECLARE&amp;#10;&#x9;&amp;#10;&#x9; v_language_id&#x9;&#x9;NUMBER DEFAULT to_number (name_in ('GLOBAL.LANGUAGE_ID'));&amp;#10;&#x9; &amp;#10;BEGIN&amp;#10;&#x9;&amp;#10;&#x9;set_multiple_notes_icon(:B1.DEFAULT_TYPE,&amp;#10;&#x9;&#x9;&#x9;&#x9;&#x9;&#x9;&#x9;&#x9;&#x9;&#x9;&#x9;&#x9;&#x9;'0',&amp;#10;&#x9;&#x9;&#x9;&#x9;&#x9;&#x9;&#x9;&#x9;&#x9;&#x9;&#x9;&#x9;&#x9;'BUTTONS.NOTES_BTN',&amp;#10;&#x9;&#x9;&#x9;&#x9;&#x9;&#x9;&#x9;&#x9;&#x9;&#x9;&#x9;&#x9;&#x9;TO_CHAR(v_language_id));&amp;#10;&#x9;&#x9;&#x9;&#x9;&#x9;&#x9;&#x9;&#x9;&#x9;&#x9;&#x9;&#x9;&#x9;/*&amp;#10;&#x9;PROCEDURE SET_MULTIPLE_NOTES_ICON &amp;#10; (p_key in varchar2,&amp;#10;  p_query_note_string in varchar2,&amp;#10;  btn_name in varchar2,&amp;#10;  p_context_key in varchar2:=NULL&amp;#10; )IS&#x9;&#x9;&#x9;&#x9;&#x9;&#x9;&#x9;&#x9;&#x9;&#x9;&#x9;&#x9;&amp;#10;  */&amp;#10;END;"/>
      </Block>
      <Block Name="BUTTONS" RecordsDisplayCount="21" DirtyInfo="true" DatabaseBlock="false" ScrollbarWidth="14" ScrollbarLength="135">
         <Item Name="NOTES_BTN" ValidateFromList="false" LovXPosition="0" Justification="Left" LovYPosition="0" ListStyle="Poplist" Width="19" MaximumLength="40" WrapStyle="Word" AutoSkip="false" CompressionQuality="None" XPosition="105" YPosition="43" DatabaseItem="true" Bevel="Lowered" CanvasName="CNV_CONTENT" MultiLine="false" CaseInsensitiveQuery="false" CaseRestriction="Mixed" ParentType="29" CheckBoxOtherValues="Not Allowed" PrimaryKey="false" DirtyInfo="true" QueryAllowed="true" QueryLength="40" DisplayQuality="High" EditXPosition="0" EditYPosition="0" DistanceBetweenRecords="0" FixedLength="false" Required="true" ItemsDisplay="1" Height="15" ConcealData="false" Hint="Enter value for : DEFAULT_VARIABLE" SizingStyle="Crop" ShowHorizontalScrollbar="false" IconFilename="afbook0x" TabPageName="" InsertAllowed="true" CopyValueFromItem="" DataType="Char" UpdateAllowed="true" ParentModule="MAPRULES" UpdateIfNull="false" ParentModuleType="12" ParentName="BUTTON_CLASS" KeepCursorPosition="false" VisualAttributeName="WEB_BTN" LockRecord="false" ShowVerticalScrollbar="false" TooltipVisualAttributeGroup="V7_VA_TOOLTIP" LovName="">
            <Trigger Name="WHEN-BUTTON-PRESSED" DirtyInfo="true" TriggerText="--&amp;#10;--call multiple notes procedure&amp;#10;--&amp;#10;--By&#x9;&#x9;&#x9;Date&#x9;&#x9;&#x9;  Change&amp;#10;--Venkat  30-04-2002  call multiple notes procedure&amp;#10;--Quintin&#x9;08/07/2002 &#x9;Changed the p_key value to be the correct value.&amp;#10;--&amp;#10;DECLARE&amp;#10;&#x9;&amp;#10;  v_language_id&#x9;&#x9;NUMBER DEFAULT to_number (name_in ('GLOBAL.LANGUAGE_ID'));&amp;#10;&#x9;&amp;#10;BEGIN&amp;#10;&#x9;&amp;#10;&#x9;call_multiple_notes(:B1.DEFAULT_TYPE,            -- p_key&amp;#10; &#x9;&#x9;&#x9;                0,                      -- insert_note_id&amp;#10;&#x9;&#x9;&#x9;              '(0)',                    -- query_note_string&amp;#10;&#x9;&#x9;  &#x9;            'BUTTONS.NOTES_BTN',           -- btn_name&amp;#10;&#x9; &#x9;    &#x9;           TO_CHAR(v_language_id),  -- p_context_key&amp;#10;&#x9;&#x9;      &#x9;         NO_HIDE);                -- p_hide_key_status&amp;#10;   &amp;#10;END;&amp;#10;"/>
         </Item>
         <Trigger Name="WHEN-MOUSE-DOWN" DirtyInfo="true" TriggerText="SET_ITEM_PROPERTY(:SYSTEM.TRIGGER_ITEM,VISUAL_ATTRIBUTE,'WEB_TEXT_BUTTON_CLICK');"/>
         <Trigger Name="WHEN-MOUSE-UP" DirtyInfo="true" TriggerText="SET_ITEM_PROPERTY(:SYSTEM.TRIGGER_ITEM, VISUAL_ATTRIBUTE, 'WEB_TEXT_BUTTON');&amp;#10;DEFAULT_VALUE(NULL,'GLOBAL.LAST_ITEM');&amp;#10;IF :global.last_item IS NOT NULL THEN&amp;#10;&#x9;GO_ITEM(:global.last_item);&amp;#10;END IF;"/>
         <Trigger Name="KEY-CLRBLK" DirtyInfo="true" TriggerText="NULL;"/>
         <Trigger Name="KEY-CLRREC" DirtyInfo="true" TriggerText="NULL;"/>
         <Trigger Name="KEY-CLRFRM" DirtyInfo="true" TriggerText="NULL;"/>
         <Trigger Name="KEY-DELREC" DirtyInfo="true" TriggerText="NULL;"/>
         <Trigger Name="KEY-ENTQRY" DirtyInfo="true" TriggerText="NULL;"/>
         <Trigger Name="KEY-EXEQRY" DirtyInfo="true" TriggerText="NULL;"/>
         <Trigger Name="KEY-CREREC" DirtyInfo="true" TriggerText="NULL;"/>
         <Trigger Name="KEY-NXTREC" DirtyInfo="true" TriggerText="NULL;"/>
         <Trigger Name="KEY-PRVREC" DirtyInfo="true" TriggerText="NULL;"/>
         <Trigger Name="KEY-SCRDOWN" DirtyInfo="true" TriggerText="NULL;"/>
         <Trigger Name="KEY-SCRUP" DirtyInfo="true" TriggerText="NULL;"/>
         <Trigger Name="KEY-DOWN" DirtyInfo="true" TriggerText="NULL;"/>
         <Trigger Name="KEY-UP" DirtyInfo="true" TriggerText="NULL;"/>
         <Trigger Name="WHEN-NEW-ITEM-INSTANCE" DirtyInfo="true" TriggerText="NULL; -- To ensure the form level trigger does not fire for the buttons"/>
      </Block>
      <Block Name="TITLES" ScrollbarWidth="14" ScrollbarLength="135">
         <Item Name="DSP_TITLE" Justification="Start" TabPageName="" Width="279" MaximumLength="30" ParentModule="MAPRULES" XPosition="105" ParentModuleType="12" YPosition="3" DatabaseItem="false" ParentName="FORM_TITLE_CLASS" DirtyInfo="true" CanvasName="CNV_CONTENT" ParentType="29"/>
         <Item Name="INFO_BUTTON" ValidateFromList="false" LovXPosition="0" Justification="Left" LovYPosition="0" ListStyle="Poplist" Width="20" MaximumLength="30" WrapStyle="Word" AutoSkip="false" BackColor="white" CompressionQuality="None" XPosition="410" YPosition="21" DatabaseItem="false" Bevel="Raised" AutoHint="false" MouseNavigate="false" CanvasName="CNV_HIDE" MultiLine="false" CaseInsensitiveQuery="false" KeyboardNavigable="false" CaseRestriction="Mixed" CheckBoxOtherValues="Not Allowed" ImplementationClass="" OtherValues="exit50" PrimaryKey="false" DirtyInfo="true" DefaultButton="false" QueryAllowed="true" Visible="true" QueryLength="30" DisplayQuality="High" EditXPosition="0" EditYPosition="0" Enabled="true" DistanceBetweenRecords="0" FillPattern="transparent" FixedLength="false" Required="false" FontName="Fixedsys" FontSize="900" FontStyle="Plain" FontWeight="Medium" FontSpacing="Normal" ForegroundColor="black" ItemsDisplay="1" Height="16" ConcealData="false" SizingStyle="Crop" ShowHorizontalScrollbar="false" Iconic="true" IconFilename="b_info_b" TabPageName="" InsertAllowed="true" ItemType="Push Button" DataType="Char" UpdateAllowed="true" UpdateIfNull="false" KeepCursorPosition="false" LockRecord="false" ShowVerticalScrollbar="false">
            <Trigger Name="WHEN-BUTTON-PRESSED" DirtyInfo="true" TriggerText="call_form('TK_EXP');"/>
         </Item>
         <Item Name="PATIENT_NAME_M" ValidateFromList="false" LovXPosition="0" Justification="Start" LovYPosition="0" ListStyle="Poplist" Width="200" MaximumLength="80" WrapStyle="Word" AutoSkip="false" BackColor="white" CompressionQuality="None" XPosition="435" YPosition="24" DatabaseItem="false" Bevel="None" AutoHint="false" MouseNavigate="true" CanvasName="CNV_HIDE" MultiLine="false" CaseInsensitiveQuery="false" KeyboardNavigable="true" CaseRestriction="Mixed" CheckBoxOtherValues="Not Allowed" CheckedValue="" SynchronizedItemName="" OtherValues="" PrimaryKey="false" DirtyInfo="true" DefaultButton="false" QueryAllowed="true" Visible="true" QueryLength="80" DisplayQuality="High" EditXPosition="0" EditYPosition="0" Enabled="true" DistanceBetweenRecords="4364" FixedLength="false" Required="false" FontName="Arial" FontSize="800" FontStyle="Plain" FontWeight="Demilight" FontSpacing="Normal" ForegroundColor="gray96" FormatMask="" Height="12" ConcealData="false" SizingStyle="Crop" ShowHorizontalScrollbar="false" Iconic="false" IconFilename="" TabPageName="" InsertAllowed="true" ItemType="Display Item" CopyValueFromItem="" DataType="Char" UncheckedValue="" UpdateAllowed="true" UpdateIfNull="false" KeepCursorPosition="false" VisualAttributeName="TEXT_ITEM_BPT_RED" LockRecord="false" ShowVerticalScrollbar="false"/>
         <Item Name="HISTORY_BUTTON" Width="19" BackColor="white" XPosition="724" FontName="Arial" YPosition="21" FontSize="1000" FontStyle="Plain" FontWeight="Bold" PromptFontName="Arial" FontSpacing="Normal" ForegroundColor="r100g50b0" MouseNavigate="false" CanvasName="CNV_HIDE" KeyboardNavigable="false" Height="16" Prompt="" Iconic="true" IconFilename="b_lov_b3" TabPageName="" PromptAttachmentOffset="3" PromptAlignOffset="1" PromptFontSize="1000" ItemType="Push Button" ImplementationClass="" DirtyInfo="true" Label="" PromptFontStyle="Plain" PromptFontWeight="Bold" PromptFontSpacing="Normal"/>
      </Block>
      <Block Name="LT_FUNCTIONS" DirtyInfo="true" DatabaseBlock="false" ScrollbarWidth="14" ScrollbarLength="135">
         <Item Name="IMG_FUNCTIONS" Prompt="Functions" TabPageName="" PromptAttachmentOffset="36" PromptAlignOffset="0" PromptFontSize="900" Width="16" ItemType="Image" ImageFormat="BMP" XPosition="79" YPosition="0" DatabaseItem="false" Bevel="None" PromptForegroundColor="Allscripts Link Blue" DirtyInfo="true" VisualAttributeName="MENU_TEXT_ITEMS_VA" PromptFontName="Arial" PromptFontStyle="Plain" PromptFontWeight="Bold" PromptFontSpacing="Normal" Height="14">
            <Trigger Name="WHEN-MOUSE-CLICK" DirtyInfo="true" TriggerText="HCI_UPGRADE.functions_when_mouse_click;"/>
         </Item>
         <Item Name="NAVIGATE_BUTTON" Justification="Start" TabPageName="" DistanceBetweenRecords="0" Width="80" ItemType="Display Item" PopupMenuName="BOILER_PLATE" ParentModule="MAPRULES" XPosition="5" ParentModuleType="12" YPosition="20" DatabaseItem="false" ParentName="MENU_ITEM_CLASS" Bevel="None" FontStyle="Plain" DirtyInfo="true" FontSpacing="Normal" KeyboardNavigable="false" ParentType="29">
            <Trigger Name="WHEN-MOUSE-CLICK" DirtyInfo="true" TriggerText="--&amp;#10;-- Steve Pusey 15/4/96&amp;#10;--&amp;#10;-- toggle between navigation and default menus&amp;#10;--&amp;#10;BEGIN&amp;#10;&#x9;oasis_when_mouse_click.when_mouse_click;&amp;#10;  oasis_menu.toggle_menu;&amp;#10;END;"/>
         </Item>
         <Trigger Name="WHEN-NEW-BLOCK-INSTANCE" DirtyInfo="true" TriggerText="READ_IMAGE_FILE(hci_upgrade.g_image_directory || 'pas_expand_menu.gif', 'gif', 'LT_FUNCTIONS.IMG_FUNCTIONS');"/>
         <Trigger Name="WHEN-MOUSE-DOWN" DirtyInfo="true" TriggerText="SET_ITEM_PROPERTY(:SYSTEM.TRIGGER_ITEM,VISUAL_ATTRIBUTE,'WEB_TEXT_BUTTON_CLICK');&amp;#10;&amp;#10;"/>
         <Trigger Name="WHEN-MOUSE-UP" DirtyInfo="true" TriggerText="SET_ITEM_PROPERTY(:SYSTEM.TRIGGER_ITEM,VISUAL_ATTRIBUTE,'WEB_TEXT_BUTTON');&amp;#10;"/>
         <Trigger Name="WHEN-NEW-ITEM-INSTANCE" DirtyInfo="true" TriggerText="NULL;"/>
      </Block>
      <Canvas Name="TOOLBAR_CANVAS" ViewportXPositionOnCanvas="0" ViewportYPositionOnCanvas="0" ShowHorizontalScrollbar="false" Width="768" BackColor="patient_live_blue" ParentModule="MAPRULES" ParentModuleType="12" ParentName="TOOLBAR_CANVAS_CLASS" DirtyInfo="true" ForegroundColor="patient_live_blue" Visible="true" ParentType="29" ShowVerticalScrollbar="false" ViewportHeight="24" ViewportXPosition="0" ViewportWidth="590" ViewportYPosition="0">
         <Graphics Name="LINE468" InternalLineWidth="228" Width="755" EdgeForegroundColor="gray16" FillPattern="none" EdgePattern="solid" JoinStyle="Bevel" BackColor="gray12" XPosition="0" YPosition="63" Bevel="None" DirtyInfo="true" GraphicsType="Line" HorizontalMargin="8" ScrollbarWidth="15" VerticalMargin="16" HorizontalObjectOffset="15" Height="0" StartPromptOffset="8"/>
      </Canvas>
      <Canvas Name="CNV_CONTENT" Bevel="None" DirtyInfo="true" VisualAttributeName="WEB_BPT" Width="755" WindowName="MAIN_FORM_WINDOW" Height="415" ViewportHeight="324" ViewportWidth="540">
         <Graphics Name="SECTION_LINE1" InternalLineWidth="113" Width="616" EdgeForegroundColor="gray16" EdgePattern="solid" JoinStyle="Bevel" BackColor="Line Green" XPosition="105" YPosition="41" Bevel="None" DirtyInfo="true" ForegroundColor="white" GraphicsType="Line" HorizontalMargin="7" ScrollbarWidth="14" VerticalMargin="14" HorizontalObjectOffset="14" Height="0" StartPromptOffset="7"/>
      </Canvas>
      <Canvas Name="CNV_HIDE" Bevel="None" DirtyInfo="true" Width="800" Visible="false" WindowName="WND_HIDE" Height="410" ViewportHeight="324" ViewportWidth="540"/>
      <Editor Name="EDITOR_SELECT" XPosition="110" YPosition="130" DirtyInfo="true" VisualAttributeName="BACKGROUND_CANVAS_BLUE" BottomTitle="Alias 1st Column to VALUE, 2nd column to DESCRIPTION. 1st Column is Returned as the VARIABLE." Title="Please TO_CHAR all numeric fields" Width="480" ShowVerticalScrollbar="true" Height="173"/>
      <ModuleParameter Name="P_RELEASE" ParentModule="PAS_RELEASE" ParentModuleType="25" ParentName="P_RELEASE" ParentFilename="PAS_RELEASE.olb" DirtyInfo="true" ParentType="13"/>
      <ModuleParameter Name="P_VERSION" DirtyInfo="true" Comment="Used by ABOUT_FORM window, the form version, update after each update" ParameterInitializeValue="1"/>
      <ModuleParameter Name="P_DATE" DirtyInfo="true" Comment="Used by ABOUT_FORM window, the date the form was last updated, update after each update" ParameterInitializeValue="28-JAN-2016"/>
      <ModuleParameter Name="P_TEMPLATE" Comment="Used by ABOUT_FORM window, the template used to create this form" ParameterInitializeValue="TEMPLATE_V10"/>
      <ModuleParameter Name="P_LOV_USER_CODE"/>
      <ModuleParameter Name="P_LOV_CODE" ParameterDataType="Number"/>
      <ModuleParameter Name="P_LOV_DESCRIPTION"/>
      <ModuleParameter Name="P_LOV_CODE_TYPE" ParameterDataType="Number"/>
      <ModuleParameter Name="P_HOSPITAL_ID" ParameterDataType="Number"/>
      <ModuleParameter Name="API_VERSION" ParameterInitializeValue="V2.3"/>
      <ModuleParameter Name="P_BREADCRUMB"/>
      <LOV Name="LOV_SELECT" XPosition="25" YPosition="90" DirtyInfo="true" VisualAttributeName="DEFAULT" Width="550" RecordGroupName="LOV_GROUP" LanguageDirection="Default" Height="200">
         <LOVColumnMapping Name="VALUE" ReturnItem="B1.DEFAULT_VARIABLE" Title="Value Returned" DisplayWidth="150"/>
         <LOVColumnMapping Name="DESCRIPTION" ReturnItem="" Title="Description" DisplayWidth="130"/>
      </LOV>
      <LOV Name="CODES_LOV" XPosition="50" YPosition="50" DirtyInfo="true" VisualAttributeName="DEFAULT" Width="500" RecordGroupName="CODES_LOV" Height="300">
         <LOVColumnMapping Name="DESCRIPTION" ReturnItem="PARAMETER.P_LOV_DESCRIPTION" Title="Description" DisplayWidth="360"/>
         <LOVColumnMapping Name="USER_CODE" ReturnItem="PARAMETER.P_LOV_USER_CODE" Title="User_Code" DisplayWidth="150"/>
         <LOVColumnMapping Name="CODE" ReturnItem="PARAMETER.P_LOV_CODE" Title="Code" DisplayWidth="100"/>
      </LOV>
      <Menu Name="BOILER_PLATE" DirtyInfo="true">
         <MenuItem Name="CHANGE_PROMPT" DirtyInfo="true" Label="Change Prompt" MenuItemCode="message('Change Boilerplate prompt');pause;"/>
      </Menu>
      <ProgramUnit Name="INIT_FORM" ProgramUnitText="PACKAGE init_form IS&amp;#10;--&amp;#10;-- steve pusey 2/5/1996&amp;#10;--&amp;#10;-- program units to initialise form&amp;#10;--&amp;#10;&amp;#10;---------------------------------------------------------------------------------------&amp;#10;-- EXTERNAL PACKAGE VARIABLES&amp;#10;---------------------------------------------------------------------------------------&amp;#10;&amp;#10;---------------------------------------------------------------------------------------&amp;#10;-- EXTERNAL PROGRAM UNITS (DECLARATION) &amp;#10;---------------------------------------------------------------------------------------&amp;#10;&amp;#10;  procedure init_form;&amp;#10;&amp;#10;END init_form;" ProgramUnitType="Package Spec"/>
      <ProgramUnit Name="INIT_FORM" ProgramUnitText="PACKAGE BODY init_form IS&amp;#10;--&amp;#10;-- steve pusey 2/5/1996&amp;#10;--&amp;#10;-- program units to initialise form&amp;#10;--&amp;#10;-- add code to init_form and init_format_masks program units, add other init procs to the&amp;#10;-- init_form procedure, for example if you write a procedure called init_toolbar then add &amp;#10;-- this to the init_form procedure. The init_form procedure is called from the &amp;#10;-- WHEN-NEW-FORM-INSTANCE trigger&amp;#10;--&amp;#10;&amp;#10;---------------------------------------------------------------------------------------&amp;#10;-- INTERNAL PACKAGE VARIABLES &amp;#10;---------------------------------------------------------------------------------------&amp;#10;&amp;#10;---------------------------------------------------------------------------------------&amp;#10;-- INTERNAL PROGRAM UNITS (DECLARATION)&amp;#10;---------------------------------------------------------------------------------------&amp;#10;&amp;#10;  procedure init_list_items;&amp;#10;  procedure init_format_masks;&amp;#10;&amp;#10;---------------------------------------------------------------------------------------&amp;#10;-- PROGRAM UNITS (CODE)&amp;#10;---------------------------------------------------------------------------------------&amp;#10;&amp;#10;-- ##########################################################################################&amp;#10;&amp;#10;  procedure init_list_items is&amp;#10;  --&amp;#10;  -- initialise list items&amp;#10;  --&amp;#10;  -- date&#x9;by&#x9;&#x9;change&amp;#10;  -- 2/5/1996   Steve Pusey&#x9;Creation of template procedure&amp;#10;  --&amp;#10;  BEGIN&amp;#10;&amp;#10;    -- cut &amp; paste this code&amp;#10;    -- populate_poplist_from_codes ('BLOCK.ITEM', &lt;CODE_TYPE>);&amp;#10;&amp;#10;    populate_poplist_from_codes ('B1.OASIS_INI_TYPE', 10179);&amp;#10;  &amp;#10;  END init_list_items;&amp;#10;&amp;#10;-- ##########################################################################################&amp;#10;&amp;#10;  procedure init_format_masks is&amp;#10;  --&amp;#10;  -- set the format masks for date, datetime, and numeric items&amp;#10;  --&amp;#10;  -- date&#x9;by&#x9;&#x9;change&amp;#10;  -- 2/5/1996   Steve Pusey&#x9;Creation of template procedure&amp;#10;  --&amp;#10;  BEGIN&amp;#10;&amp;#10;    -- copy &amp; paste this line&amp;#10;    -- set_format_mask ('BLOCK.ITEM');&amp;#10;&amp;#10;    null;&amp;#10;   &amp;#10;  END init_format_masks;&amp;#10;&amp;#10;-- ##########################################################################################&amp;#10;&amp;#10;  procedure init_form is&amp;#10;  --&amp;#10;  -- initialise form&amp;#10;  --&amp;#10;  -- date&#x9;by&#x9;&#x9;change&amp;#10;  -- 2/5/1996   Steve Pusey&#x9;Creation of template procedure&amp;#10;  --&amp;#10;  BEGIN&amp;#10;&amp;#10;    init_list_items;&amp;#10;    init_format_masks;&amp;#10;    :PARAMETER.P_HOSPITAL_ID:=OASLOGON_PACKAGE.GET_HOSPITAL_ID;&amp;#10;  END init_form;&amp;#10;&amp;#10;-- ##########################################################################################&amp;#10;&amp;#10;END init_form;" ProgramUnitType="Package Body"/>
      <PropertyClass Name="FORM_TITLE_CLASS" ParentModule="PAS_CUI" ParentModuleType="25" ParentName="FORM_TITLE_CLASS" ParentFilename="PAS_CUI.olb" DirtyInfo="true" ParentType="29"/>
      <PropertyClass Name="MENU_ITEM_CLASS" ParentModule="PAS_CUI" ParentModuleType="25" ParentName="MENU_ITEM_CLASS" ParentFilename="PAS_CUI.olb" DirtyInfo="true" ParentType="29"/>
      <PropertyClass Name="SECTION_TITLE_CLASS" ParentModule="PAS_CUI" ParentModuleType="25" ParentName="SECTION_TITLE_CLASS" ParentFilename="PAS_CUI.olb" DirtyInfo="true" ParentType="29"/>
      <PropertyClass Name="TOOLBAR_CANVAS_CLASS" ParentModule="PAS_CUI" ParentModuleType="25" ParentName="TOOLBAR_CANVAS_CLASS" ParentFilename="PAS_CUI.olb" DirtyInfo="true" ParentType="29"/>
      <PropertyClass Name="BUTTON_CLASS" ParentModule="PAS_OLD" ParentModuleType="25" ParentName="BUTTON_CLASS" ParentFilename="PAS_OLD.olb" DirtyInfo="true" ParentType="29"/>
      <PropertyClass Name="OK_BUTTON_CLASS" ParentModule="PAS_OLD" ParentModuleType="25" ParentName="OK_BUTTON_CLASS" ParentFilename="PAS_OLD.olb" DirtyInfo="true" ParentType="29"/>
      <PropertyClass Name="CANCEL_BUTTON_CLASS" ParentModule="PAS_OLD" ParentModuleType="25" ParentName="CANCEL_BUTTON_CLASS" ParentFilename="PAS_OLD.olb" DirtyInfo="true" ParentType="29"/>
      <PropertyClass Name="TOOLBAR_BUTTON_CLASS" ParentModule="PAS_OLD" ParentModuleType="25" ParentName="TOOLBAR_BUTTON_CLASS" ParentFilename="PAS_OLD.olb" DirtyInfo="true" ParentType="29"/>
      <PropertyClass Name="GOTO_BUTTON_CLASS" ParentModule="PAS_OLD" ParentModuleType="25" ParentName="GOTO_BUTTON_CLASS" ParentFilename="PAS_OLD.olb" DirtyInfo="true" ParentType="29"/>
      <PropertyClass Name="GOBACK_BUTTON_CLASS" ParentModule="PAS_OLD" ParentModuleType="25" ParentName="GOBACK_BUTTON_CLASS" ParentFilename="PAS_OLD.olb" DirtyInfo="true" ParentType="29"/>
      <PropertyClass Name="LOV_BUTTON_CLASS" ParentModule="PAS_OLD" ParentModuleType="25" ParentName="LOV_BUTTON_CLASS" ParentFilename="PAS_OLD.olb" DirtyInfo="true" ParentType="29"/>
      <PropertyClass Name="BPT_CLASS" ParentModule="PAS_OLD" ParentModuleType="25" ParentName="BPT_CLASS" ParentFilename="PAS_OLD.olb" DirtyInfo="true" ParentType="29"/>
      <PropertyClass Name="BPT_BLUE_CLASS" ParentModule="PAS_OLD" ParentModuleType="25" ParentName="BPT_BLUE_CLASS" ParentFilename="PAS_OLD.olb" DirtyInfo="true" ParentType="29"/>
      <PropertyClass Name="BPT_GREY_CLASS" ParentModule="PAS_OLD" ParentModuleType="25" ParentName="BPT_GREY_CLASS" ParentFilename="PAS_OLD.olb" DirtyInfo="true" ParentType="29"/>
      <PropertyClass Name="TEXT_ITEM_CLASS" ParentModule="PAS_OLD" ParentModuleType="25" ParentName="TEXT_ITEM_CLASS" ParentFilename="PAS_OLD.olb" DirtyInfo="true" ParentType="29"/>
      <PropertyClass Name="TEXT_ITEM_DATE_CLASS" ParentModule="PAS_OLD" ParentModuleType="25" ParentName="TEXT_ITEM_DATE_CLASS" ParentFilename="PAS_OLD.olb" DirtyInfo="true" ParentType="29"/>
      <PropertyClass Name="TEXT_ITEM_NUMBER_CLASS" ParentModule="PAS_OLD" ParentModuleType="25" ParentName="TEXT_ITEM_NUMBER_CLASS" ParentFilename="PAS_OLD.olb" DirtyInfo="true" ParentType="29"/>
      <PropertyClass Name="TEXT_ITEM_DATETIME_CLASS" ParentModule="PAS_OLD" ParentModuleType="25" ParentName="TEXT_ITEM_DATETIME_CLASS" ParentFilename="PAS_OLD.olb" DirtyInfo="true" ParentType="29"/>
      <PropertyClass Name="DISPLAY_ITEM_CLASS" ParentModule="PAS_OLD" ParentModuleType="25" ParentName="DISPLAY_ITEM_CLASS" ParentFilename="PAS_OLD.olb" DirtyInfo="true" ParentType="29"/>
      <PropertyClass Name="STACKED_CANVAS_CLASS" ParentModule="PAS_OLD" ParentModuleType="25" ParentName="STACKED_CANVAS_CLASS" ParentFilename="PAS_OLD.olb" DirtyInfo="true" ParentType="29"/>
      <PropertyClass Name="WINDOW_CLASS" ParentModule="PAS_OLD" ParentModuleType="25" ParentName="WINDOW_CLASS" ParentFilename="PAS_OLD.olb" DirtyInfo="true" ParentType="29"/>
      <PropertyClass Name="ID_CLASS" ParentModule="PAS_OLD" ParentModuleType="25" ParentName="ID_CLASS" ParentFilename="PAS_OLD.olb" DirtyInfo="true" ParentType="29"/>
      <RecordGroup Name="LOV_GROUP" DirtyInfo="true" RecordGroupFetchSize="0" RecordGroupQuery="select to_char(code) value, description from codes where code = 0" RecordGroupType="Query">
         <RecordGroupColumn Name="VALUE" ColumnDataType="Character" MaximumLength="40"/>
         <RecordGroupColumn Name="DESCRIPTION" ColumnDataType="Character" MaximumLength="80"/>
      </RecordGroup>
      <RecordGroup Name="CODES_LOV" DirtyInfo="true" RecordGroupFetchSize="0" RecordGroupQuery="select description,user_code,code from codes where code_type=10000 and prog_code=1 union select description, user_code,code from codes where code_type=:parameter.p_lov_code_type" RecordGroupType="Query">
         <RecordGroupColumn Name="DESCRIPTION" ColumnDataType="Character" MaximumLength="80"/>
         <RecordGroupColumn Name="USER_CODE" ColumnDataType="Character" MaximumLength="15"/>
         <RecordGroupColumn Name="CODE" ColumnDataType="Number" MaximumLength="23"/>
      </RecordGroup>
      <Trigger Name="WHEN-NEW-ITEM-INSTANCE" DirtyInfo="true" TriggerText="begin&amp;#10;  :global.last_item := :system.trigger_item;&amp;#10;end;&amp;#10;"/>
      <Trigger Name="WHEN-MOUSE-CLICK" TriggerText="--&amp;#10;-- call stdlib procedure to handle mouse click&amp;#10;-- N.B. standard left button click is not affected &amp;#10;--&amp;#10;-- date&#x9;&#x9;by&#x9;&#x9;change&amp;#10;-- 31-05-1996&#x9;Steve Pusey&#x9;Creation&amp;#10;--&amp;#10;BEGIN&amp;#10;&amp;#10;  oasis_when_mouse_click.when_mouse_click;&amp;#10;&amp;#10;END;"/>
      <Trigger Name="WHEN-NEW-FORM-INSTANCE" TriggerText="--&amp;#10;-- fires when form is entered, PRE-FORM fires before this trigger&amp;#10;--&amp;#10;-- Date&#x9;&#x9;by &#x9;&#x9;change&amp;#10;-- 10/1994&#x9;David Massie&#x9;Creation&amp;#10;-- 1995&#x9;&#x9;Nagy Tharwat&#x9;Upgrade to v9 - moved code into library procedure&amp;#10;-- 2/5/1996&#x9;Steve Pusey&#x9;Upgrade to V10 &amp;#10;--&#x9;&#x9;&#x9;&#x9;- versions into oasis_new_form_instance&amp;#10;--&#x9;&#x9;&#x9;&#x9;- Tidied code and added comments&amp;#10;--&amp;#10;&amp;#10;DECLARE&amp;#10;&amp;#10;  v_error_no             number(4); -- returned from oasis_new_form_instance&amp;#10;&amp;#10;BEGIN&amp;#10;&amp;#10;  -- version 2 form (gets bpt and window titles fromm files)&amp;#10;  oasis_new_form_instance_v2(v_error_no, 2); &amp;#10;&amp;#10;  if v_error_no > 0 then&amp;#10;    display_alert ('ERROR_ALERT', v_error_no);&amp;#10;    exit_form (NO_VALIDATE);&amp;#10;  end if;&amp;#10;&amp;#10;-- *** Insert additional code into init_form package ***&amp;#10;&amp;#10;  init_form.init_form;&amp;#10;  HCI_UPGRADE.PR_INITIALISE_IMAGES; &amp;#10;&amp;#10;END;"/>
      <Trigger Name="WHEN-TIMER-EXPIRED" FireInQuery="true" TriggerText="Button_Hint;&amp;#10;" DisplayInKeyboardHelp="false"/>
      <Trigger Name="PRE_BLOCK" DirtyInfo="true" FireInQuery="true" TriggerText="/* This trigger resets the 40352_count global to allow the Last line of query message to be displayed */&amp;#10;begin&amp;#10;  :GLOBAL.40352_COUNT := 0;&amp;#10;end;" DisplayInKeyboardHelp="false"/>
      <Trigger Name="PRE_QUERY" DirtyInfo="true" FireInQuery="true" TriggerText="/* This trigger resets the 40352_count global to allow the Last line of query message to be displayed */&amp;#10;begin&amp;#10;  :GLOBAL.40352_COUNT := 0;&amp;#10;end;" DisplayInKeyboardHelp="false"/>
      <Trigger Name="ON_MESSAGE" DirtyInfo="true" FireInQuery="true" TriggerText="/* This trigger traps the multiple FRM-40352 messages produced when a user uses a scrollbar to move past the bottom of a multiline block */&amp;#10;declare&amp;#10;  mssgnum   number       := message_code;&amp;#10;  mssgtxt   varchar2(80) := message_text;&amp;#10;  mssgtyp   varchar2(3)  := message_type;&amp;#10;begin&amp;#10;  default_value('0','GLOBAL.40352_COUNT');&amp;#10;  if mssgnum = 40352 then&amp;#10;    if :GLOBAL.40352_COUNT = 0 then&amp;#10;      message(mssgtyp||'-'||to_char(mssgnum)||': '||mssgtxt);&amp;#10;      :GLOBAL.40352_COUNT := 1;&amp;#10;      raise form_trigger_failure;&amp;#10;    else&amp;#10;      raise form_trigger_failure;&amp;#10;    end if;&amp;#10;  else&amp;#10;    message(mssgtyp||'-'||to_char(mssgnum)||': '||mssgtxt);&amp;#10;    raise form_trigger_failure;&amp;#10;  end if;&amp;#10;end;&amp;#10;" DisplayInKeyboardHelp="false"/>
      <Trigger Name="KEY-EXIT" DirtyInfo="true" FireInQuery="true" TriggerText="OASIS_EXIT_FORM;" DisplayInKeyboardHelp="false"/>
      <Trigger Name="WHEN-WINDOW-CLOSED" DirtyInfo="true" FireInQuery="true" TriggerText="/* This trigger ensures proper navigation when a window is closed using the windows close function */&amp;#10;begin&amp;#10;  :GLOBAL.WINDOW_NAME := get_view_property(get_item_property(:SYSTEM.CURSOR_ITEM,&amp;#10;     item_canvas), window_name);&amp;#10;  hide_window(:GLOBAL.WINDOW_NAME);&amp;#10;  erase('GLOBAL.WINDOW_NAME');&amp;#10;end;&amp;#10;" DisplayInKeyboardHelp="false"/>
      <Trigger Name="POST-FORM" DirtyInfo="true" FireInQuery="true" TriggerText="/* This trigger clears the Global variables used within the form */&amp;#10;begin&amp;#10;&#x9;sqa_exit_handler;&amp;#10;  erase('GLOBAL.ROOT_WINDOW_NAME');&amp;#10;  erase('GLOBAL.LAST_ITEM');&amp;#10;end;&amp;#10;&amp;#10;" DisplayInKeyboardHelp="false"/>
      <Trigger Name="KEY-CLRFRM" ParentModule="PAS_CUI" ParentModuleType="25" ParentName="KEY-CLRFRM" ParentFilename="PAS_CUI.olb" DirtyInfo="true" ParentType="37"/>
      <Trigger Name="KEY-CLRBLK" TriggerText="clear_block;"/>
      <Trigger Name="KEY-CLRREC" TriggerText="clear_record;"/>
      <Trigger Name="KEY-COMMIT" TriggerText="commit_form;"/>
      <Trigger Name="KEY-CQUERY" TriggerText="count_query;"/>
      <Trigger Name="KEY-CREREC" TriggerText="create_record;"/>
      <Trigger Name="KEY-DELREC" TriggerText="delete_record;"/>
      <Trigger Name="KEY-DOWN" TriggerText="down;"/>
      <Trigger Name="KEY-DUP-ITEM" KeyboardHelpText="Record Error" TriggerText="--&amp;#10;-- steve pusey 22/4/96&amp;#10;--&amp;#10;BEGIN&amp;#10;&amp;#10;  oasis_standard_procs.key_dupitem_trigger;&amp;#10;&amp;#10;END;" DisplayInKeyboardHelp="true"/>
      <Trigger Name="KEY-DUPREC" TriggerText="duplicate_record;"/>
      <Trigger Name="KEY-EDIT" TriggerText="EDIT_TEXTITEM;"/>
      <Trigger Name="KEY-ENTER" TriggerText="null;"/>
      <Trigger Name="KEY-ENTQRY" TriggerText="enter_query;"/>
      <Trigger Name="KEY-EXEQRY" TriggerText="execute_query;"/>
      <Trigger Name="KEY-LISTVAL" TriggerText="list_values;"/>
      <Trigger Name="KEY-NEXT-ITEM" TriggerText="replace_t_with_current_date;&amp;#10;next_item;"/>
      <Trigger Name="KEY-NXTREC" TriggerText="next_record;"/>
      <Trigger Name="KEY-NXTSET" TriggerText="next_set;"/>
      <Trigger Name="KEY-OTHERS" TriggerText="NULL;"/>
      <Trigger Name="KEY-PREV-ITEM" TriggerText="replace_t_with_current_date;&amp;#10;PREVIOUS_ITEM;"/>
      <Trigger Name="KEY-PRINT" TriggerText="print;"/>
      <Trigger Name="KEY-PRVREC" TriggerText="PREVIOUS_RECORD;"/>
      <Trigger Name="KEY-SCRDOWN" TriggerText="SCROLL_DOWN;"/>
      <Trigger Name="KEY-SCRUP" TriggerText="SCROLL_UP;"/>
      <Trigger Name="KEY-UP" TriggerText="UP;"/>
      <Trigger Name="ON-MESSAGE" TriggerText="--&amp;#10;-- steve pusey 19/4/96&amp;#10;--&amp;#10;BEGIN&amp;#10;&amp;#10;  oasis_standard_procs.on_message;&amp;#10;&amp;#10;END;"/>
      <Trigger Name="ON-ERROR" TriggerText="--&amp;#10;-- steve pusey 19/4/96&amp;#10;--&amp;#10;BEGIN&amp;#10;&amp;#10;  oasis_standard_procs.on_error;&amp;#10;&amp;#10;END;"/>
      <Trigger Name="WHEN-MOUSE-DOUBLECLICK" DirtyInfo="true" TriggerText="sqa_mouse_handler;"/>
      <Trigger Name="WHEN-WINDOW-RESIZED" DirtyInfo="true" TriggerText="sqa_evt_handler;"/>
      <VisualAttribute Name="CUI_TOOLTIP_VA" ParentModule="PAS_CUI" ParentModuleType="25" ParentName="CUI_TOOLTIP_VA" ParentFilename="PAS_CUI.olb" DirtyInfo="true" ParentType="39"/>
      <VisualAttribute Name="BACKGROUND_LINK_BOX_VA" ParentModule="PAS_CUI" ParentModuleType="25" ParentName="BACKGROUND_LINK_BOX_VA" ParentFilename="PAS_CUI.olb" DirtyInfo="true" ParentType="39"/>
      <VisualAttribute Name="MENU_CANVAS_VA" ParentModule="PAS_CUI" ParentModuleType="25" ParentName="MENU_CANVAS_VA" ParentFilename="PAS_CUI.olb" DirtyInfo="true" ParentType="39"/>
      <VisualAttribute Name="MENU_TEXT_ITEMS_VA" ParentModule="PAS_CUI" ParentModuleType="25" ParentName="MENU_TEXT_ITEMS_VA" ParentFilename="PAS_CUI.olb" DirtyInfo="true" ParentType="39"/>
      <VisualAttribute Name="SECTION_TITLE_VA" ParentModule="PAS_CUI" ParentModuleType="25" ParentName="SECTION_TITLE_VA" ParentFilename="PAS_CUI.olb" DirtyInfo="true" ParentType="39"/>
      <VisualAttribute Name="FORM_TITLE_VA" ParentModule="PAS_CUI" ParentModuleType="25" ParentName="FORM_TITLE_VA" ParentFilename="PAS_CUI.olb" DirtyInfo="true" ParentType="39"/>
      <VisualAttribute Name="WEB_BPT" BackColor="white" FontName="Arial" FontSize="900" FontStyle="Plain" DirtyInfo="true" FontWeight="Bold" FontSpacing="Normal" ForegroundColor="Line Green"/>
      <VisualAttribute Name="CURR_ITEM_VA" ParentModule="PAS_OLD" ParentModuleType="25" ParentName="CURR_ITEM_VA" ParentFilename="PAS_OLD.olb" DirtyInfo="true" ParentType="39"/>
      <VisualAttribute Name="DISP_RED2" ParentModule="PAS_OLD" ParentModuleType="25" ParentName="DISP_RED2" ParentFilename="PAS_OLD.olb" DirtyInfo="true" ParentType="39"/>
      <VisualAttribute Name="DISP_GREEN" ParentModule="PAS_OLD" ParentModuleType="25" ParentName="DISP_GREEN" ParentFilename="PAS_OLD.olb" DirtyInfo="true" ParentType="39"/>
      <VisualAttribute Name="DISP_GREEN2" ParentModule="PAS_OLD" ParentModuleType="25" ParentName="DISP_GREEN2" ParentFilename="PAS_OLD.olb" DirtyInfo="true" ParentType="39"/>
      <VisualAttribute Name="TEXT_ITEM_VA" BackColor="gray8" FontName="Arial" FontSize="900" FontStyle="Plain" FontWeight="Medium" FontSpacing="Normal" ForegroundColor="black" FillPattern="transparent"/>
      <VisualAttribute Name="BACKGROUND_CANVAS" BackColor="white" FontName="Arial" FontSize="900" FontStyle="Plain" FontWeight="Medium" FontSpacing="Normal" ForegroundColor="black" FillPattern="transparent"/>
      <VisualAttribute Name="DISP_RED" BackColor="red" FontName="Arial" FontSize="900" FontStyle="Plain" FontWeight="Bold" FontSpacing="Normal" ForegroundColor="black" FillPattern="solid"/>
      <VisualAttribute Name="BACKGROUND_CANVAS_BLUE" BackColor="white" FontName="Arial" FontSize="900" FontStyle="Plain" FontWeight="Medium" FontSpacing="Normal" ForegroundColor="black" FillPattern="transparent"/>
      <VisualAttribute Name="TEXT_ITEM_BPT" BackColor="white" FontName="Arial" FontSize="900" FontStyle="Plain" FontWeight="Medium" FontSpacing="Normal" ForegroundColor="Top Blue" FillPattern="transparent"/>
      <VisualAttribute Name="TEXT_ITEM_BPT_GREY" BackColor="white" FontName="Arial" FontSize="900" FontStyle="Plain" FontWeight="Medium" FontSpacing="Normal" ForegroundColor="Top Blue" FillPattern="transparent"/>
      <VisualAttribute Name="WEB_BTN" BackColor="white" FontName="Arial" FontSize="900" FontStyle="Plain" FontWeight="Medium" FontSpacing="Normal"/>
      <VisualAttribute Name="WEB_TEXT_BUTTON" ParentModule="PAS_CUI" ParentModuleType="25" ParentName="WEB_TEXT_BUTTON" ParentFilename="PAS_CUI.olb" DirtyInfo="true" ParentType="39"/>
      <VisualAttribute Name="WEB_TEXT_BUTTON_CLICK" ParentModule="PAS_CUI" ParentModuleType="25" ParentName="WEB_TEXT_BUTTON_CLICK" ParentFilename="PAS_CUI.olb" DirtyInfo="true" ParentType="39"/>
      <VisualAttribute Name="WEB_BPT_WINGDINGS" BackColor="white" FontName="Wingdings" FontSize="1400" FontStyle="Plain" FontWeight="Medium" FontSpacing="Normal" ForegroundColor="Top Blue"/>
      <VisualAttribute Name="V7_VA_TOOLTIP" BackColor="r100g100b88" FontName="Arial" FontSize="900" FontStyle="Plain" FontWeight="Medium" FontSpacing="Normal" ForegroundColor="Black"/>
      <VisualAttribute Name="MENU_TEXT_ITEMS" BackColor="Side Green" FontName="Arial" VisualAttributeType="Common" FontSize="900" DirtyInfo="true" FontWeight="Bold" ForegroundColor="darkcyan"/>
      <VisualAttribute Name="MENU_TEXT_ITEMS_INV" BackColor="darkcyan" FontName="Arial" VisualAttributeType="Common" FontSize="900" DirtyInfo="true" FontWeight="Bold" ForegroundColor="Side Green"/>
      <VisualAttribute Name="MENU_PROMPT" VisualAttributeType="Prompt" PromptForegroundColor="darkgray" DirtyInfo="true" PromptFontName="Arial" PromptFontSize="900" PromptFontStyle="Plain" PromptFontWeight="Bold" PromptFontSpacing="Normal"/>
      <Window Name="MAIN_FORM_WINDOW" ShowHorizontalScrollbar="false" HorizontalToolbarCanvasName="TOOLBAR_CANVAS" ClearAllowed="true" MinimizeAllowed="true" IconFilename="" Title=" " Width="755" InheritMenu="true" WindowStyle="Document" ResizeAllowed="true" PrimaryCanvas="CNV_CONTENT" HideOnExit="false" XPosition="0" YPosition="0" Bevel="None" MaximizeAllowed="true" DirtyInfo="true" VisualAttributeName="DEFAULT" Modal="false" MoveAllowed="true" ShowVerticalScrollbar="false" Height="480"/>
      <Window Name="BUTTONBAR_WINDOW" ShowHorizontalScrollbar="false" ClearAllowed="false" MinimizeAllowed="false" IconFilename="" Title="Navigation" Width="126" InheritMenu="false" WindowStyle="Dialog" ResizeAllowed="false" HideOnExit="false" XPosition="460" YPosition="74" Bevel="Raised" MaximizeAllowed="false" VisualAttributeName="DEFAULT" Modal="false" MoveAllowed="true" ShowVerticalScrollbar="false" Height="240"/>
      <Window Name="WND_HIDE" Width="540" Height="324"/>
      <ObjectGroup Name="ACTIONS_OG" ParentModule="PAS_CUI" ParentModuleType="25" ParentName="ACTIONS_OG" ParentFilename="PAS_CUI.olb" DirtyInfo="true" ParentType="23">
         <ObjectGroupChild Name="C_ACTIONS" SubclassSubObject="true"/>
         <ObjectGroupChild Name="C_BASE" SubclassSubObject="true"/>
         <ObjectGroupChild Name="C_FUNCTIONS" SubclassSubObject="true"/>
         <ObjectGroupChild Name="MENU_CANVAS_CLASS" SubclassSubObject="true"/>
         <ObjectGroupChild Name="MENU_CANVAS_VA" SubclassSubObject="true"/>
         <ObjectGroupChild Name="MENU_ITEM_CLASS" SubclassSubObject="true"/>
         <ObjectGroupChild Name="TOP_MENU" SubclassSubObject="true"/>
         <ObjectGroupChild Name="LT_TOOLBAR_MAIN" SubclassSubObject="true"/>
         <ObjectGroupChild Name="HCI_UPGRADE" SubclassSubObject="true"/>
         <ObjectGroupChild Name="HCI_UPGRADE" SubclassSubObject="true"/>
         <ObjectGroupChild Name="LHM_RESET_CANVAS_STACK" SubclassSubObject="true"/>
         <ObjectGroupChild Name="LOCAL_RESET_CANVAS_STACK" SubclassSubObject="true"/>
      </ObjectGroup>
      <ObjectGroup Name="KEY_TRIGGERS" DirtyInfo="true" ObjectGroupType="22">
         <ObjectGroupChild Name="KEY-CLRFRM" Type="Trigger"/>
         <ObjectGroupChild Name="KEY-CLRBLK" Type="Trigger"/>
         <ObjectGroupChild Name="KEY-CLRREC" Type="Trigger"/>
         <ObjectGroupChild Name="KEY-COMMIT" Type="Trigger"/>
         <ObjectGroupChild Name="KEY-CQUERY" Type="Trigger"/>
         <ObjectGroupChild Name="KEY-CREREC" Type="Trigger"/>
         <ObjectGroupChild Name="KEY-DELREC" Type="Trigger"/>
         <ObjectGroupChild Name="KEY-DOWN" Type="Trigger"/>
         <ObjectGroupChild Name="KEY-DUP-ITEM" Type="Trigger"/>
         <ObjectGroupChild Name="KEY-DUPREC" Type="Trigger"/>
         <ObjectGroupChild Name="KEY-EDIT" Type="Trigger"/>
         <ObjectGroupChild Name="KEY-ENTER" Type="Trigger"/>
         <ObjectGroupChild Name="KEY-ENTQRY" Type="Trigger"/>
         <ObjectGroupChild Name="KEY-EXEQRY" Type="Trigger"/>
         <ObjectGroupChild Name="KEY-LISTVAL" Type="Trigger"/>
         <ObjectGroupChild Name="KEY-NEXT-ITEM" Type="Trigger"/>
         <ObjectGroupChild Name="KEY-NXTREC" Type="Trigger"/>
         <ObjectGroupChild Name="KEY-NXTSET" Type="Trigger"/>
         <ObjectGroupChild Name="KEY-OTHERS" Type="Trigger"/>
         <ObjectGroupChild Name="KEY-PREV-ITEM" Type="Trigger"/>
         <ObjectGroupChild Name="KEY-PRINT" Type="Trigger"/>
         <ObjectGroupChild Name="KEY-PRVREC" Type="Trigger"/>
         <ObjectGroupChild Name="KEY-SCRDOWN" Type="Trigger"/>
         <ObjectGroupChild Name="KEY-SCRUP" Type="Trigger"/>
         <ObjectGroupChild Name="KEY-UP" Type="Trigger"/>
      </ObjectGroup>
      <ObjectGroup Name="ABOUT_FORM_PARAMETERS" DirtyInfo="true" ObjectGroupType="22">
         <ObjectGroupChild Name="P_TEMPLATE" Type="ModuleParameter"/>
         <ObjectGroupChild Name="P_VERSION" Type="ModuleParameter"/>
         <ObjectGroupChild Name="P_DATE" Type="ModuleParameter"/>
      </ObjectGroup>
      <ObjectGroup Name="ON_TRIGGERS" DirtyInfo="true" ObjectGroupType="22">
         <ObjectGroupChild Name="ON-MESSAGE" Type="Trigger"/>
         <ObjectGroupChild Name="ON-ERROR" Type="Trigger"/>
      </ObjectGroup>
   </FormModule>
</Module>
