<?xml version = '1.0' encoding = 'UTF-8'?>
<Module version="122010300" xmlns="http://xmlns.oracle.com/Forms">
   <FormModule Name="MAPSGRPS" ValidationUnit="Default" FirstNavigationBlockName="WHICH_SPECIALTY_GROUP" HorizontalToolbarCanvas=" " ConsoleWindow="MAIN_FORM_WINDOW" MenuModule="OASIS" MenuRole="" CursorMode="Open" InitializeMenu="DEFAULTMENUAPP" Use3dControls="false" RuntimeComp="5.0" DirtyInfo="true" MouseNavigationLimit="Form" SavepointMode="true">
      <Coordinate CharacterCellWidth="7" RealUnit="Point" DefaultFontScaling="false" CharacterCellHeight="16" CoordinateSystem="Real"/>
      <Alert Name="STANDARD_ALERT" DirtyInfo="true" Button1Label="OK" VisualAttributeName="DEFAULT" Button2Label="" DefaultAlertButton="Button 1" AlertStyle="Note"/>
      <Alert Name="WARNING_ALERT" DirtyInfo="true" Button1Label="OK" VisualAttributeName="DEFAULT" Button2Label="" DefaultAlertButton="Button 1" AlertStyle="Note"/>
      <Alert Name="ERROR_ALERT" DirtyInfo="true" Button1Label="OK" VisualAttributeName="DEFAULT" Button2Label="" DefaultAlertButton="Button 1" AlertStyle="Note"/>
      <Alert Name="QUESTION_ALERT" DirtyInfo="true" Button1Label="Yes" VisualAttributeName="DEFAULT" Button2Label="No" DefaultAlertButton="Button 1" AlertStyle="Note"/>
      <Alert Name="QUESTION_ALERT3" DirtyInfo="true" Button1Label="Yes" VisualAttributeName="DEFAULT" Button2Label="No" Button3Label="Cancel" DefaultAlertButton="Button 1" AlertStyle="Note"/>
      <Block Name="CONTROL" NextNavigationBlockName="" RecordsBufferedCount="0" RecordsDisplayCount="1" RecordsFetchedCount="1" EnforcedColumnSecurity="false" InsertAllowed="false" EnforcedPrimaryKey="false" RecordOrientation="Vertical" UpdateAllowed="false" DMLDataName="" DeleteAllowed="false" QueryDataSourceName="" DirtyInfo="true" VisualAttributeName="DEFAULT" KeyMode="Unique" PreviousNavigationBlockName="" DatabaseBlock="false" QueryDataSourceType="None" QueryAllowed="false" LockMode="Immediate" DMLDataType="None" NavigationStyle="Same Record" ShowScrollbar="false">
         <Item Name="TIMEOUT" DirtyInfo="true" TabPageName="" Width="0" CanvasName="CNV_CONTENT" ItemType="Bean Area" ImplementationClass="com.capula.eoasis.Timeout" Height="0"/>
         <Item Name="TEMP_USER_ID" ValidateFromList="false" LovXPosition="0" Justification="Center" LovYPosition="0" ListStyle="Poplist" Width="40" MaximumLength="30" WrapStyle="Word" AutoSkip="false" CompressionQuality="None" XPosition="188" YPosition="39" DatabaseItem="false" Bevel="Plain" AutoHint="false" MouseNavigate="true" CanvasName="CNV_HIDE" MultiLine="false" CaseInsensitiveQuery="false" KeyboardNavigable="true" CaseRestriction="Mixed" CheckBoxOtherValues="Not Allowed" PrimaryKey="false" DirtyInfo="true" DefaultButton="false" QueryAllowed="true" Visible="false" QueryLength="0" DisplayQuality="High" EditXPosition="0" EditYPosition="0" Enabled="true" DistanceBetweenRecords="0" FixedLength="false" Required="false" Height="14" ConcealData="false" SizingStyle="Crop" ShowHorizontalScrollbar="false" Iconic="false" TabPageName="" InsertAllowed="true" ItemType="Display Item" CopyValueFromItem="" DataType="Number" UpdateAllowed="true" UpdateIfNull="false" KeepCursorPosition="false" VisualAttributeName="DEFAULT" LockRecord="false" ShowVerticalScrollbar="false" TooltipVisualAttributeGroup="V7_VA_TOOLTIP" LovName=""/>
      </Block>
      <Block Name="TEXT" RecordsBufferedCount="0" RecordsDisplayCount="1" RecordsFetchedCount="0" WhereClause="" EnforcedPrimaryKey="false" RecordOrientation="Vertical" NavigationStyle="Same Record" ShowScrollbar="false" NextNavigationBlockName="" EnforcedColumnSecurity="false" InsertAllowed="true" UpdateAllowed="true" DMLDataName="" DeleteAllowed="true" QueryDataSourceName="" DirtyInfo="true" VisualAttributeName="DEFAULT" KeyMode="Unique" PreviousNavigationBlockName="" DatabaseBlock="false" QueryDataSourceType="None" QueryAllowed="true" LockMode="Immediate" DMLDataType="None">
         <Item Name="CONTROL_ITEM" ValidateFromList="false" LovXPosition="0" Justification="Left" LovYPosition="0" ListStyle="Poplist" Width="0" MaximumLength="1" WrapStyle="Word" AutoSkip="false" BackColor="white" CompressionQuality="None" XPosition="10" YPosition="9" DatabaseItem="false" Bevel="Plain" AutoHint="false" MouseNavigate="true" CanvasName="TOOLBAR_CANVAS" MultiLine="false" CaseInsensitiveQuery="false" KeyboardNavigable="true" CaseRestriction="Mixed" CheckBoxOtherValues="Not Allowed" Comment="This item is created as a hidden enterable field to allow the query on this block to operate" PrimaryKey="false" DirtyInfo="true" DefaultButton="false" QueryAllowed="true" Visible="true" QueryLength="1" DisplayQuality="High" EditXPosition="0" EditYPosition="0" Enabled="true" DistanceBetweenRecords="0" FillPattern="transparent" FixedLength="false" Required="false" FontName="Fixedsys" FontSize="900" FontStyle="Plain" FontWeight="Demilight" FontSpacing="Normal" ForegroundColor="black" Height="0" ConcealData="false" SizingStyle="Crop" ShowHorizontalScrollbar="false" Iconic="false" InsertAllowed="true" ItemType="Text Item" CopyValueFromItem="" DataType="Char" UpdateAllowed="true" UpdateIfNull="false" KeepCursorPosition="false" LockRecord="false" ShowVerticalScrollbar="false" TooltipVisualAttributeGroup="V7_VA_TOOLTIP" LovName=""/>
         <Item Name="FUNCTION_ID" ValidateFromList="false" LovXPosition="0" Justification="Left" LovYPosition="0" ListStyle="Poplist" Width="36" MaximumLength="6" WrapStyle="Word" AutoSkip="false" CompressionQuality="None" XPosition="108" YPosition="35" DatabaseItem="false" Bevel="Plain" AutoHint="false" MouseNavigate="true" MultiLine="false" CaseInsensitiveQuery="false" KeyboardNavigable="true" CaseRestriction="Mixed" CheckBoxOtherValues="Not Allowed" PrimaryKey="false" DefaultButton="false" QueryAllowed="true" Visible="true" QueryLength="6" DisplayQuality="High" EditXPosition="0" EditYPosition="0" Enabled="true" DistanceBetweenRecords="4364" FixedLength="false" Required="true" Height="14" ConcealData="false" Hint="Enter value for : FUNCTION_ID" SizingStyle="Crop" ShowHorizontalScrollbar="false" Iconic="false" InsertAllowed="true" ItemType="Text Item" DataType="Number" UpdateAllowed="true" UpdateIfNull="false" KeepCursorPosition="false" VisualAttributeName="DEFAULT" Label="Function Id" LockRecord="false" ShowVerticalScrollbar="false" TooltipVisualAttributeGroup="V7_VA_TOOLTIP" LovName=""/>
         <Item Name="LANGUAGE_ID" ValidateFromList="false" LovXPosition="0" Justification="Left" LovYPosition="0" ListStyle="Poplist" Width="24" MaximumLength="4" WrapStyle="Word" AutoSkip="false" CompressionQuality="None" XPosition="576" YPosition="35" DatabaseItem="false" Bevel="Plain" AutoHint="false" MouseNavigate="true" MultiLine="false" CaseInsensitiveQuery="false" KeyboardNavigable="true" CaseRestriction="Mixed" CheckBoxOtherValues="Not Allowed" PrimaryKey="false" DefaultButton="false" QueryAllowed="true" Visible="true" QueryLength="4" DisplayQuality="High" EditXPosition="0" EditYPosition="0" Enabled="true" DistanceBetweenRecords="4364" FixedLength="false" Required="true" Height="14" ConcealData="false" Hint="Enter value for : LANGUAGE_ID" SizingStyle="Crop" ShowHorizontalScrollbar="false" Iconic="false" InsertAllowed="true" ItemType="Text Item" DataType="Number" UpdateAllowed="true" UpdateIfNull="false" KeepCursorPosition="false" VisualAttributeName="DEFAULT" Label="Language Id" LockRecord="false" ShowVerticalScrollbar="false" TooltipVisualAttributeGroup="V7_VA_TOOLTIP" LovName=""/>
         <Item Name="DSP_BREADCRUMB" Justification="Start" TabPageName="" Width="278" MaximumLength="4000" ItemType="Display Item" BackColor="white" XPosition="95" FontName="Arial" YPosition="4" DatabaseItem="false" Bevel="None" FontSize="1000" FontStyle="Italic" DirtyInfo="true" FontWeight="Bold" FontSpacing="Normal" ForegroundColor="darkcyan" CanvasName="CNV_HIDE" Visible="false" Height="15"/>
         <Item Name="BPT_11" ValidateFromList="false" LovXPosition="0" Justification="Start" LovYPosition="0" ListStyle="Poplist" Width="69" MaximumLength="80" WrapStyle="Word" AutoSkip="false" CompressionQuality="None" XPosition="124" YPosition="80" DatabaseItem="false" Bevel="None" AutoHint="false" MouseNavigate="true" CanvasName="CNV_CONTENT" MultiLine="false" CaseInsensitiveQuery="false" KeyboardNavigable="true" CaseRestriction="Mixed" CheckBoxOtherValues="Not Allowed" PrimaryKey="false" DirtyInfo="true" DefaultButton="false" QueryAllowed="true" Visible="true" QueryLength="80" DisplayQuality="High" EditXPosition="0" EditYPosition="0" Enabled="true" DistanceBetweenRecords="4364" FixedLength="false" Required="false" Height="13" ConcealData="false" SizingStyle="Crop" ShowHorizontalScrollbar="false" Iconic="false" InsertAllowed="true" ItemType="Display Item" CopyValueFromItem="" DataType="Char" UpdateAllowed="true" UpdateIfNull="false" KeepCursorPosition="false" VisualAttributeName="TEXT_ITEM_BPT" LockRecord="false" ShowVerticalScrollbar="false" TooltipVisualAttributeGroup="V7_VA_TOOLTIP" LovName=""/>
         <Item Name="BPT_21" ValidateFromList="false" LovXPosition="0" Justification="Start" LovYPosition="0" ListStyle="Poplist" Width="65" MaximumLength="80" WrapStyle="Word" AutoSkip="false" CompressionQuality="None" XPosition="28" YPosition="37" DatabaseItem="false" Bevel="None" AutoHint="false" MouseNavigate="true" CanvasName="C_SPECIALTYGROUP_CODE_LINKS" MultiLine="false" CaseInsensitiveQuery="false" KeyboardNavigable="true" CaseRestriction="Mixed" CheckBoxOtherValues="Not Allowed" PrimaryKey="false" DirtyInfo="true" DefaultButton="false" QueryAllowed="true" Visible="true" QueryLength="80" DisplayQuality="High" EditXPosition="0" EditYPosition="0" Enabled="true" DistanceBetweenRecords="4364" FixedLength="false" Required="false" Height="15" ConcealData="false" SizingStyle="Crop" ShowHorizontalScrollbar="false" Iconic="false" InsertAllowed="true" ItemType="Display Item" CopyValueFromItem="" DataType="Char" UpdateAllowed="true" UpdateIfNull="false" KeepCursorPosition="false" VisualAttributeName="TEXT_ITEM_BPT_GREY" LockRecord="false" ShowVerticalScrollbar="false" TooltipVisualAttributeGroup="V7_VA_TOOLTIP" LovName=""/>
         <Item Name="BPT_22" ValidateFromList="false" LovXPosition="0" Justification="Start" LovYPosition="0" ListStyle="Poplist" Width="153" MaximumLength="80" WrapStyle="Word" AutoSkip="false" CompressionQuality="None" XPosition="129" YPosition="37" DatabaseItem="false" Bevel="None" AutoHint="false" MouseNavigate="true" CanvasName="C_SPECIALTYGROUP_CODE_LINKS" MultiLine="false" CaseInsensitiveQuery="false" KeyboardNavigable="true" CaseRestriction="Mixed" CheckBoxOtherValues="Not Allowed" PrimaryKey="false" DirtyInfo="true" DefaultButton="false" QueryAllowed="true" Visible="true" QueryLength="80" DisplayQuality="High" EditXPosition="0" EditYPosition="0" Enabled="true" DistanceBetweenRecords="4364" FixedLength="false" Required="false" Height="15" ConcealData="false" SizingStyle="Crop" ShowHorizontalScrollbar="false" Iconic="false" InsertAllowed="true" ItemType="Display Item" CopyValueFromItem="" DataType="Char" UpdateAllowed="true" UpdateIfNull="false" KeepCursorPosition="false" VisualAttributeName="TEXT_ITEM_BPT_GREY" LockRecord="false" ShowVerticalScrollbar="false" TooltipVisualAttributeGroup="V7_VA_TOOLTIP" LovName=""/>
         <Item Name="BPT_23" ValidateFromList="false" LovXPosition="0" Justification="Center" LovYPosition="0" ListStyle="Poplist" Width="76" MaximumLength="80" WrapStyle="Word" AutoSkip="false" CompressionQuality="None" XPosition="321" YPosition="37" DatabaseItem="false" Bevel="None" AutoHint="false" MouseNavigate="true" CanvasName="" MultiLine="false" CaseInsensitiveQuery="false" KeyboardNavigable="true" CaseRestriction="Mixed" CheckBoxOtherValues="Not Allowed" PrimaryKey="false" DirtyInfo="true" DefaultButton="false" QueryAllowed="true" Visible="false" QueryLength="80" DisplayQuality="High" EditXPosition="0" EditYPosition="0" Enabled="true" DistanceBetweenRecords="4364" FixedLength="false" Required="false" Height="15" ConcealData="false" SizingStyle="Crop" ShowHorizontalScrollbar="false" Iconic="false" TabPageName="" InsertAllowed="true" ItemType="Display Item" CopyValueFromItem="" DataType="Char" UpdateAllowed="true" UpdateIfNull="false" KeepCursorPosition="false" VisualAttributeName="TEXT_ITEM_BPT_GREY" LockRecord="false" ShowVerticalScrollbar="false" TooltipVisualAttributeGroup="V7_VA_TOOLTIP" LovName=""/>
         <Item Name="BPT_1" ValidateFromList="false" LovXPosition="0" Justification="Start" LovYPosition="0" ListStyle="Poplist" Width="120" MaximumLength="80" WrapStyle="Word" AutoSkip="false" CompressionQuality="None" XPosition="137" YPosition="49" DatabaseItem="false" AutoHint="false" MouseNavigate="true" CanvasName="CNV_CONTENT" MultiLine="false" CaseInsensitiveQuery="false" KeyboardNavigable="true" CaseRestriction="Mixed" ParentType="29" CheckBoxOtherValues="Not Allowed" PrimaryKey="false" DirtyInfo="true" DefaultButton="false" QueryAllowed="true" Visible="true" QueryLength="80" DisplayQuality="High" EditXPosition="0" EditYPosition="0" Enabled="true" DistanceBetweenRecords="4364" FixedLength="false" Required="false" ConcealData="false" SizingStyle="Crop" ShowHorizontalScrollbar="false" Iconic="false" InsertAllowed="true" CopyValueFromItem="" DataType="Char" UpdateAllowed="true" ParentModule="MAPSGRPS" UpdateIfNull="false" ParentModuleType="12" ParentName="SECTION_TITLE_CLASS" KeepCursorPosition="false" LockRecord="false" ShowVerticalScrollbar="false" TooltipVisualAttributeGroup="V7_VA_TOOLTIP" LovName=""/>
         <Item Name="BPT_2" ValidateFromList="false" LovXPosition="0" Justification="Start" LovYPosition="0" ListStyle="Poplist" Width="369" MaximumLength="80" WrapStyle="Word" AutoSkip="false" CompressionQuality="None" XPosition="43" YPosition="11" DatabaseItem="false" AutoHint="false" MouseNavigate="true" CanvasName="C_SPECIALTYGROUP_CODE_LINKS" MultiLine="false" CaseInsensitiveQuery="false" KeyboardNavigable="true" CaseRestriction="Mixed" ParentType="29" CheckBoxOtherValues="Not Allowed" PrimaryKey="false" DirtyInfo="true" DefaultButton="false" QueryAllowed="true" Visible="true" QueryLength="80" DisplayQuality="High" EditXPosition="0" EditYPosition="0" Enabled="true" DistanceBetweenRecords="4364" FixedLength="false" Required="false" ConcealData="false" SizingStyle="Crop" ShowHorizontalScrollbar="false" Iconic="false" InsertAllowed="true" CopyValueFromItem="" DataType="Char" UpdateAllowed="true" ParentModule="MAPSGRPS" UpdateIfNull="false" ParentModuleType="12" ParentName="SECTION_TITLE_CLASS" KeepCursorPosition="false" LockRecord="false" ShowVerticalScrollbar="false" TooltipVisualAttributeGroup="V7_VA_TOOLTIP" LovName=""/>
         <Item Name="BPT_24" ValidateFromList="false" LovXPosition="0" Justification="Center" LovYPosition="0" ListStyle="Poplist" Width="76" MaximumLength="80" WrapStyle="Word" AutoSkip="false" CompressionQuality="None" XPosition="403" YPosition="37" DatabaseItem="false" Bevel="None" AutoHint="false" MouseNavigate="true" CanvasName="" MultiLine="false" CaseInsensitiveQuery="false" KeyboardNavigable="true" CaseRestriction="Mixed" CheckBoxOtherValues="Not Allowed" PrimaryKey="false" DirtyInfo="true" DefaultButton="false" QueryAllowed="true" Visible="false" QueryLength="80" DisplayQuality="High" EditXPosition="0" EditYPosition="0" Enabled="true" DistanceBetweenRecords="4364" FixedLength="false" Required="false" Height="15" ConcealData="false" SizingStyle="Crop" ShowHorizontalScrollbar="false" Iconic="false" TabPageName="" InsertAllowed="true" ItemType="Display Item" CopyValueFromItem="" DataType="Char" UpdateAllowed="true" UpdateIfNull="false" KeepCursorPosition="false" VisualAttributeName="TEXT_ITEM_BPT_GREY" LockRecord="false" ShowVerticalScrollbar="false" TooltipVisualAttributeGroup="V7_VA_TOOLTIP" LovName=""/>
         <Item Name="BPT_25" ValidateFromList="false" LovXPosition="0" Justification="Start" LovYPosition="0" ListStyle="Poplist" Width="39" MaximumLength="80" WrapStyle="Word" AutoSkip="false" CompressionQuality="None" XPosition="340" YPosition="37" DatabaseItem="false" Bevel="None" AutoHint="false" MouseNavigate="true" CanvasName="" MultiLine="false" CaseInsensitiveQuery="false" KeyboardNavigable="true" CaseRestriction="Mixed" CheckBoxOtherValues="Not Allowed" PrimaryKey="false" DirtyInfo="true" DefaultButton="false" QueryAllowed="true" Visible="false" QueryLength="80" DisplayQuality="High" EditXPosition="0" EditYPosition="0" Enabled="true" DistanceBetweenRecords="4364" FixedLength="false" Required="false" Height="15" ConcealData="false" SizingStyle="Crop" ShowHorizontalScrollbar="false" Iconic="false" TabPageName="" InsertAllowed="true" ItemType="Display Item" CopyValueFromItem="" DataType="Char" UpdateAllowed="true" UpdateIfNull="false" KeepCursorPosition="false" VisualAttributeName="TEXT_ITEM_BPT_GREY" LockRecord="false" ShowVerticalScrollbar="false" TooltipVisualAttributeGroup="V7_VA_TOOLTIP" LovName=""/>
         <Trigger Name="WHEN-MOUSE-DOUBLECLICK" TriggerText="--&amp;#10;-- steve pusey 19/4/96&amp;#10;--&amp;#10;-- change value in current boilerplate text item&amp;#10;--&amp;#10;BEGIN&amp;#10;&amp;#10;  boilerplate.change_boilerplate;&amp;#10;&amp;#10;END;"/>
      </Block>
      <Block Name="WHICH_SPECIALTY_GROUP" RecordsBufferedCount="0" RecordsDisplayCount="1" RecordsFetchedCount="1" EnforcedColumnSecurity="false" InsertAllowed="true" EnforcedPrimaryKey="false" RecordOrientation="Vertical" UpdateAllowed="true" DMLDataName="" DeleteAllowed="true" QueryDataSourceName="" DirtyInfo="true" VisualAttributeName="DEFAULT" KeyMode="Unique" DatabaseBlock="false" QueryDataSourceType="None" QueryAllowed="true" LockMode="Immediate" DMLDataType="None" NavigationStyle="Same Record" ShowScrollbar="false">
         <Item Name="SPECIALTY_GROUP_CODE" ValidateFromList="false" EditXPosition="0" LovXPosition="0" EditYPosition="0" LovYPosition="0" DistanceBetweenRecords="0" ListStyle="Poplist" Width="240" MaximumLength="30" FixedLength="false" WrapStyle="Word" AutoSkip="false" CompressionQuality="None" XPosition="179" Required="false" YPosition="80" DatabaseItem="false" Bevel="Plain" AutoHint="false" CanvasName="" MultiLine="false" CaseInsensitiveQuery="false" CaseRestriction="Upper" CheckBoxOtherValues="Not Allowed" Height="14" ConcealData="false" SizingStyle="Crop" ShowHorizontalScrollbar="false" Iconic="false" TabPageName="" CopyValueFromItem="" DataType="Number" UpdateIfNull="false" PrimaryKey="false" DirtyInfo="true" KeepCursorPosition="false" VisualAttributeName="TEXT_ITEM_VA" DefaultButton="false" Visible="false" QueryLength="50" LockRecord="false" DisplayQuality="High" ShowVerticalScrollbar="false" TooltipVisualAttributeGroup="V7_VA_TOOLTIP" LovName="SPECIALTY_GROUP_CODES_LOV"/>
         <Item Name="SPECIALTY_GROUP_USER_CODE" ValidateFromList="false" EditXPosition="0" LovXPosition="0" EditYPosition="0" LovYPosition="0" DistanceBetweenRecords="0" ListStyle="Poplist" Width="240" MaximumLength="15" FixedLength="false" WrapStyle="Word" AutoSkip="false" CompressionQuality="None" XPosition="198" Required="false" YPosition="80" DatabaseItem="false" Bevel="Plain" AutoHint="false" CanvasName="CNV_CONTENT" MultiLine="false" CaseInsensitiveQuery="false" CaseRestriction="Upper" CheckBoxOtherValues="Not Allowed" Height="14" ConcealData="false" SizingStyle="Crop" ShowHorizontalScrollbar="false" Iconic="false" TabPageName="" CopyValueFromItem="" DataType="Char" UpdateIfNull="false" PrimaryKey="false" DirtyInfo="true" KeepCursorPosition="false" VisualAttributeName="TEXT_ITEM_VA" DefaultButton="false" Visible="true" QueryLength="50" LockRecord="false" DisplayQuality="High" ShowVerticalScrollbar="false" TooltipVisualAttributeGroup="V7_VA_TOOLTIP" LovName="SPECIALTY_GROUP_CODES_LOV">
            <Trigger Name="KEY-LISTVAL" DirtyInfo="true" TriggerText="-- &amp;#10;-- show lov&amp;#10;--&amp;#10;--&amp;#10;DECLARE&amp;#10;vb_lov_status&#x9;&#x9;boolean;&amp;#10; &amp;#10;BEGIN&amp;#10;&amp;#10; &amp;#10;  vb_lov_status := SHOW_LOV('SPECIALTY_GROUP_CODES_LOV');&amp;#10;&#x9;&amp;#10;&amp;#10;END;"/>
            <Trigger Name="WHEN-VALIDATE-ITEM" DirtyInfo="true" TriggerText="DECLARE&amp;#10;&amp;#10;  vb_specialtygroup_ok&#x9;&#x9;&#x9;&#x9;&#x9;&#x9;&#x9;&#x9;boolean;&amp;#10;  &amp;#10;  CURSOR c_specialty_groups IS &#x9;&#x9;  &amp;#10;  &#x9;select description,code&amp;#10;&#x9;&#x9;from codes &amp;#10;&#x9;&#x9;where code_type = 10903&amp;#10;&#x9;&#x9;and user_code = :WHICH_SPECIALTY_GROUP.SPECIALTY_GROUP_USER_CODE&amp;#10;&#x9;&#x9;and active_flag='Y';&amp;#10;&amp;#10;BEGIN&amp;#10;&amp;#10;&#x9;IF :WHICH_SPECIALTY_GROUP.SPECIALTY_GROUP_USER_CODE IS NULL THEN&amp;#10;    &#x9;:WHICH_SPECIALTY_GROUP.SPECIALTY_GROUP_CODE := null;&amp;#10;    &#x9;:WHICH_SPECIALTY_GROUP.SPECIALTY_GROUP_DESC := null;&amp;#10;&amp;#10;  ELSE&amp;#10;&amp;#10;    &#x9;OPEN c_specialty_groups;&amp;#10;    &#x9;FETCH c_specialty_groups INTO :WHICH_SPECIALTY_GROUP.SPECIALTY_GROUP_DESC, :WHICH_SPECIALTY_GROUP.SPECIALTY_GROUP_CODE;&amp;#10;&#x9;&#x9;&#x9;vb_specialtygroup_ok := c_specialty_groups%FOUND;&amp;#10;    &#x9;CLOSE c_specialty_groups;&amp;#10;&amp;#10;    &#x9;IF NOT vb_specialtygroup_ok THEN&amp;#10;      &#x9;&#x9;:WHICH_SPECIALTY_GROUP.SPECIALTY_GROUP_CODE := null;&amp;#10;      &#x9;&#x9;:WHICH_SPECIALTY_GROUP.SPECIALTY_GROUP_DESC := null;&amp;#10;    &#x9;    :WHICH_SPECIALTY_GROUP.SPECIALTY_GROUP_USER_CODE := null;&amp;#10;      &#x9;&#x9;display_alert('WARNING_ALERT',744);&amp;#10;      &#x9;&#x9;raise form_trigger_failure;&amp;#10;    &#x9;END IF;&amp;#10;&amp;#10;  END IF;&amp;#10;  &amp;#10;END;&amp;#10;&amp;#10;"/>
         </Item>
         <Item Name="SPECIALTY_GROUP_DESC" ValidateFromList="false" EditXPosition="0" LovXPosition="0" EditYPosition="0" LovYPosition="0" DistanceBetweenRecords="0" ListStyle="Poplist" Width="240" MaximumLength="80" FixedLength="false" WrapStyle="Word" AutoSkip="false" CompressionQuality="None" XPosition="198" Required="false" YPosition="96" DatabaseItem="false" Bevel="Plain" AutoHint="false" CanvasName="CNV_CONTENT" MultiLine="false" CaseInsensitiveQuery="false" CaseRestriction="Upper" CheckBoxOtherValues="Not Allowed" Height="14" ConcealData="false" SizingStyle="Crop" ShowHorizontalScrollbar="false" Iconic="false" ItemType="Display Item" CopyValueFromItem="" DataType="Char" UpdateIfNull="false" PrimaryKey="false" DirtyInfo="true" KeepCursorPosition="false" VisualAttributeName="TEXT_ITEM_VA" DefaultButton="false" QueryLength="50" LockRecord="false" DisplayQuality="High" ShowVerticalScrollbar="false" TooltipVisualAttributeGroup="V7_VA_TOOLTIP" LovName="SPECIALTY_GROUP_CODES_LOV"/>
         <Item Name="SPECIALTY_GROUP_LOV_BTN" Enabled="true" Width="19" FillPattern="transparent" BackColor="white" CompressionQuality="None" XPosition="441" FontName="Fixedsys" YPosition="80" FontSize="900" FontStyle="Plain" FontWeight="Medium" AutoHint="false" FontSpacing="Normal" ForegroundColor="black" MouseNavigate="false" CanvasName="CNV_CONTENT" KeyboardNavigable="false" ItemsDisplay="1" Height="15" ShowHorizontalScrollbar="false" Iconic="true" IconFilename="b_lov_b3" ItemType="Push Button" DirtyInfo="true" VisualAttributeName="WEB_BTN" Label="PUSH_BUTTON417" DefaultButton="false" Visible="true" ShowVerticalScrollbar="false" TooltipVisualAttributeGroup="V7_VA_TOOLTIP">
            <Trigger Name="WHEN-BUTTON-PRESSED" DirtyInfo="true" TriggerText="--&amp;#10;-- show lov&amp;#10;--&amp;#10;-- date&#x9;&#x9;&#x9;&#x9;by&#x9;&#x9;&#x9;&#x9;change&amp;#10;--&amp;#10;BEGIN&amp;#10;&#x9;&amp;#10;&#x9;IF :SYSTEM.CURSOR_ITEM != 'WHICH_SPECIALTY_GROUP.SPECIALTY_GROUP_USER_CODE' THEN&amp;#10;&#x9;&#x9;go_item ('WHICH_SPECIALTY_GROUP.SPECIALTY_GROUP_USER_CODE');&amp;#10;  END IF;&amp;#10;&amp;#10;  do_key ('LIST_VALUES');&amp;#10;&amp;#10;END;"/>
         </Item>
         <Trigger Name="WHEN-NEW-BLOCK-INSTANCE" DirtyInfo="true" TriggerText="hide_view('C_SPECIALTYGROUP_CODE_LINKS');"/>
      </Block>
      <Block Name="SPECIALTYGROUP_CODE_LINKS" QueryDataSourceName="SPECIALTYGROUP_CODE_LINKS" RecordsBufferedCount="15" RecordsDisplayCount="15" DirtyInfo="true" RecordsFetchedCount="15" WhereClause="WHERE SPECIALTYGROUP_CODE = :WHICH_SPECIALTY_GROUP.SPECIALTY_GROUP_CODE" ScrollbarWidth="14" ScrollbarLength="135">
         <Item Name="SPECIALTYGROUP_CODE" ValidateFromList="false" EditXPosition="0" LovXPosition="0" EditYPosition="0" LovYPosition="0" DistanceBetweenRecords="0" ListStyle="Poplist" Width="240" MaximumLength="30" FixedLength="false" WrapStyle="Word" AutoSkip="false" CompressionQuality="None" XPosition="179" Required="false" YPosition="80" DatabaseItem="true" Bevel="Plain" AutoHint="false" CanvasName="" MultiLine="false" CaseInsensitiveQuery="false" CaseRestriction="Upper" CheckBoxOtherValues="Not Allowed" Height="14" ConcealData="false" SizingStyle="Crop" ShowHorizontalScrollbar="false" Iconic="false" TabPageName="" CopyValueFromItem="" DataType="Number" UpdateIfNull="false" PrimaryKey="false" DirtyInfo="true" KeepCursorPosition="false" VisualAttributeName="TEXT_ITEM_VA" DefaultButton="false" Visible="false" QueryLength="50" LockRecord="false" DisplayQuality="High" ShowVerticalScrollbar="false" TooltipVisualAttributeGroup="V7_VA_TOOLTIP" LovName="SPECIALTY_GROUP_CODES_LOV"/>
         <Item Name="SPECIALTY_USER_CODE" ValidateFromList="false" LovXPosition="0" LovYPosition="0" ListStyle="Poplist" Width="100" MaximumLength="15" WrapStyle="Word" AutoSkip="false" CompressionQuality="None" XPosition="26" YPosition="55" DatabaseItem="false" Bevel="Plain" AutoHint="false" CanvasName="C_SPECIALTYGROUP_CODE_LINKS" MultiLine="false" CaseInsensitiveQuery="false" CaseRestriction="Mixed" ParentType="29" CheckBoxOtherValues="Not Allowed" PrimaryKey="false" DirtyInfo="true" DefaultButton="false" QueryLength="0" DisplayQuality="High" EditXPosition="0" EditYPosition="0" DistanceBetweenRecords="0" FixedLength="false" Required="false" Height="14" ConcealData="false" SizingStyle="Crop" ShowHorizontalScrollbar="false" Iconic="false" CopyValueFromItem="" DataType="Char" ParentModule="MAPSGRPS" UpdateIfNull="false" ParentModuleType="12" ParentName="TEXT_ITEM_CLASS" KeepCursorPosition="false" VisualAttributeName="TEXT_ITEM_VA" ColumnName="" LockRecord="false" ShowVerticalScrollbar="false" TooltipVisualAttributeGroup="V7_VA_TOOLTIP" LovName="">
            <Trigger Name="WHEN-VALIDATE-ITEM" DirtyInfo="true" TriggerText="DECLARE&amp;#10;&amp;#10;  vb_specialty_ok&#x9;&#x9;&#x9;&#x9;&#x9;&#x9;&#x9;&#x9;boolean;&amp;#10;  &amp;#10;  CURSOR c_specialties IS &#x9;&#x9;  &amp;#10;  &#x9;select description,code&amp;#10;&#x9;&#x9;from codes &amp;#10;&#x9;&#x9;where code_type = 10025&amp;#10;&#x9;&#x9;and user_code = :SPECIALTYGROUP_CODE_LINKS.SPECIALTY_USER_CODE&amp;#10;&#x9;&#x9;and active_flag='Y';&amp;#10;&amp;#10;BEGIN&amp;#10;&amp;#10;&#x9;IF :SPECIALTYGROUP_CODE_LINKS.SPECIALTY_USER_CODE IS NULL THEN&amp;#10;    &#x9;:SPECIALTYGROUP_CODE_LINKS.SPECIALTY_CODE := null;&amp;#10;    &#x9;:SPECIALTYGROUP_CODE_LINKS.SPECIALTY_DESC := null;&amp;#10;&amp;#10;  ELSE&amp;#10;&amp;#10;    &#x9;OPEN c_specialties;&amp;#10;    &#x9;FETCH c_specialties INTO :SPECIALTYGROUP_CODE_LINKS.SPECIALTY_DESC, :SPECIALTYGROUP_CODE_LINKS.SPECIALTY_CODE;&amp;#10;&#x9;&#x9;&#x9;vb_specialty_ok := c_specialties%FOUND;&amp;#10;    &#x9;CLOSE c_specialties;&amp;#10;&amp;#10;    &#x9;IF NOT vb_specialty_ok THEN&amp;#10;      &#x9;&#x9;:SPECIALTYGROUP_CODE_LINKS.SPECIALTY_DESC := null;&amp;#10;      &#x9;&#x9;:SPECIALTYGROUP_CODE_LINKS.SPECIALTY_CODE := null;&amp;#10;    &#x9;    :SPECIALTYGROUP_CODE_LINKS.SPECIALTY_USER_CODE := null;&amp;#10;      &#x9;&#x9;display_alert('WARNING_ALERT',744);&amp;#10;      &#x9;&#x9;raise form_trigger_failure;&amp;#10;    &#x9;END IF;&amp;#10;&amp;#10;  END IF;&amp;#10;  &amp;#10;END;&amp;#10;&amp;#10;"/>
            <Trigger Name="KEY-LISTVAL" DirtyInfo="true" TriggerText="-- &amp;#10;-- show lov&amp;#10;--&amp;#10;--&amp;#10;DECLARE&amp;#10;vb_lov_status&#x9;&#x9;boolean;&amp;#10; &amp;#10;BEGIN&amp;#10;&amp;#10; &amp;#10;  vb_lov_status := SHOW_LOV('SPECIALTY_CODES_LOV');&amp;#10;&#x9;&amp;#10;&amp;#10;END;"/>
         </Item>
         <Item Name="SPECIALTY_CODE" ValidateFromList="false" EditXPosition="0" LovXPosition="0" EditYPosition="0" LovYPosition="0" DistanceBetweenRecords="0" ListStyle="Poplist" Width="93" MaximumLength="30" FixedLength="false" WrapStyle="Word" AutoSkip="false" CompressionQuality="None" XPosition="26" Required="true" YPosition="55" DatabaseItem="true" Bevel="Plain" AutoHint="false" CanvasName="" MultiLine="false" CaseInsensitiveQuery="false" CaseRestriction="Mixed" CheckBoxOtherValues="Not Allowed" Height="14" ConcealData="false" SizingStyle="Crop" ShowHorizontalScrollbar="false" Iconic="false" TabPageName="" CopyValueFromItem="" DataType="Number" UpdateIfNull="false" PrimaryKey="false" DirtyInfo="true" KeepCursorPosition="false" VisualAttributeName="TEXT_ITEM_VA" DefaultButton="false" Visible="false" ColumnName="SPECIALTY_CODE" QueryLength="0" LockRecord="false" DisplayQuality="High" ShowVerticalScrollbar="false" TooltipVisualAttributeGroup="V7_VA_TOOLTIP" LovName=""/>
         <Item Name="SPECIALTY_DESC" ValidateFromList="false" LovXPosition="0" LovYPosition="0" ListStyle="Poplist" Width="250" MaximumLength="80" WrapStyle="Word" AutoSkip="false" CompressionQuality="None" XPosition="128" YPosition="55" DatabaseItem="false" Bevel="Plain" AutoHint="false" CanvasName="C_SPECIALTYGROUP_CODE_LINKS" MultiLine="false" CaseInsensitiveQuery="false" CaseRestriction="Mixed" ParentType="29" CheckBoxOtherValues="Not Allowed" PrimaryKey="false" DirtyInfo="true" DefaultButton="false" QueryLength="0" DisplayQuality="High" EditName="" EditXPosition="0" EditYPosition="0" DistanceBetweenRecords="0" FixedLength="false" Required="false" FormatMask="" Height="14" ConcealData="false" SizingStyle="Crop" ShowHorizontalScrollbar="false" Iconic="false" CopyValueFromItem="" DataType="Char" ParentModule="MAPSGRPS" UpdateIfNull="false" ParentModuleType="12" ParentName="TEXT_ITEM_CLASS" KeepCursorPosition="false" VisualAttributeName="TEXT_ITEM_VA" ColumnName="" LockRecord="false" ShowVerticalScrollbar="false" TooltipVisualAttributeGroup="V7_VA_TOOLTIP" LovName=""/>
         <Item Name="CREATED_BY_USER" Enabled="true" DistanceBetweenRecords="0" Width="72" MaximumLength="30" CompressionQuality="None" XPosition="174" Required="true" YPosition="276" DatabaseItem="true" Bevel="Plain" CanvasName="" KeyboardNavigable="true" Height="14" Hint="Enter value for : AMEND_BY_USER" ShowHorizontalScrollbar="false" ItemType="Display Item" DataType="Number" UpdateAllowed="true" DirtyInfo="true" VisualAttributeName="DEFAULT" Label="Amend By User" QueryAllowed="true" Visible="true" QueryLength="42" ShowVerticalScrollbar="false" TooltipVisualAttributeGroup="V7_VA_TOOLTIP"/>
         <Item Name="CREATED_DATE" Enabled="true" DistanceBetweenRecords="0" MaximumLength="30" CompressionQuality="None" XPosition="246" Required="true" YPosition="276" DatabaseItem="true" Bevel="Plain" CanvasName="" KeyboardNavigable="true" ParentType="29" Hint="Enter value for : AMEND_LAST_DATE" ShowHorizontalScrollbar="false" ItemType="Display Item" UpdateAllowed="true" ParentModule="MAPSGRPS" ParentModuleType="12" ParentName="TEXT_ITEM_DATETIME_CLASS" DirtyInfo="true" Label="Amend Last Date" QueryAllowed="true" Visible="true" QueryLength="30" ShowVerticalScrollbar="false" TooltipVisualAttributeGroup="V7_VA_TOOLTIP"/>
         <Item Name="CREATED_BY_MODULE" Enabled="true" DistanceBetweenRecords="0" Width="72" MaximumLength="10" CompressionQuality="None" XPosition="312" YPosition="276" DatabaseItem="true" Bevel="Plain" CanvasName="" KeyboardNavigable="true" Height="14" Hint="Enter value for : AMEND_BY_MODULE" ShowHorizontalScrollbar="false" ItemType="Display Item" DataType="Char" UpdateAllowed="true" DirtyInfo="true" VisualAttributeName="DEFAULT" Label="Amend By Module" QueryAllowed="true" Visible="true" QueryLength="10" ShowVerticalScrollbar="false" TooltipVisualAttributeGroup="V7_VA_TOOLTIP"/>
         <Item Name="AMEND_BY_USER" Enabled="true" DistanceBetweenRecords="0" Width="72" MaximumLength="42" CompressionQuality="None" XPosition="174" Required="true" YPosition="276" DatabaseItem="true" Bevel="Plain" CanvasName="" KeyboardNavigable="true" Height="14" Hint="Enter value for : AMEND_BY_USER" ShowHorizontalScrollbar="false" ItemType="Display Item" DataType="Number" UpdateAllowed="true" DirtyInfo="true" VisualAttributeName="DEFAULT" Label="Amend By User" QueryAllowed="true" Visible="true" QueryLength="42" ShowVerticalScrollbar="false" TooltipVisualAttributeGroup="V7_VA_TOOLTIP"/>
         <Item Name="AMEND_LAST_DATE" Enabled="true" DistanceBetweenRecords="0" MaximumLength="30" CompressionQuality="None" XPosition="246" Required="true" YPosition="276" DatabaseItem="true" Bevel="Plain" CanvasName="" KeyboardNavigable="true" ParentType="29" Hint="Enter value for : AMEND_LAST_DATE" ShowHorizontalScrollbar="false" ItemType="Display Item" UpdateAllowed="true" ParentModule="MAPSGRPS" ParentModuleType="12" ParentName="TEXT_ITEM_DATETIME_CLASS" DirtyInfo="true" Label="Amend Last Date" QueryAllowed="true" Visible="true" QueryLength="30" ShowVerticalScrollbar="false" TooltipVisualAttributeGroup="V7_VA_TOOLTIP"/>
         <Item Name="AMEND_BY_MODULE" Enabled="true" DistanceBetweenRecords="0" Width="72" MaximumLength="10" CompressionQuality="None" XPosition="312" YPosition="276" DatabaseItem="true" Bevel="Plain" CanvasName="" KeyboardNavigable="true" Height="14" Hint="Enter value for : AMEND_BY_MODULE" ShowHorizontalScrollbar="false" ItemType="Display Item" DataType="Char" UpdateAllowed="true" DirtyInfo="true" VisualAttributeName="DEFAULT" Label="Amend By Module" QueryAllowed="true" Visible="true" QueryLength="10" ShowVerticalScrollbar="false" TooltipVisualAttributeGroup="V7_VA_TOOLTIP"/>
         <Item Name="SPECIALTY_LOV_BTN" Enabled="true" Width="19" FillPattern="transparent" CompressionQuality="None" XPosition="380" YPosition="55" AutoHint="false" ForegroundColor="black" MouseNavigate="true" CanvasName="C_SPECIALTYGROUP_CODE_LINKS" KeyboardNavigable="false" Height="14" ShowHorizontalScrollbar="false" Iconic="true" IconFilename="b_lov_b4" TabPageName="" ItemType="Push Button" DirtyInfo="true" VisualAttributeName="WEB_BTN" Label="" DefaultButton="false" Visible="true" ShowVerticalScrollbar="false" TooltipVisualAttributeGroup="V7_VA_TOOLTIP">
            <Trigger Name="WHEN-BUTTON-PRESSED" DirtyInfo="true" TriggerText="--&amp;#10;-- show lov&amp;#10;--&amp;#10;-- date&#x9;&#x9;&#x9;&#x9;by&#x9;&#x9;&#x9;&#x9;change&amp;#10;--&amp;#10;BEGIN&amp;#10;&#x9;&amp;#10;&#x9;IF :SYSTEM.CURSOR_ITEM != 'SPECIALTYGROUP_CODE_LINKS.SPECIALTY_USER_CODE' THEN&amp;#10;&#x9;&#x9;go_item ('SPECIALTYGROUP_CODE_LINKS.SPECIALTY_USER_CODE');&amp;#10;  END IF;&amp;#10;&amp;#10;  do_key ('LIST_VALUES');&amp;#10;&amp;#10;END;"/>
         </Item>
         <Trigger Name="KEY-CREREC" DirtyInfo="true" TriggerText="create_record;"/>
         <Trigger Name="PRE-INSERT" DirtyInfo="true" TriggerText="--&amp;#10;-- by             date       change&amp;#10;--&amp;#10;Declare&amp;#10;&#x9;&#x9;vd_sysdate DATE:=sysdate;&amp;#10;BEGIN&amp;#10;&amp;#10;&#x9;:SPECIALTYGROUP_CODE_LINKS.specialtygroup_code := :WHICH_SPECIALTY_GROUP.specialty_group_code;&amp;#10;&#x9;:SPECIALTYGROUP_CODE_LINKS.created_by_user := :global.user_id;&amp;#10;  :SPECIALTYGROUP_CODE_LINKS.created_date := vd_sysdate;&amp;#10;  :SPECIALTYGROUP_CODE_LINKS.created_by_module := 'MAPSGRPS';&amp;#10;  :SPECIALTYGROUP_CODE_LINKS.amend_by_user := :global.user_id;&amp;#10;  :SPECIALTYGROUP_CODE_LINKS.amend_last_date := vd_sysdate;&amp;#10;  :SPECIALTYGROUP_CODE_LINKS.amend_by_module := 'MAPSGRPS';&amp;#10;&amp;#10;END;"/>
         <Trigger Name="KEY-DELREC" DirtyInfo="true" TriggerText="delete_record;"/>
         <Trigger Name="POST-QUERY" DirtyInfo="true" TriggerText="BEGIN&amp;#10;&amp;#10;&#x9;&#x9;IF :SPECIALTYGROUP_CODE_LINKS.SPECIALTY_CODE IS NOT NULL THEN&amp;#10;&#x9;&#x9;&#x9;:SPECIALTYGROUP_CODE_LINKS.SPECIALTY_USER_CODE := oasis_package.get_user_code_using_code(:SPECIALTYGROUP_CODE_LINKS.SPECIALTY_CODE);&amp;#10;&#x9;&#x9;&#x9;:SPECIALTYGROUP_CODE_LINKS.SPECIALTY_DESC := oasis_package.get_code(:SPECIALTYGROUP_CODE_LINKS.SPECIALTY_CODE);&#x9;&amp;#10;&#x9;&#x9;END IF;&#x9;&amp;#10;&#x9;&#x9;&amp;#10;  &amp;#10;END;&amp;#10;&amp;#10;"/>
      </Block>
      <Block Name="BUTTONS" DirtyInfo="true" DatabaseBlock="false" ScrollbarWidth="14" ScrollbarLength="135">
         <Item Name="PB_SHOW_CODES" ValidateFromList="false" LovXPosition="0" Justification="Center" LovYPosition="0" ListStyle="Poplist" Width="86" MaximumLength="30" WrapStyle="Word" AutoSkip="false" CompressionQuality="None" XPosition="629" YPosition="78" DatabaseItem="false" Bevel="None" CanvasName="CNV_CONTENT" MultiLine="false" CaseInsensitiveQuery="false" CaseRestriction="Mixed" ParentType="29" CheckBoxOtherValues="Not Allowed" OtherValues="JOBEXES" PrimaryKey="false" DirtyInfo="true" QueryAllowed="true" QueryLength="30" DisplayQuality="High" EditXPosition="0" EditYPosition="0" DistanceBetweenRecords="0" FixedLength="false" Required="false" Height="15" ConcealData="false" SizingStyle="Crop" ShowHorizontalScrollbar="false" IconFilename="GOTO" InsertAllowed="false" ItemType="Display Item" DataType="Char" UpdateAllowed="true" ParentModule="MAPSGRPS" UpdateIfNull="false" ParentModuleType="12" ParentName="BUTTON_CLASS" KeepCursorPosition="false" VisualAttributeName="WEB_TEXT_BUTTON" Label="Job &amp;Type" LockRecord="false" ShowVerticalScrollbar="false" TooltipVisualAttributeGroup="V7_VA_TOOLTIP" LovName="">
            <Trigger Name="WHEN-MOUSE-CLICK" DirtyInfo="true" FireInQuery="true" TriggerText="--  name&#x9;&#x9;date&#x9;&#x9;&#x9;change&amp;#10;--  william Akin &#x9;22/03/1997&#x9;&#x9;created&amp;#10;oasis_when_mouse_click.when_mouse_click;&amp;#10;go_block('SPECIALTYGROUP_CODE_LINKS');&amp;#10;do_key ('execute_query');&amp;#10;&amp;#10;&amp;#10;&amp;#10;" DisplayInKeyboardHelp="false"/>
         </Item>
         <Trigger Name="WHEN-MOUSE-DOWN" DirtyInfo="true" TriggerText="SET_ITEM_PROPERTY(:SYSTEM.TRIGGER_ITEM,VISUAL_ATTRIBUTE,'WEB_TEXT_BUTTON_CLICK');"/>
         <Trigger Name="WHEN-MOUSE-UP" DirtyInfo="true" TriggerText="SET_ITEM_PROPERTY(:SYSTEM.TRIGGER_ITEM, VISUAL_ATTRIBUTE, 'WEB_TEXT_BUTTON');&amp;#10;DEFAULT_VALUE(NULL,'GLOBAL.LAST_ITEM');&amp;#10;IF :global.last_item IS NOT NULL THEN&amp;#10;&#x9;GO_ITEM(:global.last_item);&amp;#10;END IF;"/>
         <Trigger Name="KEY-CLRBLK" DirtyInfo="true" TriggerText="NULL;"/>
         <Trigger Name="KEY-CLRREC" DirtyInfo="true" TriggerText="NULL;"/>
         <Trigger Name="KEY-CLRFRM" DirtyInfo="true" TriggerText="NULL;"/>
         <Trigger Name="KEY-DELREC" DirtyInfo="true" TriggerText="NULL;"/>
         <Trigger Name="KEY-ENTQRY" DirtyInfo="true" TriggerText="NULL;"/>
         <Trigger Name="KEY-EXEQRY" DirtyInfo="true" TriggerText="NULL;"/>
         <Trigger Name="KEY-CREREC" DirtyInfo="true" TriggerText="NULL;"/>
         <Trigger Name="KEY-NXTREC" DirtyInfo="true" TriggerText="NULL;"/>
         <Trigger Name="KEY-PRVREC" DirtyInfo="true" TriggerText="NULL;"/>
         <Trigger Name="KEY-SCRDOWN" DirtyInfo="true" TriggerText="NULL;"/>
         <Trigger Name="KEY-SCRUP" DirtyInfo="true" TriggerText="NULL;"/>
         <Trigger Name="KEY-DOWN" DirtyInfo="true" TriggerText="NULL;"/>
         <Trigger Name="KEY-UP" DirtyInfo="true" TriggerText="NULL;"/>
         <Trigger Name="WHEN-NEW-ITEM-INSTANCE" DirtyInfo="true" TriggerText="NULL; -- To ensure the form level trigger does not fire for the buttons"/>
      </Block>
      <Block Name="TITLES" DirtyInfo="true" ScrollbarWidth="14" ScrollbarLength="135">
         <Item Name="DSP_TITLE" Justification="Start" TabPageName="" Width="350" MaximumLength="350" ParentModule="MAPSGRPS" XPosition="105" ParentModuleType="12" YPosition="3" DatabaseItem="false" ParentName="FORM_TITLE_CLASS" DirtyInfo="true" CanvasName="CNV_CONTENT" ParentType="29"/>
      </Block>
      <Block Name="LT_FUNCTIONS" DirtyInfo="true" DatabaseBlock="false" ScrollbarWidth="14" ScrollbarLength="135">
         <Item Name="IMG_FUNCTIONS" Prompt="Functions" TabPageName="" PromptAttachmentOffset="36" PromptAlignOffset="0" PromptFontSize="900" Width="16" ItemType="Image" ImageFormat="BMP" XPosition="79" YPosition="0" DatabaseItem="false" Bevel="None" PromptForegroundColor="Allscripts Link Blue" DirtyInfo="true" VisualAttributeName="MENU_TEXT_ITEMS_VA" PromptFontName="Arial" PromptFontStyle="Plain" PromptFontWeight="Bold" PromptFontSpacing="Normal" Height="14">
            <Trigger Name="WHEN-MOUSE-CLICK" DirtyInfo="true" TriggerText="HCI_UPGRADE.functions_when_mouse_click;"/>
         </Item>
         <Item Name="NAVIGATE_BUTTON" Justification="Start" TabPageName="" DistanceBetweenRecords="0" Width="80" ItemType="Display Item" PopupMenuName="BOILER_PLATE" ParentModule="MAPSGRPS" XPosition="5" ParentModuleType="12" YPosition="18" DatabaseItem="false" ParentName="MENU_ITEM_CLASS" Bevel="None" FontStyle="Plain" DirtyInfo="true" FontSpacing="Normal" KeyboardNavigable="false" ParentType="29">
            <Trigger Name="WHEN-MOUSE-CLICK" DirtyInfo="true" TriggerText="--&amp;#10;-- Steve Pusey 15/4/96&amp;#10;--&amp;#10;-- toggle between navigation and default menus&amp;#10;--&amp;#10;BEGIN&amp;#10;  oasis_when_mouse_click.when_mouse_click;&amp;#10;  oasis_menu.toggle_menu;&amp;#10;&amp;#10;END;"/>
         </Item>
         <Trigger Name="WHEN-NEW-BLOCK-INSTANCE" DirtyInfo="true" TriggerText="READ_IMAGE_FILE(hci_upgrade.g_image_directory || 'pas_expand_menu.gif', 'gif', 'LT_FUNCTIONS.IMG_FUNCTIONS');"/>
         <Trigger Name="WHEN-MOUSE-DOWN" DirtyInfo="true" TriggerText="SET_ITEM_PROPERTY(:SYSTEM.TRIGGER_ITEM,VISUAL_ATTRIBUTE,'WEB_TEXT_BUTTON_CLICK');"/>
         <Trigger Name="WHEN-MOUSE-UP" DirtyInfo="true" TriggerText="SET_ITEM_PROPERTY(:SYSTEM.TRIGGER_ITEM,VISUAL_ATTRIBUTE,'WEB_TEXT_BUTTON');"/>
         <Trigger Name="WHEN-NEW-ITEM-INSTANCE" DirtyInfo="true" TriggerText="NULL;"/>
      </Block>
      <Canvas Name="TOOLBAR_CANVAS" ViewportXPositionOnCanvas="0" ViewportYPositionOnCanvas="0" ShowHorizontalScrollbar="false" CanvasType="Horizontal Toolbar" Width="768" WindowName="MAIN_FORM_WINDOW" BackColor="patient_live_blue" Bevel="None" DirtyInfo="true" VisualAttributeName="BACKGROUND_CANVAS" Visible="true" ShowVerticalScrollbar="false" Height="64" ViewportHeight="24" ViewportXPosition="0" ViewportWidth="590" ViewportYPosition="0" RaiseOnEnter="false">
         <Graphics Name="BANNER_LINE" InternalLineWidth="227" Width="755" EdgeForegroundColor="gray16" EdgePattern="solid" JoinStyle="Bevel" XPosition="0" YPosition="63" GraphicsType="Line" HorizontalMargin="8" ScrollbarWidth="15" VerticalMargin="16" HorizontalObjectOffset="15" Height="0" StartPromptOffset="8"/>
      </Canvas>
      <Canvas Name="MAPS004" ViewportXPositionOnCanvas="0" ViewportYPositionOnCanvas="0" ShowHorizontalScrollbar="false" CanvasType="Content" Width="660" WindowName="MAIN_FORM_WINDOW" Bevel="None" DirtyInfo="true" VisualAttributeName="BACKGROUND_CANVAS_BLUE" Visible="true" ShowVerticalScrollbar="false" Height="80" ViewportHeight="355" ViewportXPosition="0" ViewportWidth="590" ViewportYPosition="0" RaiseOnEnter="false"/>
      <Canvas Name="C_SPECIALTYGROUP_CODE_LINKS" ViewportXPositionOnCanvas="0" ViewportYPositionOnCanvas="0" ShowHorizontalScrollbar="false" Width="660" WindowName="MAIN_FORM_WINDOW" ParentModule="MAPSGRPS" ParentModuleType="12" ParentName="STACKED_CANVAS_CLASS" Bevel="None" DirtyInfo="true" VisualAttributeName="BACKGROUND_CANVAS" DisplayViewport="true" ParentType="29" ShowVerticalScrollbar="false" Height="315" ViewportHeight="315" ViewportXPosition="95" ViewportWidth="660" ViewportYPosition="120" RaiseOnEnter="false">
         <Graphics Name="GRAPHIC386" InternalLineWidth="113" Width="355" EdgeForegroundColor="gray16" EdgePattern="solid" JoinStyle="Bevel" BackColor="Line Green" XPosition="44" YPosition="27" Bevel="None" DirtyInfo="true" ForegroundColor="white" GraphicsType="Line" HorizontalMargin="7" ScrollbarWidth="14" VerticalMargin="14" HorizontalObjectOffset="14" Height="0" StartPromptOffset="7"/>
         <Graphics Name="SECTION_CIRCLE_2" Width="15" Dither="false" ClipWidth="15" ImageFilename="MAPSGRPS_C_SPECIALTYGROUP_CODE_LINKS_SECTION_CIRCLE_2.tif" ClipHeight="15" XPosition="60" YPosition="133" DirtyInfo="true" GraphicsType="Image" HorizontalMargin="8" ScrollbarWidth="15" VerticalMargin="16" HorizontalObjectOffset="15" Height="15" StartPromptOffset="8"/>
         <Graphics Name="SECTION_NO_2" Width="5" FillPattern="none" EdgePattern="none" JoinStyle="Bevel" BackColor="Black" XPosition="73" WrapText="false" YPosition="135" BoundingBoxScalable="false" Bevel="None" HorizontalOrigin="Right" HorizontalJustification="Start" ForegroundColor="darkcyan" GraphicsFontWeight="Medium" GraphicsFontSpacing="Normal" GraphicsType="Text" ScrollbarWidth="14" Height="11" GraphicsFontName="Arial" GraphicsFontSize="900" GraphicsFontStyle="0" GraphicsText="2" DirtyInfo="true" GraphicsFontColor="Black" GraphicsFontColorCode="0" HorizontalMargin="7" VerticalMargin="14" HorizontalObjectOffset="14" StartPromptOffset="7">
            <CompoundText Name="CMPTXT1848">
               <TextSegment Name="TEXTSTR1849" FontName="Arial" FontSize="900" FontStyle="Plain" DirtyInfo="true" FontWeight="Medium" FontSpacing="Normal" ForegroundColor="Black" Text="2"/>
            </CompoundText>
         </Graphics>
         <Graphics Name="GRAPHIC408" Width="15" Dither="false" ClipWidth="15" ImageFilename="MAPSGRPS_C_SPECIALTYGROUP_CODE_LINKS_GRAPHIC408.tif" ClipHeight="15" XPosition="60" YPosition="133" DirtyInfo="true" GraphicsType="Image" HorizontalMargin="8" ScrollbarWidth="15" VerticalMargin="16" HorizontalObjectOffset="15" Height="15" StartPromptOffset="8"/>
         <Graphics Name="GRAPHIC409" Width="5" FillPattern="none" EdgePattern="none" JoinStyle="Bevel" BackColor="Black" XPosition="73" WrapText="false" YPosition="135" BoundingBoxScalable="false" Bevel="None" HorizontalOrigin="Right" HorizontalJustification="Start" ForegroundColor="darkcyan" GraphicsFontWeight="Medium" GraphicsFontSpacing="Normal" GraphicsType="Text" ScrollbarWidth="14" Height="11" GraphicsFontName="Arial" GraphicsFontSize="900" GraphicsFontStyle="0" GraphicsText="2" DirtyInfo="true" GraphicsFontColor="Black" GraphicsFontColorCode="0" HorizontalMargin="7" VerticalMargin="14" HorizontalObjectOffset="14" StartPromptOffset="7">
            <CompoundText Name="CMPTXT1848">
               <TextSegment Name="TEXTSTR1849" FontName="Arial" FontSize="900" FontStyle="Plain" DirtyInfo="true" FontWeight="Medium" FontSpacing="Normal" ForegroundColor="Black" Text="2"/>
            </CompoundText>
         </Graphics>
         <Graphics Name="GRAPHIC410" Width="15" Dither="false" ClipWidth="15" ImageFilename="MAPSGRPS_C_SPECIALTYGROUP_CODE_LINKS_GRAPHIC410.tif" ClipHeight="15" XPosition="24" YPosition="11" DirtyInfo="true" GraphicsType="Image" HorizontalMargin="8" ScrollbarWidth="15" VerticalMargin="16" HorizontalObjectOffset="15" Height="15" StartPromptOffset="8"/>
         <Graphics Name="GRAPHIC411" Width="5" FillPattern="none" EdgePattern="none" JoinStyle="Bevel" BackColor="Black" XPosition="34" WrapText="false" YPosition="12" BoundingBoxScalable="false" Bevel="None" HorizontalOrigin="Right" HorizontalJustification="Start" ForegroundColor="darkcyan" GraphicsFontWeight="Medium" GraphicsFontSpacing="Normal" GraphicsType="Text" ScrollbarWidth="14" Height="11" GraphicsFontName="Arial" GraphicsFontSize="900" GraphicsFontStyle="0" GraphicsText="2" DirtyInfo="true" GraphicsFontColor="Black" GraphicsFontColorCode="0" HorizontalMargin="7" VerticalMargin="14" HorizontalObjectOffset="14" StartPromptOffset="7">
            <CompoundText Name="CMPTXT1848">
               <TextSegment Name="TEXTSTR1849" FontName="Arial" FontSize="900" FontStyle="Plain" DirtyInfo="true" FontWeight="Medium" FontSpacing="Normal" ForegroundColor="Black" Text="2"/>
            </CompoundText>
         </Graphics>
      </Canvas>
      <Canvas Name="CNV_CONTENT" BackColor="white" Bevel="None" DirtyInfo="true" ForegroundColor="black" Width="755" WindowName="MAIN_FORM_WINDOW" Height="415" ViewportHeight="324" ViewportWidth="540">
         <Graphics Name="GRAPHIC387" InternalLineWidth="113" Width="575" EdgeForegroundColor="gray16" EdgePattern="solid" JoinStyle="Bevel" BackColor="Line Green" XPosition="139" YPosition="65" Bevel="None" DirtyInfo="true" ForegroundColor="white" GraphicsType="Line" HorizontalMargin="7" ScrollbarWidth="14" VerticalMargin="14" HorizontalObjectOffset="14" Height="0" StartPromptOffset="7"/>
         <Graphics Name="SECTION_CIRCLE_1" Width="15" Dither="false" ClipWidth="15" ImageFilename="MAPSGRPS_CNV_CONTENT_SECTION_CIRCLE_1.tif" ClipHeight="15" XPosition="119" YPosition="47" DirtyInfo="true" GraphicsType="Image" HorizontalMargin="8" ScrollbarWidth="15" VerticalMargin="16" HorizontalObjectOffset="15" Height="15" StartPromptOffset="8"/>
         <Graphics Name="SECTION_NO_1" Width="14" FillPattern="none" EdgePattern="none" JoinStyle="Bevel" BackColor="Side Green" XPosition="129" WrapText="false" YPosition="48" BoundingBoxScalable="false" Bevel="None" HorizontalOrigin="Right" HorizontalJustification="Center" ForegroundColor="darkcyan" GraphicsFontWeight="Medium" GraphicsFontSpacing="Normal" GraphicsType="Text" ScrollbarWidth="14" Height="12" GraphicsFontName="Arial" GraphicsFontSize="900" GraphicsFontStyle="0" GraphicsText="1" DirtyInfo="true" GraphicsFontColor="Black" GraphicsFontColorCode="0" HorizontalMargin="7" VerticalMargin="14" HorizontalObjectOffset="14" StartPromptOffset="7">
            <CompoundText Name="CMPTXT207">
               <TextSegment Name="TEXTSTR208" FontName="Arial" FontSize="900" FontStyle="Plain" DirtyInfo="true" FontWeight="Medium" FontSpacing="Normal" ForegroundColor="Black" Text="1"/>
            </CompoundText>
         </Graphics>
      </Canvas>
      <Canvas Name="CNV_HIDE" Bevel="None" DirtyInfo="true" Width="800" Visible="false" WindowName="MAIN_FORM_WINDOW" Height="410" ViewportHeight="324" ViewportWidth="540">
         <Graphics Name="SECTION_LINE1" InternalLineWidth="113" Width="251" EdgeForegroundColor="Line Green" EdgePattern="solid" JoinStyle="Bevel" BackColor="Line Green" XPosition="96" YPosition="60" Bevel="None" DirtyInfo="true" ForegroundColor="white" GraphicsType="Line" HorizontalMargin="7" ScrollbarWidth="14" VerticalMargin="14" HorizontalObjectOffset="14" Height="0" StartPromptOffset="7"/>
         <Graphics Name="BLUE_CIRCLE1" Width="21" Dither="false" ClipWidth="21" ImageFilename="MAPSGRPS_CNV_HIDE_BLUE_CIRCLE1.tif" ClipHeight="19" XPosition="347" YPosition="42" DirtyInfo="true" GraphicsType="Image" HorizontalMargin="7" ScrollbarWidth="14" VerticalMargin="14" HorizontalObjectOffset="14" Height="19" StartPromptOffset="7"/>
         <Graphics Name="SECTION_NUMBER1" Width="13" FillPattern="none" EdgePattern="none" JoinStyle="Bevel" BackColor="Side Green" XPosition="361" WrapText="false" YPosition="47" BoundingBoxScalable="false" Bevel="None" HorizontalOrigin="Right" HorizontalJustification="Center" ForegroundColor="darkcyan" GraphicsFontWeight="Bold" GraphicsFontSpacing="Normal" GraphicsType="Text" ScrollbarWidth="14" Height="11" GraphicsFontName="Arial" GraphicsFontSize="1000" GraphicsFontStyle="0" GraphicsText="1" DirtyInfo="true" GraphicsFontColor="white" GraphicsFontColorCode="1" HorizontalMargin="7" VerticalMargin="14" HorizontalObjectOffset="14" StartPromptOffset="7">
            <CompoundText Name="CMPTXT207">
               <TextSegment Name="TEXTSTR208" FontName="Arial" FontSize="1000" FontStyle="Plain" DirtyInfo="true" FontWeight="Bold" FontSpacing="Normal" ForegroundColor="white" Text="1"/>
            </CompoundText>
         </Graphics>
      </Canvas>
      <ModuleParameter Name="P_TEMPLATE" DirtyInfo="true" Comment="Used by ABOUT_FORM window, the template used to create this form" ParameterInitializeValue="TEMPLATE_V11"/>
      <ModuleParameter Name="P_VERSION" DirtyInfo="true" Comment="Used by ABOUT_FORM window, the form version, update after each update" ParameterInitializeValue="1"/>
      <ModuleParameter Name="P_DATE" DirtyInfo="true" Comment="Used by ABOUT_FORM window, the date the form was last updated, update after each update" ParameterInitializeValue="25-Jul-2017"/>
      <ModuleParameter Name="API_VERSION" ParameterInitializeValue="V2.3"/>
      <ModuleParameter Name="P_BREADCRUMB"/>
      <ModuleParameter Name="P_RELEASE" ParentModule="PAS_RELEASE" ParentModuleType="25" ParentName="P_RELEASE" ParentFilename="pas_release.olb" DirtyInfo="true" ParentFilepath="" ParentType="13"/>
      <LOV Name="SPECIALTY_GROUP_CODES_LOV" ListType="Record Group" Width="550" RecordGroupName="SPECIALTY_GROUP_CODES_RG" AutoSelect="false" AutoDisplay="false" AutoRefresh="true" AutoSkip="true" XPosition="25" YPosition="125" DirtyInfo="true" VisualAttributeName="TEXT_ITEM_VA_LOV" FilterBeforeDisplay="false" Height="273">
         <LOVColumnMapping Name="DESCRIPTION" ReturnItem="WHICH_SPECIALTY_GROUP.SPECIALTY_GROUP_DESC" DirtyInfo="true" Title="Description" DisplayWidth="150"/>
         <LOVColumnMapping Name="USER_CODE" ReturnItem="WHICH_SPECIALTY_GROUP.SPECIALTY_GROUP_USER_CODE" DirtyInfo="true" Title="User Code" DisplayWidth="100"/>
         <LOVColumnMapping Name="CODE" ReturnItem="WHICH_SPECIALTY_GROUP.SPECIALTY_GROUP_CODE" DirtyInfo="true" Title="Code" DisplayWidth="50"/>
      </LOV>
      <LOV Name="SPECIALTY_CODES_LOV" ListType="Record Group" Width="550" RecordGroupName="SPECIALTY_CODES_RG" AutoSelect="false" AutoDisplay="false" AutoRefresh="true" AutoSkip="true" XPosition="25" YPosition="125" DirtyInfo="true" VisualAttributeName="TEXT_ITEM_VA_LOV" FilterBeforeDisplay="false" Height="273">
         <LOVColumnMapping Name="DESCRIPTION" ReturnItem="SPECIALTYGROUP_CODE_LINKS.SPECIALTY_DESC" DirtyInfo="true" Title="Description" DisplayWidth="150"/>
         <LOVColumnMapping Name="USER_CODE" ReturnItem="SPECIALTYGROUP_CODE_LINKS.SPECIALTY_USER_CODE" DirtyInfo="true" Title="User Code" DisplayWidth="100"/>
         <LOVColumnMapping Name="CODE" ReturnItem="SPECIALTYGROUP_CODE_LINKS.SPECIALTY_CODE" DirtyInfo="true" Title="Code" DisplayWidth="50"/>
      </LOV>
      <Menu Name="BOILER_PLATE" DirtyInfo="true">
         <MenuItem Name="CHANGE_PROMPT" DirtyInfo="true" Label="Change Prompt" MenuItemCode="message('Change Boilerplate prompt');pause;"/>
      </Menu>
      <ProgramUnit Name="INIT_FORM" ProgramUnitText="PACKAGE init_form IS&amp;#10;--&amp;#10;-- steve pusey 2/5/1996&amp;#10;--&amp;#10;-- program units to initialise form&amp;#10;--&amp;#10;&amp;#10;---------------------------------------------------------------------------------------&amp;#10;-- EXTERNAL PACKAGE VARIABLES&amp;#10;---------------------------------------------------------------------------------------&amp;#10;&amp;#10;---------------------------------------------------------------------------------------&amp;#10;-- EXTERNAL PROGRAM UNITS (DECLARATION) &amp;#10;---------------------------------------------------------------------------------------&amp;#10;&amp;#10;  procedure init_form;&amp;#10;&amp;#10;END init_form;" ProgramUnitType="Package Spec"/>
      <ProgramUnit Name="INIT_FORM" ProgramUnitText="PACKAGE BODY init_form IS&amp;#10;--&amp;#10;-- steve pusey 2/5/1996&amp;#10;--&amp;#10;-- program units to initialise form&amp;#10;--&amp;#10;-- add code to init_form and init_format_masks program units, add other init procs to the&amp;#10;-- init_form procedure, for example if you write a procedure called init_toolbar then add &amp;#10;-- this to the init_form procedure. The init_form procedure is called from the &amp;#10;-- WHEN-NEW-FORM-INSTANCE trigger&amp;#10;--&amp;#10;&amp;#10;---------------------------------------------------------------------------------------&amp;#10;-- INTERNAL PACKAGE VARIABLES &amp;#10;---------------------------------------------------------------------------------------&amp;#10;&amp;#10;---------------------------------------------------------------------------------------&amp;#10;-- INTERNAL PROGRAM UNITS (DECLARATION)&amp;#10;---------------------------------------------------------------------------------------&amp;#10;&amp;#10;  procedure init_list_items;&amp;#10;  procedure init_format_masks;&amp;#10;&amp;#10;---------------------------------------------------------------------------------------&amp;#10;-- PROGRAM UNITS (CODE)&amp;#10;---------------------------------------------------------------------------------------&amp;#10;&amp;#10;-- ##########################################################################################&amp;#10;&amp;#10;  procedure init_list_items is&amp;#10;  --&amp;#10;  -- initialise list items&amp;#10;  --&amp;#10;  -- date&#x9;by&#x9;&#x9;change&amp;#10;  -- 2/5/1996   Steve Pusey&#x9;Creation of template procedure&amp;#10;  --&amp;#10;  BEGIN&amp;#10;&amp;#10;    -- cut &amp; paste this code&amp;#10;    -- populate_poplist_from_codes ('BLOCK.ITEM', &lt;CODE_TYPE>);&amp;#10;&amp;#10;    null;&amp;#10;  &amp;#10;  END init_list_items;&amp;#10;&amp;#10;-- ##########################################################################################&amp;#10;&amp;#10;  procedure init_format_masks is&amp;#10;  --&amp;#10;  -- set the format masks for date, datetime, and numeric items&amp;#10;  --&amp;#10;  -- date&#x9;by&#x9;&#x9;change&amp;#10;  -- 2/5/1996   Steve Pusey&#x9;Creation of template procedure&amp;#10;  --&amp;#10;  BEGIN&amp;#10;&amp;#10;    -- copy &amp; paste this line&amp;#10;    -- set_format_mask ('BLOCK.ITEM');&amp;#10;    &#x9;&amp;#10;&#x9;null;&amp;#10;   &amp;#10;  END init_format_masks;&amp;#10;&amp;#10;-- ##########################################################################################&amp;#10;&amp;#10;  procedure init_form is&amp;#10;  --&amp;#10;  -- initialise form&amp;#10;  --&amp;#10;  -- date&#x9;by&#x9;&#x9;change&amp;#10;  -- 2/5/1996   Steve Pusey&#x9;Creation of template procedure&amp;#10;  --&amp;#10;  BEGIN&amp;#10;&amp;#10;    init_list_items;&amp;#10;    init_format_masks;&amp;#10;&amp;#10;    &amp;#10;  END init_form;&amp;#10;&amp;#10;-- ##########################################################################################&amp;#10;&amp;#10;END init_form;" ProgramUnitType="Package Body"/>
      <PropertyClass Name="BUTTON_CLASS" ParentModule="PAS_OLD" ParentModuleType="25" ParentName="BUTTON_CLASS" ParentFilename="pas_old.olb" ParentFilepath="" ParentType="29"/>
      <PropertyClass Name="OK_BUTTON_CLASS" ParentModule="PAS_OLD" ParentModuleType="25" ParentName="OK_BUTTON_CLASS" ParentFilename="pas_old.olb" ParentFilepath="" ParentType="29"/>
      <PropertyClass Name="CANCEL_BUTTON_CLASS" ParentModule="PAS_OLD" ParentModuleType="25" ParentName="CANCEL_BUTTON_CLASS" ParentFilename="pas_old.olb" ParentFilepath="" ParentType="29"/>
      <PropertyClass Name="TOOLBAR_BUTTON_CLASS" ParentModule="PAS_OLD" ParentModuleType="25" ParentName="TOOLBAR_BUTTON_CLASS" ParentFilename="pas_old.olb" ParentFilepath="" ParentType="29"/>
      <PropertyClass Name="GOTO_BUTTON_CLASS" ParentModule="PAS_OLD" ParentModuleType="25" ParentName="GOTO_BUTTON_CLASS" ParentFilename="pas_old.olb" ParentFilepath="" ParentType="29"/>
      <PropertyClass Name="GOBACK_BUTTON_CLASS" ParentModule="PAS_OLD" ParentModuleType="25" ParentName="GOBACK_BUTTON_CLASS" ParentFilename="pas_old.olb" ParentFilepath="" ParentType="29"/>
      <PropertyClass Name="LOV_BUTTON_CLASS" ParentModule="PAS_OLD" ParentModuleType="25" ParentName="LOV_BUTTON_CLASS" ParentFilename="pas_old.olb" ParentFilepath="" ParentType="29"/>
      <PropertyClass Name="BPT_CLASS" ParentModule="PAS_OLD" ParentModuleType="25" ParentName="BPT_CLASS" ParentFilename="pas_old.olb" ParentFilepath="" ParentType="29"/>
      <PropertyClass Name="BPT_BLUE_CLASS" ParentModule="PAS_OLD" ParentModuleType="25" ParentName="BPT_BLUE_CLASS" ParentFilename="pas_old.olb" ParentFilepath="" ParentType="29"/>
      <PropertyClass Name="BPT_GREY_CLASS" ParentModule="PAS_OLD" ParentModuleType="25" ParentName="BPT_GREY_CLASS" ParentFilename="pas_old.olb" ParentFilepath="" ParentType="29"/>
      <PropertyClass Name="TEXT_ITEM_CLASS" ParentModule="PAS_OLD" ParentModuleType="25" ParentName="TEXT_ITEM_CLASS" ParentFilename="pas_old.olb" ParentFilepath="" ParentType="29"/>
      <PropertyClass Name="TEXT_ITEM_DATE_CLASS" ParentModule="PAS_OLD" ParentModuleType="25" ParentName="TEXT_ITEM_DATE_CLASS" ParentFilename="pas_old.olb" ParentFilepath="" ParentType="29"/>
      <PropertyClass Name="TEXT_ITEM_NUMBER_CLASS" ParentModule="PAS_OLD" ParentModuleType="25" ParentName="TEXT_ITEM_NUMBER_CLASS" ParentFilename="pas_old.olb" ParentFilepath="" ParentType="29"/>
      <PropertyClass Name="TEXT_ITEM_DATETIME_CLASS" ParentModule="PAS_OLD" ParentModuleType="25" ParentName="TEXT_ITEM_DATETIME_CLASS" ParentFilename="pas_old.olb" ParentFilepath="" ParentType="29"/>
      <PropertyClass Name="DISPLAY_ITEM_CLASS" ParentModule="PAS_OLD" ParentModuleType="25" ParentName="DISPLAY_ITEM_CLASS" ParentFilename="pas_old.olb" ParentFilepath="" ParentType="29"/>
      <PropertyClass Name="STACKED_CANVAS_CLASS" ParentModule="PAS_OLD" ParentModuleType="25" ParentName="STACKED_CANVAS_CLASS" ParentFilename="pas_old.olb" ParentFilepath="" ParentType="29"/>
      <PropertyClass Name="WINDOW_CLASS" ParentModule="PAS_OLD" ParentModuleType="25" ParentName="WINDOW_CLASS" ParentFilename="pas_old.olb" ParentFilepath="" ParentType="29"/>
      <PropertyClass Name="ID_CLASS" ParentModule="PAS_OLD" ParentModuleType="25" ParentName="ID_CLASS" ParentFilename="pas_old.olb" ParentFilepath="" ParentType="29"/>
      <PropertyClass Name="FORM_TITLE_CLASS" ParentModule="PAS_CUI" ParentModuleType="25" ParentName="FORM_TITLE_CLASS" ParentFilename="pas_cui.olb" DirtyInfo="true" ParentFilepath="" ItemType="Display Item" ParentType="29"/>
      <PropertyClass Name="SECTION_TITLE_CLASS" ParentModule="PAS_CUI" ParentModuleType="25" ParentName="SECTION_TITLE_CLASS" ParentFilename="pas_cui.olb" DirtyInfo="true" ParentFilepath="" ItemType="Display Item" ParentType="29"/>
      <PropertyClass Name="BACKGROUND_LINK_BOX_CLASS" ParentModule="PAS_CUI" ParentModuleType="25" ParentName="BACKGROUND_LINK_BOX_CLASS" ParentFilename="pas_cui.olb" DirtyInfo="true" ParentFilepath="" ParentType="29"/>
      <PropertyClass Name="CUI_DATE_INPUT" ParentModule="PAS_CUI" ParentModuleType="25" ParentName="CUI_DATE_INPUT" ParentFilename="pas_cui.olb" DirtyInfo="true" ParentFilepath="" ParentType="29"/>
      <PropertyClass Name="CUI_DATE_DISP" ParentModule="PAS_CUI" ParentModuleType="25" ParentName="CUI_DATE_DISP" ParentFilename="pas_cui.olb" DirtyInfo="true" ParentFilepath="" ParentType="29"/>
      <PropertyClass Name="CUI_DATETIME_INPUT" ParentModule="PAS_CUI" ParentModuleType="25" ParentName="CUI_DATETIME_INPUT" ParentFilename="pas_cui.olb" DirtyInfo="true" ParentFilepath="" ParentType="29"/>
      <PropertyClass Name="CUI_DATETIME_DISP" ParentModule="PAS_CUI" ParentModuleType="25" ParentName="CUI_DATETIME_DISP" ParentFilename="pas_cui.olb" DirtyInfo="true" ParentFilepath="" ParentType="29"/>
      <PropertyClass Name="MENU_ITEM_CLASS" ParentModule="PAS_CUI" ParentModuleType="25" ParentName="MENU_ITEM_CLASS" ParentFilename="pas_cui.olb" DirtyInfo="true" ParentFilepath="" ParentType="29"/>
      <RecordGroup Name="SPECIALTY_GROUP_CODES_RG" DirtyInfo="true" RecordGroupFetchSize="0" RecordGroupQuery="select description,user_code,code from codes where code_type = 10903 and active_flag='Y'" RecordGroupType="Query">
         <RecordGroupColumn Name="DESCRIPTION" DirtyInfo="true" ColumnDataType="Character" MaximumLength="80" DataLengthSemantics="CHAR"/>
         <RecordGroupColumn Name="USER_CODE" DirtyInfo="true" ColumnDataType="Character" MaximumLength="15" DataLengthSemantics="CHAR"/>
         <RecordGroupColumn Name="CODE" DirtyInfo="true" ColumnDataType="Number" MaximumLength="23" DataLengthSemantics="Null"/>
      </RecordGroup>
      <RecordGroup Name="SPECIALTY_CODES_RG" DirtyInfo="true" RecordGroupFetchSize="0" RecordGroupQuery="select description,user_code,code from codes &amp;#10;where code_type = 10025 &amp;#10;and active_flag='Y' &amp;#10;and user_code &lt;> '*SPEC'&amp;#10;AND NOT EXISTS (SELECT 1 FROM  specialtygroup_code_links scl&amp;#10;                WHERE scl.specialty_code = code&amp;#10;                AND scl.specialtygroup_code &lt;> :which_specialty_group.specialty_group_code&amp;#10;                ) " RecordGroupType="Query">
         <RecordGroupColumn Name="DESCRIPTION" DirtyInfo="true" ColumnDataType="Character" MaximumLength="80" DataLengthSemantics="BYTE"/>
         <RecordGroupColumn Name="USER_CODE" DirtyInfo="true" ColumnDataType="Character" MaximumLength="15" DataLengthSemantics="BYTE"/>
         <RecordGroupColumn Name="CODE" DirtyInfo="true" ColumnDataType="Number" MaximumLength="23" DataLengthSemantics="Null"/>
      </RecordGroup>
      <Trigger Name="WHEN-NEW-ITEM-INSTANCE" DirtyInfo="true" FireInQuery="true" TriggerText="/* This trigger activates the hint message for the associated item */&amp;#10;begin&amp;#10;  --display_text_hint;&amp;#10;  :global.last_item:=:system.trigger_item;&amp;#10;end;" DisplayInKeyboardHelp="false"/>
      <Trigger Name="WHEN-NEW-FORM-INSTANCE" TriggerText="--&amp;#10;-- fires when form is entered, PRE-FORM fires before this trigger&amp;#10;--&amp;#10;-- Date&#x9;&#x9;by &#x9;&#x9;change&amp;#10;-- 10/1994&#x9;David Massie&#x9;Creation&amp;#10;-- 1995&#x9;&#x9;Nagy Tharwat&#x9;Upgrade to v9 - moved code into library procedure&amp;#10;-- 2/5/1996&#x9;Steve Pusey&#x9;Upgrade to V10 &amp;#10;--&#x9;&#x9;&#x9;&#x9;- versions into oasis_new_form_instance&amp;#10;--&#x9;&#x9;&#x9;&#x9;- Tidied code and added comments&amp;#10;--&amp;#10;&amp;#10;DECLARE&amp;#10;&amp;#10;  v_error_no             number(4); -- returned from oasis_new_form_instance&amp;#10;&amp;#10;BEGIN&amp;#10;&amp;#10;  -- version 2 form (gets bpt and window titles fromm files)&amp;#10;  oasis_new_form_instance_v2(v_error_no, 2); &amp;#10;&amp;#10;  if v_error_no > 0 then&amp;#10;    display_alert ('ERROR_ALERT', v_error_no);&amp;#10;    exit_form (NO_VALIDATE);&amp;#10;  end if;&amp;#10;&amp;#10;-- *** Insert additional code into init_form package ***&amp;#10;&amp;#10;  init_form.init_form;&amp;#10;  hci_upgrade.pr_initialise_images;&amp;#10;&amp;#10;END;"/>
      <Trigger Name="PRE_BLOCK" DirtyInfo="true" FireInQuery="true" TriggerText="/* This trigger resets the 40352_count global to allow the Last line of query message to be displayed */&amp;#10;begin&amp;#10;  :GLOBAL.40352_COUNT := 0;&amp;#10;end;" DisplayInKeyboardHelp="false"/>
      <Trigger Name="PRE_QUERY" DirtyInfo="true" FireInQuery="true" TriggerText="/* This trigger resets the 40352_count global to allow the Last line of query message to be displayed */&amp;#10;begin&amp;#10;  :GLOBAL.40352_COUNT := 0;&amp;#10;end;" DisplayInKeyboardHelp="false"/>
      <Trigger Name="ON_MESSAGE" DirtyInfo="true" FireInQuery="true" TriggerText="/* This trigger traps the multiple FRM-40352 messages produced when a user uses a scrollbar to move past the bottom of a multiline block */&amp;#10;declare&amp;#10;  mssgnum   number       := message_code;&amp;#10;  mssgtxt   varchar2(80) := message_text;&amp;#10;  mssgtyp   varchar2(3)  := message_type;&amp;#10;begin&amp;#10;  default_value('0','GLOBAL.40352_COUNT');&amp;#10;  if mssgnum = 40352 then&amp;#10;    if :GLOBAL.40352_COUNT = 0 then&amp;#10;      message(mssgtyp||'-'||to_char(mssgnum)||': '||mssgtxt);&amp;#10;      :GLOBAL.40352_COUNT := 1;&amp;#10;      raise form_trigger_failure;&amp;#10;    else&amp;#10;      raise form_trigger_failure;&amp;#10;    end if;&amp;#10;  else&amp;#10;    message(mssgtyp||'-'||to_char(mssgnum)||': '||mssgtxt);&amp;#10;    raise form_trigger_failure;&amp;#10;  end if;&amp;#10;end;&amp;#10;" DisplayInKeyboardHelp="false"/>
      <Trigger Name="KEY-EXIT" DirtyInfo="true" FireInQuery="true" TriggerText="--NAME&#x9;&#x9;&#x9;DATE&#x9;&#x9;CHANGE&amp;#10;--William&#x9;&#x9;21/03/1997&#x9;created&amp;#10;&amp;#10;&amp;#10;BEGIN&amp;#10;   &amp;#10;  oasis_exit_form;&amp;#10;&amp;#10;END;" DisplayInKeyboardHelp="false"/>
      <Trigger Name="WHEN-WINDOW-CLOSED" DirtyInfo="true" FireInQuery="true" TriggerText="/* This trigger ensures proper navigation when a window is closed using the windows close function */&amp;#10;begin&amp;#10;  :GLOBAL.WINDOW_NAME := get_view_property(get_item_property(:SYSTEM.CURSOR_ITEM,&amp;#10;     item_canvas), window_name);&amp;#10;  hide_window(:GLOBAL.WINDOW_NAME);&amp;#10;  erase('GLOBAL.WINDOW_NAME');&amp;#10;end;&amp;#10;" DisplayInKeyboardHelp="false"/>
      <Trigger Name="POST-FORM" DirtyInfo="true" FireInQuery="true" TriggerText="/* This trigger clears the Global variables used within the form */&amp;#10;begin&amp;#10;&#x9;sqa_exit_handler;&amp;#10;  erase('GLOBAL.ROOT_WINDOW_NAME');&amp;#10;  erase('global.last_item');&amp;#10;end;&amp;#10;" DisplayInKeyboardHelp="false"/>
      <Trigger Name="WHEN-TIMER-EXPIRED" TriggerText="/* This trigger calls the Button_Hint procedure which queries the DB for the button hint&amp;#10;    which it then displays in the MDI Window title, the timer expires one half second after the&amp;#10;    mouse arrow enters a button.  The hint remains displayed for as long as the mouse &#x9;&amp;#10;    arrow remains on the button.*/&amp;#10;&amp;#10;    Button_hint;"/>
      <Trigger Name="WHEN-MOUSE-CLICK" TriggerText="--&amp;#10;-- call stdlib procedure to handle mouse click&amp;#10;-- N.B. standard left button click is not affected &amp;#10;--&amp;#10;-- date&#x9;&#x9;by&#x9;&#x9;change&amp;#10;-- 31-05-1996&#x9;Steve Pusey&#x9;Creation&amp;#10;--&amp;#10;BEGIN&amp;#10;&amp;#10;  oasis_when_mouse_click.when_mouse_click;&amp;#10;&amp;#10;END;"/>
      <Trigger Name="ON-MESSAGE" TriggerText="--&amp;#10;-- steve pusey 19/4/96&amp;#10;--&amp;#10;BEGIN&amp;#10;&amp;#10;  oasis_standard_procs.on_message;&amp;#10;&amp;#10;END;"/>
      <Trigger Name="ON-ERROR" TriggerText="--&amp;#10;-- steve pusey 19/4/96&amp;#10;--&amp;#10;BEGIN&amp;#10;&amp;#10;  oasis_standard_procs.on_error;&amp;#10;&amp;#10;END;"/>
      <Trigger Name="EASY_BUTTON_TRIGGER" TriggerText="NULL;"/>
      <Trigger Name="DRILLDN_BUTTON_TRIGGER" TriggerText="NULL;"/>
      <Trigger Name="KEY-CLRFRM" ParentModule="PAS_CUI" ParentModuleType="25" ParentName="KEY-CLRFRM" ParentFilename="pas_cui.olb" ParentFilepath="" ParentType="37"/>
      <Trigger Name="KEY-CLRREC" TriggerText="clear_record;"/>
      <Trigger Name="KEY-CLRBLK" TriggerText="clear_block;"/>
      <Trigger Name="KEY-COMMIT" TriggerText="commit_form;"/>
      <Trigger Name="KEY-CQUERY" TriggerText="count_query;"/>
      <Trigger Name="KEY-CREREC" TriggerText="create_record;"/>
      <Trigger Name="KEY-DELREC" TriggerText="null;"/>
      <Trigger Name="KEY-DOWN" TriggerText="down;"/>
      <Trigger Name="KEY-DUP-ITEM" KeyboardHelpText="Record Error" TriggerText="--&amp;#10;-- steve pusey 22/4/96&amp;#10;--&amp;#10;BEGIN&amp;#10;&amp;#10;  oasis_standard_procs.key_dupitem_trigger;&amp;#10;&amp;#10;END;" DisplayInKeyboardHelp="true"/>
      <Trigger Name="KEY-DUPREC" TriggerText="duplicate_record;"/>
      <Trigger Name="KEY-EDIT" TriggerText="EDIT_TEXTITEM;"/>
      <Trigger Name="KEY-ENTER" TriggerText="null;"/>
      <Trigger Name="KEY-ENTQRY" TriggerText="enter_query;"/>
      <Trigger Name="KEY-EXEQRY" TriggerText="execute_query;"/>
      <Trigger Name="KEY-HELP" TriggerText="GET_HELP;"/>
      <Trigger Name="KEY-LISTVAL" TriggerText="list_values;"/>
      <Trigger Name="KEY-NEXT-ITEM" TriggerText="replace_t_with_current_date;&amp;#10;next_item;"/>
      <Trigger Name="KEY-NXTREC" TriggerText="next_record;"/>
      <Trigger Name="KEY-NXTSET" TriggerText="next_set;"/>
      <Trigger Name="KEY-OTHERS" TriggerText="NULL;"/>
      <Trigger Name="KEY-PREV-ITEM" TriggerText="replace_t_with_current_date;&amp;#10;PREVIOUS_ITEM;"/>
      <Trigger Name="KEY-PRINT" TriggerText="print;"/>
      <Trigger Name="KEY-PRVREC" TriggerText="PREVIOUS_RECORD;"/>
      <Trigger Name="KEY-SCRDOWN" TriggerText="SCROLL_DOWN;"/>
      <Trigger Name="KEY-SCRUP" TriggerText="SCROLL_UP;"/>
      <Trigger Name="KEY-UP" TriggerText="UP;"/>
      <Trigger Name="WHEN-MOUSE-ENTER" DirtyInfo="true" TriggerText="sqa_mouse_handler;"/>
      <Trigger Name="WHEN-WINDOW-RESIZED" DirtyInfo="true" TriggerText="sqa_evt_handler;"/>
      <Trigger Name="WHEN-CUSTOM-ITEM-EVENT" DirtyInfo="true" TriggerText="If :system.custom_item_event = 'TIMEOUT' then&amp;#10;  Process_timeout; --call the procedure in stdlib&amp;#10;End if;&amp;#10;"/>
      <VisualAttribute Name="TEXT_ITEM_VA_LOV" DirtyInfo="true"/>
      <VisualAttribute Name="TEXT_ITEM_VA" BackColor="gray8" FontName="Arial" FontSize="900" FontStyle="Plain" DirtyInfo="true" FontWeight="Medium" FontSpacing="Normal" ForegroundColor="black" FillPattern="transparent"/>
      <VisualAttribute Name="BACKGROUND_CANVAS" BackColor="white" FontName="Arial" FontSize="900" FontStyle="Plain" FontWeight="Medium" FontSpacing="Normal" ForegroundColor="black" FillPattern="transparent"/>
      <VisualAttribute Name="DISP_RED" BackColor="red" FontName="Arial" FontSize="900" FontStyle="Plain" FontWeight="Bold" FontSpacing="Normal" ForegroundColor="black" FillPattern="solid"/>
      <VisualAttribute Name="BACKGROUND_CANVAS_BLUE" BackColor="white" FontName="Arial" FontSize="900" FontStyle="Plain" FontWeight="Medium" FontSpacing="Normal" ForegroundColor="black" FillPattern="transparent"/>
      <VisualAttribute Name="TEXT_ITEM_BPT" BackColor="white" FontName="Arial" FontSize="900" FontStyle="Plain" DirtyInfo="true" FontWeight="Medium" FontSpacing="Normal" ForegroundColor="Top Blue" FillPattern="transparent"/>
      <VisualAttribute Name="TEXT_ITEM_BPT_GREY" BackColor="white" FontName="Arial" FontSize="900" FontStyle="Plain" DirtyInfo="true" FontWeight="Medium" FontSpacing="Normal" ForegroundColor="Top Blue" FillPattern="transparent"/>
      <VisualAttribute Name="DISP_RED2" BackColor="white" FontName="Arial" FontSize="900" FontStyle="Plain" FontWeight="Demibold" FontSpacing="Normal" ForegroundColor="red" FillPattern="transparent"/>
      <VisualAttribute Name="DISP_GREEN" BackColor="green" FontName="Arial" FontSize="900" FontStyle="Plain" FontWeight="Bold" FontSpacing="Normal" ForegroundColor="black" FillPattern="solid"/>
      <VisualAttribute Name="DISP_GREEN2" BackColor="white" FontName="Arial" FontSize="900" FontStyle="Plain" FontWeight="Demibold" FontSpacing="Normal" ForegroundColor="green" FillPattern="solid"/>
      <VisualAttribute Name="CURR_ITEM_VA" BackColor="r55g100b40" FontName="Arial" FontSize="900" FontStyle="Plain" FontWeight="Bold" FontSpacing="Normal" ForegroundColor="black" FillPattern="transparent"/>
      <VisualAttribute Name="WEB_BTN" BackColor="white" FontName="Arial" FontSize="900" FontStyle="Plain" FontWeight="Medium" FontSpacing="Normal"/>
      <VisualAttribute Name="WEB_TEXT_BUTTON" ParentModule="PAS_CUI" ParentModuleType="25" ParentName="WEB_TEXT_BUTTON" ParentFilename="pas_cui.olb" DirtyInfo="true" ParentFilepath="" ParentType="39"/>
      <VisualAttribute Name="WEB_TEXT_BUTTON_CLICK" ParentModule="PAS_CUI" ParentModuleType="25" ParentName="WEB_TEXT_BUTTON_CLICK" ParentFilename="pas_cui.olb" ParentFilepath="" ParentType="39"/>
      <VisualAttribute Name="WEB_BPT_WINGDINGS" BackColor="white" FontName="Wingdings" FontSize="1400" FontStyle="Plain" FontWeight="Medium" FontSpacing="Normal" ForegroundColor="Top Blue"/>
      <VisualAttribute Name="V7_VA_TOOLTIP" BackColor="r100g100b88" FontName="Arial" FontSize="900" FontStyle="Plain" DirtyInfo="true" FontWeight="Medium" FontSpacing="Normal" ForegroundColor="Black"/>
      <VisualAttribute Name="MENU_TEXT_ITEMS" BackColor="Side Green" FontName="Arial" VisualAttributeType="Common" FontSize="900" DirtyInfo="true" FontWeight="Bold" ForegroundColor="darkcyan"/>
      <VisualAttribute Name="MENU_TEXT_ITEMS_INV" BackColor="darkcyan" FontName="Arial" VisualAttributeType="Common" FontSize="900" DirtyInfo="true" FontWeight="Bold" ForegroundColor="Side Green"/>
      <VisualAttribute Name="MENU_PROMPT" VisualAttributeType="Prompt" PromptForegroundColor="darkgray" DirtyInfo="true" PromptFontName="Arial" PromptFontSize="900" PromptFontStyle="Plain" PromptFontWeight="Bold" PromptFontSpacing="Normal"/>
      <VisualAttribute Name="FORM_TITLE_VA" ParentModule="PAS_CUI" ParentModuleType="25" ParentName="FORM_TITLE_VA" ParentFilename="pas_cui.olb" DirtyInfo="true" ParentFilepath="" ParentType="39"/>
      <VisualAttribute Name="SECTION_TITLE_VA" ParentModule="PAS_CUI" ParentModuleType="25" ParentName="SECTION_TITLE_VA" ParentFilename="pas_cui.olb" DirtyInfo="true" ParentFilepath="" ParentType="39"/>
      <VisualAttribute Name="BACKGROUND_LINK_BOX_VA" ParentModule="PAS_CUI" ParentModuleType="25" ParentName="BACKGROUND_LINK_BOX_VA" ParentFilename="pas_cui.olb" DirtyInfo="true" ParentFilepath="" ParentType="39"/>
      <VisualAttribute Name="CUI_TOOLTIP_VA" ParentModule="PAS_CUI" ParentModuleType="25" ParentName="CUI_TOOLTIP_VA" ParentFilename="pas_cui.olb" DirtyInfo="true" ParentFilepath="" ParentType="39"/>
      <VisualAttribute Name="MENU_TEXT_ITEMS_VA" ParentModule="PAS_CUI" ParentModuleType="25" ParentName="MENU_TEXT_ITEMS_VA" ParentFilename="pas_cui.olb" DirtyInfo="true" ParentFilepath="" ParentType="39"/>
      <Window Name="MAIN_FORM_WINDOW" ShowHorizontalScrollbar="false" HorizontalToolbarCanvasName="TOOLBAR_CANVAS" ClearAllowed="true" MinimizeAllowed="true" IconFilename="" Title=" " Width="755" InheritMenu="true" WindowStyle="Document" ResizeAllowed="true" PrimaryCanvas="CNV_CONTENT" HideOnExit="false" XPosition="0" YPosition="0" Bevel="None" MaximizeAllowed="true" DirtyInfo="true" VisualAttributeName="DEFAULT" Modal="false" MoveAllowed="true" ShowVerticalScrollbar="false" Height="480"/>
      <ObjectGroup Name="ACTIONS_OG" ParentModule="PAS_CUI" ParentModuleType="25" ParentName="ACTIONS_OG" ParentFilename="PAS_CUI.olb" DirtyInfo="true" ParentType="23">
         <ObjectGroupChild Name="C_ACTIONS" SubclassSubObject="true"/>
         <ObjectGroupChild Name="C_BASE" SubclassSubObject="true"/>
         <ObjectGroupChild Name="C_FUNCTIONS" SubclassSubObject="true"/>
         <ObjectGroupChild Name="MENU_CANVAS_CLASS" SubclassSubObject="true"/>
         <ObjectGroupChild Name="MENU_CANVAS_VA" SubclassSubObject="true"/>
         <ObjectGroupChild Name="MENU_ITEM_CLASS" SubclassSubObject="true"/>
         <ObjectGroupChild Name="TOP_MENU" SubclassSubObject="true"/>
         <ObjectGroupChild Name="LT_TOOLBAR_MAIN" SubclassSubObject="true"/>
         <ObjectGroupChild Name="HCI_UPGRADE" SubclassSubObject="true"/>
         <ObjectGroupChild Name="HCI_UPGRADE" SubclassSubObject="true"/>
         <ObjectGroupChild Name="LHM_RESET_CANVAS_STACK" SubclassSubObject="true"/>
         <ObjectGroupChild Name="LOCAL_RESET_CANVAS_STACK" SubclassSubObject="true"/>
      </ObjectGroup>
      <ObjectGroup Name="KEY_TRIGGERS" ObjectGroupType="22"/>
      <ObjectGroup Name="ABOUT_FORM_PARAMETERS" DirtyInfo="true" ObjectGroupType="22">
         <ObjectGroupChild Name="P_TEMPLATE" Type="ModuleParameter"/>
         <ObjectGroupChild Name="P_VERSION" Type="ModuleParameter"/>
         <ObjectGroupChild Name="P_DATE" Type="ModuleParameter"/>
      </ObjectGroup>
      <ObjectGroup Name="ON_TRIGGERS" ObjectGroupType="22"/>
   </FormModule>
</Module>
