<?xml version = '1.0' encoding = 'UTF-8'?>
<Module version="122010300" xmlns="http://xmlns.oracle.com/Forms">
   <FormModule Name="OASISINI" CursorMode="Open" InitializeMenu="DEFAULTMENUAPP" Use3dControls="true" RuntimeComp="5.0" ValidationUnit="Default" DirtyInfo="true" MouseNavigationLimit="Form" SavepointMode="true" HorizontalToolbarCanvas=" " ConsoleWindow="MAIN_FORM_WINDOW" MenuModule="OASIS">
      <Coordinate CharacterCellWidth="7" RealUnit="Point" DefaultFontScaling="false" CharacterCellHeight="16" CoordinateSystem="Real"/>
      <Alert Name="STANDARD_ALERT" Button1Label="OK" VisualAttributeName="DEFAULT" Button2Label="" DefaultAlertButton="Button 1" AlertStyle="Note"/>
      <Alert Name="WARNING_ALERT" Button1Label="OK" VisualAttributeName="DEFAULT" Button2Label="" DefaultAlertButton="Button 1" AlertStyle="Caution"/>
      <Alert Name="ERROR_ALERT" Button1Label="OK" VisualAttributeName="DEFAULT" Button2Label="" DefaultAlertButton="Button 1" AlertStyle="Stop"/>
      <Alert Name="QUESTION_ALERT" Button1Label="Yes" VisualAttributeName="DEFAULT" Button2Label="No" DefaultAlertButton="Button 1" AlertStyle="Stop"/>
      <Block Name="TEXT" RecordsBufferedCount="0" RecordsDisplayCount="1" RecordsFetchedCount="0" WhereClause="" EnforcedColumnSecurity="false" InsertAllowed="true" EnforcedPrimaryKey="false" RecordOrientation="Vertical" UpdateAllowed="true" DMLDataName="" DeleteAllowed="true" QueryDataSourceName="" DirtyInfo="true" VisualAttributeName="DEFAULT" KeyMode="Unique" DatabaseBlock="false" QueryDataSourceType="None" QueryAllowed="true" LockMode="Immediate" DMLDataType="None" NavigationStyle="Same Record" ShowScrollbar="false">
         <Item Name="BPT_19" ValidateFromList="false" EditXPosition="0" LovXPosition="0" EditYPosition="0" LovYPosition="0" Enabled="true" ListStyle="Poplist" Width="584" MaximumLength="80" FixedLength="false" WrapStyle="Word" AutoSkip="false" CompressionQuality="None" XPosition="14" Required="false" YPosition="230" AutoHint="false" MouseNavigate="true" CanvasName="OASIS_CONFIG" MultiLine="false" CaseInsensitiveQuery="false" KeyboardNavigable="true" CaseRestriction="Mixed" ParentType="29" CheckBoxOtherValues="Not Allowed" ConcealData="false" SizingStyle="Crop" ShowHorizontalScrollbar="false" Iconic="false" InsertAllowed="true" UpdateAllowed="true" ParentModule="OASISINI" UpdateIfNull="false" ParentModuleType="12" ParentName="BPT_BLUE_CLASS" DirtyInfo="true" KeepCursorPosition="false" DefaultButton="false" QueryAllowed="true" QueryLength="80" LockRecord="false" DisplayQuality="High" ShowVerticalScrollbar="false" TooltipVisualAttributeGroup="V7_VA_TOOLTIP" LovName=""/>
         <Item Name="BPT_21" ValidateFromList="false" EditXPosition="0" LovXPosition="0" EditYPosition="0" LovYPosition="0" Enabled="true" ListStyle="Poplist" Width="184" FixedLength="false" WrapStyle="Word" AutoSkip="false" CompressionQuality="None" XPosition="57" Required="false" YPosition="245" AutoHint="false" MouseNavigate="true" CanvasName="OASIS_CONFIG" MultiLine="false" CaseInsensitiveQuery="false" KeyboardNavigable="true" CaseRestriction="Mixed" ParentType="29" CheckBoxOtherValues="Not Allowed" ConcealData="false" SizingStyle="Crop" ShowHorizontalScrollbar="false" Iconic="false" InsertAllowed="true" UpdateAllowed="true" ParentModule="OASISINI" UpdateIfNull="false" ParentModuleType="12" ParentName="BPT_BLUE_CLASS" DirtyInfo="true" KeepCursorPosition="false" DefaultButton="false" QueryAllowed="true" QueryLength="80" LockRecord="false" DisplayQuality="High" ShowVerticalScrollbar="false" TooltipVisualAttributeGroup="V7_VA_TOOLTIP" LovName=""/>
         <Item Name="BPT_22" ValidateFromList="false" EditXPosition="0" LovXPosition="0" EditYPosition="0" LovYPosition="0" Enabled="true" ListStyle="Poplist" Width="184" FixedLength="false" WrapStyle="Word" AutoSkip="false" CompressionQuality="None" XPosition="57" Required="false" YPosition="260" AutoHint="false" MouseNavigate="true" CanvasName="OASIS_CONFIG" MultiLine="false" CaseInsensitiveQuery="false" KeyboardNavigable="true" CaseRestriction="Mixed" ParentType="29" CheckBoxOtherValues="Not Allowed" ConcealData="false" SizingStyle="Crop" ShowHorizontalScrollbar="false" Iconic="false" InsertAllowed="true" UpdateAllowed="true" ParentModule="OASISINI" UpdateIfNull="false" ParentModuleType="12" ParentName="BPT_BLUE_CLASS" DirtyInfo="true" KeepCursorPosition="false" DefaultButton="false" QueryAllowed="true" QueryLength="80" LockRecord="false" DisplayQuality="High" ShowVerticalScrollbar="false" TooltipVisualAttributeGroup="V7_VA_TOOLTIP" LovName=""/>
         <Item Name="BPT_23" ValidateFromList="false" EditXPosition="0" LovXPosition="0" EditYPosition="0" LovYPosition="0" Enabled="true" ListStyle="Poplist" Width="184" FixedLength="false" WrapStyle="Word" AutoSkip="false" CompressionQuality="None" XPosition="57" Required="false" YPosition="275" AutoHint="false" MouseNavigate="true" CanvasName="OASIS_CONFIG" MultiLine="false" CaseInsensitiveQuery="false" KeyboardNavigable="true" CaseRestriction="Mixed" ParentType="29" CheckBoxOtherValues="Not Allowed" ConcealData="false" SizingStyle="Crop" ShowHorizontalScrollbar="false" Iconic="false" InsertAllowed="true" UpdateAllowed="true" ParentModule="OASISINI" UpdateIfNull="false" ParentModuleType="12" ParentName="BPT_BLUE_CLASS" DirtyInfo="true" KeepCursorPosition="false" DefaultButton="false" QueryAllowed="true" QueryLength="80" LockRecord="false" DisplayQuality="High" ShowVerticalScrollbar="false" TooltipVisualAttributeGroup="V7_VA_TOOLTIP" LovName=""/>
         <Item Name="BPT_17" ValidateFromList="false" LovXPosition="0" Justification="Start" LovYPosition="0" ListStyle="Poplist" Width="104" MaximumLength="80" WrapStyle="Word" AutoSkip="false" BackColor="white" CompressionQuality="None" XPosition="6" YPosition="6" DatabaseItem="false" Bevel="None" AutoHint="false" MouseNavigate="true" CanvasName="C_COPY_MACHINE" MultiLine="false" CaseInsensitiveQuery="false" KeyboardNavigable="true" CaseRestriction="Mixed" CheckBoxOtherValues="Not Allowed" PrimaryKey="false" DirtyInfo="true" DefaultButton="false" QueryAllowed="true" Visible="true" QueryLength="80" DisplayQuality="High" EditXPosition="0" EditYPosition="0" Enabled="true" DistanceBetweenRecords="0" FillPattern="transparent" FixedLength="false" Required="false" FontName="Arial" FontSize="900" FontStyle="Plain" FontWeight="Bold" FontSpacing="Normal" ForegroundColor="Line Green" Height="12" ConcealData="false" SizingStyle="Crop" ShowHorizontalScrollbar="false" Iconic="false" TabPageName="" InsertAllowed="true" ItemType="Display Item" DataType="Char" UpdateAllowed="true" UpdateIfNull="false" KeepCursorPosition="false" VisualAttributeName="TEXT_ITEM_BPT_GREY" LockRecord="false" ShowVerticalScrollbar="false" TooltipVisualAttributeGroup="V7_VA_TOOLTIP"/>
         <Item Name="BPT_15" ValidateFromList="false" LovXPosition="0" Justification="End" LovYPosition="0" ListStyle="Poplist" Width="61" MaximumLength="80" WrapStyle="Word" AutoSkip="false" BackColor="r55g85b100" CompressionQuality="None" XPosition="3" YPosition="26" DatabaseItem="false" Bevel="None" AutoHint="false" MouseNavigate="true" CanvasName="C_COPY_MACHINE" MultiLine="false" CaseInsensitiveQuery="false" KeyboardNavigable="true" CaseRestriction="Mixed" CheckBoxOtherValues="Not Allowed" PrimaryKey="false" DirtyInfo="true" DefaultButton="false" QueryAllowed="true" Visible="true" QueryLength="80" DisplayQuality="High" EditXPosition="0" EditYPosition="0" Enabled="true" DistanceBetweenRecords="0" FillPattern="transparent" FixedLength="false" Required="false" FontName="Arial" FontSize="900" FontStyle="Plain" FontWeight="Medium" FontSpacing="Normal" ForegroundColor="black" Height="13" ConcealData="false" SizingStyle="Crop" ShowHorizontalScrollbar="false" Iconic="false" TabPageName="" InsertAllowed="true" ItemType="Display Item" DataType="Char" UpdateAllowed="true" UpdateIfNull="false" KeepCursorPosition="false" VisualAttributeName="TEXT_ITEM_BPT_GREY" LockRecord="false" ShowVerticalScrollbar="false" TooltipVisualAttributeGroup="V7_VA_TOOLTIP"/>
         <Item Name="BPT_16" ValidateFromList="false" LovXPosition="0" Justification="End" LovYPosition="0" ListStyle="Poplist" Width="61" MaximumLength="80" WrapStyle="Word" AutoSkip="false" BackColor="r55g85b100" CompressionQuality="None" XPosition="3" YPosition="41" DatabaseItem="false" Bevel="None" AutoHint="false" MouseNavigate="true" CanvasName="C_COPY_MACHINE" MultiLine="false" CaseInsensitiveQuery="false" KeyboardNavigable="true" CaseRestriction="Mixed" CheckBoxOtherValues="Not Allowed" PrimaryKey="false" DirtyInfo="true" DefaultButton="false" QueryAllowed="true" Visible="true" QueryLength="80" DisplayQuality="High" EditXPosition="0" EditYPosition="0" Enabled="true" DistanceBetweenRecords="0" FillPattern="transparent" FixedLength="false" Required="false" FontName="Arial" FontSize="900" FontStyle="Plain" FontWeight="Medium" FontSpacing="Normal" ForegroundColor="black" Height="13" ConcealData="false" SizingStyle="Crop" ShowHorizontalScrollbar="false" Iconic="false" TabPageName="" InsertAllowed="true" ItemType="Display Item" DataType="Char" UpdateAllowed="true" UpdateIfNull="false" KeepCursorPosition="false" VisualAttributeName="TEXT_ITEM_BPT_GREY" LockRecord="false" ShowVerticalScrollbar="false" TooltipVisualAttributeGroup="V7_VA_TOOLTIP"/>
         <Item Name="BPT_1" ShowHorizontalScrollbar="false" Justification="Right" Width="113" ParentModule="OASISINI" CompressionQuality="None" XPosition="106" ParentModuleType="12" YPosition="67" ParentName="BPT_BLUE_CLASS" DirtyInfo="true" CanvasName="CNV_CONTENT" ParentType="29" ShowVerticalScrollbar="false" TooltipVisualAttributeGroup="V7_VA_TOOLTIP"/>
         <Item Name="BPT_4" ShowHorizontalScrollbar="false" TabPageName="" Width="88" ParentModule="OASISINI" CompressionQuality="None" XPosition="10" ParentModuleType="12" YPosition="15" ParentName="BPT_BLUE_CLASS" DirtyInfo="true" CanvasName="OASIS_CONFIG" ParentType="29" ShowVerticalScrollbar="false" TooltipVisualAttributeGroup="V7_VA_TOOLTIP"/>
         <Item Name="BPT_5" ShowHorizontalScrollbar="false" TabPageName="" Width="81" ParentModule="OASISINI" CompressionQuality="None" XPosition="175" ParentModuleType="12" YPosition="15" ParentName="BPT_BLUE_CLASS" DirtyInfo="true" CanvasName="OASIS_CONFIG" ParentType="29" ShowVerticalScrollbar="false" TooltipVisualAttributeGroup="V7_VA_TOOLTIP"/>
         <Item Name="BPT_6" ShowHorizontalScrollbar="false" TabPageName="" Width="77" ParentModule="OASISINI" CompressionQuality="None" XPosition="62" ParentModuleType="12" YPosition="1" ParentName="BPT_BLUE_CLASS" DirtyInfo="true" CanvasName="OASIS_CONFIG" ParentType="29" ShowVerticalScrollbar="false" TooltipVisualAttributeGroup="V7_VA_TOOLTIP"/>
         <Item Name="BPT_8" ShowHorizontalScrollbar="false" TabPageName="" Width="75" ParentModule="OASISINI" CompressionQuality="None" XPosition="310" ParentModuleType="12" YPosition="15" ParentName="BPT_BLUE_CLASS" DirtyInfo="true" CanvasName="OASIS_CONFIG" ParentType="29" ShowVerticalScrollbar="false" TooltipVisualAttributeGroup="V7_VA_TOOLTIP"/>
         <Item Name="BPT_9" ShowHorizontalScrollbar="false" TabPageName="" Width="84" ItemType="Text Item" ParentModule="OASISINI" CompressionQuality="None" XPosition="460" ParentModuleType="12" YPosition="15" ParentName="BPT_BLUE_CLASS" DirtyInfo="true" CanvasName="OASIS_CONFIG" MultiLine="true" KeyboardNavigable="false" ParentType="29" ShowVerticalScrollbar="false" TooltipVisualAttributeGroup="V7_VA_TOOLTIP" Height="13"/>
         <Item Name="BPT_13" Justification="Start" DistanceBetweenRecords="0" Width="200" FillPattern="transparent" MaximumLength="80" BackColor="white" CompressionQuality="None" XPosition="100" FontName="Arial" YPosition="25" DatabaseItem="false" Bevel="None" FontSize="900" FontStyle="Plain" FontWeight="Bold" FontSpacing="Normal" ForegroundColor="Line Green" CanvasName="CNV_CONTENT" Height="13" ShowHorizontalScrollbar="false" TabPageName="" ItemType="Display Item" DataType="Char" PrimaryKey="false" DirtyInfo="true" VisualAttributeName="TEXT_ITEM_BPT" Visible="true" ShowVerticalScrollbar="false" TooltipVisualAttributeGroup="V7_VA_TOOLTIP"/>
         <Item Name="BPT_14" Justification="Start" DistanceBetweenRecords="0" Width="200" FillPattern="transparent" MaximumLength="80" BackColor="white" CompressionQuality="None" XPosition="100" FontName="Arial" YPosition="83" DatabaseItem="false" Bevel="None" FontSize="900" FontStyle="Plain" FontWeight="Bold" FontSpacing="Normal" ForegroundColor="Line Green" CanvasName="CNV_CONTENT" Height="13" ShowHorizontalScrollbar="false" TabPageName="" ItemType="Display Item" DataType="Char" PrimaryKey="false" DirtyInfo="true" VisualAttributeName="TEXT_ITEM_BPT" Visible="true" ShowVerticalScrollbar="false" TooltipVisualAttributeGroup="V7_VA_TOOLTIP"/>
         <Item Name="FUNCTION_ID" ValidateFromList="false" LovXPosition="0" Justification="Left" LovYPosition="0" ListStyle="Poplist" Width="36" MaximumLength="6" WrapStyle="Word" AutoSkip="false" CompressionQuality="None" XPosition="108" YPosition="35" DatabaseItem="true" Bevel="Plain" AutoHint="false" MouseNavigate="true" MultiLine="false" CaseInsensitiveQuery="false" KeyboardNavigable="true" CaseRestriction="Mixed" CheckBoxOtherValues="Not Allowed" PrimaryKey="false" DefaultButton="false" QueryAllowed="true" Visible="true" QueryLength="6" DisplayQuality="High" EditXPosition="0" EditYPosition="0" Enabled="true" DistanceBetweenRecords="4364" FixedLength="false" Required="true" Height="14" ConcealData="false" Hint="Enter value for : FUNCTION_ID" SizingStyle="Crop" ShowHorizontalScrollbar="false" Iconic="false" InsertAllowed="true" ItemType="Display Item" DataType="Number" UpdateAllowed="true" UpdateIfNull="false" KeepCursorPosition="false" VisualAttributeName="DEFAULT" Label="Function Id" LockRecord="false" ShowVerticalScrollbar="false" TooltipVisualAttributeGroup="V7_VA_TOOLTIP"/>
         <Item Name="LANGUAGE_ID" ValidateFromList="false" LovXPosition="0" Justification="Left" LovYPosition="0" ListStyle="Poplist" Width="24" MaximumLength="4" WrapStyle="Word" AutoSkip="false" CompressionQuality="None" XPosition="576" YPosition="35" DatabaseItem="true" Bevel="Plain" AutoHint="false" MouseNavigate="true" MultiLine="false" CaseInsensitiveQuery="false" KeyboardNavigable="true" CaseRestriction="Mixed" CheckBoxOtherValues="Not Allowed" PrimaryKey="false" DefaultButton="false" QueryAllowed="true" Visible="true" QueryLength="4" DisplayQuality="High" EditXPosition="0" EditYPosition="0" Enabled="true" DistanceBetweenRecords="4364" FixedLength="false" Required="true" Height="14" ConcealData="false" Hint="Enter value for : LANGUAGE_ID" SizingStyle="Crop" ShowHorizontalScrollbar="false" Iconic="false" InsertAllowed="true" ItemType="Display Item" DataType="Number" UpdateAllowed="true" UpdateIfNull="false" KeepCursorPosition="false" VisualAttributeName="DEFAULT" Label="Language Id" LockRecord="false" ShowVerticalScrollbar="false" TooltipVisualAttributeGroup="V7_VA_TOOLTIP"/>
         <Item Name="CONTROL_ITEM" ValidateFromList="false" LovXPosition="0" Justification="Left" LovYPosition="0" ListStyle="Poplist" Width="0" MaximumLength="1" WrapStyle="Word" AutoSkip="false" BackColor="white" CompressionQuality="None" XPosition="0" YPosition="0" DatabaseItem="false" Bevel="Plain" AutoHint="false" MouseNavigate="true" CanvasName="TOOLBAR_CANVAS" MultiLine="false" CaseInsensitiveQuery="false" KeyboardNavigable="true" CaseRestriction="Mixed" CheckBoxOtherValues="Not Allowed" Comment="This item is created as a hidden enterable field to allow the query on this block to operate" PrimaryKey="false" DirtyInfo="true" DefaultButton="false" QueryAllowed="true" Visible="true" QueryLength="1" DisplayQuality="High" EditXPosition="0" EditYPosition="0" Enabled="true" DistanceBetweenRecords="0" FillPattern="transparent" FixedLength="false" Required="false" FontName="Fixedsys" FontSize="900" FontStyle="Plain" FontWeight="Demilight" FontSpacing="Normal" ForegroundColor="black" Height="0" ConcealData="false" SizingStyle="Crop" ShowHorizontalScrollbar="false" Iconic="false" InsertAllowed="true" ItemType="Text Item" DataType="Char" UpdateAllowed="true" UpdateIfNull="false" KeepCursorPosition="false" LockRecord="false" ShowVerticalScrollbar="false" TooltipVisualAttributeGroup="V7_VA_TOOLTIP"/>
         <Item Name="DSP_BREADCRUMB" Justification="Start" TabPageName="" Width="278" MaximumLength="4000" ItemType="Display Item" BackColor="white" XPosition="95" FontName="Arial" YPosition="4" DatabaseItem="false" Bevel="None" FontSize="1000" FontStyle="Italic" DirtyInfo="true" FontWeight="Bold" FontSpacing="Normal" ForegroundColor="darkcyan" CanvasName="CNV_HIDE" Visible="false" Height="15"/>
         <Item Name="BPT_24" ValidateFromList="false" EditXPosition="0" LovXPosition="0" EditYPosition="0" LovYPosition="0" Enabled="true" ListStyle="Poplist" Width="52" FixedLength="false" WrapStyle="Word" AutoSkip="false" CompressionQuality="None" XPosition="595" Required="false" YPosition="15" AutoHint="false" MouseNavigate="true" CanvasName="OASIS_CONFIG" MultiLine="false" CaseInsensitiveQuery="false" KeyboardNavigable="true" CaseRestriction="Mixed" ParentType="29" CheckBoxOtherValues="Not Allowed" Height="12" ConcealData="false" SizingStyle="Crop" ShowHorizontalScrollbar="false" Iconic="false" InsertAllowed="true" UpdateAllowed="true" ParentModule="OASISINI" UpdateIfNull="false" ParentModuleType="12" ParentName="BPT_BLUE_CLASS" DirtyInfo="true" KeepCursorPosition="false" DefaultButton="false" QueryAllowed="true" QueryLength="80" LockRecord="false" DisplayQuality="High" ShowVerticalScrollbar="false" TooltipVisualAttributeGroup="V7_VA_TOOLTIP" LovName=""/>
         <Trigger Name="WHEN-MOUSE-DOUBLECLICK" TriggerText="--&amp;#10;-- steve pusey 19/4/96&amp;#10;--&amp;#10;-- change value in current boilerplate text item&amp;#10;--&amp;#10;BEGIN&amp;#10;&amp;#10;  boilerplate.change_boilerplate;&amp;#10;&amp;#10;END;"/>
      </Block>
      <Block Name="HEADER" DirtyInfo="true" ScrollbarWidth="14" ScrollbarLength="135">
         <Item Name="MACHINE_ID" DirtyInfo="true" Width="68" Height="14"/>
         <Item Name="MACHINE_FILTER" TabPageName="" Width="202" InitializeValue="" ParentModule="OASISINI" XPosition="222" ParentModuleType="12" YPosition="67" ParentName="TEXT_ITEM_CLASS" Bevel="Plain" DirtyInfo="true" CanvasName="CNV_CONTENT" ParentType="29" Height="14">
            <Trigger Name="KEY-LISTVAL" DirtyInfo="true" TriggerText="&#x9;&amp;#10; DECLARE&amp;#10;&#x9; lov_ret boolean;&amp;#10;&#x9;&amp;#10;&amp;#10;&#x9;  CURSOR m_clientid (p_machine VARCHAR2)IS&amp;#10;&#x9;  SELECT oasis_client_id &amp;#10;&#x9;  FROM oasis_clients&amp;#10;&#x9;  WHERE MACHINE_ID = p_machine;&amp;#10;&#x9;&#x9;&amp;#10;  BEGIN&amp;#10;&#x9;&#x9;lov_ret := show_lov('MACHINE_HEADER_LOV');&#x9;&#x9;&amp;#10;&#x9;&#x9;&amp;#10;&#x9;&#x9;IF lov_ret THEN&#x9;&#x9;&amp;#10;&#x9;&#x9;&#x9;&amp;#10;&#x9;&#x9;&#x9;:header.MACHINE_id&#x9;:= :parameter.P_LOV_machine;&amp;#10;&#x9;&#x9;&#x9;&amp;#10;&#x9;&#x9;&#x9;do_key('execute_query');&amp;#10;&#x9;&#x9;&#x9;&amp;#10;&#x9;&#x9;--&#x9;display_standard_alert (':header.MACHINE_id' || :header.MACHINE_id);&amp;#10;&#x9;&#x9;  --:header.MACHINE_FILTER&#x9;:= P_LOV_MACHINE :parameter.P_LOV_HEADER; &amp;#10;&#x9;&#x9;  OPEN m_clientid (:parameter.P_LOV_machine);&amp;#10;&#x9;&#x9;  FETCH m_clientid INTO :parameter.P_m_clientid;&amp;#10;&#x9;&#x9;  CLOSE m_clientid;&amp;#10;&#x9;&#x9;  &amp;#10;&#x9;&#x9;END IF;&#x9;&#x9;&amp;#10;&#x9;END;"/>
            <Trigger Name="WHEN-VALIDATE-ITEM" DirtyInfo="true" TriggerText="--&amp;#10;--&amp;#10;-- date&#x9;&#x9;    by&#x9;&#x9;change&amp;#10;-- 04/11/2005&#x9;AO&#x9;&#x9;Created&amp;#10;--&#x9;&amp;#10;&#x9; &amp;#10;DECLARE&amp;#10;&amp;#10;   CURSOR c_get_header_dets IS&amp;#10;   SELECT 'current' machine, 'Current Machine' descr, to_number(:parameter.P_CURRENT_MACHINE) client_id &amp;#10;   FROM dual&amp;#10;   UNION&amp;#10;   SELECT 'All'  machine, 'All machines' descr, to_number(NULL) client_id &amp;#10;   FROM dual&amp;#10;   UNION&amp;#10;   SELECT machine_id  machine, description descr, oasis_client_id client_id &amp;#10;   FROM oasis_clients; &amp;#10;   &amp;#10;   CURSOR m_clientid (p_machine VARCHAR2)IS&amp;#10;&#x9; SELECT oasis_client_id &amp;#10;&#x9; FROM oasis_clients&amp;#10;&#x9; WHERE MACHINE_ID = p_machine;&amp;#10;&#x9;  &amp;#10;   v_count        NUMBER := 0;&amp;#10;   v_machine_id   NUMBER;&amp;#10;   V_MACHINE_DESC VARCHAR2(80);&amp;#10;   lov_ret        BOOLEAN;&amp;#10;   &amp;#10;BEGIN&amp;#10;&#x9;&amp;#10;&#x9; IF :header.MACHINE_FILTER IS NOT NULL AND :header.MACHINE_FILTER != 'All machines' THEN&amp;#10;&#x9; &#x9; &amp;#10;&#x9;    FOR c_rec IN c_get_header_dets LOOP&amp;#10;&#x9; &amp;#10;&#x9;       IF (UPPER(:header.MACHINE_FILTER) = UPPER(c_rec.client_id) OR UPPER(:header.MACHINE_FILTER) = UPPER(c_rec.descr)) THEN&amp;#10;&#x9;          &amp;#10;&#x9;          v_count        := v_count + 1;&amp;#10;&#x9;          V_MACHINE_ID   := c_rec.client_id;&amp;#10;&#x9;          V_MACHINE_DESC := c_rec.descr;&amp;#10;&#x9;       &amp;#10;&#x9;       END IF;&amp;#10;&#x9;  &amp;#10;&#x9;    END LOOP;&amp;#10;            &amp;#10;      IF v_count = 0 THEN&amp;#10;      &amp;#10;         lov_ret := show_lov('MACHINE_HEADER_LOV');&amp;#10;&#x9;&#x9;&amp;#10;&#x9;&#x9;     IF lov_ret THEN&amp;#10;&#x9;&#x9; &#x9;&#x9;&amp;#10;&#x9;&#x9;        :header.MACHINE_id&#x9;:= :parameter.P_LOV_machine;&#x9;        &amp;#10;&#x9;&#x9;        &amp;#10;&#x9;&#x9;        --do_key('execute_query');&amp;#10;&#x9;&#x9;     &#x9;&#x9;     &amp;#10;&#x9;&#x9;        OPEN m_clientid (:parameter.P_LOV_machine);&amp;#10;&#x9;&#x9;        FETCH m_clientid INTO :parameter.P_m_clientid;&amp;#10;&#x9;&#x9;        CLOSE m_clientid;&amp;#10;&#x9;&#x9;     &amp;#10;&#x9;&#x9;     ELSE&amp;#10;&#x9;&#x9;     &#x9;   &amp;#10;&#x9;&#x9;        :header.MACHINE_id&#x9;:= NULL;&amp;#10;&#x9;&#x9;        &#x9;   &amp;#10;&#x9;&#x9;     END IF; &amp;#10;&#x9;&#x9;&amp;#10;&#x9;&#x9;   ELSIF  v_count = 1 THEN &amp;#10;&#x9;&amp;#10;&#x9;        :header.MACHINE_ID     := V_MACHINE_ID;&amp;#10;&#x9;&#x9;      :header.MACHINE_FILTER := V_MACHINE_DESC;&amp;#10;&#x9;&#x9;    &amp;#10;&#x9;&#x9;   END IF;&amp;#10;&#x9;&#x9;   &amp;#10;&#x9;  END IF;&amp;#10;&amp;#10;&#x9;&amp;#10;   IF :HEADER.MACHINE_FILTER IS NULL THEN&amp;#10;&amp;#10;      :HEADER.MACHINE_ID := NULL;&amp;#10;      &amp;#10;   ELSIF :HEADER.MACHINE_ID IS NULL THEN&amp;#10;      &amp;#10;      :HEADER.MACHINE_FILTER := NULL;&amp;#10;      &#x9;&amp;#10;   END IF;&amp;#10;    &amp;#10;EXCEPTION&amp;#10;&amp;#10;   WHEN OTHERS THEN&amp;#10;      &amp;#10;      Display_standard_alert('Error in header.machine_filter when-validate-trigger '||SQLERRM);&amp;#10;        &amp;#10;END;   "/>
         </Item>
         <Item Name="MACHINE_FILTER_LOV" Enabled="true" Width="21" FillPattern="transparent" BackColor="white" CompressionQuality="None" XPosition="427" FontName="Fixedsys" YPosition="66" DatabaseItem="false" FontSize="900" AccessKey="" FontStyle="Plain" FontWeight="Medium" AutoHint="false" FontSpacing="Normal" ForegroundColor="black" MouseNavigate="true" CanvasName="CNV_CONTENT" KeyboardNavigable="false" Height="15" ShowHorizontalScrollbar="false" Iconic="true" IconFilename="b_lov_b3" TabPageName="" ItemType="Push Button" DirtyInfo="true" VisualAttributeName="WEB_BTN" Label="lov" DefaultButton="false" Visible="true" ShowVerticalScrollbar="false" TooltipVisualAttributeGroup="V7_VA_TOOLTIP">
            <Trigger Name="WHEN-BUTTON-PRESSED" DirtyInfo="true" TriggerText="--&amp;#10;-- DO LOV STUFF&amp;#10;--&amp;#10;BEGIN&amp;#10;&amp;#10;  GO_ITEM('HEADER.MACHINE_FILTER');&amp;#10;  DO_KEY('LIST_VALUES');&amp;#10;&amp;#10;END;"/>
         </Item>
      </Block>
      <Block Name="OASIS_CONFIG" RecordsDisplayCount="14" WhereClause="" OrderByClause="DEFAULT_TYPE" QueryDataSourceName="oasis_config" DirtyInfo="true" ScrollbarCanvasName="OASIS_CONFIG" ScrollbarTabPageName="" ScrollbarWidth="12" ScrollbarXPosition="630" ScrollbarYPosition="30" ShowScrollbar="true" ScrollbarLength="196">
         <Item Name="DEFAULT_TYPE" Prompt="" TabPageName="" PromptAttachmentOffset="-82" PromptAlignOffset="-22" Width="145" MaximumLength="30" ItemType="Text Item" ParentModule="OASISINI" XPosition="10" ParentModuleType="12" YPosition="30" ParentName="TEXT_ITEM_CLASS" Bevel="Plain" DirtyInfo="true" CanvasName="OASIS_CONFIG" ColumnName="DEFAULT_TYPE" ParentType="29" Height="14">
            <Trigger Name="KEY-LISTVAL" DirtyInfo="true" TriggerText="-- 12/12/2007 Sanjay Singh  Added Description and default value parameter for display &amp;#10;DECLARE&amp;#10;&#x9; lov_ret boolean;&amp;#10;&#x9;&amp;#10;  BEGIN&amp;#10;&#x9;&#x9;lov_ret := show_lov('parameter_LOV');&amp;#10;&#x9;&#x9;&amp;#10;&#x9;&#x9;IF lov_ret THEN&amp;#10;&#x9;&#x9;  :OASIS_CONFIG.DEFAULT_TYPE&#x9;:= :parameter.p_lov_param_id; &amp;#10;&#x9;&#x9;  :OASIS_CONFIG.DESCRIPTION   := :PARAMETER.P_LOV_PARAM_DESC; -- SS 12/12/2007&amp;#10;&#x9;&#x9;  :OASIS_CONFIG.DEFAULT_VALUE := :PARAMETER.P_LOV_PARAM_VALUE; -- SS 12/12/2007&amp;#10;&#x9;&#x9;  :OASIS_CONFIG.OASIS_INI_VALUE := ''; -- SS 12/12/2007&amp;#10;&#x9;&#x9;END IF;&amp;#10;&#x9;END;"/>
            <Trigger Name="WHEN-VALIDATE-ITEM" DirtyInfo="true" TriggerText="--&amp;#10;--&amp;#10;-- date&#x9;&#x9;    by&#x9;&#x9;change&amp;#10;-- 05/09/2008&#x9;VM&#x9;&#x9;Created&amp;#10;--&#x9;&amp;#10;&#x9; &amp;#10;DECLARE&amp;#10;  &amp;#10;   CURSOR m_default_type IS&amp;#10;&#x9; SELECT 1&amp;#10;&#x9; FROM maps011&amp;#10;&#x9; WHERE default_type = :oasis_config.default_type;&amp;#10;&#x9;  &amp;#10;   v_count        NUMBER := 0;   &amp;#10;   &amp;#10;BEGIN&amp;#10;&#x9;&amp;#10;&#x9;&#x9;IF :oasis_config.DEFAULT_TYPE is not null then&amp;#10;&#x9;          OPEN m_default_type;&amp;#10;&#x9;&#x9;        FETCH m_default_type INTO v_count;&amp;#10;&#x9;&#x9;        CLOSE m_default_type;&#x9;     &amp;#10;&#x9;&#x9;     &amp;#10;&#x9;&#x9;     &#x9;&#x9;if v_count = 0 then&amp;#10;&#x9;&#x9;  &#x9;&#x9;&#x9;&#x9;&#x9;Display_standard_alert('Invalid Parameter - Select using the LOV');   &#x9;&#x9;&#x9;&#x9;&amp;#10;&#x9;&#x9;  &#x9;&#x9;&#x9;&#x9;&#x9;--go_item('oasis_config.DEFAULT_TYPE_LOV');&amp;#10;&#x9;&#x9;     &#x9;&#x9;end if;&amp;#10;&#x9;&#x9;END IF;     &#x9;&#x9;&amp;#10;&#x9;       &amp;#10;EXCEPTION&amp;#10;&amp;#10;   WHEN OTHERS THEN&amp;#10;      &amp;#10;      Display_standard_alert('Error in header.machine_filter when-validate-trigger '||SQLERRM);&amp;#10;        &amp;#10;END;   "/>
         </Item>
         <Item Name="DEFAULT_TYPE_LOV" Enabled="true" Width="20" FillPattern="transparent" BackColor="white" XPosition="155" FontName="Fixedsys" YPosition="30" FontSize="900" FontStyle="Plain" FontWeight="Medium" AutoHint="false" FontSpacing="Normal" ForegroundColor="black" MouseNavigate="true" CanvasName="OASIS_CONFIG" KeyboardNavigable="true" Height="14" Iconic="true" IconFilename="b_lov_b3" ItemType="Push Button" DirtyInfo="true" Label="lov" DefaultButton="false" Visible="true">
            <Trigger Name="WHEN-BUTTON-PRESSED" DirtyInfo="true" TriggerText="--&amp;#10;-- DO LOV STUFF&amp;#10;--&amp;#10;BEGIN&amp;#10;&amp;#10;  GO_ITEM('OASIS_CONFIG.DEFAULT_TYPE');&amp;#10;  DO_KEY('LIST_VALUES');&amp;#10;&amp;#10;END;"/>
         </Item>
         <Item Name="DESCRIPTION" TabPageName="" Width="135" MaximumLength="80" ParentModule="OASISINI" XPosition="175" ParentModuleType="12" YPosition="30" DatabaseItem="false" ParentName="TEXT_ITEM_CLASS" Bevel="Plain" DirtyInfo="true" CanvasName="OASIS_CONFIG" ParentType="29" Height="14"/>
         <Item Name="OASIS_CLIENT_ID" Prompt="Oasis Client Id" DirtyInfo="true" Width="74" MaximumLength="40" ItemType="Text Item" Visible="false" ColumnName="OASIS_CLIENT_ID" DataType="Number" Height="14"/>
         <Item Name="USER_ID" Prompt="User Id" DirtyInfo="true" Width="74" MaximumLength="40" ItemType="Text Item" Visible="false" ColumnName="USER_ID" DataType="Number" Height="14"/>
         <Item Name="OASIS_INI_VALUE" Prompt="" TabPageName="" PromptAttachmentOffset="-70" PromptAlignOffset="-15" Width="150" MaximumLength="100" ItemType="Text Item" ParentModule="OASISINI" XPosition="310" Required="true" ParentModuleType="12" YPosition="30" ParentName="TEXT_ITEM_CLASS" Bevel="Plain" DirtyInfo="true" CanvasName="OASIS_CONFIG" ColumnName="OASIS_INI_VALUE" ParentType="29" Height="14"/>
         <Item Name="DEFAULT_VALUE" TabPageName="" Width="150" MaximumLength="80" ParentModule="OASISINI" XPosition="460" ParentModuleType="12" YPosition="30" DatabaseItem="false" ParentName="TEXT_ITEM_CLASS" Bevel="Plain" DirtyInfo="true" CanvasName="OASIS_CONFIG" ParentType="29" Height="14"/>
         <Item Name="HOSPITAL_ID" Prompt="Hospital Id" DirtyInfo="true" Width="74" MaximumLength="40" ItemType="Text Item" ColumnName="HOSPITAL_ID" DataType="Number" Height="14"/>
         <Item Name="AMEND_BY_USER" Prompt="Amend By User" Required="true" DirtyInfo="true" Width="74" MaximumLength="40" ItemType="Text Item" Visible="false" ColumnName="AMEND_BY_USER" DataType="Number" Height="14"/>
         <Item Name="AMEND_LAST_DATE" Prompt="Amend Last Date" Required="true" DirtyInfo="true" Width="81" MaximumLength="11" ItemType="Text Item" Visible="false" ColumnName="AMEND_LAST_DATE" DataType="Date" Height="14"/>
         <Item Name="AMEND_BY_MODULE" Prompt="Amend By Module" Required="true" DirtyInfo="true" Width="74" MaximumLength="10" ItemType="Text Item" Visible="false" ColumnName="AMEND_BY_MODULE" Height="14"/>
         <Item Name="OASIS_CONFIG_ID" Prompt="Oasis Config Id" DirtyInfo="true" Width="74" MaximumLength="40" ItemType="Text Item" Visible="false" ColumnName="OASIS_CONFIG_ID" DataType="Number" Height="14"/>
         <Item Name="ENTITY_VALUE_LOV" Enabled="true" Width="20" FillPattern="transparent" BackColor="white" XPosition="610" FontName="Fixedsys" YPosition="30" FontSize="900" FontStyle="Plain" FontWeight="Medium" AutoHint="false" FontSpacing="Normal" ForegroundColor="black" MouseNavigate="true" CanvasName="OASIS_CONFIG" KeyboardNavigable="true" Height="14" Iconic="true" IconFilename="b_lov_b3" ItemType="Push Button" DirtyInfo="true" Label="lov" DefaultButton="false" Visible="true">
            <Trigger Name="WHEN-BUTTON-PRESSED" DirtyInfo="true" TriggerText="--&amp;#10;-- 13/12/2007 Sanjay Singh Creation Nspec 534 changes&amp;#10;Declare &amp;#10;&#x9;Lov_ret boolean;&amp;#10;BEGIN&amp;#10;lov_ret :=show_lov('ENTITY_LOV');&amp;#10;  &amp;#10;&amp;#10;END;"/>
         </Item>
         <DataSourceColumn DSCLength="0" DSCMandatory="false" DSCPrecision="0" DSCName="USER_ID" DSCScale="-127" DSCType="NUMBER" DSCNochildren="false" Type="Query"/>
         <DataSourceColumn DSCLength="20" DSCMandatory="false" DSCPrecision="0" DSCName="DEFAULT_TYPE" DSCScale="0" DSCType="VARCHAR2" DSCNochildren="false" Type="Query"/>
         <DataSourceColumn DSCLength="40" DSCMandatory="true" DSCPrecision="0" DSCName="OASIS_INI_VALUE" DSCScale="0" DSCType="VARCHAR2" DSCNochildren="false" Type="Query"/>
         <DataSourceColumn DSCLength="0" DSCMandatory="false" DSCPrecision="0" DSCName="HOSPITAL_ID" DSCScale="-127" DSCType="NUMBER" DSCNochildren="false" Type="Query"/>
         <DataSourceColumn DSCLength="0" DSCMandatory="true" DSCPrecision="0" DSCName="AMEND_BY_USER" DSCScale="-127" DSCType="NUMBER" DSCNochildren="false" Type="Query"/>
         <DataSourceColumn DSCLength="0" DSCMandatory="true" DSCPrecision="0" DSCName="AMEND_LAST_DATE" DSCScale="0" DSCType="DATE" DSCNochildren="false" Type="Query"/>
         <DataSourceColumn DSCLength="10" DSCMandatory="true" DSCPrecision="0" DSCName="AMEND_BY_MODULE" DSCScale="0" DSCType="VARCHAR2" DSCNochildren="false" Type="Query"/>
         <DataSourceColumn DSCLength="0" DSCMandatory="false" DSCPrecision="0" DSCName="OASIS_CLIENT_ID" DSCScale="-127" DSCType="NUMBER" DSCNochildren="false" Type="Query"/>
         <DataSourceColumn DSCLength="0" DSCMandatory="false" DSCPrecision="0" DSCName="OASIS_CONFIG_ID" DSCScale="-127" DSCType="NUMBER" DSCNochildren="false" Type="Query"/>
         <Trigger Name="POST-QUERY" DirtyInfo="true" TriggerText="-- Copies the default_values into the values&amp;#10;-- It changes the action_flag, if found in oasis_config then we only want to UPDATE&amp;#10;-- If default (from maps011) then we will be inserting&amp;#10;--&amp;#10;-- Date&#x9;&#x9;    By&#x9;&#x9;Change&amp;#10;-- 15/3/2005 &#x9;NS&#x9;&#x9;Creation&amp;#10;--&amp;#10;-- 05/09/2008 VM    Fife10g Changes -- References to User ID and Parameter based search removed&amp;#10;DECLARE&amp;#10;                                                               &amp;#10;  CURSOR c_descr IS     &amp;#10;    SELECT description, default_variable&amp;#10;    FROM MAPS011&#x9;&amp;#10;    WHERE HOSPITAL_ID = :parameter.p_hospital_id   &amp;#10;    and DEFAULT_TYPE = :oasis_config.DEFAULT_TYPE;&amp;#10; &amp;#10; &#x9;CURSOR m_clientid (p_machine VARCHAR2)IS&amp;#10;&#x9;  SELECT oasis_client_id &amp;#10;&#x9;  FROM oasis_clients&amp;#10;&#x9;  WHERE MACHINE_ID = p_machine;&amp;#10;&amp;#10;BEGIN&amp;#10;   OPEN m_clientid (:parameter.P_LOV_machine);&amp;#10;&#x9; FETCH m_clientid INTO :parameter.p_m_clientid;&amp;#10;&#x9; CLOSE m_clientid;&amp;#10;&#x9;&#x9;  &amp;#10;   OPEN c_descr;&amp;#10;   FETCH c_descr INTO :oasis_config.description, :oasis_config.default_value;&amp;#10;   CLOSE c_descr;&amp;#10; &amp;#10;    work_entity_parameter_exist;&amp;#10;END;"/>
         <Trigger Name="KEY-CREREC" DirtyInfo="true" TriggerText="go_item('OASIS_CONFIG.DEFAULT_TYPE');&amp;#10;create_record;"/>
         <Trigger Name="KEY-DELREC" DirtyInfo="true" TriggerText="--&amp;#10;-- delete the record&amp;#10;--&amp;#10;-- date&#x9;&#x9;by&#x9;&#x9;change&amp;#10;-- 12/03/98&#x9;Steve&#x9;&#x9;Created&amp;#10;--&amp;#10;BEGIN&amp;#10;  IF display_alert_return ('QUESTION_ALERT', 56) = ALERT_BUTTON1 THEN&amp;#10;  &#x9;delete_record;&amp;#10;  &#x9;post;  &amp;#10;  END IF;&amp;#10;  commit;&amp;#10;END;"/>
         <Trigger Name="KEY-COMMIT" DirtyInfo="true" TriggerText="BEGIN&amp;#10;   IF :SYSTEM.FORM_STATUS = 'CHANGED'  THEN&amp;#10;   &#x9;&#x9;&#x9;&amp;#10;     select OASIS_CONFIG_ID.nextval INTO :OASIS_CONFIG.OASIS_CONFIG_ID from dual;&amp;#10; &amp;#10;    :OASIS_CONFIG.HOSPITAL_ID := :parameter.p_hospital_id;  &amp;#10;    :OASIS_CONFIG.AMEND_BY_USER :=  :parameter.p_user_id;&amp;#10;    :OASIS_CONFIG.AMEND_LAST_DATE := sysdate;&amp;#10;    :OASIS_CONFIG.AMEND_BY_MODULE := 'OASISINI'; &amp;#10;    &amp;#10;     --Vanitha--Capture the oasis_client_id&amp;#10;     select oasis_client_id&amp;#10;     into :OASIS_CONFIG.oasis_client_id &amp;#10;     from oasis_clients&amp;#10;     where machine_id = :header.machine_filter; &amp;#10;   &amp;#10;   END IF; &amp;#10;&#x9; COMMIT;&amp;#10;END;&amp;#10;&amp;#10; "/>
         <Trigger Name="KEY-ENTQRY" DirtyInfo="true" TriggerText="-- VM -- 05/09/2008 Created for Fife10g &amp;#10;enter_query;&amp;#10;"/>
         <Trigger Name="KEY-EXEQRY" DirtyInfo="true" TriggerText="-- VM -- 05/09/2008 Created for Fife10g &amp;#10;execute_query;"/>
      </Block>
      <Block Name="B_COPY_MACHINE" DirtyInfo="true" ScrollbarWidth="14" ScrollbarLength="135">
         <Item Name="FROM_MACHINE_ID" DatabaseItem="false" DirtyInfo="true" Width="68" ItemType="Display Item" DataType="Number" Height="14"/>
         <Item Name="FROM_MACHINE" ShowHorizontalScrollbar="false" TabPageName="" Width="138" MaximumLength="30" Comment="" DataType="Char" FixedLength="false" CompressionQuality="None" XPosition="69" YPosition="26" DatabaseItem="false" Bevel="Plain" DirtyInfo="true" VisualAttributeName="TEXT_ITEM_VA" FormatMask="" CanvasName="C_COPY_MACHINE" QueryLength="0" CaseRestriction="Upper" ShowVerticalScrollbar="false" TooltipVisualAttributeGroup="V7_VA_TOOLTIP" Height="14">
            <Trigger Name="KEY-LISTVAL" DirtyInfo="true" TriggerText="--&amp;#10;--&amp;#10;-- date&#x9;&#x9;    by&#x9;&#x9;change&amp;#10;-- 30/08/2005&#x9;AO&#x9;&#x9;Created&amp;#10;--&#x9;&amp;#10;DECLARE&amp;#10;&#x9; lov_ret boolean;&amp;#10;&#x9;&amp;#10;BEGIN&amp;#10;&#x9;&amp;#10;&#x9;&#x9;lov_ret := show_lov('C_MACHINE_LOV');&amp;#10;&#x9;&#x9;&amp;#10;&#x9;&#x9;IF lov_ret THEN&amp;#10;&#x9;&#x9;--:parameter.P_LOV_machine_ID :=&#x9;:parameter.P_LOV_machine_ID_MAIN;&amp;#10;&#x9;&#x9;&amp;#10;&#x9;&#x9;:b_copy_machine.from_machine_id&#x9;:= :parameter.P_LOV_MACHINE_ID;&amp;#10;&#x9;&#x9;:b_copy_machine.from_machine := :parameter.p_lov_machine_desc;&amp;#10;&#x9;&#x9;&amp;#10;&#x9;&#x9;END IF; &amp;#10;END;"/>
            <Trigger Name="WHEN-MOUSE-DOUBLECLICK" DirtyInfo="true" TriggerText="do_key ('LIST_VALUES');"/>
            <Trigger Name="WHEN-VALIDATE-ITEM" DirtyInfo="true" TriggerText="--&amp;#10;--&amp;#10;-- date&#x9;&#x9;    by&#x9;&#x9;change&amp;#10;-- 04/11/2005&#x9;AO&#x9;&#x9;Created&amp;#10;--&#x9;&#x9; &amp;#10;DECLARE&amp;#10;&amp;#10;   CURSOR c_get_machine_dets IS&amp;#10;   SELECT 'current' machine, 'Current Machine' descr, to_number(NULL) client_id &amp;#10;   FROM dual&amp;#10;   UNION&amp;#10;   SELECT 'All'  machine, 'All machines' descr, to_number(NULL) client_id &amp;#10;   FROM dual&amp;#10;   UNION&amp;#10;   SELECT machine_id  machine, description descr, oasis_client_id client_id &amp;#10;   FROM oasis_clients; &amp;#10;   &amp;#10;   v_count        NUMBER := 0;&amp;#10;   V_MACHINE_ID   NUMBER;&amp;#10;   V_MACHINE_DESC VARCHAR2(80);&amp;#10;   lov_ret        BOOLEAN;&amp;#10;   &amp;#10;BEGIN&amp;#10;&#x9; &amp;#10;&#x9; IF :B_COPY_MACHINE.FROM_MACHINE IS NOT NULL THEN&amp;#10;&#x9; &#x9;&#x9; &amp;#10;&#x9;    FOR c_rec IN c_get_machine_dets LOOP&amp;#10;&#x9; &amp;#10;&#x9;       IF (UPPER(:B_COPY_MACHINE.FROM_MACHINE) = UPPER(c_rec.machine) OR UPPER(:B_COPY_MACHINE.FROM_MACHINE) = UPPER(c_rec.descr)) THEN&amp;#10;&#x9;  &amp;#10;&#x9;          v_count        := v_count + 1;&amp;#10;&#x9;          V_MACHINE_ID   := c_rec.client_id;&amp;#10;&#x9;          V_MACHINE_DESC := c_rec.descr;&amp;#10;&#x9;       &amp;#10;&#x9;       END IF;&amp;#10;&#x9;  &amp;#10;&#x9;    END LOOP;&amp;#10;   &amp;#10;      IF v_count = 0 THEN&amp;#10;      &amp;#10;         lov_ret := show_lov('C_MACHINE_LOV');&amp;#10;&#x9;&#x9;&amp;#10;&#x9;&#x9;     IF lov_ret THEN&amp;#10;&#x9;&#x9;     --:parameter.P_LOV_machine_ID :=&#x9;:parameter.P_LOV_machine_ID_MAIN;&amp;#10;&#x9;&#x9;&amp;#10;&#x9;&#x9;        :b_copy_machine.from_machine_id := :parameter.P_LOV_MACHINE_ID;&amp;#10;&#x9;&#x9;        :b_copy_machine.from_machine    := :parameter.p_lov_machine_desc;&amp;#10;&#x9;&#x9;     &amp;#10;&#x9;&#x9;     ELSE&amp;#10;&#x9;&#x9;     &#x9;&amp;#10;&#x9;&#x9;        :b_copy_machine.from_machine_id := NULL;&amp;#10;&#x9;&#x9;        &#x9;  &amp;#10;&#x9;&#x9;     END IF; &amp;#10;&#x9;&#x9;&amp;#10;&#x9;&#x9;  ELSIF  v_count = 1 THEN &amp;#10;&#x9;&amp;#10;&#x9;       :b_copy_machine.from_machine_id := V_MACHINE_ID;&amp;#10;&#x9;&#x9;     :b_copy_machine.from_machine    := V_MACHINE_DESC;&amp;#10;&#x9;&#x9;   &amp;#10;&#x9;&#x9;  END IF;&amp;#10;&#x9;&#x9;  &amp;#10;&#x9;END IF;&amp;#10;&#x9;&#x9;&amp;#10;   IF :B_COPY_MACHINE.FROM_MACHINE IS NULL THEN&amp;#10;   &amp;#10;      :B_COPY_MACHINE.FROM_MACHINE_ID := NULL;&amp;#10;   &amp;#10;   ELSIF :B_COPY_MACHINE.FROM_MACHINE_ID IS NULL THEN&amp;#10;      &amp;#10;      :B_COPY_MACHINE.FROM_MACHINE := NULL;&amp;#10;      &amp;#10;   END IF;&amp;#10;   &amp;#10;EXCEPTION&amp;#10;&amp;#10;   WHEN OTHERS THEN&amp;#10;      &amp;#10;      Display_standard_alert('Error in b_copy_machine.from_machine when-validate-trigger '||SQLERRM);&amp;#10;      &amp;#10;END;&amp;#10;"/>
         </Item>
         <Item Name="FROM_MACHINE_LOV" Enabled="true" Width="19" FillPattern="transparent" BackColor="white" XPosition="207" FontName="Fixedsys" YPosition="25" FontSize="900" FontStyle="Plain" FontWeight="Medium" AutoHint="false" FontSpacing="Normal" ForegroundColor="black" MouseNavigate="true" CanvasName="C_COPY_MACHINE" KeyboardNavigable="false" Height="15" Iconic="true" IconFilename="b_lov_b3" TabPageName="" ItemType="Push Button" DirtyInfo="true" Label="lov" DefaultButton="false" Visible="true">
            <Trigger Name="WHEN-BUTTON-PRESSED" DirtyInfo="true" TriggerText="--&amp;#10;-- DO LOV STUFF&amp;#10;--&amp;#10;BEGIN&amp;#10;&amp;#10; GO_ITEM('b_copy_machine.from_machine');&amp;#10;  DO_KEY('LIST_VALUES');&amp;#10;&amp;#10;END;"/>
         </Item>
         <Item Name="TO_MACHINE_ID" DatabaseItem="false" DirtyInfo="true" Width="68" ItemType="Display Item" DataType="Number" Height="14"/>
         <Item Name="TO_MACHINE" ShowHorizontalScrollbar="false" TabPageName="" Width="138" MaximumLength="30" ItemType="Text Item" Comment="Format mask is set from set_format_mask procedure in init_form package" DataType="Char" FixedLength="false" CompressionQuality="None" XPosition="69" YPosition="41" DatabaseItem="false" Bevel="Plain" DirtyInfo="true" VisualAttributeName="TEXT_ITEM_VA" FormatMask="" CanvasName="C_COPY_MACHINE" QueryLength="0" CaseRestriction="Upper" ShowVerticalScrollbar="false" TooltipVisualAttributeGroup="V7_VA_TOOLTIP" Height="14">
            <Trigger Name="KEY-LISTVAL" DirtyInfo="true" TriggerText="--&amp;#10;--&amp;#10;-- date&#x9;&#x9;    by&#x9;&#x9;change&amp;#10;-- 30/08/2005&#x9;AO&#x9;&#x9;Created&amp;#10;--&amp;#10;DECLARE&amp;#10;&#x9; v_ok boolean;&amp;#10;&#x9;&amp;#10;  BEGIN&amp;#10;&#x9;&#x9;v_ok := show_lov('C_MACHINE_LOV');&amp;#10;&#x9;&#x9;&amp;#10;&#x9;&#x9;IF v_ok THEN&amp;#10;&#x9;&#x9;--:parameter.P_LOV_MACHINE_ID :=&#x9;:parameter.P_LOV_MACHINE_ID_MAIN;&amp;#10;&#x9;&#x9;&#x9;&#x9;&amp;#10;&#x9;&#x9;:b_copy_machine.to_machine_id&#x9;:= :parameter.P_LOV_MACHINE_ID;&amp;#10;&#x9;&#x9;:b_copy_machine.to_machine := :parameter.p_lov_machine_desc;&amp;#10;&#x9;&#x9;&amp;#10;&#x9;&#x9;END IF; &amp;#10;&#x9;END;"/>
            <Trigger Name="WHEN-MOUSE-DOUBLECLICK" DirtyInfo="true" TriggerText="do_key ('LIST_VALUES');"/>
            <Trigger Name="WHEN-VALIDATE-ITEM" DirtyInfo="true" TriggerText="--&amp;#10;--&amp;#10;-- date&#x9;&#x9;    by&#x9;&#x9;change&amp;#10;-- 04/11/2005&#x9;AO&#x9;&#x9;Created&amp;#10;--&#x9;&amp;#10;&#x9; &amp;#10;DECLARE&amp;#10;&amp;#10;   CURSOR c_get_machine_dets IS&amp;#10;   SELECT 'current' machine, 'Current Machine' descr, to_number(NULL) client_id &amp;#10;   FROM dual&amp;#10;   UNION&amp;#10;   SELECT 'All'  machine, 'All machines' descr, to_number(NULL) client_id &amp;#10;   FROM dual&amp;#10;   UNION&amp;#10;   SELECT machine_id  machine, description descr, oasis_client_id client_id &amp;#10;   FROM oasis_clients; &amp;#10;   &amp;#10;   v_count        NUMBER := 0;&amp;#10;   V_MACHINE_ID   NUMBER;&amp;#10;   V_MACHINE_DESC VARCHAR2(80);&amp;#10;   lov_ret        BOOLEAN;&amp;#10;   &amp;#10;BEGIN&amp;#10;&#x9; &amp;#10;&#x9; IF :B_COPY_MACHINE.TO_MACHINE IS NOT NULL THEN&amp;#10;&#x9; &#x9;&amp;#10;&#x9;    FOR c_rec IN c_get_machine_dets LOOP&amp;#10;&#x9; &amp;#10;&#x9;       IF (UPPER(:B_COPY_MACHINE.TO_MACHINE) = UPPER(c_rec.machine) OR UPPER(:B_COPY_MACHINE.TO_MACHINE) = UPPER(c_rec.descr)) THEN&amp;#10;&#x9;  &amp;#10;&#x9;          v_count        := v_count + 1;&amp;#10;&#x9;          V_MACHINE_ID   := c_rec.client_id;&amp;#10;&#x9;          V_MACHINE_DESC := c_rec.descr;&amp;#10;&#x9;       &amp;#10;&#x9;       END IF;&amp;#10;&#x9;  &amp;#10;&#x9;    END LOOP;&amp;#10;   &amp;#10;      IF v_count = 0 THEN&amp;#10;      &amp;#10;         lov_ret := show_lov('C_MACHINE_LOV');&amp;#10;&#x9;&#x9;&amp;#10;&#x9;&#x9;     IF lov_ret THEN&amp;#10;&#x9;&#x9;     --:parameter.P_LOV_machine_ID :=&#x9;:parameter.P_LOV_machine_ID_MAIN;&amp;#10;&#x9;&#x9;&amp;#10;&#x9;&#x9;        :b_copy_machine.to_machine_id := :parameter.P_LOV_MACHINE_ID;&amp;#10;&#x9;&#x9;        :b_copy_machine.to_machine    := :parameter.p_lov_machine_desc;&amp;#10;&#x9;&#x9;     &amp;#10;&#x9;&#x9;     ELSE&amp;#10;&#x9;&#x9;     &#x9;&amp;#10;&#x9;&#x9;        :b_copy_machine.to_machine_id := NULL;&amp;#10;&#x9;&#x9;        &#x9;  &amp;#10;&#x9;&#x9;     END IF; &amp;#10;&#x9;&#x9;&amp;#10;&#x9;&#x9;   ELSIF  v_count = 1 THEN &amp;#10;&#x9;&amp;#10;&#x9;        :b_copy_machine.to_machine_id := V_MACHINE_ID;&amp;#10;&#x9;&#x9;      :b_copy_machine.to_machine    := V_MACHINE_DESC;&amp;#10;&#x9;&#x9;   &amp;#10;&#x9;     END IF;&amp;#10;&#x9; &amp;#10;&#x9; END IF;&amp;#10;&#x9; &amp;#10;   IF :B_COPY_MACHINE.TO_MACHINE IS NULL THEN&amp;#10;   &amp;#10;      :B_COPY_MACHINE.TO_MACHINE_ID := NULL;&amp;#10;   &amp;#10;   ELSIF :B_COPY_MACHINE.TO_MACHINE_ID IS NULL THEN&amp;#10;      &amp;#10;      :B_COPY_MACHINE.TO_MACHINE := NULL;&amp;#10;         &amp;#10;   END IF;&amp;#10;&amp;#10;   &amp;#10;EXCEPTION&amp;#10;&amp;#10;   WHEN OTHERS THEN&amp;#10;      &amp;#10;      Display_standard_alert('Error in b_copy_machine.to_machine when-validate-trigger '||SQLERRM);&amp;#10;      &amp;#10;END;&amp;#10;"/>
         </Item>
         <Item Name="TO_MACHINE_LOV" Enabled="true" Width="19" FillPattern="transparent" BackColor="white" XPosition="207" FontName="Fixedsys" YPosition="40" FontSize="900" FontStyle="Plain" FontWeight="Medium" AutoHint="false" FontSpacing="Normal" ForegroundColor="black" MouseNavigate="true" CanvasName="C_COPY_MACHINE" KeyboardNavigable="false" Height="15" Iconic="true" IconFilename="b_lov_b3" TabPageName="" ItemType="Push Button" DirtyInfo="true" Label="lov" DefaultButton="false" Visible="true">
            <Trigger Name="WHEN-BUTTON-PRESSED" DirtyInfo="true" TriggerText="--&amp;#10;-- DO LOV STUFF&amp;#10;--&amp;#10;BEGIN&amp;#10;&amp;#10;  GO_ITEM('b_copy_machine.to_machine');&amp;#10;  DO_KEY('LIST_VALUES');&amp;#10;&amp;#10;END;"/>
         </Item>
         <Trigger Name="KEY-COMMIT" DirtyInfo="true" TriggerText="BEGIN&amp;#10; &amp;#10; --display_standard_alert (':B_COPY_machine.TO_machine_ID : ' || :B_COPY_machine.TO_machine_ID);&amp;#10; --display_standard_alert (':B_COPY_MACHINE.FROM_MACHINE_ID : ' || :B_COPY_MACHINE.FROM_MACHINE_ID);&amp;#10; &amp;#10; IF  :B_COPY_MACHINE.FROM_MACHINE IS NULL THEN&amp;#10; &#x9; &amp;#10; &#x9; --:B_COPY_MACHINE.FROM_MACHINE_ID := :parameter.p_machine_id; &amp;#10; &#x9; :B_COPY_MACHINE.FROM_MACHINE_id := NULL;&amp;#10; &#x9; display_standard_alert('Please enter a value for from machine.');&amp;#10; &#x9; RAISE FORM_TRIGGER_FAILURE;&amp;#10; &#x9; &amp;#10; END IF;&amp;#10;&amp;#10; INSERT INTO oasis_config&amp;#10;   (DEFAULT_TYPE,    &amp;#10;    --USER_ID,&amp;#10;    OASIS_INI_VALUE,&amp;#10;    HOSPITAL_ID,&amp;#10;    AMEND_BY_USER,&amp;#10;    AMEND_LAST_DATE,&amp;#10;    AMEND_BY_MODULE,&amp;#10;    OASIS_CLIENT_ID,&amp;#10;    OASIS_CONFIG_ID)    &amp;#10;  (SELECT &amp;#10;    default_type, &amp;#10;    --:parameter.p_user_id,&amp;#10;    OASIS_INI_VALUE,    &amp;#10;    :parameter.p_hospital_id,&amp;#10;&#x9;&#x9;:parameter.p_user_id,&amp;#10;&#x9;&#x9;sysdate,&amp;#10;&#x9;&#x9;'OASISINI',&amp;#10;&#x9;&#x9;:B_COPY_MACHINE.TO_MACHINE_ID,&amp;#10;&#x9;&#x9;OASIS_CONFIG_ID.nextval FROM oasis_config&amp;#10;&#x9;&#x9;WHERE OASIS_CLIENT_ID = :B_COPY_MACHINE.FROM_MACHINE_ID);&amp;#10;     &amp;#10;    :system.message_level := '5';&amp;#10;    commit;&amp;#10;    :system.message_level := '0';&amp;#10; &amp;#10;EXCEPTION&amp;#10;   &amp;#10;   WHEN FORM_TRIGGER_FAILURE THEN&amp;#10;      &amp;#10;      RAISE;&amp;#10;   &amp;#10;   WHEN OTHERS THEN&amp;#10;      &amp;#10;      Display_standard_alert('Error '||sqlerrm); &amp;#10;      &amp;#10;END;"/>
      </Block>
      <Block Name="BUTTONS" DirtyInfo="true" DatabaseBlock="false" ScrollbarWidth="14" ScrollbarLength="135">
         <Item Name="CNC_BTTN" Justification="Center" Enabled="true" Width="35" CompressionQuality="None" XPosition="105" YPosition="74" DatabaseItem="false" Bevel="None" AutoHint="false" MouseNavigate="true" CanvasName="C_COPY_MACHINE" KeyboardNavigable="true" Height="14" ShowHorizontalScrollbar="false" Iconic="true" IconFilename="cancel36" TabPageName="" ItemType="Display Item" ImplementationClass="" DirtyInfo="true" VisualAttributeName="WEB_TEXT_BUTTON" Label="PUSH_BUTTON463" DefaultButton="false" Visible="true" ShowVerticalScrollbar="false" TooltipVisualAttributeGroup="V7_VA_TOOLTIP">
            <Trigger Name="WHEN-MOUSE-CLICK" DirtyInfo="true" TriggerText="--&amp;#10;-- cancel window&amp;#10;--&amp;#10;-- date&#x9;&#x9;       by&#x9;&#x9;    change&amp;#10;-- 11/03/1998&#x9;   Steve&#x9;&#x9;Created&amp;#10;-- 05/10/2005    Ada      Requery form to show any changes&amp;#10;--&amp;#10;BEGIN&amp;#10;&#x9;oasis_when_mouse_click.when_mouse_click;&amp;#10;&amp;#10;  IF :SYSTEM.CURSOR_BLOCK != 'B_COPY_MACHINE' THEN&amp;#10;&#x9;go_block ('B_COPY_MACHINE');&amp;#10;  END IF;&amp;#10;&amp;#10;  clear_block (NO_VALIDATE);&amp;#10;&amp;#10;  go_block ('OASIS_CONFIG');&amp;#10;&amp;#10;  hide_window ('W_COPY_MACHINE');&amp;#10;  do_key('execute_query');&amp;#10;&amp;#10;END;"/>
         </Item>
         <Item Name="OK_BTTN" Justification="Center" Enabled="true" Width="35" CompressionQuality="None" XPosition="203" YPosition="74" DatabaseItem="false" Bevel="None" AutoHint="false" MouseNavigate="true" CanvasName="C_COPY_MACHINE" KeyboardNavigable="false" Height="14" ShowHorizontalScrollbar="false" Iconic="true" IconFilename="ok36" TabPageName="" ItemType="Text Item" ImplementationClass="" DirtyInfo="true" VisualAttributeName="WEB_TEXT_BUTTON" Label="PUSH_BUTTON463" DefaultButton="false" Visible="true" ShowVerticalScrollbar="false" TooltipVisualAttributeGroup="V7_VA_TOOLTIP">
            <Trigger Name="WHEN-MOUSE-CLICK" DirtyInfo="true" TriggerText="--&amp;#10;-- fire KEY-COMMIT&amp;#10;--&amp;#10;-- date&#x9;     by&#x9;&#x9;change&amp;#10;-- 17/03/05&#x9; NS&#x9;&#x9;created&amp;#10;--&amp;#10;BEGIN&amp;#10;&#x9;oasis_when_mouse_click.when_mouse_click;&amp;#10;&amp;#10;  IF :SYSTEM.CURSOR_BLOCK != 'B_COPY_MACHINE' THEN&amp;#10;&#x9;go_block ('B_COPY_MACHINE');&amp;#10;  END IF;&amp;#10;&amp;#10;  do_key ('COMMIT_FORM');&amp;#10;&amp;#10;END;"/>
         </Item>
         <Item Name="COPY_MACHINE_VALUES" XPosition="458" YPosition="269" Bevel="None" Justification="Center" DirtyInfo="true" TabPageName="" VisualAttributeName="WEB_TEXT_BUTTON" Width="100" CanvasName="OASIS_CONFIG" TooltipVisualAttributeGroup="V7_VA_TOOLTIP" Height="14">
            <Trigger Name="WHEN-MOUSE-CLICK" DirtyInfo="true" TriggerText="-- Try and go to the next block&amp;#10;--&amp;#10;-- Date&#x9;&#x9;    BY&#x9;Change&amp;#10;-- 30/08/2005&#x9;AO&#x9;Creation&amp;#10;--&amp;#10;BEGIN&amp;#10;&#x9;oasis_when_mouse_click.when_mouse_click;&amp;#10;&amp;#10;  IF :header.MACHINE_FILTER = 'All machines' THEN&amp;#10;  &#x9;:b_copy_machine.from_machine    := 'Current machine';&amp;#10;    :b_copy_machine.from_machine_id := :header.machine_ID;&amp;#10;  ELSE&amp;#10;  &#x9;:b_copy_machine.from_machine    := :header.MACHINE_FILTER;&amp;#10;  &#x9;:b_copy_machine.from_machine_id := :header.machine_ID;&amp;#10;  END IF;&amp;#10;&#x9;go_block('B_COPY_MACHINE');&amp;#10;END;"/>
            <Trigger Name="WHEN-MOUSE-ENTER" DirtyInfo="true" TriggerText="DISPLAY_BUTTON_HINT(10231);"/>
            <Trigger Name="WHEN-MOUSE-LEAVE" DirtyInfo="true" TriggerText="KILL_HINT_TIMER;"/>
         </Item>
         <Trigger Name="WHEN-MOUSE-DOWN" DirtyInfo="true" TriggerText="SET_ITEM_PROPERTY(:SYSTEM.TRIGGER_ITEM,VISUAL_ATTRIBUTE,'WEB_TEXT_BUTTON_CLICK');"/>
         <Trigger Name="WHEN-MOUSE-UP" DirtyInfo="true" TriggerText="SET_ITEM_PROPERTY(:SYSTEM.TRIGGER_ITEM, VISUAL_ATTRIBUTE, 'WEB_TEXT_BUTTON');&amp;#10;DEFAULT_VALUE(NULL,'GLOBAL.LAST_ITEM');&amp;#10;IF :global.last_item IS NOT NULL THEN&amp;#10;&#x9;GO_ITEM(:global.last_item);&amp;#10;END IF;"/>
         <Trigger Name="KEY-CLRBLK" DirtyInfo="true" TriggerText="NULL;"/>
         <Trigger Name="KEY-CLRREC" DirtyInfo="true" TriggerText="NULL;"/>
         <Trigger Name="KEY-CLRFRM" DirtyInfo="true" TriggerText="NULL;"/>
         <Trigger Name="KEY-DELREC" DirtyInfo="true" TriggerText="NULL;"/>
         <Trigger Name="KEY-ENTQRY" DirtyInfo="true" TriggerText="NULL;"/>
         <Trigger Name="KEY-EXEQRY" DirtyInfo="true" TriggerText="NULL;"/>
         <Trigger Name="KEY-CREREC" DirtyInfo="true" TriggerText="NULL;"/>
         <Trigger Name="KEY-NXTREC" DirtyInfo="true" TriggerText="NULL;"/>
         <Trigger Name="KEY-PRVREC" DirtyInfo="true" TriggerText="NULL;"/>
         <Trigger Name="KEY-SCRDOWN" DirtyInfo="true" TriggerText="NULL;"/>
         <Trigger Name="KEY-SCRUP" DirtyInfo="true" TriggerText="NULL;"/>
         <Trigger Name="KEY-DOWN" DirtyInfo="true" TriggerText="NULL;"/>
         <Trigger Name="KEY-UP" DirtyInfo="true" TriggerText="NULL;"/>
         <Trigger Name="WHEN-NEW-ITEM-INSTANCE" DirtyInfo="true" TriggerText="NULL; -- To ensure the form level trigger does not fire for the buttons"/>
      </Block>
      <Block Name="TITLES" DirtyInfo="true" ScrollbarWidth="14" ScrollbarLength="135">
         <Item Name="DSP_TITLE" Justification="Start" TabPageName="" Width="279" MaximumLength="30" ParentModule="OASISINI" XPosition="96" ParentModuleType="12" YPosition="1" DatabaseItem="false" ParentName="FORM_TITLE_CLASS" DirtyInfo="true" CanvasName="CNV_CONTENT" ParentType="29"/>
      </Block>
      <Block Name="LT_FUNCTIONS" DirtyInfo="true" DatabaseBlock="false" ScrollbarWidth="14" ScrollbarLength="135">
         <Item Name="IMG_FUNCTIONS" Prompt="Functions" TabPageName="" PromptAttachmentOffset="36" PromptAlignOffset="0" PromptFontSize="900" Width="16" ItemType="Image" ImageFormat="BMP" XPosition="79" YPosition="0" DatabaseItem="false" Bevel="None" PromptForegroundColor="Allscripts Link Blue" DirtyInfo="true" VisualAttributeName="MENU_TEXT_ITEMS_VA" PromptFontName="Arial" PromptFontStyle="Plain" PromptFontWeight="Bold" PromptFontSpacing="Normal" Height="14">
            <Trigger Name="WHEN-MOUSE-CLICK" DirtyInfo="true" TriggerText="HCI_UPGRADE.functions_when_mouse_click;"/>
         </Item>
         <Trigger Name="WHEN-NEW-BLOCK-INSTANCE" DirtyInfo="true" TriggerText="READ_IMAGE_FILE(hci_upgrade.g_image_directory || 'pas_expand_menu.gif', 'gif', 'LT_FUNCTIONS.IMG_FUNCTIONS');"/>
         <Trigger Name="WHEN-MOUSE-DOWN" DirtyInfo="true" TriggerText="SET_ITEM_PROPERTY(:SYSTEM.TRIGGER_ITEM,VISUAL_ATTRIBUTE,'WEB_TEXT_BUTTON_CLICK');"/>
         <Trigger Name="WHEN-MOUSE-UP" DirtyInfo="true" TriggerText="SET_ITEM_PROPERTY(:SYSTEM.TRIGGER_ITEM,VISUAL_ATTRIBUTE,'WEB_TEXT_BUTTON');"/>
         <Trigger Name="WHEN-NEW-ITEM-INSTANCE" DirtyInfo="true" TriggerText="NULL;"/>
      </Block>
      <Canvas Name="C_COPY_MACHINE" ShowHorizontalScrollbar="false" CanvasType="Stacked" Width="250" WindowName="W_COPY_MACHINE" Bevel="None" DirtyInfo="true" VisualAttributeName="BACKGROUND_CANVAS" Visible="false" ShowVerticalScrollbar="false" Height="92" ViewportHeight="92" ViewportWidth="250">
         <Graphics Name="GRAPHIC494" InternalLineWidth="113" Width="235" EdgeForegroundColor="Line Green" EdgePattern="solid" JoinStyle="Bevel" BackColor="Line Green" XPosition="6" YPosition="18" Bevel="None" DirtyInfo="true" ForegroundColor="white" GraphicsType="Line" HorizontalMargin="7" ScrollbarWidth="14" VerticalMargin="14" HorizontalObjectOffset="14" Height="0" StartPromptOffset="7"/>
      </Canvas>
      <Canvas Name="TOOLBAR_CANVAS" BackColor="patient_live_blue" Bevel="None" CanvasType="Horizontal Toolbar" DirtyInfo="true" Width="768" WindowName="MAIN_FORM_WINDOW" Height="64">
         <Graphics Name="BANNER_LINE" InternalLineWidth="227" Width="755" EdgeForegroundColor="gray16" EdgePattern="solid" JoinStyle="Bevel" XPosition="0" YPosition="63" GraphicsType="Line" HorizontalMargin="8" ScrollbarWidth="15" VerticalMargin="16" HorizontalObjectOffset="15" Height="0" StartPromptOffset="8"/>
      </Canvas>
      <Canvas Name="CNV_CONTENT" BackColor="white" Bevel="None" DirtyInfo="true" ForegroundColor="black" Width="755" WindowName="MAIN_FORM_WINDOW" Height="415" ViewportHeight="324" ViewportWidth="540">
         <Graphics Name="BLUE_CIRCLE1" Width="21" Dither="false" ClipWidth="21" ImageFilename="OASISINI_CNV_CONTENT_BLUE_CIRCLE1.tif" ClipHeight="19" XPosition="711" YPosition="20" DirtyInfo="true" GraphicsType="Image" HorizontalMargin="7" ScrollbarWidth="14" VerticalMargin="14" HorizontalObjectOffset="14" Height="19" StartPromptOffset="7"/>
         <Graphics Name="SECTION_LINE1" InternalLineWidth="113" Width="619" EdgeForegroundColor="Line Green" EdgePattern="solid" JoinStyle="Bevel" BackColor="Line Green" XPosition="100" YPosition="38" Bevel="None" DirtyInfo="true" ForegroundColor="white" GraphicsType="Line" HorizontalMargin="7" ScrollbarWidth="14" VerticalMargin="14" HorizontalObjectOffset="14" Height="0" StartPromptOffset="7"/>
         <Graphics Name="SECTION_NUMBER1" Width="13" FillPattern="none" EdgePattern="none" JoinStyle="Bevel" BackColor="Side Green" XPosition="725" WrapText="false" YPosition="25" BoundingBoxScalable="false" Bevel="None" HorizontalOrigin="Right" HorizontalJustification="Center" ForegroundColor="darkcyan" GraphicsFontWeight="Bold" GraphicsFontSpacing="Normal" GraphicsType="Text" ScrollbarWidth="14" Height="11" GraphicsFontName="Arial" GraphicsFontSize="1000" GraphicsFontStyle="0" GraphicsText="1" DirtyInfo="true" GraphicsFontColor="white" GraphicsFontColorCode="1" HorizontalMargin="7" VerticalMargin="14" HorizontalObjectOffset="14" StartPromptOffset="7">
            <CompoundText Name="CMPTXT207">
               <TextSegment Name="TEXTSTR208" FontName="Arial" FontSize="1000" FontStyle="Plain" DirtyInfo="true" FontWeight="Bold" FontSpacing="Normal" ForegroundColor="white" Text="1"/>
            </CompoundText>
         </Graphics>
         <Graphics Name="GRAPHIC401" Width="21" Dither="false" ClipWidth="21" ImageFilename="OASISINI_CNV_CONTENT_GRAPHIC401.tif" ClipHeight="19" XPosition="711" YPosition="78" DirtyInfo="true" GraphicsType="Image" HorizontalMargin="7" ScrollbarWidth="14" VerticalMargin="14" HorizontalObjectOffset="14" Height="19" StartPromptOffset="7"/>
         <Graphics Name="GRAPHIC402" InternalLineWidth="113" Width="619" EdgeForegroundColor="Line Green" EdgePattern="solid" JoinStyle="Bevel" BackColor="Line Green" XPosition="100" YPosition="96" Bevel="None" DirtyInfo="true" ForegroundColor="white" GraphicsType="Line" HorizontalMargin="7" ScrollbarWidth="14" VerticalMargin="14" HorizontalObjectOffset="14" Height="0" StartPromptOffset="7"/>
         <Graphics Name="GRAPHIC403" Width="13" FillPattern="none" EdgePattern="none" JoinStyle="Bevel" BackColor="Side Green" XPosition="725" WrapText="false" YPosition="83" BoundingBoxScalable="false" Bevel="None" HorizontalOrigin="Right" HorizontalJustification="Center" ForegroundColor="darkcyan" GraphicsFontWeight="Bold" GraphicsFontSpacing="Normal" GraphicsType="Text" ScrollbarWidth="14" Height="11" GraphicsFontName="Arial" GraphicsFontSize="1000" GraphicsFontStyle="0" GraphicsText="2" DirtyInfo="true" GraphicsFontColor="white" GraphicsFontColorCode="1" HorizontalMargin="7" VerticalMargin="14" HorizontalObjectOffset="14" StartPromptOffset="7">
            <CompoundText Name="CMPTXT207">
               <TextSegment Name="TEXTSTR208" FontName="Arial" FontSize="1000" FontStyle="Plain" DirtyInfo="true" FontWeight="Bold" FontSpacing="Normal" ForegroundColor="white" Text="2"/>
            </CompoundText>
         </Graphics>
      </Canvas>
      <Canvas Name="CNV_HIDE" Bevel="None" DirtyInfo="true" Width="800" Visible="false" WindowName="MAIN_FORM_WINDOW" Height="410" ViewportHeight="324" ViewportWidth="540"/>
      <Canvas Name="OASIS_CONFIG" ViewportXPositionOnCanvas="0" ViewportYPositionOnCanvas="0" ShowHorizontalScrollbar="false" CanvasType="Stacked" Width="648" WindowName="MAIN_FORM_WINDOW" Bevel="None" DirtyInfo="true" VisualAttributeName="BACKGROUND_CANVAS" Visible="false" DisplayViewport="true" ShowVerticalScrollbar="false" Height="292" ViewportHeight="299" ViewportXPosition="98" ViewportWidth="656" ViewportYPosition="101"/>
      <ModuleParameter Name="P_RELEASE" ParentModule="PAS_RELEASE" ParentModuleType="25" ParentName="P_RELEASE" ParentFilename="pas_release.olb" DirtyInfo="true" ParentFilepath="" ParentType="13"/>
      <ModuleParameter Name="P_VERSION" DirtyInfo="true" Comment="Used by ABOUT_FORM window, the form version, update after each update" ParameterInitializeValue="1"/>
      <ModuleParameter Name="P_DATE" DirtyInfo="true" Comment="Used by ABOUT_FORM window, the date the form was last updated, update after each update" ParameterInitializeValue="27-Jun-2017"/>
      <ModuleParameter Name="P_LOV_PARAM_VALUE" DirtyInfo="true"/>
      <ModuleParameter Name="P_LOV_MACHINE_ID" DirtyInfo="true" ParameterDataType="Number"/>
      <ModuleParameter Name="P_CURR_HOST" DirtyInfo="true"/>
      <ModuleParameter Name="P_LOV_USER_ID_MAIN" DirtyInfo="true" ParameterDataType="Number"/>
      <ModuleParameter Name="P_LOV_DEF_TYPE" DirtyInfo="true"/>
      <ModuleParameter Name="P_LOV_MACHINE_DESC" DirtyInfo="true"/>
      <ModuleParameter Name="P_LOV_HEADER" DirtyInfo="true"/>
      <ModuleParameter Name="P_LOV_PARAM_ID" DirtyInfo="true"/>
      <ModuleParameter Name="P_LOV_PARAM_DESC" DirtyInfo="true"/>
      <ModuleParameter Name="P_LOV_MACHINE" DirtyInfo="true" ParameterDataType="Char"/>
      <ModuleParameter Name="USER" DirtyInfo="true" ParameterDataType="Number"/>
      <ModuleParameter Name="P_TEMPLATE" DirtyInfo="true" Comment="Used by ABOUT_FORM window, the template used to create this form" ParameterInitializeValue="TEMPLATE_V11"/>
      <ModuleParameter Name="P_HOST_NAME" DirtyInfo="true"/>
      <ModuleParameter Name="P_HOSPITAL_ID" DirtyInfo="true" ParameterDataType="Number"/>
      <ModuleParameter Name="P_USER_ID" DirtyInfo="true" ParameterDataType="Number"/>
      <ModuleParameter Name="P_LOV_USER_ID" DirtyInfo="true" ParameterDataType="Number"/>
      <ModuleParameter Name="P_LOV_USER_DESC" DirtyInfo="true"/>
      <ModuleParameter Name="P_M_CLIENTID" DirtyInfo="true" ParameterDataType="Number"/>
      <ModuleParameter Name="P_LOV_HEADER_USER_ID" DirtyInfo="true" ParameterDataType="Number"/>
      <ModuleParameter Name="P_CURRENT_MACHINE" DirtyInfo="true"/>
      <ModuleParameter Name="P_USER_NAME" DirtyInfo="true"/>
      <ModuleParameter Name="API_VERSION" ParameterInitializeValue="V2.3"/>
      <ModuleParameter Name="P_BREADCRUMB"/>
      <LOV Name="PARAMETER_LOV" DirtyInfo="true" AutoPosition="true" Title="Select Parameter" Width="400" RecordGroupName="PARAMETER_LOV" Height="250">
         <LOVColumnMapping Name="ID" ReturnItem="PARAMETER.P_LOV_PARAM_ID" DirtyInfo="true" Title="Id" DisplayWidth="209"/>
         <LOVColumnMapping Name="DESCR" ReturnItem="PARAMETER.P_LOV_PARAM_DESC" DirtyInfo="true" Title="Descr" DisplayWidth="547"/>
         <LOVColumnMapping Name="VALUE" ReturnItem="PARAMETER.P_LOV_PARAM_VALUE" DirtyInfo="true" Title="Value" DisplayWidth="547"/>
      </LOV>
      <LOV Name="ENTITY_LOV" DirtyInfo="true" VisualAttributeName="TEXT_ITEM_VA_LOV" AutoPosition="true" Title="Entity Values" Width="400" RecordGroupName="ENTITY_LOV" Height="250">
         <LOVColumnMapping Name="ENTITY" ReturnItem="" DirtyInfo="true" Title="Entity" DisplayWidth="150"/>
         <LOVColumnMapping Name="VALUE" ReturnItem="" DirtyInfo="true" Title="Value" DisplayWidth="80"/>
         <LOVColumnMapping Name="HOSPITAL_NAME" ReturnItem="" DirtyInfo="true" Title="Hospital Name" DisplayWidth="400"/>
      </LOV>
      <LOV Name="C_MACHINE_LOV" XPosition="176" YPosition="109" DirtyInfo="true" VisualAttributeName="TEXT_ITEM_VA_LOV" AutoPosition="true" Title="Machine Filter" Width="400" RecordGroupName="C_MACHINE_LOV" Height="250">
         <LOVColumnMapping Name="MACHINE" ReturnItem="PARAMETER.P_LOV_MACHINE" DirtyInfo="true" Title="Machine" DisplayWidth="75"/>
         <LOVColumnMapping Name="DESCR" ReturnItem="PARAMETER.P_LOV_MACHINE_DESC" DirtyInfo="true" Title="Descr" DisplayWidth="200"/>
         <LOVColumnMapping Name="CLIENT_ID" ReturnItem="PARAMETER.P_LOV_MACHINE_ID" DirtyInfo="true" Title="Client_Id" DisplayWidth="40"/>
      </LOV>
      <LOV Name="MACHINE_HEADER_LOV" XPosition="176" YPosition="109" DirtyInfo="true" VisualAttributeName="TEXT_ITEM_VA_LOV" AutoPosition="true" Title="Machine Filter" Width="400" RecordGroupName="MACHINE_LOV" Height="250">
         <LOVColumnMapping Name="MACHINE" ReturnItem="PARAMETER.P_HOST_NAME" DirtyInfo="true" Title="Machine" DisplayWidth="142"/>
         <LOVColumnMapping Name="DESCR" ReturnItem="HEADER.MACHINE_FILTER" DirtyInfo="true" Title="Descr" DisplayWidth="200"/>
         <LOVColumnMapping Name="CLIENT_ID" ReturnItem="PARAMETER.P_LOV_HEADER" DirtyInfo="true" Title="Client_Id" DisplayWidth="40"/>
      </LOV>
      <Menu Name="BOILER_PLATE" DirtyInfo="true">
         <MenuItem Name="CHANGE_PROMPT" DirtyInfo="true" Label="Change Prompt" MenuItemCode="message('Change Boilerplate prompt');pause;"/>
      </Menu>
      <ProgramUnit Name="INIT_FORM" ProgramUnitText="PACKAGE BODY init_form IS&amp;#10;--&amp;#10;-- steve pusey 2/5/1996&amp;#10;--&amp;#10;-- program units to initialise form&amp;#10;--&amp;#10;-- add code to init_form and init_format_masks program units, add other init procs to the&amp;#10;-- init_form procedure, for example if you write a procedure called init_toolbar then add &amp;#10;-- this to the init_form procedure. The init_form procedure is called from the &amp;#10;-- WHEN-NEW-FORM-INSTANCE trigger&amp;#10;--&amp;#10;&amp;#10;---------------------------------------------------------------------------------------&amp;#10;-- INTERNAL PACKAGE VARIABLES &amp;#10;---------------------------------------------------------------------------------------&amp;#10;&amp;#10;---------------------------------------------------------------------------------------&amp;#10;-- INTERNAL PROGRAM UNITS (DECLARATION)&amp;#10;---------------------------------------------------------------------------------------&amp;#10;&amp;#10;  procedure init_list_items;&amp;#10;  procedure init_format_masks;&amp;#10;&amp;#10;---------------------------------------------------------------------------------------&amp;#10;-- PROGRAM UNITS (CODE)&amp;#10;---------------------------------------------------------------------------------------&amp;#10;&amp;#10;-- ##########################################################################################&amp;#10;&amp;#10;  procedure init_list_items is&amp;#10;  --&amp;#10;  -- initialise list items&amp;#10;  --&amp;#10;  -- date&#x9;by&#x9;&#x9;change&amp;#10;  -- 2/5/1996   Steve Pusey&#x9;Creation of template procedure&amp;#10;  --&amp;#10;  BEGIN&amp;#10;&amp;#10;    -- cut &amp; paste this code&amp;#10;    -- populate_poplist_from_codes ('BLOCK.ITEM', &lt;CODE_TYPE>);&amp;#10;&amp;#10;    null;&amp;#10;  &amp;#10;  END init_list_items;&amp;#10;&amp;#10;-- ##########################################################################################&amp;#10;&amp;#10;  procedure init_format_masks is&amp;#10;  --&amp;#10;  -- set the format masks for date, datetime, and numeric items&amp;#10;  --&amp;#10;  -- date&#x9;by&#x9;&#x9;change&amp;#10;  -- 2/5/1996   Steve Pusey&#x9;Creation of template procedure&amp;#10;  --&amp;#10;  BEGIN&amp;#10;&amp;#10;    -- copy &amp; paste this line&amp;#10;    -- set_format_mask ('BLOCK.ITEM');&amp;#10;&amp;#10;    null;&amp;#10;   &amp;#10;  END init_format_masks;&amp;#10;&amp;#10;-- ##########################################################################################&amp;#10;&amp;#10;  procedure init_form is&amp;#10;  --&amp;#10;  -- initialise form&amp;#10;  --&amp;#10;  -- date&#x9;by&#x9;&#x9;change&amp;#10;  -- 2/5/1996   Steve Pusey&#x9;Creation of template procedure&amp;#10;  -- 20/6/2008  Graham      Add check for 'CITRIX_SERVER' = 'Y' and get :parameter.p_host_name from 'CLIENTNAME' windows variable &amp;#10;  --                        on CITRIX SERVER as this is set for the calling host machine by CITRIX.&amp;#10;  -- 05/09/2008 VM&#x9;&#x9;&#x9;&#x9;&#x9;Fife 10g Changes - Change the Look and feel of the form - Removed references to  User id and Parameter search&amp;#10;  &amp;#10;  CURSOR c_cur_machine (p_machine VARCHAR2)IS&amp;#10;   &#x9;SELECT oasis_client_id &amp;#10;&#x9;  FROM oasis_clients&amp;#10;&#x9;  WHERE MACHINE_ID = UPPER(p_machine);&amp;#10;&#x9;&amp;#10;  -- Getting Host name for Client/ server mode &amp;#10;  CURSOR c_host IS&amp;#10;  select userenv('terminal') from dual;  &amp;#10;  &amp;#10;  v_where VARCHAR2(4000); &amp;#10;&amp;#10;  BEGIN&amp;#10;&amp;#10;    init_list_items;&amp;#10;    init_format_masks;&amp;#10;    :parameter.p_hospital_id := oaslogon_package.get_hospital_id;&amp;#10;    :parameter.p_user_id := oaslogon_package.get_user_id;&amp;#10;    &amp;#10;  IF (GET_APPLICATION_PROPERTY(USER_INTERFACE) = 'WEB') THEN&amp;#10;  &#x9;IF (NVL(get_default('CITRIX_SERVER'),'N') = 'Y') THEN&amp;#10;  &#x9;&#x9;-- get value from client system variable &amp;#10;  &#x9;&#x9;:parameter.p_host_name  := Win_Api_Environment.Get_Environment_String('CLIENTNAME'); &amp;#10;&amp;#10;  &#x9;&#x9;IF (:parameter.p_host_name IS NULL) THEN&amp;#10;  &#x9;&#x9;  :parameter.p_host_name :=&#x9;Win_Api_Environment.Get_Environment_String('COMPUTERNAME');&amp;#10;  &#x9;&#x9;END IF;&amp;#10;  &#x9;ELSE&amp;#10;      DEFAULT_VALUE(' ', 'GLOBAL.HOST_NAME');&amp;#10;      :parameter.p_host_name := :GLOBAL.HOST_NAME;&amp;#10;  &#x9;END IF; &amp;#10;&amp;#10;&#x9;&#x9;OPEN c_cur_machine(:parameter.p_host_name);&amp;#10;&#x9;&#x9;FETCH c_cur_machine INTO :parameter.P_CURRENT_MACHINE;&amp;#10;&#x9;&#x9;CLOSE c_cur_machine;&amp;#10;&amp;#10;  ELSE&amp;#10;  &#x9;IF (NVL(get_default('CITRIX_SERVER'),'N') = 'Y') THEN&amp;#10;  &#x9;&#x9;-- get value from client system variable &amp;#10;  &#x9;&#x9;:parameter.p_curr_host  := Win_Api_Environment.Get_Environment_String('CLIENTNAME'); &amp;#10;&amp;#10;  &#x9;&#x9;IF (:parameter.p_curr_host IS NULL) THEN&amp;#10;  &#x9;&#x9;  :parameter.p_curr_host :=&#x9;Win_Api_Environment.Get_Environment_String('COMPUTERNAME');&amp;#10;  &#x9;&#x9;END IF;&amp;#10; &#x9;  ELSE  &amp;#10;      OPEN c_host;&amp;#10;      FETCH c_host INTO :parameter.p_curr_host;&amp;#10;      CLOSE c_host;&amp;#10; &#x9;  END IF;&amp;#10;&amp;#10;    OPEN c_cur_machine(:parameter.p_curr_host);&amp;#10;&#x9;&#x9;FETCH c_cur_machine INTO :parameter.P_CURRENT_MACHINE;&amp;#10;&#x9;&#x9;CLOSE c_cur_machine;&amp;#10;&amp;#10;  END IF;&amp;#10;  &amp;#10;  :header.MACHINE_FILTER := 'All machines'; --VM--05/09/2008&amp;#10;&amp;#10;  END init_form;&amp;#10;&amp;#10;-- ##########################################################################################&amp;#10;&amp;#10;END init_form;" ProgramUnitType="Package Body"/>
      <ProgramUnit Name="INIT_FORM" ProgramUnitText="PACKAGE init_form IS&amp;#10;--&amp;#10;-- steve pusey 2/5/1996&amp;#10;--&amp;#10;-- program units to initialise form&amp;#10;--&amp;#10;&amp;#10;---------------------------------------------------------------------------------------&amp;#10;-- EXTERNAL PACKAGE VARIABLES&amp;#10;---------------------------------------------------------------------------------------&amp;#10;&amp;#10;---------------------------------------------------------------------------------------&amp;#10;-- EXTERNAL PROGRAM UNITS (DECLARATION) &amp;#10;---------------------------------------------------------------------------------------&amp;#10;&amp;#10;  procedure init_form;&amp;#10;&amp;#10;END init_form;" ProgramUnitType="Package Spec"/>
      <ProgramUnit Name="BUILD_OASIS_CONFIG_DEF_WHERE" ProgramUnitText="PROCEDURE BUILD_OASIS_CONFIG_DEF_WHERE IS&amp;#10;--&amp;#10;-- Try and go to the next block&amp;#10;--&amp;#10;-- Date&#x9;&#x9;BY&#x9;Change&amp;#10;-- 26/1/1998&#x9;Simon&#x9;Creation&amp;#10;--&amp;#10;-- 05/09/2008 VM Fife10g Changes - Changed references to user id&amp;#10;&amp;#10;&#x9; v_where VARCHAR2(4000) := '1=1';&amp;#10;   v_dyn_where VARCHAR2(100) := '1=1';&amp;#10;   &amp;#10;  CURSOR c_client_id (p_curr_host VARCHAR2) IS&amp;#10;  SELECT oasis_client_id&amp;#10;  FROM oasis_clients&amp;#10;  WHERE machine_id = UPPER(p_curr_host);&amp;#10;  &amp;#10;  v_client_id NUMBER;&amp;#10;  &amp;#10;BEGIN&amp;#10;&amp;#10;&#x9;go_block('oasis_config');&amp;#10;&amp;#10;&#x9;IF &#x9;NVL(:header.MACHINE_FILTER,'All machines') = 'All machines' THEN&#x9;&#x9;&#x9;&#x9;       &amp;#10;&#x9;&#x9;&#x9;v_where := v_where;&amp;#10;&#x9;ELSE&amp;#10;&#x9;&#x9;&#x9;  OPEN c_client_id(:parameter.p_host_name);&amp;#10;  &#x9;&#x9;  FETCH c_client_id INTO v_client_id;&amp;#10;  &#x9;&#x9;&#x9;CLOSE c_client_id;   &amp;#10;  &#x9;&#x9;&#x9;&amp;#10;  &#x9;&#x9;&#x9;v_where := v_where ||' AND OASIS_CLIENT_ID = '||v_client_id;&amp;#10;&#x9;END IF;&#x9;    &amp;#10;&#x9;&#x9;       &#x9;&#x9;&#x9;&#x9;   &amp;#10;&#x9;SET_BLOCK_PROPERTY('OASIS_CONFIG', DEFAULT_WHERE, v_where);&amp;#10;&amp;#10;  execute_query;&amp;#10;&amp;#10;END;" ProgramUnitType="Procedure"/>
      <ProgramUnit Name="SET_FILTER_ITEMS_OFF" ProgramUnitText="-- 04/01/2006 Graham Created.&amp;#10;-- Set display of query items to off&amp;#10;-- 05/09/2008 VM Commented as no longer needed&amp;#10;/*&amp;#10;PROCEDURE SET_FILTER_ITEMS_OFF IS&amp;#10;BEGIN&amp;#10;    oasis_number_set_item_property('TEXT.BPT_1',VISIBLE, PROPERTY_FALSE);&amp;#10;    oasis_number_set_item_property('TEXT.BPT_2',VISIBLE, PROPERTY_FALSE);&amp;#10;    oasis_number_set_item_property('TEXT.BPT_3',VISIBLE, PROPERTY_FALSE);&amp;#10;    oasis_number_set_item_property('HEADER.MACHINE_FILTER',VISIBLE, PROPERTY_FALSE);&amp;#10;    oasis_number_set_item_property('HEADER.USER_FILTER',VISIBLE, PROPERTY_FALSE);&amp;#10;    oasis_number_set_item_property('HEADER.PARAMETER_FILTER',VISIBLE, PROPERTY_FALSE);&amp;#10;    oasis_number_set_item_property('BUTTONS.NEXT_BLOCK',VISIBLE, PROPERTY_FALSE);&amp;#10;    oasis_number_set_item_property('HEADER.MACHINE_FILTER_LOV',VISIBLE, PROPERTY_FALSE);&amp;#10;    oasis_number_set_item_property('HEADER.USER_FILTER_LOV',VISIBLE, PROPERTY_FALSE);&amp;#10;    oasis_number_set_item_property('HEADER.PARAMETER_FILTER_LOV',VISIBLE, PROPERTY_FALSE);&amp;#10;END;&amp;#10;*/&amp;#10;&amp;#10;NULL; --VM--05/09/2008"/>
      <ProgramUnit Name="WORK_ENTITY_PARAMETER_EXIST" ProgramUnitText="-- 14/12/2007 Sanjay Singh Creation  Nspec534 changes.&amp;#10;PROCEDURE work_entity_parameter_exist IS&amp;#10;&amp;#10;v_default_type oasis_config.default_type%type ;&amp;#10;it_id Item;&amp;#10;&amp;#10;CURSOR c_work_entity_parameter  IS&amp;#10;  select oc.default_type &amp;#10;  from oasis_config OC,work_entity_parameters p&amp;#10;  where OC.DEFAULT_TYPE = p.default_type&amp;#10;  and oc.hospital_id= p.hospital_id&amp;#10;  and oc.hospital_id = :parameter.p_hospital_id&amp;#10;  and oc.oasis_config_id=:oasis_config.oasis_config_id ;&amp;#10;&amp;#10;BEGIN&amp;#10;&#x9;&amp;#10;  --it_id := Find_Item('OASIS_CONFIG.DEFAULT_VALUE'); &amp;#10;  OPEN c_work_entity_parameter;&amp;#10;  loop&amp;#10;  FETCH c_work_entity_parameter INTO v_default_type;&amp;#10;  if c_work_entity_parameter%found  &amp;#10;  &#x9;then&amp;#10;  &#x9;&amp;#10;  SET_ITEM_INSTANCE_PROPERTY('OASIS_CONFIG.DEFAULT_VALUE',CURRENT_RECORD, VISUAL_ATTRIBUTE,'disp_red');&amp;#10;  --synchronize;&amp;#10;  &amp;#10;  end if;&amp;#10;  &amp;#10;  exit when c_work_entity_parameter%notfound;&amp;#10;  end loop;&amp;#10;  CLOSE c_work_entity_parameter;&amp;#10;&amp;#10;END;" ProgramUnitType="Procedure"/>
      <PropertyClass Name="BUTTON_CLASS" ParentModule="PAS_OLD" ParentModuleType="25" ParentName="BUTTON_CLASS" ParentFilename="pas_old.olb" ParentFilepath="" ParentType="29"/>
      <PropertyClass Name="LOV_BUTTON_CLASS" ParentModule="PAS_OLD" ParentModuleType="25" ParentName="LOV_BUTTON_CLASS" ParentFilename="pas_old.olb" ParentFilepath="" ParentType="29"/>
      <PropertyClass Name="BPT_CLASS" ParentModule="PAS_OLD" ParentModuleType="25" ParentName="BPT_CLASS" ParentFilename="pas_old.olb" ParentFilepath="" ParentType="29"/>
      <PropertyClass Name="BPT_BLUE_CLASS" ParentModule="PAS_OLD" ParentModuleType="25" ParentName="BPT_BLUE_CLASS" ParentFilename="pas_old.olb" ParentFilepath="" ParentType="29"/>
      <PropertyClass Name="BPT_GREY_CLASS" ParentModule="PAS_OLD" ParentModuleType="25" ParentName="BPT_GREY_CLASS" ParentFilename="pas_old.olb" ParentFilepath="" ParentType="29"/>
      <PropertyClass Name="TEXT_ITEM_CLASS" ParentModule="PAS_OLD" ParentModuleType="25" ParentName="TEXT_ITEM_CLASS" ParentFilename="pas_old.olb" ParentFilepath="" ParentType="29"/>
      <PropertyClass Name="TEXT_ITEM_DATE_CLASS" ParentModule="PAS_OLD" ParentModuleType="25" ParentName="TEXT_ITEM_DATE_CLASS" ParentFilename="pas_old.olb" ParentFilepath="" ParentType="29"/>
      <PropertyClass Name="TEXT_ITEM_NUMBER_CLASS" ParentModule="PAS_OLD" ParentModuleType="25" ParentName="TEXT_ITEM_NUMBER_CLASS" ParentFilename="pas_old.olb" ParentFilepath="" ParentType="29"/>
      <PropertyClass Name="TEXT_ITEM_DATETIME_CLASS" ParentModule="PAS_OLD" ParentModuleType="25" ParentName="TEXT_ITEM_DATETIME_CLASS" ParentFilename="pas_old.olb" ParentFilepath="" ParentType="29"/>
      <PropertyClass Name="DISPLAY_ITEM_CLASS" ParentModule="PAS_OLD" ParentModuleType="25" ParentName="DISPLAY_ITEM_CLASS" ParentFilename="pas_old.olb" ParentFilepath="" ParentType="29"/>
      <PropertyClass Name="STACKED_CANVAS_CLASS" ParentModule="PAS_OLD" ParentModuleType="25" ParentName="STACKED_CANVAS_CLASS" ParentFilename="pas_old.olb" ParentFilepath="" ParentType="29"/>
      <PropertyClass Name="WINDOW_CLASS" ParentModule="PAS_OLD" ParentModuleType="25" ParentName="WINDOW_CLASS" ParentFilename="pas_old.olb" ParentFilepath="" ParentType="29"/>
      <PropertyClass Name="ID_CLASS" ParentModule="PAS_OLD" ParentModuleType="25" ParentName="ID_CLASS" ParentFilename="pas_old.olb" ParentFilepath="" ParentType="29"/>
      <PropertyClass Name="MENU_ITEM_CLASS" ParentModule="PAS_CUI" ParentModuleType="25" ParentName="MENU_ITEM_CLASS" ParentFilename="pas_cui.olb" DirtyInfo="true" ParentFilepath="" ParentType="29"/>
      <PropertyClass Name="FORM_TITLE_CLASS" ParentModule="PAS_CUI" ParentModuleType="25" ParentName="FORM_TITLE_CLASS" ParentFilename="pas_cui.olb" DirtyInfo="true" ParentFilepath="" ItemType="Display Item" ParentType="29"/>
      <PropertyClass Name="SECTION_TITLE_CLASS" ParentModule="PAS_CUI" ParentModuleType="25" ParentName="SECTION_TITLE_CLASS" ParentFilename="pas_cui.olb" DirtyInfo="true" ParentFilepath="" ItemType="Display Item" ParentType="29"/>
      <PropertyClass Name="BACKGROUND_LINK_BOX_CLASS" ParentModule="PAS_CUI" ParentModuleType="25" ParentName="BACKGROUND_LINK_BOX_CLASS" ParentFilename="pas_cui.olb" DirtyInfo="true" ParentFilepath="" ParentType="29"/>
      <PropertyClass Name="CUI_DATE_INPUT" ParentModule="PAS_CUI" ParentModuleType="25" ParentName="CUI_DATE_INPUT" ParentFilename="pas_cui.olb" DirtyInfo="true" ParentFilepath="" ParentType="29"/>
      <PropertyClass Name="CUI_DATE_DISP" ParentModule="PAS_CUI" ParentModuleType="25" ParentName="CUI_DATE_DISP" ParentFilename="pas_cui.olb" DirtyInfo="true" ParentFilepath="" ParentType="29"/>
      <PropertyClass Name="CUI_DATETIME_INPUT" ParentModule="PAS_CUI" ParentModuleType="25" ParentName="CUI_DATETIME_INPUT" ParentFilename="pas_cui.olb" DirtyInfo="true" ParentFilepath="" ParentType="29"/>
      <PropertyClass Name="CUI_DATETIME_DISP" ParentModule="PAS_CUI" ParentModuleType="25" ParentName="CUI_DATETIME_DISP" ParentFilename="pas_cui.olb" DirtyInfo="true" ParentFilepath="" ParentType="29"/>
      <RecordGroup Name="PARAMETER_LOV" DirtyInfo="true" RecordGroupFetchSize="0" RecordGroupQuery="SELECT 'All' id, 'All Parameters' descr, null value FROM dual&amp;#10;UNION&amp;#10;SELECT default_type, description, default_variable value FROM maps011&amp;#10;" RecordGroupType="Query">
         <RecordGroupColumn Name="ID" DirtyInfo="true" ColumnDataType="Character" MaximumLength="30"/>
         <RecordGroupColumn Name="DESCR" DirtyInfo="true" ColumnDataType="Character" MaximumLength="80"/>
         <RecordGroupColumn Name="VALUE" DirtyInfo="true" ColumnDataType="Character" MaximumLength="80"/>
      </RecordGroup>
      <RecordGroup Name="MACHINE_LOV" DirtyInfo="true" RecordGroupFetchSize="0" RecordGroupQuery="SELECT 'All'  machine, 'All machines' descr, to_number(NULL) client_id FROM dual&amp;#10;UNION&amp;#10;select machine_id  machine, description descr, oasis_client_id client_id from oasis_clients " RecordGroupType="Query">
         <RecordGroupColumn Name="MACHINE" DirtyInfo="true" ColumnDataType="Character" MaximumLength="20"/>
         <RecordGroupColumn Name="DESCR" DirtyInfo="true" ColumnDataType="Character" MaximumLength="80"/>
         <RecordGroupColumn Name="CLIENT_ID" DirtyInfo="true" ColumnDataType="Number" MaximumLength="23"/>
      </RecordGroup>
      <RecordGroup Name="C_MACHINE_LOV" DirtyInfo="true" RecordGroupFetchSize="0" RecordGroupQuery="SELECT 'current' machine, 'Current Machine' descr, to_number(NULL) client_id FROM dual&amp;#10;UNION&amp;#10;SELECT 'All'  machine, 'All machines' descr, to_number(NULL) client_id FROM dual&amp;#10;UNION&amp;#10;select machine_id  machine, description descr, oasis_client_id client_id from oasis_clients " RecordGroupType="Query">
         <RecordGroupColumn Name="MACHINE" DirtyInfo="true" ColumnDataType="Character" MaximumLength="20"/>
         <RecordGroupColumn Name="DESCR" DirtyInfo="true" ColumnDataType="Character" MaximumLength="80"/>
         <RecordGroupColumn Name="CLIENT_ID" DirtyInfo="true" ColumnDataType="Number" MaximumLength="5"/>
      </RecordGroup>
      <RecordGroup Name="USER_LOV" DirtyInfo="true" RecordGroupFetchSize="0" RecordGroupQuery="SELECT 'All users' descr,1 id FROM dual&amp;#10;UNION&amp;#10;SELECT user_name descr,user_id id  FROM maps006" RecordGroupType="Query">
         <RecordGroupColumn Name="DESCR" DirtyInfo="true" ColumnDataType="Character" MaximumLength="64" DataLengthSemantics="Null"/>
         <RecordGroupColumn Name="ID" DirtyInfo="true" ColumnDataType="Number" MaximumLength="23"/>
      </RecordGroup>
      <RecordGroup Name="ENTITY_LOV" DirtyInfo="true" RecordGroupFetchSize="0" RecordGroupQuery="SELECT wed.description entity, p.default_variable value, m10.hospital_name &amp;#10;FROM maps010 m10,work_entity_data wed, work_entity_parameters p &amp;#10;WHERE m10.hospital_id= p.hospital_id and wed.work_entity = p.WORK_ENTITY and p.default_type = :oasis_config.default_type &amp;#10;order by wed.description" RecordGroupType="Query">
         <RecordGroupColumn Name="ENTITY" DirtyInfo="true" ColumnDataType="Character" MaximumLength="80"/>
         <RecordGroupColumn Name="VALUE" DirtyInfo="true" ColumnDataType="Character" MaximumLength="80"/>
         <RecordGroupColumn Name="HOSPITAL_NAME" DirtyInfo="true" ColumnDataType="Character" MaximumLength="40"/>
      </RecordGroup>
      <Trigger Name="WHEN-MOUSE-CLICK" TriggerText="--&amp;#10;-- call stdlib procedure to handle mouse click&amp;#10;-- N.B. standard left button click is not affected &amp;#10;--&amp;#10;-- date&#x9;&#x9;by&#x9;&#x9;change&amp;#10;-- 31-05-1996&#x9;Steve Pusey&#x9;Creation&amp;#10;--&amp;#10;BEGIN&amp;#10;&amp;#10;  oasis_when_mouse_click.when_mouse_click;&amp;#10;&amp;#10;END;"/>
      <Trigger Name="WHEN-NEW-ITEM-INSTANCE" TriggerText="/* This trigger activates the hint message for the associated item */&amp;#10;begin&amp;#10;&#x9;:global.last_item := :system.trigger_item;&amp;#10;  display_text_hint;&amp;#10;end;"/>
      <Trigger Name="WHEN-NEW-FORM-INSTANCE" TriggerText="--&amp;#10;-- fires when form is entered, PRE-FORM fires before this trigger&amp;#10;--&amp;#10;-- Date&#x9;&#x9;by &#x9;&#x9;change&amp;#10;-- 10/1994&#x9;David Massie&#x9;Creation&amp;#10;-- 1995&#x9;&#x9;Nagy Tharwat&#x9;Upgrade to v9 - moved code into library procedure&amp;#10;-- 2/5/1996&#x9;Steve Pusey&#x9;Upgrade to V10 &amp;#10;--&#x9;&#x9;&#x9;&#x9;- versions into oasis_new_form_instance&amp;#10;--&#x9;&#x9;&#x9;&#x9;- Tidied code and added comments&amp;#10;--&amp;#10;&amp;#10;DECLARE&amp;#10;&amp;#10;  v_error_no             number(4); -- returned from oasis_new_form_instance&amp;#10;&#x9;&amp;#10;&#x9;  &amp;#10;&amp;#10;&#x9;&amp;#10;BEGIN&amp;#10;&amp;#10;  -- version 2 form (gets bpt and window titles fromm files)&amp;#10;  oasis_new_form_instance_v2(v_error_no, 2); &amp;#10;&amp;#10;  if v_error_no > 0 then&amp;#10;    display_alert ('ERROR_ALERT', v_error_no);&amp;#10;    exit_form (NO_VALIDATE);&amp;#10;  end if;&amp;#10;&amp;#10;-- *** Insert additional code into init_form package ***&amp;#10;&amp;#10;  init_form.init_form;&amp;#10;  &amp;#10;&amp;#10;  &amp;#10;  &amp;#10;    &amp;#10;  --NS on 14/03/05 part of webform conversion&amp;#10;  HCI_UPGRADE.PR_INITIALISE_IMAGES;&amp;#10;END;"/>
      <Trigger Name="ON-MESSAGE" TriggerText="--&amp;#10;-- steve pusey 19/4/96&amp;#10;--&amp;#10;BEGIN&amp;#10;&amp;#10;  oasis_standard_procs.on_message;&amp;#10;&amp;#10;END;"/>
      <Trigger Name="ON-ERROR" TriggerText="--&amp;#10;-- steve pusey 19/4/96&amp;#10;--&amp;#10;BEGIN&amp;#10;&amp;#10;  oasis_standard_procs.on_error;&amp;#10;&amp;#10;END;"/>
      <Trigger Name="PRE_BLOCK" FireInQuery="true" TriggerText="/* This trigger resets the 40352_count global to allow the Last line of query message to be displayed */&amp;#10;begin&amp;#10;  :GLOBAL.40352_COUNT := 0;&amp;#10;end;" DisplayInKeyboardHelp="false"/>
      <Trigger Name="WHEN-WINDOW-CLOSED" DirtyInfo="true" TriggerText="/* This trigger ensures proper navigation when a window is closed using the windows close function */&amp;#10;begin&amp;#10;  :GLOBAL.WINDOW_NAME := get_view_property(get_item_property(:SYSTEM.CURSOR_ITEM,&amp;#10;     item_canvas), window_name);&amp;#10;  hide_window(:GLOBAL.WINDOW_NAME);&amp;#10;  erase('GLOBAL.WINDOW_NAME');&amp;#10;end;&amp;#10;"/>
      <Trigger Name="WHEN-TIMER-EXPIRED" TriggerText="Button_Hint;"/>
      <Trigger Name="PRE_QUERY" FireInQuery="true" TriggerText="/* This trigger resets the 40352_count global to allow the Last line of query message to be displayed */&amp;#10;begin&amp;#10;  :GLOBAL.40352_COUNT := 0;&amp;#10;end;" DisplayInKeyboardHelp="false"/>
      <Trigger Name="POST-FORM" DirtyInfo="true" TriggerText="/* This trigger clears the Global variables used within the form */&amp;#10;begin&amp;#10;  erase('GLOBAL.ROOT_WINDOW_NAME');&amp;#10;end;&amp;#10;"/>
      <Trigger Name="EASY_BUTTON_TRIGGER" TriggerText="NULL;"/>
      <Trigger Name="DRILLDN_BUTTON_TRIGGER" TriggerText="NULL;"/>
      <Trigger Name="KEY-CLRFRM" ParentModule="PAS_CUI" ParentModuleType="25" ParentName="KEY-CLRFRM" ParentFilename="pas_cui.olb" DirtyInfo="true" ParentFilepath="" ParentType="37"/>
      <Trigger Name="KEY-CLRREC" TriggerText="clear_record;"/>
      <Trigger Name="KEY-CLRBLK" TriggerText="clear_block;"/>
      <Trigger Name="KEY-COMMIT" TriggerText="commit_form;"/>
      <Trigger Name="KEY-CQUERY" TriggerText="count_query;"/>
      <Trigger Name="KEY-CREREC" TriggerText="create_record;"/>
      <Trigger Name="KEY-DELREC" TriggerText="null;"/>
      <Trigger Name="KEY-DOWN" TriggerText="down;"/>
      <Trigger Name="KEY-DUP-ITEM" KeyboardHelpText="Record Error" TriggerText="--&amp;#10;-- steve pusey 22/4/96&amp;#10;--&amp;#10;BEGIN&amp;#10;&amp;#10;  oasis_standard_procs.key_dupitem_trigger;&amp;#10;&amp;#10;END;" DisplayInKeyboardHelp="true"/>
      <Trigger Name="KEY-DUPREC" TriggerText="duplicate_record;"/>
      <Trigger Name="KEY-EDIT" TriggerText="EDIT_TEXTITEM;"/>
      <Trigger Name="KEY-ENTER" TriggerText="null;"/>
      <Trigger Name="KEY-ENTQRY" TriggerText="enter_query;"/>
      <Trigger Name="KEY-EXEQRY" TriggerText="BUILD_OASIS_CONFIG_DEF_WHERE;"/>
      <Trigger Name="KEY-EXIT" TriggerText="--&amp;#10;-- fires when form is exited&amp;#10;--&amp;#10;-- Date&#x9;&#x9;by &#x9;&#x9;change&amp;#10;-- 10/1994&#x9;David Massie&#x9;Creation&amp;#10;-- 1995&#x9;&#x9;Nagy Tharwat&#x9;Upgrade to v9 - moved code into library procedure&amp;#10;-- 2/5/1996&#x9;Steve Pusey&#x9;Upgrade to V10 &amp;#10;--&#x9;&#x9;&#x9;&#x9;- removed code to check for system.mode = 'ENTER-QUERY', I can't&amp;#10;--&#x9;&#x9;&#x9;&#x9;- see why this code is not in the library !&amp;#10;--&amp;#10;BEGIN&amp;#10;   &amp;#10;  oasis_exit_form;&amp;#10;&amp;#10;END;"/>
      <Trigger Name="KEY-HELP" TriggerText="GET_HELP;"/>
      <Trigger Name="KEY-LISTVAL" TriggerText="list_values;"/>
      <Trigger Name="KEY-NEXT-ITEM" TriggerText="next_item;"/>
      <Trigger Name="KEY-NXTREC" TriggerText="next_record;"/>
      <Trigger Name="KEY-NXTSET" TriggerText="next_set;"/>
      <Trigger Name="KEY-OTHERS" TriggerText="NULL;"/>
      <Trigger Name="KEY-PREV-ITEM" TriggerText="PREVIOUS_ITEM;"/>
      <Trigger Name="KEY-PRINT" TriggerText="print;"/>
      <Trigger Name="KEY-PRVREC" TriggerText="PREVIOUS_RECORD;"/>
      <Trigger Name="KEY-SCRDOWN" TriggerText="SCROLL_DOWN;"/>
      <Trigger Name="KEY-SCRUP" TriggerText="SCROLL_UP;"/>
      <Trigger Name="KEY-UP" TriggerText="UP;"/>
      <VisualAttribute Name="CURR_ITEM_RED" ParentModule="PAS_OLD" ParentModuleType="25" ParentName="CURR_ITEM_RED" ParentFilename="pas_old.olb" ParentFilepath="" ParentType="39"/>
      <VisualAttribute Name="BACKGROUND_CANVAS_BLUE" ParentModule="PAS_OLD" ParentModuleType="25" ParentName="BACKGROUND_CANVAS_BLUE" ParentFilename="pas_old.olb" ParentFilepath="" ParentType="39"/>
      <VisualAttribute Name="BACKGROUND_CANVAS" ParentModule="PAS_OLD" ParentModuleType="25" ParentName="BACKGROUND_CANVAS" ParentFilename="pas_old.olb" ParentFilepath="" ParentType="39"/>
      <VisualAttribute Name="TEXT_ITEM_BPT" ParentModule="PAS_OLD" ParentModuleType="25" ParentName="TEXT_ITEM_BPT" ParentFilename="pas_old.olb" ParentFilepath="" ParentType="39"/>
      <VisualAttribute Name="TEXT_ITEM_BPT_GREY" ParentModule="PAS_OLD" ParentModuleType="25" ParentName="TEXT_ITEM_BPT_GREY" ParentFilename="pas_old.olb" ParentFilepath="" ParentType="39"/>
      <VisualAttribute Name="TEXT_ITEM_VA" ParentModule="PAS_OLD" ParentModuleType="25" ParentName="TEXT_ITEM_VA" ParentFilename="pas_old.olb" ParentFilepath="" ParentType="39"/>
      <VisualAttribute Name="CURR_ITEM_VA" ParentModule="PAS_OLD" ParentModuleType="25" ParentName="CURR_ITEM_VA" ParentFilename="pas_old.olb" ParentFilepath="" ParentType="39"/>
      <VisualAttribute Name="DISP_RED" ParentModule="PAS_OLD" ParentModuleType="25" ParentName="DISP_RED" ParentFilename="pas_old.olb" DirtyInfo="true" ParentFilepath="" ParentType="39"/>
      <VisualAttribute Name="DISP_RED2" ParentModule="PAS_OLD" ParentModuleType="25" ParentName="DISP_RED2" ParentFilename="pas_old.olb" ParentFilepath="" ParentType="39"/>
      <VisualAttribute Name="DISP_GREEN" ParentModule="PAS_OLD" ParentModuleType="25" ParentName="DISP_GREEN" ParentFilename="pas_old.olb" ParentFilepath="" ParentType="39"/>
      <VisualAttribute Name="DISP_GREEN2" ParentModule="PAS_OLD" ParentModuleType="25" ParentName="DISP_GREEN2" ParentFilename="pas_old.olb" ParentFilepath="" ParentType="39"/>
      <VisualAttribute Name="WEB_BTN" BackColor="white" FontName="Arial" FontSize="900" FontStyle="Plain" FontWeight="Medium" FontSpacing="Normal"/>
      <VisualAttribute Name="WEB_TEXT_BUTTON" ParentModule="PAS_CUI" ParentModuleType="25" ParentName="WEB_TEXT_BUTTON" ParentFilename="pas_cui.olb" ParentFilepath="" ParentType="39"/>
      <VisualAttribute Name="WEB_TEXT_BUTTON_CLICK" ParentModule="PAS_CUI" ParentModuleType="25" ParentName="WEB_TEXT_BUTTON_CLICK" ParentFilename="pas_cui.olb" ParentFilepath="" ParentType="39"/>
      <VisualAttribute Name="WEB_BPT_WINGDINGS" BackColor="white" FontName="Wingdings" FontSize="1400" FontStyle="Plain" FontWeight="Medium" FontSpacing="Normal" ForegroundColor="Top Blue"/>
      <VisualAttribute Name="V7_VA_TOOLTIP" BackColor="r100g100b88" FontName="Arial" FontSize="900" FontStyle="Plain" FontWeight="Medium" FontSpacing="Normal" ForegroundColor="Black"/>
      <VisualAttribute Name="TEXT_ITEM_VA_LOV" BackColor="white" FontName="Arial" FontSize="900" FontStyle="Plain" DirtyInfo="true" FontWeight="Medium" FontSpacing="Normal" ForegroundColor="black" FillPattern="transparent"/>
      <VisualAttribute Name="MENU_TEXT_ITEMS" BackColor="Side Green" FontName="Arial" VisualAttributeType="Common" FontSize="900" DirtyInfo="true" FontWeight="Bold" ForegroundColor="darkcyan"/>
      <VisualAttribute Name="MENU_TEXT_ITEMS_INV" BackColor="darkcyan" FontName="Arial" VisualAttributeType="Common" FontSize="900" DirtyInfo="true" FontWeight="Bold" ForegroundColor="Side Green"/>
      <VisualAttribute Name="MENU_PROMPT" VisualAttributeType="Prompt" PromptForegroundColor="darkgray" DirtyInfo="true" PromptFontName="Arial" PromptFontSize="900" PromptFontStyle="Plain" PromptFontWeight="Bold" PromptFontSpacing="Normal"/>
      <VisualAttribute Name="MENU_TEXT_ITEMS_VA" ParentModule="PAS_CUI" ParentModuleType="25" ParentName="MENU_TEXT_ITEMS_VA" ParentFilename="pas_cui.olb" DirtyInfo="true" ParentFilepath="" ParentType="39"/>
      <VisualAttribute Name="FORM_TITLE_VA" ParentModule="PAS_CUI" ParentModuleType="25" ParentName="FORM_TITLE_VA" ParentFilename="pas_cui.olb" DirtyInfo="true" ParentFilepath="" ParentType="39"/>
      <VisualAttribute Name="SECTION_TITLE_VA" ParentModule="PAS_CUI" ParentModuleType="25" ParentName="SECTION_TITLE_VA" ParentFilename="pas_cui.olb" DirtyInfo="true" ParentFilepath="" ParentType="39"/>
      <VisualAttribute Name="BACKGROUND_LINK_BOX_VA" ParentModule="PAS_CUI" ParentModuleType="25" ParentName="BACKGROUND_LINK_BOX_VA" ParentFilename="pas_cui.olb" DirtyInfo="true" ParentFilepath="" ParentType="39"/>
      <VisualAttribute Name="CUI_TOOLTIP_VA" ParentModule="PAS_CUI" ParentModuleType="25" ParentName="CUI_TOOLTIP_VA" ParentFilename="pas_cui.olb" DirtyInfo="true" ParentFilepath="" ParentType="39"/>
      <Window Name="W_COPY_MACHINE" ShowHorizontalScrollbar="false" ClearAllowed="false" MinimizeAllowed="false" Width="250" WindowStyle="Dialog" ResizeAllowed="false" XPosition="400" YPosition="100" Bevel="Raised" MaximizeAllowed="false" DirtyInfo="true" VisualAttributeName="DEFAULT" ShowVerticalScrollbar="false" Height="92"/>
      <Window Name="MAIN_FORM_WINDOW" ShowHorizontalScrollbar="false" HorizontalToolbarCanvasName="TOOLBAR_CANVAS" ClearAllowed="true" MinimizeAllowed="true" Title="Template Form - Root Window Title" Width="755" InheritMenu="true" WindowStyle="Document" ResizeAllowed="true" PrimaryCanvas="CNV_CONTENT" HideOnExit="false" XPosition="0" YPosition="0" Bevel="None" MaximizeAllowed="true" DirtyInfo="true" VisualAttributeName="DEFAULT" Modal="false" MoveAllowed="true" ShowVerticalScrollbar="false" Height="480"/>
      <ObjectGroup Name="KEY_TRIGGERS" ObjectGroupType="22">
         <ObjectGroupChild Name="KEY-CLRFRM" Type="Trigger"/>
         <ObjectGroupChild Name="KEY-CLRBLK" Type="Trigger"/>
         <ObjectGroupChild Name="KEY-CLRREC" Type="Trigger"/>
         <ObjectGroupChild Name="KEY-COMMIT" Type="Trigger"/>
         <ObjectGroupChild Name="KEY-CQUERY" Type="Trigger"/>
         <ObjectGroupChild Name="KEY-CREREC" Type="Trigger"/>
         <ObjectGroupChild Name="KEY-DELREC" Type="Trigger"/>
         <ObjectGroupChild Name="KEY-DOWN" Type="Trigger"/>
         <ObjectGroupChild Name="KEY-DUP-ITEM" Type="Trigger"/>
         <ObjectGroupChild Name="KEY-DUPREC" Type="Trigger"/>
         <ObjectGroupChild Name="KEY-EDIT" Type="Trigger"/>
         <ObjectGroupChild Name="KEY-ENTER" Type="Trigger"/>
         <ObjectGroupChild Name="KEY-ENTQRY" Type="Trigger"/>
         <ObjectGroupChild Name="KEY-EXEQRY" Type="Trigger"/>
         <ObjectGroupChild Name="KEY-LISTVAL" Type="Trigger"/>
         <ObjectGroupChild Name="KEY-NEXT-ITEM" Type="Trigger"/>
         <ObjectGroupChild Name="KEY-NXTREC" Type="Trigger"/>
         <ObjectGroupChild Name="KEY-NXTSET" Type="Trigger"/>
         <ObjectGroupChild Name="KEY-OTHERS" Type="Trigger"/>
         <ObjectGroupChild Name="KEY-PREV-ITEM" Type="Trigger"/>
         <ObjectGroupChild Name="KEY-PRINT" Type="Trigger"/>
         <ObjectGroupChild Name="KEY-PRVREC" Type="Trigger"/>
         <ObjectGroupChild Name="KEY-SCRDOWN" Type="Trigger"/>
         <ObjectGroupChild Name="KEY-SCRUP" Type="Trigger"/>
         <ObjectGroupChild Name="KEY-UP" Type="Trigger"/>
      </ObjectGroup>
      <ObjectGroup Name="ABOUT_FORM_PARAMETERS" ObjectGroupType="22">
         <ObjectGroupChild Name="P_TEMPLATE" Type="ModuleParameter"/>
         <ObjectGroupChild Name="P_VERSION" Type="ModuleParameter"/>
         <ObjectGroupChild Name="P_DATE" Type="ModuleParameter"/>
      </ObjectGroup>
      <ObjectGroup Name="ON_TRIGGERS" ObjectGroupType="22">
         <ObjectGroupChild Name="ON-MESSAGE" Type="Trigger"/>
         <ObjectGroupChild Name="ON-ERROR" Type="Trigger"/>
      </ObjectGroup>
      <ObjectGroup Name="ACTIONS_OG" ParentModule="PAS_CUI" ParentModuleType="25" ParentName="ACTIONS_OG" ParentFilename="pas_cui.olb" ParentFilepath="" ParentType="23">
         <ObjectGroupChild Name="C_ACTIONS" SubclassSubObject="true"/>
         <ObjectGroupChild Name="C_BASE" SubclassSubObject="true"/>
         <ObjectGroupChild Name="C_FUNCTIONS" SubclassSubObject="true"/>
         <ObjectGroupChild Name="MENU_CANVAS_CLASS" SubclassSubObject="true"/>
         <ObjectGroupChild Name="MENU_CANVAS_VA" SubclassSubObject="true"/>
         <ObjectGroupChild Name="MENU_ITEM_CLASS" SubclassSubObject="true"/>
         <ObjectGroupChild Name="TOP_MENU" SubclassSubObject="true"/>
         <ObjectGroupChild Name="LT_TOOLBAR_MAIN" SubclassSubObject="true"/>
         <ObjectGroupChild Name="HCI_UPGRADE" SubclassSubObject="true"/>
         <ObjectGroupChild Name="HCI_UPGRADE" SubclassSubObject="true"/>
         <ObjectGroupChild Name="LHM_RESET_CANVAS_STACK" SubclassSubObject="true"/>
         <ObjectGroupChild Name="LOCAL_RESET_CANVAS_STACK" SubclassSubObject="true"/>
      </ObjectGroup>
   </FormModule>
</Module>
