<?xml version = '1.0' encoding = 'UTF-8'?>
<Module version="122010300" xmlns="http://xmlns.oracle.com/Forms">
   <FormModule Name="OASUOM" ValidationUnit="Default" FirstNavigationBlockName="UOM_GROUP_MASTER" HorizontalToolbarCanvas=" " ConsoleWindow="MAIN_FORM_WINDOW" MenuModule="OASIS" CursorMode="Open" InitializeMenu="DEFAULTMENUAPP" Use3dControls="true" RuntimeComp="5.0" DirtyInfo="true" MouseNavigationLimit="Form" SavepointMode="true">
      <Coordinate CharacterCellWidth="7" RealUnit="Point" DefaultFontScaling="false" CharacterCellHeight="16" CoordinateSystem="Real"/>
      <Alert Name="ONE_BTN_ALERT" DirtyInfo="true" Button1Label="OK" VisualAttributeName="DEFAULT" Button2Label="" DefaultAlertButton="Button 1" AlertStyle="Note"/>
      <Alert Name="TWO_BTN_ALERT" DirtyInfo="true" Button1Label="Yes" VisualAttributeName="DEFAULT" Button2Label="No" DefaultAlertButton="Button 1" AlertStyle="Note"/>
      <Alert Name="THREE_BTN_ALERT" DirtyInfo="true" Button1Label="Yes" VisualAttributeName="DEFAULT" Button2Label="No" Button3Label="Cancel" DefaultAlertButton="Button 1" AlertStyle="Note"/>
      <Alert Name="STANDARD_ALERT" DirtyInfo="true" Button1Label="OK" VisualAttributeName="DEFAULT" Button2Label="" DefaultAlertButton="Button 1" AlertStyle="Note"/>
      <Alert Name="WARNING_ALERT" DirtyInfo="true" Button1Label="OK" VisualAttributeName="DEFAULT" Button2Label="" DefaultAlertButton="Button 1" AlertStyle="Note"/>
      <Alert Name="ERROR_ALERT" DirtyInfo="true" Button1Label="OK" VisualAttributeName="DEFAULT" Button2Label="" DefaultAlertButton="Button 1" AlertStyle="Note"/>
      <Alert Name="QUESTION_ALERT" DirtyInfo="true" Button1Label="Yes" VisualAttributeName="DEFAULT" Button2Label="No" DefaultAlertButton="Button 1" AlertStyle="Note"/>
      <Block Name="CONTROL" RecordsBufferedCount="0" RecordsDisplayCount="1" RecordsFetchedCount="1" EnforcedColumnSecurity="false" InsertAllowed="false" EnforcedPrimaryKey="false" RecordOrientation="Vertical" UpdateAllowed="false" DeleteAllowed="false" DirtyInfo="true" VisualAttributeName="DEFAULT" KeyMode="Unique" DatabaseBlock="false" QueryDataSourceType="None" QueryAllowed="false" LockMode="Immediate" DMLDataType="None" NavigationStyle="Same Record" ShowScrollbar="false">
         <Item Name="TIMEOUT" DatabaseItem="false" Bevel="None" DirtyInfo="true" TabPageName="" Width="0" MouseNavigate="false" CanvasName="TOOLBAR_CANVAS" ItemType="Bean Area" KeyboardNavigable="false" ImplementationClass="com.capula.eoasis.Timeout" Height="0"/>
         <Trigger Name="WHEN-MOUSE-LEAVE" TriggerText="Kill_Hint_Timer;"/>
      </Block>
      <Block Name="TEXT" RecordsBufferedCount="0" RecordsDisplayCount="1" RecordsFetchedCount="0" WhereClause="" EnforcedColumnSecurity="false" InsertAllowed="true" EnforcedPrimaryKey="false" RecordOrientation="Vertical" UpdateAllowed="true" DMLDataName="" DeleteAllowed="true" QueryDataSourceName="" DirtyInfo="true" VisualAttributeName="DEFAULT" KeyMode="Unique" DatabaseBlock="false" QueryDataSourceType="None" QueryAllowed="true" LockMode="Immediate" DMLDataType="None" NavigationStyle="Same Record" ShowScrollbar="false">
         <Item Name="FUNCTION_ID" ValidateFromList="false" LovXPosition="0" Justification="Left" LovYPosition="0" ListStyle="Poplist" Width="36" MaximumLength="6" WrapStyle="Word" AutoSkip="false" CompressionQuality="None" XPosition="108" YPosition="35" DatabaseItem="true" Bevel="Plain" AutoHint="false" MouseNavigate="true" MultiLine="false" CaseInsensitiveQuery="false" KeyboardNavigable="true" CaseRestriction="Mixed" CheckBoxOtherValues="Not Allowed" PrimaryKey="false" DirtyInfo="true" DefaultButton="false" QueryAllowed="true" Visible="true" QueryLength="6" DisplayQuality="High" EditXPosition="0" EditYPosition="0" Enabled="true" DistanceBetweenRecords="4364" FixedLength="false" Required="true" Height="14" ConcealData="false" Hint="Enter value for : FUNCTION_ID" SizingStyle="Crop" ShowHorizontalScrollbar="false" Iconic="false" InsertAllowed="true" ItemType="Display Item" DataType="Number" UpdateAllowed="true" UpdateIfNull="false" KeepCursorPosition="false" VisualAttributeName="DEFAULT" Label="Function Id" LockRecord="false" ShowVerticalScrollbar="false" TooltipVisualAttributeGroup="V7_VA_TOOLTIP"/>
         <Item Name="LANGUAGE_ID" ValidateFromList="false" LovXPosition="0" Justification="Left" LovYPosition="0" ListStyle="Poplist" Width="24" MaximumLength="4" WrapStyle="Word" AutoSkip="false" CompressionQuality="None" XPosition="576" YPosition="35" DatabaseItem="true" Bevel="Plain" AutoHint="false" MouseNavigate="true" MultiLine="false" CaseInsensitiveQuery="false" KeyboardNavigable="true" CaseRestriction="Mixed" CheckBoxOtherValues="Not Allowed" PrimaryKey="false" DirtyInfo="true" DefaultButton="false" QueryAllowed="true" Visible="true" QueryLength="4" DisplayQuality="High" EditXPosition="0" EditYPosition="0" Enabled="true" DistanceBetweenRecords="4364" FixedLength="false" Required="true" Height="14" ConcealData="false" Hint="Enter value for : LANGUAGE_ID" SizingStyle="Crop" ShowHorizontalScrollbar="false" Iconic="false" InsertAllowed="true" ItemType="Display Item" DataType="Number" UpdateAllowed="true" UpdateIfNull="false" KeepCursorPosition="false" VisualAttributeName="DEFAULT" Label="Language Id" LockRecord="false" ShowVerticalScrollbar="false" TooltipVisualAttributeGroup="V7_VA_TOOLTIP"/>
         <Item Name="CONTROL_ITEM" ValidateFromList="false" LovXPosition="0" Justification="Left" LovYPosition="0" ListStyle="Poplist" Width="0" MaximumLength="1" WrapStyle="Word" AutoSkip="false" BackColor="white" CompressionQuality="None" XPosition="16" YPosition="10" DatabaseItem="false" Bevel="None" AutoHint="false" MouseNavigate="true" CanvasName="TOOLBAR_CANVAS" MultiLine="false" CaseInsensitiveQuery="false" KeyboardNavigable="true" CaseRestriction="Mixed" CheckBoxOtherValues="Not Allowed" Comment="This item is created as a hidden enterable field to allow the query on this block to operate" PrimaryKey="false" DirtyInfo="true" DefaultButton="false" QueryAllowed="true" Visible="true" QueryLength="1" DisplayQuality="High" EditXPosition="0" EditYPosition="0" Enabled="true" DistanceBetweenRecords="0" FillPattern="transparent" FixedLength="false" Required="false" FontName="Fixedsys" FontSize="900" FontStyle="Plain" FontWeight="Demilight" FontSpacing="Normal" ForegroundColor="black" Height="0" ConcealData="false" SizingStyle="Crop" ShowHorizontalScrollbar="false" Iconic="false" InsertAllowed="true" ItemType="Text Item" DataType="Char" UpdateAllowed="true" UpdateIfNull="false" KeepCursorPosition="false" LockRecord="false" ShowVerticalScrollbar="false" TooltipVisualAttributeGroup="V7_VA_TOOLTIP"/>
         <Item Name="BPT_1" ValidateFromList="false" EditXPosition="0" LovXPosition="0" EditYPosition="0" Justification="End" LovYPosition="0" Enabled="true" ListStyle="Poplist" Width="87" FixedLength="false" WrapStyle="Word" AutoSkip="false" CompressionQuality="None" XPosition="11" Required="false" YPosition="5" AutoHint="false" MouseNavigate="true" CanvasName="CANVAS0" MultiLine="false" CaseInsensitiveQuery="false" KeyboardNavigable="true" CaseRestriction="Mixed" ParentType="29" CheckBoxOtherValues="Not Allowed" ConcealData="false" SizingStyle="Crop" ShowHorizontalScrollbar="false" Iconic="false" InsertAllowed="true" UpdateAllowed="true" ParentModule="OASUOM" UpdateIfNull="false" ParentModuleType="12" ParentName="BPT_BLUE_CLASS" DirtyInfo="true" KeepCursorPosition="false" DefaultButton="false" QueryAllowed="true" QueryLength="80" LockRecord="false" DisplayQuality="High" ShowVerticalScrollbar="false" TooltipVisualAttributeGroup="V7_VA_TOOLTIP"/>
         <Item Name="BPT_2" ValidateFromList="false" EditXPosition="0" LovXPosition="0" EditYPosition="0" Justification="End" LovYPosition="0" Enabled="true" ListStyle="Poplist" Width="87" FixedLength="false" WrapStyle="Word" AutoSkip="false" CompressionQuality="None" XPosition="11" Required="false" YPosition="20" AutoHint="false" MouseNavigate="true" CanvasName="CANVAS0" MultiLine="false" CaseInsensitiveQuery="false" KeyboardNavigable="true" CaseRestriction="Mixed" ParentType="29" CheckBoxOtherValues="Not Allowed" ConcealData="false" SizingStyle="Crop" ShowHorizontalScrollbar="false" Iconic="false" InsertAllowed="true" ItemType="Display Item" UpdateAllowed="true" ParentModule="OASUOM" UpdateIfNull="false" ParentModuleType="12" ParentName="BPT_BLUE_CLASS" DirtyInfo="true" KeepCursorPosition="false" DefaultButton="false" QueryAllowed="true" QueryLength="80" LockRecord="false" DisplayQuality="High" ShowVerticalScrollbar="false" TooltipVisualAttributeGroup="V7_VA_TOOLTIP"/>
         <Item Name="BPT_3" ValidateFromList="false" EditXPosition="0" LovXPosition="0" EditYPosition="0" LovYPosition="0" Enabled="true" ListStyle="Poplist" Width="59" FixedLength="false" WrapStyle="Word" AutoSkip="false" CompressionQuality="None" XPosition="17" Required="false" YPosition="69" AutoHint="false" MouseNavigate="true" CanvasName="C_UOM_MASTER" MultiLine="false" CaseInsensitiveQuery="false" KeyboardNavigable="true" CaseRestriction="Mixed" ParentType="29" CheckBoxOtherValues="Not Allowed" ConcealData="false" SizingStyle="Crop" ShowHorizontalScrollbar="false" Iconic="false" InsertAllowed="true" UpdateAllowed="true" ParentModule="OASUOM" UpdateIfNull="false" ParentModuleType="12" ParentName="BPT_GREY_CLASS" DirtyInfo="true" KeepCursorPosition="false" DefaultButton="false" QueryAllowed="true" QueryLength="80" LockRecord="false" DisplayQuality="High" ShowVerticalScrollbar="false" TooltipVisualAttributeGroup="V7_VA_TOOLTIP"/>
         <Item Name="BPT_4" ValidateFromList="false" EditXPosition="0" LovXPosition="0" EditYPosition="0" LovYPosition="0" Enabled="true" ListStyle="Poplist" Width="121" FixedLength="false" WrapStyle="Word" AutoSkip="false" CompressionQuality="None" XPosition="82" Required="false" YPosition="69" AutoHint="false" MouseNavigate="true" CanvasName="C_UOM_MASTER" MultiLine="false" CaseInsensitiveQuery="false" KeyboardNavigable="true" CaseRestriction="Mixed" ParentType="29" CheckBoxOtherValues="Not Allowed" ConcealData="false" SizingStyle="Crop" ShowHorizontalScrollbar="false" Iconic="false" InsertAllowed="true" ItemType="Display Item" UpdateAllowed="true" ParentModule="OASUOM" UpdateIfNull="false" ParentModuleType="12" ParentName="BPT_GREY_CLASS" DirtyInfo="true" KeepCursorPosition="false" DefaultButton="false" QueryAllowed="true" QueryLength="80" LockRecord="false" DisplayQuality="High" ShowVerticalScrollbar="false" TooltipVisualAttributeGroup="V7_VA_TOOLTIP"/>
         <Item Name="BPT_5" ValidateFromList="false" EditXPosition="0" LovXPosition="0" EditYPosition="0" LovYPosition="0" Enabled="true" ListStyle="Poplist" Width="198" FixedLength="false" WrapStyle="Word" AutoSkip="false" CompressionQuality="None" XPosition="5" Required="false" YPosition="8" FontWeight="Bold" AutoHint="false" ForegroundColor="Line Green" MouseNavigate="true" CanvasName="C_UOM_MASTER" MultiLine="false" CaseInsensitiveQuery="false" KeyboardNavigable="true" CaseRestriction="Mixed" ParentType="29" CheckBoxOtherValues="Not Allowed" ConcealData="false" SizingStyle="Crop" ShowHorizontalScrollbar="false" Iconic="false" InsertAllowed="true" ItemType="Display Item" UpdateAllowed="true" ParentModule="OASUOM" UpdateIfNull="false" ParentModuleType="12" ParentName="BPT_GREY_CLASS" DirtyInfo="true" KeepCursorPosition="false" DefaultButton="false" QueryAllowed="true" QueryLength="80" LockRecord="false" DisplayQuality="High" ShowVerticalScrollbar="false" TooltipVisualAttributeGroup="V7_VA_TOOLTIP"/>
         <Item Name="BPT_6" ValidateFromList="false" EditXPosition="0" LovXPosition="0" EditYPosition="0" LovYPosition="0" Enabled="true" ListStyle="Poplist" Width="138" FixedLength="false" WrapStyle="Word" AutoSkip="false" CompressionQuality="None" XPosition="231" Required="false" YPosition="69" AutoHint="false" MouseNavigate="true" CanvasName="C_UOM_MASTER" MultiLine="false" CaseInsensitiveQuery="false" KeyboardNavigable="true" CaseRestriction="Mixed" ParentType="29" CheckBoxOtherValues="Not Allowed" ConcealData="false" SizingStyle="Crop" ShowHorizontalScrollbar="false" Iconic="false" InsertAllowed="true" ItemType="Display Item" UpdateAllowed="true" ParentModule="OASUOM" UpdateIfNull="false" ParentModuleType="12" ParentName="BPT_GREY_CLASS" DirtyInfo="true" KeepCursorPosition="false" DefaultButton="false" QueryAllowed="true" QueryLength="80" LockRecord="false" DisplayQuality="High" ShowVerticalScrollbar="false" TooltipVisualAttributeGroup="V7_VA_TOOLTIP"/>
         <Item Name="BPT_7" ValidateFromList="false" EditXPosition="0" LovXPosition="0" EditYPosition="0" LovYPosition="0" Enabled="true" ListStyle="Poplist" Width="132" FixedLength="false" WrapStyle="Word" AutoSkip="false" CompressionQuality="None" XPosition="371" Required="false" YPosition="69" AutoHint="false" MouseNavigate="true" CanvasName="C_UOM_MASTER" MultiLine="false" CaseInsensitiveQuery="false" KeyboardNavigable="true" CaseRestriction="Mixed" ParentType="29" CheckBoxOtherValues="Not Allowed" ConcealData="false" SizingStyle="Crop" ShowHorizontalScrollbar="false" Iconic="false" InsertAllowed="true" ItemType="Display Item" UpdateAllowed="true" ParentModule="OASUOM" UpdateIfNull="false" ParentModuleType="12" ParentName="BPT_GREY_CLASS" DirtyInfo="true" KeepCursorPosition="false" DefaultButton="false" QueryAllowed="true" QueryLength="80" LockRecord="false" DisplayQuality="High" ShowVerticalScrollbar="false" TooltipVisualAttributeGroup="V7_VA_TOOLTIP"/>
         <Item Name="BPT_8" ValidateFromList="false" EditXPosition="0" LovXPosition="0" EditYPosition="0" LovYPosition="0" Enabled="true" ListStyle="Poplist" Width="198" FixedLength="false" WrapStyle="Word" AutoSkip="false" CompressionQuality="None" XPosition="51" Required="false" YPosition="239" AutoHint="false" MouseNavigate="true" CanvasName="C_UOM_MASTER" MultiLine="false" CaseInsensitiveQuery="false" KeyboardNavigable="true" CaseRestriction="Mixed" ParentType="29" CheckBoxOtherValues="Not Allowed" ConcealData="false" SizingStyle="Crop" ShowHorizontalScrollbar="false" Iconic="false" InsertAllowed="true" ItemType="Display Item" UpdateAllowed="true" ParentModule="OASUOM" UpdateIfNull="false" ParentModuleType="12" ParentName="BPT_GREY_CLASS" KeepCursorPosition="false" DefaultButton="false" QueryAllowed="true" QueryLength="80" LockRecord="false" DisplayQuality="High" ShowVerticalScrollbar="false" TooltipVisualAttributeGroup="V7_VA_TOOLTIP"/>
         <Item Name="BPT_9" ValidateFromList="false" EditXPosition="0" LovXPosition="0" EditYPosition="0" Justification="Start" LovYPosition="0" Enabled="true" ListStyle="Poplist" Width="271" FixedLength="false" WrapStyle="Word" AutoSkip="false" CompressionQuality="None" XPosition="257" Required="false" YPosition="232" AutoHint="false" MouseNavigate="true" CanvasName="C_UOM_MASTER" MultiLine="false" CaseInsensitiveQuery="false" KeyboardNavigable="true" CaseRestriction="Mixed" ParentType="29" CheckBoxOtherValues="Not Allowed" ConcealData="false" SizingStyle="Crop" ShowHorizontalScrollbar="false" Iconic="false" InsertAllowed="true" ItemType="Display Item" UpdateAllowed="true" ParentModule="OASUOM" UpdateIfNull="false" ParentModuleType="12" ParentName="BPT_GREY_CLASS" KeepCursorPosition="false" DefaultButton="false" QueryAllowed="true" QueryLength="80" LockRecord="false" DisplayQuality="High" ShowVerticalScrollbar="false" TooltipVisualAttributeGroup="V7_VA_TOOLTIP"/>
         <Item Name="BPT_10" ValidateFromList="false" EditXPosition="0" LovXPosition="0" EditYPosition="0" Justification="Start" LovYPosition="0" Enabled="true" ListStyle="Poplist" Width="271" FixedLength="false" WrapStyle="Word" AutoSkip="false" CompressionQuality="None" XPosition="257" Required="false" YPosition="245" AutoHint="false" MouseNavigate="true" CanvasName="C_UOM_MASTER" MultiLine="false" CaseInsensitiveQuery="false" KeyboardNavigable="true" CaseRestriction="Mixed" ParentType="29" CheckBoxOtherValues="Not Allowed" ConcealData="false" SizingStyle="Crop" ShowHorizontalScrollbar="false" Iconic="false" InsertAllowed="true" ItemType="Display Item" UpdateAllowed="true" ParentModule="OASUOM" UpdateIfNull="false" ParentModuleType="12" ParentName="BPT_GREY_CLASS" KeepCursorPosition="false" DefaultButton="false" QueryAllowed="true" QueryLength="80" LockRecord="false" DisplayQuality="High" ShowVerticalScrollbar="false" TooltipVisualAttributeGroup="V7_VA_TOOLTIP"/>
         <Item Name="BPT_11" ValidateFromList="false" EditXPosition="0" LovXPosition="0" EditYPosition="0" Justification="End" LovYPosition="0" Enabled="true" ListStyle="Poplist" Width="87" FixedLength="false" WrapStyle="Word" AutoSkip="false" CompressionQuality="None" XPosition="11" Required="false" YPosition="35" AutoHint="false" MouseNavigate="true" CanvasName="CANVAS0" MultiLine="false" CaseInsensitiveQuery="false" KeyboardNavigable="true" CaseRestriction="Mixed" ParentType="29" CheckBoxOtherValues="Not Allowed" ConcealData="false" SizingStyle="Crop" ShowHorizontalScrollbar="false" Iconic="false" InsertAllowed="true" ItemType="Display Item" UpdateAllowed="true" ParentModule="OASUOM" UpdateIfNull="false" ParentModuleType="12" ParentName="BPT_BLUE_CLASS" DirtyInfo="true" KeepCursorPosition="false" DefaultButton="false" QueryAllowed="true" QueryLength="80" LockRecord="false" DisplayQuality="High" ShowVerticalScrollbar="false" TooltipVisualAttributeGroup="V7_VA_TOOLTIP"/>
         <Item Name="BPT_12" ValidateFromList="false" EditXPosition="0" LovXPosition="0" EditYPosition="0" Justification="End" LovYPosition="0" Enabled="true" ListStyle="Poplist" Width="132" FixedLength="false" WrapStyle="Word" AutoSkip="false" CompressionQuality="None" XPosition="403" Required="false" YPosition="45" AutoHint="false" MouseNavigate="true" CanvasName="C_UOM_MASTER" MultiLine="false" CaseInsensitiveQuery="false" KeyboardNavigable="true" CaseRestriction="Mixed" ParentType="29" CheckBoxOtherValues="Not Allowed" ConcealData="false" SizingStyle="Crop" ShowHorizontalScrollbar="false" Iconic="false" InsertAllowed="true" ItemType="Display Item" UpdateAllowed="true" ParentModule="OASUOM" UpdateIfNull="false" ParentModuleType="12" ParentName="BPT_GREY_CLASS" DirtyInfo="true" KeepCursorPosition="false" DefaultButton="false" QueryAllowed="true" QueryLength="80" LockRecord="false" DisplayQuality="High" ShowVerticalScrollbar="false" TooltipVisualAttributeGroup="V7_VA_TOOLTIP"/>
         <Item Name="BPT_13" ValidateFromList="false" EditXPosition="0" LovXPosition="0" EditYPosition="0" Justification="End" LovYPosition="0" ListStyle="Poplist" Width="75" FixedLength="false" WrapStyle="Word" AutoSkip="false" CompressionQuality="None" XPosition="315" Required="false" YPosition="36" AutoHint="false" CanvasName="CANVAS0" MultiLine="false" CaseInsensitiveQuery="false" CaseRestriction="Mixed" ParentType="29" CheckBoxOtherValues="Not Allowed" ConcealData="false" SizingStyle="Crop" ShowHorizontalScrollbar="false" Iconic="false" ParentModule="OASUOM" UpdateIfNull="false" ParentModuleType="12" ParentName="BPT_BLUE_CLASS" DirtyInfo="true" KeepCursorPosition="false" DefaultButton="false" QueryLength="80" LockRecord="false" DisplayQuality="High" ShowVerticalScrollbar="false" TooltipVisualAttributeGroup="V7_VA_TOOLTIP"/>
         <Item Name="DSP_BREADCRUMB" Justification="Start" TabPageName="" Width="278" MaximumLength="4000" ItemType="Display Item" BackColor="white" XPosition="95" FontName="Arial" YPosition="4" DatabaseItem="false" Bevel="None" FontSize="1000" FontStyle="Italic" DirtyInfo="true" FontWeight="Bold" FontSpacing="Normal" ForegroundColor="darkcyan" CanvasName="CNV_HIDE" Visible="false" Height="15"/>
         <Trigger Name="WHEN-MOUSE-DOUBLECLICK" TriggerText="--&amp;#10;-- steve pusey 19/4/96&amp;#10;--&amp;#10;-- change value in current boilerplate text item&amp;#10;--&amp;#10;BEGIN&amp;#10;&amp;#10;  boilerplate.change_boilerplate;&amp;#10;&amp;#10;END;"/>
      </Block>
      <Block Name="UOM_GROUP_MASTER" DMLDataName="UOM_GROUP_MASTER" QueryDataSourceName="UOM_GROUP_MASTER" RecordsDisplayCount="1" DirtyInfo="true" VisualAttributeName="DEFAULT" DatabaseBlock="true" QueryDataSourceType="Table" DMLDataType="Table" RecordOrientation="Vertical" ShowScrollbar="false">
         <Item Name="USER_CODE" DistanceBetweenRecords="0" Width="66" MaximumLength="10" CompressionQuality="None" XPosition="103" Required="false" YPosition="3" DatabaseItem="true" Bevel="Plain" CanvasName="CANVAS0" CaseRestriction="Upper" ParentType="29" Height="14" Hint="Enter value for : USER_CODE" ShowHorizontalScrollbar="false" DataType="Char" ParentModule="OASUOM" ParentModuleType="12" ParentName="TEXT_ITEM_CLASS" DirtyInfo="true" Label="User Code" QueryLength="10" ShowVerticalScrollbar="false" TooltipVisualAttributeGroup="V7_VA_TOOLTIP"/>
         <Item Name="DESCRIPTION" DistanceBetweenRecords="0" Width="309" MaximumLength="40" CompressionQuality="None" XPosition="170" Required="false" YPosition="3" DatabaseItem="true" Bevel="Plain" CanvasName="CANVAS0" CaseRestriction="Upper" ParentType="29" Height="14" Hint="Enter value for : DESCRIPTION" ShowHorizontalScrollbar="false" DataType="Char" ParentModule="OASUOM" ParentModuleType="12" ParentName="TEXT_ITEM_CLASS" DirtyInfo="true" Label="Description" QueryLength="40" ShowVerticalScrollbar="false" TooltipVisualAttributeGroup="V7_VA_TOOLTIP"/>
         <Item Name="BASE_UOM_DESC" DistanceBetweenRecords="0" Width="376" MaximumLength="40" CompressionQuality="None" XPosition="103" Required="false" YPosition="18" DatabaseItem="false" Bevel="Plain" CanvasName="CANVAS0" CaseRestriction="Upper" ParentType="29" Height="14" Hint="Enter value for : DESCRIPTION" ShowHorizontalScrollbar="false" ItemType="Text Item" DataType="Char" ParentModule="OASUOM" ParentModuleType="12" ParentName="TEXT_ITEM_CLASS" DirtyInfo="true" Label="Description" QueryLength="40" ShowVerticalScrollbar="false" TooltipVisualAttributeGroup="V7_VA_TOOLTIP" LovName="BASE_UOM_LOV">
            <Trigger Name="KEY-LISTVAL" TriggerText="--&amp;#10;-- show lov&amp;#10;--&amp;#10;-- date&#x9;&#x9;by&#x9;&#x9;change&amp;#10;-- 19/11/97&#x9;Steve&#x9;&#x9;Creation&amp;#10;--&amp;#10;DECLARE&amp;#10;&amp;#10;  v_lov_status&#x9;&#x9;boolean;&amp;#10;&amp;#10;BEGIN&amp;#10;&amp;#10;  v_lov_status := show_lov ('BASE_UOM_LOV');&amp;#10;&amp;#10;END;"/>
         </Item>
         <Item Name="ACTIVE_FLAG" DistanceBetweenRecords="0" Width="79" MaximumLength="1" CompressionQuality="None" XPosition="103" Required="true" YPosition="33" DatabaseItem="true" Bevel="Plain" CanvasName="CANVAS0" ListElementCount="1" CaseRestriction="Upper" ParentType="29" Height="15" Hint="Enter value for : USER_CODE" ShowHorizontalScrollbar="false" ItemType="List Item" DataType="Char" InitializeValue="Y" OtherValues="Y" ParentModule="OASUOM" ParentModuleType="12" ParentName="TEXT_ITEM_CLASS" DirtyInfo="true" Label="User Code" QueryLength="10" ShowVerticalScrollbar="false" TooltipVisualAttributeGroup="V7_VA_TOOLTIP">
            <ListItemElement Index="1" Name="&lt;list not populated>" Value="Y"/>
         </Item>
         <Item Name="SYSTEM_REQ" DistanceBetweenRecords="0" Width="79" MaximumLength="1" CompressionQuality="None" XPosition="400" Required="true" YPosition="33" DatabaseItem="true" Bevel="Plain" CanvasName="CANVAS0" ListElementCount="1" CaseRestriction="Upper" ParentType="29" Height="15" Hint="Enter value for : USER_CODE" ShowHorizontalScrollbar="false" ItemType="List Item" DataType="Char" InitializeValue="Y" OtherValues="Y" ParentModule="OASUOM" ParentModuleType="12" ParentName="TEXT_ITEM_CLASS" DirtyInfo="true" Label="User Code" QueryLength="10" ShowVerticalScrollbar="false" TooltipVisualAttributeGroup="V7_VA_TOOLTIP">
            <ListItemElement Index="1" Name="&lt;list not populated>" Value="Y"/>
         </Item>
         <Item Name="BASE_UOM_LOV_BTN" ShowHorizontalScrollbar="false" IconFilename="b_lov_b3" Width="19" ParentModule="OASUOM" CompressionQuality="None" XPosition="480" ParentModuleType="12" YPosition="17" ParentName="LOV_BUTTON_CLASS" DirtyInfo="true" VisualAttributeName="WEB_BTN" Label="PUSH_BUTTON336" MouseNavigate="false" CanvasName="CANVAS0" KeyboardNavigable="false" ParentType="29" ShowVerticalScrollbar="false" TooltipVisualAttributeGroup="V7_VA_TOOLTIP" Height="15">
            <Trigger Name="WHEN-BUTTON-PRESSED" TriggerText="--&amp;#10;-- show lov&amp;#10;--&amp;#10;-- date&#x9;&#x9;by&#x9;&#x9;change&amp;#10;-- 18/11/97&#x9;Steve&#x9;&#x9;Creation&amp;#10;--&amp;#10;BEGIN&amp;#10;&amp;#10;  IF :SYSTEM.CURSOR_ITEM != 'UOM_GROUP_MASTER.BASE_UOM_DESC' THEN&amp;#10;&#x9;go_item ('UOM_GROUP_MASTER.BASE_UOM_DESC');&amp;#10;  END IF;&amp;#10;&amp;#10;  do_key ('LIST_VALUES');&amp;#10;&amp;#10;END;"/>
         </Item>
         <Item Name="GROUP_LOV_BTN" ShowHorizontalScrollbar="false" IconFilename="b_lov_b3" Width="19" ParentModule="OASUOM" CompressionQuality="None" XPosition="480" ParentModuleType="12" YPosition="2" ParentName="BUTTON_CLASS" DirtyInfo="true" VisualAttributeName="WEB_BTN" Label="PUSH_BUTTON332" CanvasName="CANVAS0" ParentType="29" ShowVerticalScrollbar="false" TooltipVisualAttributeGroup="V7_VA_TOOLTIP" Height="15">
            <Trigger Name="WHEN-BUTTON-PRESSED" TriggerText="--&amp;#10;-- show lov&amp;#10;--&amp;#10;-- date&#x9;&#x9;by&#x9;&#x9;change&amp;#10;-- 18/11/97&#x9;Steve&#x9;&#x9;Creation&amp;#10;--&amp;#10;BEGIN&amp;#10;&amp;#10;  IF :SYSTEM.CURSOR_BLOCK != 'UOM_GROUP_MASTER' THEN&amp;#10;&#x9;go_block ('UOM_GROUP_MASTER');&amp;#10;  END IF;&amp;#10;&amp;#10;  do_key ('LIST_VALUES');&amp;#10;&amp;#10;END;"/>
         </Item>
         <Item Name="UOM_GROUP_ID" Enabled="true" DistanceBetweenRecords="0" Width="63" MaximumLength="10" CompressionQuality="None" XPosition="26" Required="true" YPosition="41" DatabaseItem="true" Bevel="Plain" CanvasName="" KeyboardNavigable="true" Height="14" Hint="Enter value for : UOM_GROUP_ID" ShowHorizontalScrollbar="false" ItemType="Display Item" DataType="Char" UpdateAllowed="true" DirtyInfo="true" VisualAttributeName="DEFAULT" Label="Uom Group Id" QueryAllowed="true" Visible="false" QueryLength="10" ShowVerticalScrollbar="false" TooltipVisualAttributeGroup="V7_VA_TOOLTIP"/>
         <Item Name="BASE_UOM_ID" Enabled="true" DistanceBetweenRecords="0" Width="63" MaximumLength="10" CompressionQuality="None" XPosition="373" YPosition="41" DatabaseItem="true" Bevel="Plain" CanvasName="" KeyboardNavigable="true" Height="14" Hint="Enter value for : BASE_UOM_ID" ShowHorizontalScrollbar="false" ItemType="Display Item" DataType="Char" UpdateAllowed="true" DirtyInfo="true" VisualAttributeName="DEFAULT" Label="Base Uom Id" QueryAllowed="true" Visible="false" QueryLength="10" ShowVerticalScrollbar="false" TooltipVisualAttributeGroup="V7_VA_TOOLTIP"/>
         <Item Name="AMEND_BY_USER" Enabled="true" DistanceBetweenRecords="0" Width="63" MaximumLength="42" CompressionQuality="None" XPosition="436" Required="true" YPosition="41" DatabaseItem="true" Bevel="Plain" CanvasName="" KeyboardNavigable="true" Height="14" Hint="Enter value for : AMEND_BY_USER" ShowHorizontalScrollbar="false" ItemType="Display Item" DataType="Number" UpdateAllowed="true" DirtyInfo="true" VisualAttributeName="DEFAULT" Label="Amend By User" QueryAllowed="true" Visible="false" QueryLength="42" ShowVerticalScrollbar="false" TooltipVisualAttributeGroup="V7_VA_TOOLTIP"/>
         <Item Name="AMEND_LAST_DATE" Enabled="true" DistanceBetweenRecords="0" Width="58" MaximumLength="30" CompressionQuality="None" XPosition="499" Required="false" YPosition="41" DatabaseItem="true" Bevel="Plain" CanvasName="" KeyboardNavigable="true" Height="14" Hint="Enter value for : AMEND_LAST_DATE" ShowHorizontalScrollbar="false" ItemType="Text Item" DataType="Datetime" UpdateAllowed="true" DirtyInfo="true" VisualAttributeName="DEFAULT" Label="Amend Last Date" QueryAllowed="true" Visible="false" QueryLength="0" ShowVerticalScrollbar="false" TooltipVisualAttributeGroup="V7_VA_TOOLTIP"/>
         <Item Name="AMEND_BY_MODULE" Enabled="true" DistanceBetweenRecords="0" Width="63" MaximumLength="10" CompressionQuality="None" XPosition="557" Required="true" YPosition="41" DatabaseItem="true" Bevel="Plain" CanvasName="" KeyboardNavigable="true" Height="14" Hint="Enter value for : AMEND_BY_MODULE" ShowHorizontalScrollbar="false" ItemType="Display Item" DataType="Char" UpdateAllowed="true" DirtyInfo="true" VisualAttributeName="DEFAULT" Label="Amend By Module" QueryAllowed="true" Visible="false" QueryLength="10" ShowVerticalScrollbar="false" TooltipVisualAttributeGroup="V7_VA_TOOLTIP"/>
         <Relation Name="GROUP_TO_UOM" Deferred="false" JoinCondition="uom_group_id" DeleteRecord="Non Isolated" DetailBlock="uom_master" PreventMasterlessOperations="false" AutoQuery="false"/>
         <Trigger Name="ON-CHECK-DELETE-MASTER" TriggerText="--&amp;#10;-- Begin default relation declare section&amp;#10;--&amp;#10;DECLARE&amp;#10;  Dummy_Define VARCHAR2(1);&amp;#10;  --&amp;#10;  -- Begin uom_master detail declare section&amp;#10;  --&amp;#10;  CURSOR uom_master_cur IS      &amp;#10;    SELECT null FROM uom_master     &amp;#10;    WHERE UOM_GROUP_ID = :UOM_GROUP_MASTER.UOM_GROUP_ID;&amp;#10;  --&amp;#10;  -- End uom_master detail declare section&amp;#10;  --&amp;#10;--&amp;#10;-- End default relation declare section&amp;#10;--&amp;#10;--&amp;#10;-- Begin default relation program section&amp;#10;--&amp;#10;BEGIN&amp;#10;  --&amp;#10;  -- Begin uom_master detail program section&amp;#10;  --&amp;#10;  OPEN uom_master_cur;     &amp;#10;  FETCH uom_master_cur INTO Dummy_Define;     &amp;#10;  IF ( uom_master_cur%found ) THEN     &amp;#10;    Message('Cannot delete master record when matching detail records exist.');     &amp;#10;    CLOSE uom_master_cur;     &amp;#10;    RAISE Form_Trigger_Failure;     &amp;#10;  END IF;&amp;#10;  CLOSE uom_master_cur;&amp;#10;  --&amp;#10;  -- End uom_master detail program section&amp;#10;  --&amp;#10;END;&amp;#10;--&amp;#10;-- End default relation program section&amp;#10;--&amp;#10;"/>
         <Trigger Name="ON-POPULATE-DETAILS" TriggerText="--&amp;#10;-- Begin default relation declare section&amp;#10;--&amp;#10;DECLARE&amp;#10;  recstat     VARCHAR2(20) := :System.record_status;   &amp;#10;  startitm    VARCHAR2(61) := :System.cursor_item;   &amp;#10;  rel_id      Relation;&amp;#10;--&amp;#10;-- End default relation declare section&amp;#10;--&amp;#10;--&amp;#10;-- Begin default relation program section&amp;#10;--&amp;#10;BEGIN&amp;#10;  IF ( recstat = 'NEW' or recstat = 'INSERT' ) THEN   &amp;#10;    RETURN;&amp;#10;  END IF;&amp;#10;  --&amp;#10;  -- Begin uom_master detail program section&amp;#10;  --&amp;#10;  IF ( (:UOM_GROUP_MASTER.UOM_GROUP_ID is not null) ) THEN   &amp;#10;    rel_id := Find_Relation('UOM_GROUP_MASTER.group_to_uom');   &amp;#10;    Query_Master_Details(rel_id, 'uom_master');   &amp;#10;  END IF;&amp;#10;  --&amp;#10;  -- End uom_master detail program section&amp;#10;  --&amp;#10;&amp;#10;  IF ( :System.cursor_item &lt;> startitm ) THEN     &amp;#10;     Go_Item(startitm);     &amp;#10;     Check_Package_Failure;     &amp;#10;  END IF;&amp;#10;END;&amp;#10;--&amp;#10;-- End default relation program section&amp;#10;--&amp;#10;"/>
         <Trigger Name="PRE-INSERT" TriggerText="--&amp;#10;-- set null canvas items&amp;#10;--&amp;#10;-- date&#x9;&#x9;by&#x9;&#x9;change&amp;#10;-- 18/11/97&#x9;Steve&#x9;&#x9;Creation&amp;#10;--&amp;#10;DECLARE&amp;#10;&amp;#10;  cursor c_seq is &amp;#10;&#x9;select uom_group_id.NEXTVAL from dual;&amp;#10;&#x9;&amp;#10;  vd_sysdate DATE := sysdate;&amp;#10;&amp;#10;BEGIN&amp;#10;&amp;#10;  open c_seq;&amp;#10;  fetch c_seq into :UOM_GROUP_MASTER.UOM_GROUP_ID;&amp;#10;  close c_seq;&amp;#10;&amp;#10;  :UOM_GROUP_MASTER.UOM_GROUP_ID := get_site_prefix||:UOM_GROUP_MASTER.UOM_GROUP_ID;&amp;#10;&amp;#10;  :UOM_GROUP_MASTER.AMEND_LAST_DATE := vd_sysdate;&amp;#10;  :UOM_GROUP_MASTER.AMEND_BY_USER := :GLOBAL.USER_ID;&amp;#10;  :UOM_GROUP_MASTER.AMEND_BY_MODULE := 'OASUOMPI';&amp;#10;&amp;#10;END;"/>
         <Trigger Name="PRE-UPDATE" TriggerText="--&amp;#10;-- update amend_xxx items&amp;#10;--&amp;#10;-- date&#x9;&#x9;by&#x9;&#x9;change&amp;#10;-- 18/11/97&#x9;Steve&#x9;&#x9;Creation&amp;#10;--&amp;#10;declare&amp;#10;  vd_sysdate DATE := sysdate;&amp;#10;  &amp;#10;BEGIN&amp;#10;&amp;#10;  :UOM_GROUP_MASTER.AMEND_LAST_DATE := vd_sysdate;&amp;#10;  :UOM_GROUP_MASTER.AMEND_BY_USER := :GLOBAL.USER_ID;&amp;#10;  :UOM_GROUP_MASTER.AMEND_BY_MODULE := 'OASUOMPI';&amp;#10;&amp;#10;END;"/>
         <Trigger Name="KEY-DELREC" TriggerText="--&amp;#10;-- delete the record&amp;#10;--&amp;#10;-- date&#x9;&#x9;by&#x9;&#x9;change&amp;#10;-- 18/11/97&#x9;Steve&#x9;&#x9;Creation&amp;#10;--&amp;#10;BEGIN&amp;#10;&amp;#10;  delete_record;&amp;#10;&amp;#10;END;"/>
         <Trigger Name="WHEN-NEW-RECORD-INSTANCE" TriggerText="-- Set items in header block accordingly to system required field&amp;#10;-- DATE&#x9;&#x9;BY&#x9;CHANGE&amp;#10;-- 8/10/1999&#x9;La&#x9;Creation&amp;#10;BEGIN&amp;#10;  if :parameter.p_key = 'N' then&amp;#10;    if nvl(:uom_group_master.system_req, 'Y') = 'Y' then&amp;#10;&amp;#10;       oasis_number_set_item_property('UOM_GROUP_MASTER.USER_CODE', UPDATEABLE, PROPERTY_OFF);&amp;#10;       oasis_number_set_item_property('UOM_GROUP_MASTER.DESCRIPTION', UPDATEABLE, PROPERTY_OFF);&amp;#10;       oasis_number_set_item_property('UOM_GROUP_MASTER.ACTIVE_FLAG', UPDATEABLE, PROPERTY_OFF);&amp;#10;&amp;#10;    else&amp;#10;&amp;#10;       oasis_number_set_item_property('UOM_GROUP_MASTER.USER_CODE', UPDATEABLE, PROPERTY_ON);&amp;#10;       oasis_number_set_item_property('UOM_GROUP_MASTER.DESCRIPTION', UPDATEABLE, PROPERTY_ON);&amp;#10;       oasis_number_set_item_property('UOM_GROUP_MASTER.ACTIVE_FLAG', UPDATEABLE, PROPERTY_ON);&amp;#10;&amp;#10;    end if;&amp;#10;&amp;#10;  end if;&amp;#10;END;"/>
         <Trigger Name="KEY-LISTVAL" TriggerText="--&amp;#10;-- query a group from an lov&amp;#10;--&amp;#10;-- date&#x9;&#x9;by&#x9;&#x9;change&amp;#10;-- 18/11/97&#x9;Steve&#x9;&#x9;Creation&amp;#10;--&amp;#10;BEGIN&amp;#10;&amp;#10;  IF show_lov ('UOM_GROUP_LOV') THEN&amp;#10;&amp;#10;&#x9;set_block_property ('UOM_GROUP_MASTER', DEFAULT_WHERE, 'WHERE UOM_GROUP_ID = :PARAMETER.P_TEMP_UOM_GROUP_ID');&amp;#10;&amp;#10;&#x9;IF :SYSTEM.CURSOR_BLOCK != 'UOM_GROUP_MASTER' THEN&amp;#10;&#x9;&#x9;go_block ('UOM_GROUP_MASTER');&amp;#10;&#x9;END IF;&amp;#10;&amp;#10;&#x9;do_key ('EXECUTE_QUERY');&amp;#10;&amp;#10;&#x9;-- show the uom_master block&amp;#10;&#x9;go_block ('UOM_MASTER');&amp;#10;&amp;#10;&#x9;-- reset the query on the block&amp;#10;&#x9;set_block_property ('UOM_GROUP_MASTER', DEFAULT_WHERE, ' ');&amp;#10;&#x9;&amp;#10;  END IF;&amp;#10;&amp;#10;END;"/>
         <Trigger Name="POST-QUERY" TriggerText="--&amp;#10;-- fill in non base table items&amp;#10;--&amp;#10;-- date&#x9;&#x9;by&#x9;&#x9;change&amp;#10;-- 18/11/97&#x9;Steve&#x9;&#x9;Creation&amp;#10;--&amp;#10;DECLARE&amp;#10;&amp;#10;  v_ok&#x9;&#x9;boolean;&amp;#10;  v_user_code&#x9;varchar2(10);&amp;#10;&amp;#10;BEGIN&amp;#10;&amp;#10;  v_ok := validate_uom_id (&amp;#10;&#x9;:UOM_GROUP_MASTER.BASE_UOM_ID,&amp;#10;&#x9;v_user_code,&amp;#10;&#x9;:UOM_GROUP_MASTER.BASE_UOM_DESC,&amp;#10;&#x9;'NOVALIDATE'&amp;#10;  );&amp;#10;&amp;#10;END;"/>
         <Trigger Name="KEY-NXTBLK" TriggerText="--&amp;#10;-- goto the next block&amp;#10;--&amp;#10;-- date&#x9;&#x9;by&#x9;&#x9;change&amp;#10;-- 20/11/97&#x9;Steve&#x9;&#x9;Creation&amp;#10;-- 8/10/99&#x9;Luca&#x9;&#x9;If user not logged to development databse do not update &amp;#10;--&#x9;&#x9;&#x9;&#x9;sys rqd fields&amp;#10;--&amp;#10;BEGIN&amp;#10;&amp;#10;  IF :UOM_GROUP_MASTER.USER_CODE is NOT NULL THEN&amp;#10;  &#x9;go_block ('UOM_MASTER');&amp;#10;  END IF;&amp;#10;&amp;#10;  if :parameter.p_key ='N' then &amp;#10;&amp;#10;    if :uom_group_master.system_req = 'Y' then&amp;#10;&amp;#10;      set_block_property('UOM_MASTER', UPDATE_ALLOWED, PROPERTY_FALSE);&amp;#10;      do_key('execute_query');&amp;#10;    else&amp;#10;&amp;#10;      set_block_property('UOM_MASTER', UPDATE_ALLOWED, PROPERTY_TRUE);&amp;#10;      do_key('execute_query');&amp;#10;    end if;&amp;#10;    &amp;#10;  end if; -- p_key  &amp;#10;&amp;#10;END;"/>
      </Block>
      <Block Name="UOM_MASTER" RecordsDisplayCount="10" RecordOrientation="Vertical" RecordVisualAttributeGroupName="CURR_ITEM_VA" DMLDataName="UOM_MASTER" QueryDataSourceName="UOM_MASTER" DirtyInfo="true" VisualAttributeName="DEFAULT" ScrollbarCanvasName="C_UOM_MASTER" ScrollbarOrientation="Vertical" DatabaseBlock="true" QueryDataSourceType="Table" ScrollbarWidth="11" ScrollbarXPosition="7" DMLDataType="Table" ScrollbarYPosition="84" ShowScrollbar="true" ScrollbarLength="140">
         <Item Name="UOM_ID" Enabled="true" DistanceBetweenRecords="0" Width="63" MaximumLength="10" CompressionQuality="None" XPosition="22" Required="true" YPosition="51" DatabaseItem="true" Bevel="Plain" CanvasName="" KeyboardNavigable="true" Height="14" Hint="Enter value for : UOM_ID" ShowHorizontalScrollbar="false" ItemType="Display Item" DataType="Char" UpdateAllowed="true" DirtyInfo="true" VisualAttributeName="DEFAULT" Label="Uom Id" QueryAllowed="true" Visible="false" QueryLength="10" ShowVerticalScrollbar="false" TooltipVisualAttributeGroup="V7_VA_TOOLTIP"/>
         <Item Name="UOM_GROUP_ID" Enabled="true" DistanceBetweenRecords="0" Width="63" MaximumLength="10" CompressionQuality="None" XPosition="89" Required="true" YPosition="41" DatabaseItem="true" Bevel="Plain" CanvasName="" KeyboardNavigable="true" Height="14" Hint="Enter value for : UOM_GROUP_ID" ShowHorizontalScrollbar="false" ItemType="Display Item" CopyValueFromItem="UOM_GROUP_MASTER.UOM_GROUP_ID" DataType="Char" UpdateAllowed="true" DirtyInfo="true" VisualAttributeName="DEFAULT" Label="Uom Group Id" QueryAllowed="true" Visible="false" QueryLength="10" ShowVerticalScrollbar="false" TooltipVisualAttributeGroup="V7_VA_TOOLTIP"/>
         <Item Name="USER_CODE" DistanceBetweenRecords="0" Width="63" MaximumLength="10" CompressionQuality="None" XPosition="18" Required="false" YPosition="84" DatabaseItem="true" Bevel="Plain" CanvasName="C_UOM_MASTER" CaseRestriction="Mixed" ParentType="29" Height="14" Hint="Enter value for : USER_CODE" ShowHorizontalScrollbar="false" DataType="Char" ParentModule="OASUOM" ParentModuleType="12" ParentName="TEXT_ITEM_CLASS" DirtyInfo="true" Label="User Code" Visible="true" QueryLength="10" ShowVerticalScrollbar="false" TooltipVisualAttributeGroup="V7_VA_TOOLTIP"/>
         <Item Name="DESCRIPTION" DistanceBetweenRecords="0" Width="150" MaximumLength="40" CompressionQuality="None" XPosition="81" Required="false" YPosition="84" DatabaseItem="true" Bevel="Plain" CanvasName="C_UOM_MASTER" CaseRestriction="Mixed" ParentType="29" Height="14" Hint="Enter value for : DESCRIPTION" ShowHorizontalScrollbar="false" DataType="Char" ParentModule="OASUOM" ParentModuleType="12" ParentName="TEXT_ITEM_CLASS" DirtyInfo="true" Label="Description" QueryLength="40" ShowVerticalScrollbar="false" TooltipVisualAttributeGroup="V7_VA_TOOLTIP"/>
         <Item Name="CONVERSION_FORMULA" DistanceBetweenRecords="0" Width="140" MaximumLength="40" CompressionQuality="None" XPosition="231" Required="false" YPosition="84" DatabaseItem="true" Bevel="Plain" CanvasName="C_UOM_MASTER" CaseRestriction="Upper" ParentType="29" Height="14" Hint="Enter value for : CONVERSION_FORMULA" ShowHorizontalScrollbar="false" DataType="Char" ParentModule="OASUOM" ParentModuleType="12" ParentName="TEXT_ITEM_CLASS" DirtyInfo="true" Label="Conversion Formula" QueryLength="40" ShowVerticalScrollbar="false" TooltipVisualAttributeGroup="V7_VA_TOOLTIP"/>
         <Item Name="CONVERSION_FORMULA_BACK" DistanceBetweenRecords="0" Width="140" MaximumLength="40" CompressionQuality="None" XPosition="371" Required="false" YPosition="84" DatabaseItem="true" Bevel="Plain" CanvasName="C_UOM_MASTER" CaseRestriction="Upper" ParentType="29" Height="14" Hint="Enter value for : CONVERSION_FORMULA_BACK" ShowHorizontalScrollbar="false" DataType="Char" ParentModule="OASUOM" ParentModuleType="12" ParentName="TEXT_ITEM_CLASS" DirtyInfo="true" Label="Conversion Formula Back" QueryLength="40" ShowVerticalScrollbar="false" TooltipVisualAttributeGroup="V7_VA_TOOLTIP"/>
         <Item Name="ACTIVE_FLAG" DistanceBetweenRecords="6" Width="10" FillPattern="transparent" MaximumLength="1" BackColor="gray15" CompressionQuality="None" XPosition="520" FontName="Fixedsys" YPosition="88" Bevel="Plain" FontSize="900" FontStyle="Plain" FontWeight="Medium" FontSpacing="Normal" ForegroundColor="black" CanvasName="C_UOM_MASTER" CheckBoxOtherValues="Checked" Height="8" CheckedValue="Y" ShowHorizontalScrollbar="false" ItemType="Check Box" InitializeValue="Y" UncheckedValue="N" DirtyInfo="true" Label="CHECK_BOX376" ShowVerticalScrollbar="false" TooltipVisualAttributeGroup="V7_VA_TOOLTIP"/>
         <Item Name="AMEND_BY_USER" Enabled="true" DistanceBetweenRecords="0" Width="63" MaximumLength="42" CompressionQuality="None" XPosition="877" Required="true" YPosition="41" DatabaseItem="true" Bevel="Plain" CanvasName="" KeyboardNavigable="true" Height="14" Hint="Enter value for : AMEND_BY_USER" ShowHorizontalScrollbar="false" ItemType="Display Item" DataType="Number" UpdateAllowed="true" DirtyInfo="true" VisualAttributeName="DEFAULT" Label="Amend By User" QueryAllowed="true" Visible="false" QueryLength="42" ShowVerticalScrollbar="false" TooltipVisualAttributeGroup="V7_VA_TOOLTIP"/>
         <Item Name="AMEND_LAST_DATE" Enabled="true" DistanceBetweenRecords="0" Width="58" MaximumLength="30" CompressionQuality="None" XPosition="38" Required="true" YPosition="187" DatabaseItem="true" Bevel="Plain" CanvasName="" KeyboardNavigable="true" Height="14" Hint="Enter value for : AMEND_LAST_DATE" ShowHorizontalScrollbar="false" ItemType="Text Item" DataType="Datetime" UpdateAllowed="true" DirtyInfo="true" VisualAttributeName="DEFAULT" Label="Amend Last Date" QueryAllowed="true" Visible="false" QueryLength="0" ShowVerticalScrollbar="false" TooltipVisualAttributeGroup="V7_VA_TOOLTIP"/>
         <Item Name="AMEND_BY_MODULE" Enabled="true" DistanceBetweenRecords="0" Width="63" MaximumLength="10" CompressionQuality="None" XPosition="96" Required="true" YPosition="187" DatabaseItem="true" Bevel="Plain" CanvasName="" KeyboardNavigable="true" Height="14" Hint="Enter value for : AMEND_BY_MODULE" ShowHorizontalScrollbar="false" ItemType="Display Item" DataType="Char" UpdateAllowed="true" DirtyInfo="true" VisualAttributeName="DEFAULT" Label="Amend By Module" QueryAllowed="true" Visible="false" QueryLength="10" ShowVerticalScrollbar="false" TooltipVisualAttributeGroup="V7_VA_TOOLTIP"/>
         <Trigger Name="WHEN-NEW-RECORD-INSTANCE" DirtyInfo="true" TriggerText="-- Set items in header block accordingly to system required field&amp;#10;-- DATE&#x9;&#x9;BY&#x9;CHANGE&amp;#10;-- 8/10/1999&#x9;La&#x9;Creation&amp;#10;BEGIN&amp;#10;                                                    &amp;#10;  -- Default&amp;#10;  oasis_number_set_item_property('UOM_MASTER.USER_CODE', UPDATEABLE, PROPERTY_ON);&amp;#10;  oasis_number_set_item_property('UOM_MASTER.DESCRIPTION', UPDATEABLE, PROPERTY_ON);&amp;#10;  oasis_number_set_item_property('UOM_MASTER.CONVERSION_FORMULA', UPDATEABLE, PROPERTY_ON);&amp;#10;  oasis_number_set_item_property('UOM_MASTER.CONVERSION_FORMULA_BACK', UPDATEABLE, PROPERTY_ON);&amp;#10;&amp;#10;  IF :parameter.p_key = 'N' then -- No  on development databade&amp;#10;  &#x9;if :uom_group_master.system_req = 'Y' then -- It is sys required&amp;#10;--      if :uom_master.amend_by_user = :global.user_id then -- Check same user tries to update&amp;#10;      if substr(:uom_master.uom_id,1,6) = :parameter.p_site_prefix then -- Check same site tries to update&amp;#10;        oasis_number_set_item_property('UOM_MASTER.USER_CODE', UPDATEABLE, PROPERTY_ON);&amp;#10;        oasis_number_set_item_property('UOM_MASTER.DESCRIPTION', UPDATEABLE, PROPERTY_ON);&amp;#10;        oasis_number_set_item_property('UOM_MASTER.CONVERSION_FORMULA', UPDATEABLE, PROPERTY_ON);&amp;#10;        oasis_number_set_item_property('UOM_MASTER.CONVERSION_FORMULA_BACK', UPDATEABLE, PROPERTY_ON);&amp;#10;      else&amp;#10;  &#x9;    oasis_number_set_item_property('UOM_MASTER.USER_CODE', UPDATEABLE, PROPERTY_OFF);&amp;#10;        oasis_number_set_item_property('UOM_MASTER.DESCRIPTION', UPDATEABLE, PROPERTY_OFF);&amp;#10;        oasis_number_set_item_property('UOM_MASTER.CONVERSION_FORMULA', UPDATEABLE, PROPERTY_OFF);&amp;#10;        oasis_number_set_item_property('UOM_MASTER.CONVERSION_FORMULA_BACK', UPDATEABLE, PROPERTY_OFF);&amp;#10;      end if;&amp;#10;&amp;#10;    end if;&amp;#10;  END IF;&amp;#10;  &amp;#10;END;"/>
         <Trigger Name="PRE-INSERT" TriggerText="--&amp;#10;-- set null canvas items&amp;#10;--&amp;#10;-- date&#x9;&#x9;by&#x9;&#x9;change&amp;#10;-- 18/11/97&#x9;Steve&#x9;&#x9;Creation&amp;#10;--&amp;#10;DECLARE&amp;#10;&amp;#10;  cursor c_seq is &amp;#10;&#x9;select uom_id.NEXTVAL from dual;&amp;#10;&amp;#10;  vd_sysdate DATE := sysdate;&amp;#10;BEGIN&amp;#10;&amp;#10;  open c_seq;&amp;#10;  fetch c_seq into :UOM_MASTER.UOM_ID;&amp;#10;  close c_seq;&amp;#10;&amp;#10;  :UOM_MASTER.UOM_ID := get_site_prefix||:UOM_MASTER.UOM_ID;&amp;#10;&amp;#10;  :UOM_MASTER.AMEND_LAST_DATE := vd_sysdate;&amp;#10;  :UOM_MASTER.AMEND_BY_USER := :GLOBAL.USER_ID;&amp;#10;  :UOM_MASTER.AMEND_BY_MODULE := 'OASUOMPI';&amp;#10;&amp;#10;END;"/>
         <Trigger Name="PRE-UPDATE" TriggerText="--&amp;#10;-- update amend_xxx items&amp;#10;--&amp;#10;-- date&#x9;&#x9;by&#x9;&#x9;change&amp;#10;-- 18/11/97&#x9;Steve&#x9;&#x9;Creation&amp;#10;--&amp;#10;declare&amp;#10;  vd_sysdate DATE := sysdate;&amp;#10;  &amp;#10;BEGIN&amp;#10;&amp;#10;  :UOM_MASTER.AMEND_LAST_DATE := vd_sysdate;&amp;#10;  :UOM_MASTER.AMEND_BY_USER := :GLOBAL.USER_ID;&amp;#10;  :UOM_MASTER.AMEND_BY_MODULE := 'OASUOMPI';&amp;#10;&amp;#10;END;"/>
         <Trigger Name="KEY-DELREC" TriggerText="--&amp;#10;-- delete the record&amp;#10;--&amp;#10;-- date&#x9;&#x9;by&#x9;&#x9;change&amp;#10;-- 18/11/97&#x9;Steve&#x9;&#x9;Creation&amp;#10;--&amp;#10;BEGIN&amp;#10;&amp;#10;  delete_record;&amp;#10;&amp;#10;END;"/>
         <Trigger Name="KEY-PRVBLK" TriggerText="--&amp;#10;-- goto the previous block&amp;#10;--&amp;#10;-- date&#x9;&#x9;by&#x9;&#x9;change&amp;#10;-- 20/11/97&#x9;Steve&#x9;&#x9;Creation&amp;#10;--&amp;#10;BEGIN&amp;#10;&amp;#10;  go_block ('UOM_GROUP_MASTER');&amp;#10;&amp;#10;END;"/>
      </Block>
      <Block Name="BUTTONS" DirtyInfo="true" DatabaseBlock="false" ScrollbarWidth="14" ScrollbarLength="135">
         <Item Name="UOM_G_M_GOTO_BTN" ShowHorizontalScrollbar="false" Justification="Center" Width="110" ItemType="Text Item" CompressionQuality="None" XPosition="535" YPosition="4" DatabaseItem="false" Bevel="None" DirtyInfo="true" VisualAttributeName="WEB_TEXT_BUTTON" Label="PUSH_BUTTON332" CanvasName="CANVAS0" KeyboardNavigable="false" ShowVerticalScrollbar="false" TooltipVisualAttributeGroup="V7_VA_TOOLTIP" Height="14">
            <Trigger Name="WHEN-MOUSE-CLICK" DirtyInfo="true" TriggerText="-- show UOM_MASTER block&amp;#10;-- date&#x9;&#x9;by&#x9;&#x9;change&amp;#10;-- 18/11/97&#x9;Steve&#x9;&#x9;Creation&amp;#10;--  8/10/99&#x9;Luca&#x9;&#x9;Removed code so that WBP fires KEY-NXTBLK&amp;#10;BEGIN&amp;#10;&#x9;oasis_when_mouse_click.when_mouse_click;&amp;#10;  do_key('next_block');&amp;#10;END;"/>
         </Item>
         <Item Name="UOM_M_TEST_BTN" ShowHorizontalScrollbar="false" Justification="Center" IconFilename="amfix" Width="110" ItemType="Text Item" ParentModule="OASUOM" CompressionQuality="None" XPosition="535" ParentModuleType="12" YPosition="280" DatabaseItem="false" ParentName="BUTTON_CLASS" Bevel="None" DirtyInfo="true" VisualAttributeName="WEB_TEXT_BUTTON" Label="PUSH_BUTTON349" CanvasName="C_UOM_MASTER" KeyboardNavigable="false" ItemsDisplay="1" ParentType="29" ShowVerticalScrollbar="false" TooltipVisualAttributeGroup="V7_VA_TOOLTIP" Height="14">
            <Trigger Name="WHEN-MOUSE-CLICK" DirtyInfo="true" TriggerText="-- call SYSCNVRT to test the conversions&amp;#10;-- date&#x9;&#x9;by&#x9;&#x9;change&amp;#10;-- 18/11/97&#x9;Steve&#x9;&#x9;Creation&amp;#10;BEGIN&amp;#10;&#x9;oasis_when_mouse_click.when_mouse_click;&amp;#10;&#x9;&amp;#10;  IF :SYSTEM.FORM_STATUS = 'CHANGED' THEN&amp;#10;&#x9;  :SYSTEM.MESSAGE_LEVEL := 10;&amp;#10;&#x9;post;&amp;#10;&#x9;  :SYSTEM.MESSAGE_LEVEL := 0;&amp;#10;  END IF;&amp;#10;&amp;#10;  :GLOBAL.UOM_GROUP_ID := :UOM_MASTER.UOM_GROUP_ID;&amp;#10;  :GLOBAL.TEST_UOM_ID := :UOM_MASTER.UOM_ID;&amp;#10;&amp;#10;  oasis_call_form_v2 ('SYSCNVRT', NO_HIDE, DO_REPLACE, NO_QUERY_ONLY, 'TRUE'); -- disable navigate btn&amp;#10;&amp;#10;  erase ('GLOBAL.UOM_GROUP_ID');&amp;#10;  erase ('GLOBAL.TEST_UOM_ID');&amp;#10;END;"/>
         </Item>
         <Trigger Name="WHEN-MOUSE-DOWN" DirtyInfo="true" TriggerText="SET_ITEM_PROPERTY(:SYSTEM.TRIGGER_ITEM,VISUAL_ATTRIBUTE,'WEB_TEXT_BUTTON_CLICK');"/>
         <Trigger Name="WHEN-MOUSE-UP" DirtyInfo="true" TriggerText="SET_ITEM_PROPERTY(:SYSTEM.TRIGGER_ITEM, VISUAL_ATTRIBUTE, 'WEB_TEXT_BUTTON');&amp;#10;DEFAULT_VALUE(NULL,'GLOBAL.LAST_ITEM');&amp;#10;IF :global.last_item IS NOT NULL THEN&amp;#10;&#x9;GO_ITEM(:global.last_item);&amp;#10;END IF;"/>
         <Trigger Name="KEY-CLRBLK" DirtyInfo="true" TriggerText="NULL;"/>
         <Trigger Name="KEY-CLRREC" DirtyInfo="true" TriggerText="NULL;"/>
         <Trigger Name="KEY-CLRFRM" DirtyInfo="true" TriggerText="NULL;"/>
         <Trigger Name="KEY-DELREC" DirtyInfo="true" TriggerText="NULL;"/>
         <Trigger Name="KEY-ENTQRY" DirtyInfo="true" TriggerText="NULL;"/>
         <Trigger Name="KEY-EXEQRY" DirtyInfo="true" TriggerText="NULL;"/>
         <Trigger Name="KEY-CREREC" DirtyInfo="true" TriggerText="NULL;"/>
         <Trigger Name="KEY-NXTREC" DirtyInfo="true" TriggerText="NULL;"/>
         <Trigger Name="KEY-PRVREC" DirtyInfo="true" TriggerText="NULL;"/>
         <Trigger Name="KEY-SCRDOWN" DirtyInfo="true" TriggerText="NULL;"/>
         <Trigger Name="KEY-SCRUP" DirtyInfo="true" TriggerText="NULL;"/>
         <Trigger Name="KEY-DOWN" DirtyInfo="true" TriggerText="NULL;"/>
         <Trigger Name="KEY-UP" DirtyInfo="true" TriggerText="NULL;"/>
         <Trigger Name="WHEN-NEW-ITEM-INSTANCE" DirtyInfo="true" TriggerText="NULL; -- To ensure the form level trigger does not fire for the buttons"/>
      </Block>
      <Block Name="TITLES" DirtyInfo="true" ScrollbarWidth="14" ScrollbarLength="135">
         <Item Name="DSP_TITLE" Justification="Start" TabPageName="" Width="320" MaximumLength="40" ParentModule="OASUOM" XPosition="96" ParentModuleType="12" YPosition="0" DatabaseItem="false" ParentName="FORM_TITLE_CLASS" DirtyInfo="true" CanvasName="CNV_CONTENT" ParentType="29"/>
      </Block>
      <Block Name="LT_FUNCTIONS" DirtyInfo="true" DatabaseBlock="false" ScrollbarWidth="14" ScrollbarLength="135">
         <Item Name="IMG_FUNCTIONS" Prompt="Functions" TabPageName="" PromptAttachmentOffset="36" PromptAlignOffset="0" PromptFontSize="900" Width="16" ItemType="Image" ImageFormat="BMP" XPosition="79" YPosition="0" DatabaseItem="false" Bevel="None" PromptForegroundColor="Allscripts Link Blue" DirtyInfo="true" VisualAttributeName="MENU_TEXT_ITEMS_VA" PromptFontName="Arial" PromptFontStyle="Plain" PromptFontWeight="Bold" PromptFontSpacing="Normal" Height="14">
            <Trigger Name="WHEN-MOUSE-CLICK" DirtyInfo="true" TriggerText="HCI_UPGRADE.functions_when_mouse_click;"/>
         </Item>
         <Item Name="NAVIGATE_BUTTON" Justification="Start" TabPageName="" DistanceBetweenRecords="0" Width="80" ItemType="Display Item" PopupMenuName="BOILER_PLATE" ParentModule="OASUOM" XPosition="5" ParentModuleType="12" YPosition="18" DatabaseItem="false" ParentName="MENU_ITEM_CLASS" Bevel="None" FontStyle="Plain" DirtyInfo="true" FontSpacing="Normal" KeyboardNavigable="false" ParentType="29">
            <Trigger Name="WHEN-MOUSE-CLICK" DirtyInfo="true" TriggerText="--&amp;#10;-- Steve Pusey 15/4/96&amp;#10;--&amp;#10;-- toggle between navigation and default menus&amp;#10;--&amp;#10;BEGIN&amp;#10;&#x9;oasis_when_mouse_click.when_mouse_click;&amp;#10;  --oasis_menu.toggle_menu;&amp;#10;END;"/>
         </Item>
         <Item Name="EXPORT_IMPORT_BTN" Justification="Start" TabPageName="" Width="80" ItemType="Display Item" PopupMenuName="BOILER_PLATE" ParentModule="OASUOM" XPosition="5" ParentModuleType="12" YPosition="32" DatabaseItem="false" ParentName="MENU_ITEM_CLASS" Bevel="None" FontStyle="Plain" DirtyInfo="true" FontSpacing="Normal" KeyboardNavigable="false" ParentType="29">
            <Trigger Name="WHEN-MOUSE-CLICK" DirtyInfo="true" TriggerText="--&amp;#10;-- call OASUOMEX form to export/import UOMs&amp;#10;--&amp;#10;-- date&#x9;&#x9;by&#x9;&#x9;change&amp;#10;-- 21/11/97&#x9;Steve&#x9;&#x9;Creation&amp;#10;--&amp;#10;BEGIN&amp;#10;&#x9;oasis_when_mouse_click.when_mouse_click;&amp;#10;  oasis_call_form_v2 ('OASUOMEX', NO_HIDE, DO_REPLACE, NO_QUERY_ONLY, 'TRUE');&amp;#10;END;"/>
         </Item>
         <Trigger Name="WHEN-NEW-BLOCK-INSTANCE" DirtyInfo="true" TriggerText="READ_IMAGE_FILE(hci_upgrade.g_image_directory || 'pas_expand_menu.gif', 'gif', 'LT_FUNCTIONS.IMG_FUNCTIONS');"/>
         <Trigger Name="WHEN-MOUSE-DOWN" DirtyInfo="true" TriggerText="SET_ITEM_PROPERTY(:SYSTEM.TRIGGER_ITEM,VISUAL_ATTRIBUTE,'WEB_TEXT_BUTTON_CLICK');"/>
         <Trigger Name="WHEN-MOUSE-UP" DirtyInfo="true" TriggerText="SET_ITEM_PROPERTY(:SYSTEM.TRIGGER_ITEM,VISUAL_ATTRIBUTE,'WEB_TEXT_BUTTON');"/>
         <Trigger Name="WHEN-NEW-ITEM-INSTANCE" DirtyInfo="true" TriggerText="NULL;"/>
      </Block>
      <Canvas Name="TOOLBAR_CANVAS" BackColor="patient_live_blue" Bevel="None" CanvasType="Horizontal Toolbar" DirtyInfo="true" Width="768" WindowName="MAIN_FORM_WINDOW" Height="64">
         <Graphics Name="BANNER_LINE" InternalLineWidth="227" Width="755" EdgeForegroundColor="gray16" EdgePattern="solid" JoinStyle="Bevel" XPosition="0" YPosition="63" GraphicsType="Line" HorizontalMargin="8" ScrollbarWidth="15" VerticalMargin="16" HorizontalObjectOffset="15" Height="0" StartPromptOffset="8"/>
      </Canvas>
      <Canvas Name="CANVAS0" ViewportXPositionOnCanvas="0" ViewportYPositionOnCanvas="0" ShowHorizontalScrollbar="false" CanvasType="Stacked" Width="650" WindowName="MAIN_FORM_WINDOW" Bevel="None" DirtyInfo="true" VisualAttributeName="BACKGROUND_CANVAS_BLUE" Visible="false" DisplayViewport="true" ShowVerticalScrollbar="false" Height="50" ViewportHeight="50" ViewportXPosition="95" ViewportWidth="650" ViewportYPosition="62" RaiseOnEnter="false">
         <Graphics Name="RECT1" InternalLineWidth="113" InternalRotationAngle="0" Width="0" EdgeForegroundColor="black" EdgeBackColor="black" FillPattern="none" EdgePattern="transparent" DashStyle="Solid" CapStyle="Butt" JoinStyle="Mitre" BackColor="white" XPosition="111" YPosition="137" Bevel="None" ForegroundColor="black" GraphicsType="Rectangle" HorizontalMargin="5" ScrollbarWidth="9" VerticalMargin="14" HorizontalObjectOffset="9" Height="0" StartPromptOffset="5"/>
      </Canvas>
      <Canvas Name="C_UOM_MASTER" ShowHorizontalScrollbar="false" Width="650" WindowName="MAIN_FORM_WINDOW" ParentModule="OASUOM" ParentModuleType="12" ParentName="STACKED_CANVAS_CLASS" Bevel="None" DirtyInfo="true" DisplayViewport="true" ParentType="29" ShowVerticalScrollbar="false" Height="297" ViewportHeight="297" ViewportXPosition="95" ViewportWidth="650" ViewportYPosition="115">
         <Graphics Name="IMAGE385" Width="16" ClipWidth="12" ImageFilename="OASUOM_C_UOM_MASTER_IMAGE385.tif" ClipHeight="30" XPosition="517" YPosition="57" DirtyInfo="true" GraphicsType="Image" HorizontalMargin="7" ScrollbarWidth="14" VerticalMargin="14" HorizontalObjectOffset="14" Height="28" StartPromptOffset="7"/>
         <Graphics Name="SECTION_LINE1" InternalLineWidth="113" Width="618" EdgeForegroundColor="Line Green" EdgePattern="solid" JoinStyle="Bevel" BackColor="Line Green" XPosition="5" YPosition="21" Bevel="None" DirtyInfo="true" ForegroundColor="white" GraphicsType="Line" HorizontalMargin="7" ScrollbarWidth="14" VerticalMargin="14" HorizontalObjectOffset="14" Height="0" StartPromptOffset="7"/>
         <Graphics Name="BLUE_CIRCLE1" Width="21" Dither="false" ClipWidth="21" ImageFilename="OASUOM_C_UOM_MASTER_BLUE_CIRCLE1.tif" ClipHeight="19" XPosition="616" YPosition="3" DirtyInfo="true" GraphicsType="Image" HorizontalMargin="7" ScrollbarWidth="14" VerticalMargin="14" HorizontalObjectOffset="14" Height="19" StartPromptOffset="7"/>
         <Graphics Name="SECTION_NUMBER1" Width="14" FillPattern="none" EdgePattern="none" JoinStyle="Bevel" BackColor="Side Green" XPosition="630" WrapText="false" YPosition="8" BoundingBoxScalable="false" Bevel="None" HorizontalOrigin="Right" HorizontalJustification="Center" ForegroundColor="darkcyan" GraphicsFontWeight="Bold" GraphicsFontSpacing="Normal" GraphicsType="Text" ScrollbarWidth="14" Height="12" GraphicsFontName="Arial" GraphicsFontSize="1000" GraphicsFontStyle="0" GraphicsText="2" DirtyInfo="true" GraphicsFontColor="white" GraphicsFontColorCode="1" HorizontalMargin="7" VerticalMargin="14" HorizontalObjectOffset="14" StartPromptOffset="7">
            <CompoundText Name="CMPTXT207">
               <TextSegment Name="TEXTSTR208" FontName="Arial" FontSize="1000" FontStyle="Plain" DirtyInfo="true" FontWeight="Bold" FontSpacing="Normal" ForegroundColor="white" Text="2"/>
            </CompoundText>
         </Graphics>
      </Canvas>
      <Canvas Name="CNV_CONTENT" BackColor="white" Bevel="None" DirtyInfo="true" ForegroundColor="black" Width="755" WindowName="MAIN_FORM_WINDOW" Height="415" ViewportHeight="324" ViewportWidth="540">
         <Graphics Name="SECTION_LINE1" InternalLineWidth="113" Width="623" EdgeForegroundColor="Line Green" EdgePattern="solid" JoinStyle="Bevel" BackColor="Line Green" XPosition="100" YPosition="61" Bevel="None" DirtyInfo="true" ForegroundColor="white" GraphicsType="Line" HorizontalMargin="7" ScrollbarWidth="14" VerticalMargin="14" HorizontalObjectOffset="14" Height="0" StartPromptOffset="7"/>
         <Graphics Name="BLUE_CIRCLE1" Width="21" Dither="false" ClipWidth="21" ImageFilename="OASUOM_CNV_CONTENT_BLUE_CIRCLE1.tif" ClipHeight="19" XPosition="711" YPosition="43" DirtyInfo="true" GraphicsType="Image" HorizontalMargin="7" ScrollbarWidth="14" VerticalMargin="14" HorizontalObjectOffset="14" Height="19" StartPromptOffset="7"/>
         <Graphics Name="SECTION_NUMBER1" Width="13" FillPattern="none" EdgePattern="none" JoinStyle="Bevel" BackColor="Side Green" XPosition="725" WrapText="false" YPosition="47" BoundingBoxScalable="false" Bevel="None" HorizontalOrigin="Right" HorizontalJustification="Center" ForegroundColor="darkcyan" GraphicsFontWeight="Bold" GraphicsFontSpacing="Normal" GraphicsType="Text" ScrollbarWidth="14" Height="11" GraphicsFontName="Arial" GraphicsFontSize="1000" GraphicsFontStyle="0" GraphicsText="1" DirtyInfo="true" GraphicsFontColor="white" GraphicsFontColorCode="1" HorizontalMargin="7" VerticalMargin="14" HorizontalObjectOffset="14" StartPromptOffset="7">
            <CompoundText Name="CMPTXT207">
               <TextSegment Name="TEXTSTR208" FontName="Arial" FontSize="1000" FontStyle="Plain" DirtyInfo="true" FontWeight="Bold" FontSpacing="Normal" ForegroundColor="white" Text="1"/>
            </CompoundText>
         </Graphics>
      </Canvas>
      <Canvas Name="CNV_HIDE" Bevel="None" DirtyInfo="true" Width="800" Visible="false" WindowName="MAIN_FORM_WINDOW" Height="410" ViewportHeight="324" ViewportWidth="540"/>
      <ModuleParameter Name="P_RELEASE" ParentModule="PAS_RELEASE" ParentModuleType="25" ParentName="P_RELEASE" ParentFilename="pas_release.olb" DirtyInfo="true" ParentFilepath="" ParentType="13"/>
      <ModuleParameter Name="P_VERSION" DirtyInfo="true" Comment="Used by ABOUT_FORM window, the form version, update after each update" ParameterInitializeValue="0"/>
      <ModuleParameter Name="P_DATE" DirtyInfo="true" Comment="Used by ABOUT_FORM window, the date the form was last updated, update after each update" ParameterInitializeValue="13-Jan-2017"/>
      <ModuleParameter Name="P_KEY" DirtyInfo="true" Comment="If set to N means that the developer is not logged to the developement database. So all the relevant restrictions apply.&amp;#10;" ParameterInitializeValue="Y"/>
      <ModuleParameter Name="P_TEMPLATE" DirtyInfo="true" Comment="Used by ABOUT_FORM window, the template used to create this form" ParameterInitializeValue="TEMPLATE_V11"/>
      <ModuleParameter Name="P_HOSPITAL_ID" DirtyInfo="true" ParameterDataType="Number"/>
      <ModuleParameter Name="P_TEMP_UOM_GROUP_ID"/>
      <ModuleParameter Name="P_SITE_PREFIX" DirtyInfo="true"/>
      <ModuleParameter Name="API_VERSION" ParameterInitializeValue="V2.3"/>
      <ModuleParameter Name="P_BREADCRUMB"/>
      <LOV Name="UOM_GROUP_LOV" XPosition="100" YPosition="90" DirtyInfo="true" VisualAttributeName="TEXT_ITEM_VA_LOV" Width="400" RecordGroupName="UOM_GROUP_LOV" Height="300">
         <LOVColumnMapping Name="DESCRIPTION" ReturnItem="" DirtyInfo="true" Title="Description" DisplayWidth="215"/>
         <LOVColumnMapping Name="USER_CODE" ReturnItem="" DirtyInfo="true" Title="User_Code" DisplayWidth="200"/>
         <LOVColumnMapping Name="UOM_GROUP_ID" ReturnItem="PARAMETER.P_TEMP_UOM_GROUP_ID" DirtyInfo="true" Title="Uom_Group_Id" DisplayWidth="100"/>
      </LOV>
      <LOV Name="BASE_UOM_LOV" XPosition="100" YPosition="90" DirtyInfo="true" VisualAttributeName="TEXT_ITEM_VA_LOV" Width="400" RecordGroupName="BASE_UOM_LOV" Height="300">
         <LOVColumnMapping Name="DESCRIPTION" ReturnItem="UOM_GROUP_MASTER.BASE_UOM_DESC" DirtyInfo="true" Title="Description" DisplayWidth="215"/>
         <LOVColumnMapping Name="USER_CODE" ReturnItem="" DirtyInfo="true" Title="User_Code" DisplayWidth="200"/>
         <LOVColumnMapping Name="UOM_ID" ReturnItem="UOM_GROUP_MASTER.BASE_UOM_ID" DirtyInfo="true" Title="Uom_Id" DisplayWidth="100"/>
      </LOV>
      <Menu Name="BOILER_PLATE" DirtyInfo="true">
         <MenuItem Name="CHANGE_PROMPT" DirtyInfo="true" Label="Change Prompt" MenuItemCode="message('Change Boilerplate prompt');pause;"/>
      </Menu>
      <ProgramUnit Name="INIT_FORM" ProgramUnitText="PACKAGE BODY init_form IS&amp;#10;--&amp;#10;-- steve pusey 2/5/1996&amp;#10;--&amp;#10;-- program units to initialise form&amp;#10;--&amp;#10;-- add code to init_form and init_format_masks program units, add other init procs to the&amp;#10;-- init_form procedure, for example if you write a procedure called init_toolbar then add &amp;#10;-- this to the init_form procedure. The init_form procedure is called from the &amp;#10;-- WHEN-NEW-FORM-INSTANCE trigger&amp;#10;--&amp;#10;&amp;#10;---------------------------------------------------------------------------------------&amp;#10;-- INTERNAL PACKAGE VARIABLES &amp;#10;---------------------------------------------------------------------------------------&amp;#10;&amp;#10;---------------------------------------------------------------------------------------&amp;#10;-- INTERNAL PROGRAM UNITS (DECLARATION)&amp;#10;---------------------------------------------------------------------------------------&amp;#10;&amp;#10;  procedure init_list_items;&amp;#10;  procedure init_format_masks;&amp;#10;&amp;#10;---------------------------------------------------------------------------------------&amp;#10;-- PROGRAM UNITS (CODE)&amp;#10;---------------------------------------------------------------------------------------&amp;#10;&amp;#10;-- ##########################################################################################&amp;#10;&amp;#10;  procedure init_list_items is&amp;#10;  --&amp;#10;  -- initialise list items&amp;#10;  --&amp;#10;  -- date&#x9;by&#x9;&#x9;change&amp;#10;  -- 2/5/1996   Steve Pusey&#x9;Creation of template procedure&amp;#10;  --&amp;#10;  BEGIN&amp;#10;&amp;#10;    -- cut &amp; paste this code&amp;#10;    -- populate_poplist_from_codes ('BLOCK.ITEM', &lt;CODE_TYPE>);&amp;#10;&amp;#10;    populate_poplist_from_codes ('UOM_GROUP_MASTER.ACTIVE_FLAG', 284, ' AND PROG_CODE = 0');&amp;#10;    populate_poplist_from_codes ('UOM_GROUP_MASTER.SYSTEM_REQ', 284, ' AND PROG_CODE = 0');  &amp;#10;&amp;#10;  END init_list_items;&amp;#10;&amp;#10;-- ##########################################################################################&amp;#10;&amp;#10;  procedure init_format_masks is&amp;#10;  --&amp;#10;  -- set the format masks for date, datetime, and numeric items&amp;#10;  --&amp;#10;  -- date&#x9;by&#x9;&#x9;change&amp;#10;  -- 2/5/1996   Steve Pusey&#x9;Creation of template procedure&amp;#10;  --&amp;#10;  BEGIN&amp;#10;&amp;#10;    -- copy &amp; paste this line&amp;#10;    -- set_format_mask ('BLOCK.ITEM');&amp;#10;&amp;#10;    null;&amp;#10;   &amp;#10;  END init_format_masks;&amp;#10;&amp;#10;-- ##########################################################################################&amp;#10;&amp;#10;  procedure init_form is&amp;#10;  --&amp;#10;  -- initialise form&amp;#10;  --&amp;#10;  -- date&#x9;by&#x9;&#x9;change&amp;#10;  -- 2/5/1996   Steve Pusey&#x9;Creation of template procedure&amp;#10;  -- 8/10/99&#x9;Luca&#x9;&#x9;Oasis_literals stuff&amp;#10;&amp;#10;  cursor c1 is&amp;#10;    select null&amp;#10;    from oasis_literals&amp;#10;    where number_seq=1&amp;#10;      and description = 'LLS1611HD1618SS1623EG1628S1632TS1635TG1637C16A42';&amp;#10;&amp;#10;  cursor c_site is&amp;#10;    select site_prefix&amp;#10;    from maps010&amp;#10;    where hospital_id = :parameter.p_hospital_id;&amp;#10;&amp;#10;  v_null&#x9;number;&amp;#10; &amp;#10;  BEGIN&amp;#10;&amp;#10;    init_list_items;&amp;#10;    init_format_masks;&amp;#10;&amp;#10;    :parameter.p_hospital_id := oaslogon_package.get_hospital_id;&amp;#10;&amp;#10;    open c1;&amp;#10;    fetch c1 into v_null;&amp;#10;&amp;#10;    if c1%NOTFOUND then&amp;#10;&amp;#10;      oasis_number_set_item_property('UOM_GROUP_MASTER.SYSTEM_REQ', ENABLED, PROPERTY_OFF);&amp;#10;&amp;#10;      :parameter.p_key := 'N';&amp;#10;&amp;#10;    end if;&amp;#10;&amp;#10;    close c1;&amp;#10;&amp;#10;    open c_site;&amp;#10;    fetch c_site into :parameter.p_site_prefix;&amp;#10;    close c_site;    &amp;#10;&amp;#10;END init_form;&amp;#10;-- ##########################################################################################&amp;#10;&amp;#10;END init_form;" ProgramUnitType="Package Body"/>
      <ProgramUnit Name="INIT_FORM" ProgramUnitText="PACKAGE init_form IS&amp;#10;--&amp;#10;-- steve pusey 2/5/1996&amp;#10;--&amp;#10;-- program units to initialise form&amp;#10;--&amp;#10;&amp;#10;---------------------------------------------------------------------------------------&amp;#10;-- EXTERNAL PACKAGE VARIABLES&amp;#10;---------------------------------------------------------------------------------------&amp;#10;&amp;#10;---------------------------------------------------------------------------------------&amp;#10;-- EXTERNAL PROGRAM UNITS (DECLARATION) &amp;#10;---------------------------------------------------------------------------------------&amp;#10;&amp;#10;  procedure init_form;&amp;#10;&amp;#10;END init_form;" ProgramUnitType="Package Spec"/>
      <ProgramUnit Name="CHECK_PACKAGE_FAILURE" ProgramUnitText="Procedure Check_Package_Failure IS&amp;#10;BEGIN&amp;#10;  IF NOT ( Form_Success ) THEN&amp;#10;    RAISE Form_Trigger_Failure;&amp;#10;  END IF;&amp;#10;END;" ProgramUnitType="Procedure"/>
      <ProgramUnit Name="QUERY_MASTER_DETAILS" ProgramUnitText="PROCEDURE Query_Master_Details(rel_id Relation,detail VARCHAR2) IS&amp;#10;  oldmsg VARCHAR2(2);  -- Old Message Level Setting&amp;#10;  reldef VARCHAR2(5);  -- Relation Deferred Setting&amp;#10;BEGIN&amp;#10;  --&amp;#10;  -- Initialize Local Variable(s)&amp;#10;  --&amp;#10;  reldef := Get_Relation_Property(rel_id, DEFERRED_COORDINATION);&amp;#10;  oldmsg := :System.Message_Level;&amp;#10;  --&amp;#10;  -- If NOT Deferred, Goto detail and execute the query.&amp;#10;  --&amp;#10;  IF reldef = 'FALSE' THEN&amp;#10;    Go_Block(detail);&amp;#10;    Check_Package_Failure;&amp;#10;    :System.Message_Level := '10';&amp;#10;    Execute_Query;&amp;#10;    :System.Message_Level := oldmsg;&amp;#10;  ELSE&amp;#10;    --&amp;#10;    -- Relation is deferred, mark the detail block as un-coordinated&amp;#10;    --&amp;#10;    Set_Block_Property(detail, COORDINATION_STATUS, NON_COORDINATED);&amp;#10;  END IF;&amp;#10;&amp;#10;EXCEPTION&amp;#10;    WHEN Form_Trigger_Failure THEN&amp;#10;      :System.Message_Level := oldmsg;&amp;#10;      RAISE;&amp;#10;END Query_Master_Details;&amp;#10;" ProgramUnitType="Procedure"/>
      <ProgramUnit Name="CLEAR_ALL_MASTER_DETAILS" ProgramUnitText="PROCEDURE Clear_All_Master_Details IS&amp;#10;  mastblk  VARCHAR2(30);  -- Initial Master Block Cusing Coord&amp;#10;  coordop  VARCHAR2(30);  -- Operation Causing the Coord&amp;#10;  trigblk  VARCHAR2(30);  -- Cur Block On-Clear-Details Fires On&amp;#10;  startitm VARCHAR2(61);  -- Item in which cursor started&amp;#10;  frmstat  VARCHAR2(15);  -- Form Status&amp;#10;  curblk   VARCHAR2(30);  -- Current Block&amp;#10;  currel   VARCHAR2(30);  -- Current Relation&amp;#10;  curdtl   VARCHAR2(30);  -- Current Detail Block&amp;#10;&amp;#10;  FUNCTION First_Changed_Block_Below(Master VARCHAR2)&amp;#10;  RETURN VARCHAR2 IS&amp;#10;    curblk VARCHAR2(30);  -- Current Block&amp;#10;    currel VARCHAR2(30);  -- Current Relation&amp;#10;    retblk VARCHAR2(30);  -- Return Block&amp;#10;  BEGIN&amp;#10;    --&amp;#10;    -- Initialize Local Vars&amp;#10;    --&amp;#10;    curblk := Master;&amp;#10;    currel := Get_Block_Property(curblk,  FIRST_MASTER_RELATION);&amp;#10;    --&amp;#10;    -- While there exists another relation for this block&amp;#10;    --&amp;#10;    WHILE currel IS NOT NULL LOOP&amp;#10;      --&amp;#10;      -- Get the name of the detail block&amp;#10;      --&amp;#10;      curblk := Get_Relation_Property(currel, DETAIL_NAME);&amp;#10;      --&amp;#10;      -- If this block has changes, return its name&amp;#10;      --&amp;#10;      IF ( Get_Block_Property(curblk, STATUS) IN('CHANGED','INSERT') ) THEN&amp;#10;        RETURN curblk;&amp;#10;      ELSE&amp;#10;        --&amp;#10;        -- No changes, recursively look for changed blocks below&amp;#10;        --&amp;#10;        retblk := First_Changed_Block_Below(curblk);&amp;#10;        --&amp;#10;        -- If some block below is changed, return its name&amp;#10;        --&amp;#10;        IF retblk IS NOT NULL THEN&amp;#10;          RETURN retblk;&amp;#10;        ELSE&amp;#10;          --&amp;#10;          -- Consider the next relation&amp;#10;          --&amp;#10;          currel := Get_Relation_Property(currel, NEXT_MASTER_RELATION);&amp;#10;        END IF;&amp;#10;      END IF;&amp;#10;    END LOOP;&amp;#10;&amp;#10;    --&amp;#10;    -- No changed blocks were found&amp;#10;    --&amp;#10;    RETURN NULL;&amp;#10;  END First_Changed_Block_Below;&amp;#10;&amp;#10;BEGIN&amp;#10;  --&amp;#10;  -- Init Local Vars&amp;#10;  --&amp;#10;  mastblk  := :System.Master_Block;&amp;#10;  coordop  := :System.Coordination_Operation;&amp;#10;  trigblk  := :System.Trigger_Block;&amp;#10;  startitm := :System.Trigger_Item;&amp;#10;  frmstat  := :System.Form_Status;&amp;#10;&amp;#10;  --&amp;#10;  -- If the coordination operation is anything but CLEAR_RECORD or&amp;#10;  -- SYNCHRONIZE_BLOCKS, then continue checking.&amp;#10;  --&amp;#10;  IF coordop NOT IN ('CLEAR_RECORD', 'SYNCHRONIZE_BLOCKS') THEN&amp;#10;    --&amp;#10;    -- If we're processing the driving master block...&amp;#10;    --&amp;#10;    IF mastblk = trigblk THEN&amp;#10;      --&amp;#10;      -- If something in the form is changed, find the&amp;#10;      -- first changed block below the master&amp;#10;      --&amp;#10;      IF frmstat = 'CHANGED' THEN&amp;#10;        curblk := First_Changed_Block_Below(mastblk);&amp;#10;        --&amp;#10;        -- If we find a changed block below, go there&amp;#10;        -- and Ask to commit the changes.&amp;#10;        --&amp;#10;        IF curblk IS NOT NULL THEN&amp;#10;          Go_Block(curblk);&amp;#10;          Check_Package_Failure;&amp;#10;          Clear_Block(ASK_COMMIT);&amp;#10;          --&amp;#10;          -- If user cancels commit dialog, raise error&amp;#10;          --&amp;#10;          IF NOT ( :System.Form_Status = 'QUERY'&amp;#10;                   OR :System.Block_Status = 'NEW' ) THEN&amp;#10;            RAISE Form_Trigger_Failure;&amp;#10;          END IF;&amp;#10;        END IF;&amp;#10;      END IF;&amp;#10;    END IF;&amp;#10;  END IF;&amp;#10;&amp;#10;  --&amp;#10;  -- Clear all the detail blocks for this master without&amp;#10;  -- any further asking to commit.&amp;#10;  --&amp;#10;  currel := Get_Block_Property(trigblk, FIRST_MASTER_RELATION);&amp;#10;  WHILE currel IS NOT NULL LOOP&amp;#10;    curdtl := Get_Relation_Property(currel, DETAIL_NAME);&amp;#10;    IF Get_Block_Property(curdtl, STATUS) &lt;> 'NEW'  THEN&amp;#10;      Go_Block(curdtl);&amp;#10;      Check_Package_Failure;&amp;#10;      Clear_Block(NO_VALIDATE);&amp;#10;      IF :System.Block_Status &lt;> 'NEW' THEN&amp;#10;        RAISE Form_Trigger_Failure;&amp;#10;      END IF;&amp;#10;    END IF;&amp;#10;    currel := Get_Relation_Property(currel, NEXT_MASTER_RELATION);&amp;#10;  END LOOP;&amp;#10;&amp;#10;  --&amp;#10;  -- Put cursor back where it started&amp;#10;  --&amp;#10;  IF :System.Cursor_Item &lt;> startitm THEN&amp;#10;    Go_Item(startitm);&amp;#10;    Check_Package_Failure;&amp;#10;  END IF;&amp;#10;&amp;#10;EXCEPTION&amp;#10;  WHEN Form_Trigger_Failure THEN&amp;#10;    IF :System.Cursor_Item &lt;> startitm THEN&amp;#10;      Go_Item(startitm);&amp;#10;    END IF;&amp;#10;    RAISE;&amp;#10;&amp;#10;END Clear_All_Master_Details;&amp;#10;" ProgramUnitType="Procedure"/>
      <PropertyClass Name="BUTTON_CLASS" ParentModule="PAS_OLD" ParentModuleType="25" ParentName="BUTTON_CLASS" ParentFilename="pas_old.olb" ParentFilepath="" ParentType="29"/>
      <PropertyClass Name="LOV_BUTTON_CLASS" ParentModule="PAS_OLD" ParentModuleType="25" ParentName="LOV_BUTTON_CLASS" ParentFilename="pas_old.olb" ParentFilepath="" ParentType="29"/>
      <PropertyClass Name="BPT_CLASS" ParentModule="PAS_OLD" ParentModuleType="25" ParentName="BPT_CLASS" ParentFilename="pas_old.olb" ParentFilepath="" ParentType="29"/>
      <PropertyClass Name="BPT_BLUE_CLASS" ParentModule="PAS_OLD" ParentModuleType="25" ParentName="BPT_BLUE_CLASS" ParentFilename="pas_old.olb" ParentFilepath="" ParentType="29"/>
      <PropertyClass Name="BPT_GREY_CLASS" ParentModule="PAS_OLD" ParentModuleType="25" ParentName="BPT_GREY_CLASS" ParentFilename="pas_old.olb" ParentFilepath="" ParentType="29"/>
      <PropertyClass Name="TEXT_ITEM_CLASS" ParentModule="PAS_OLD" ParentModuleType="25" ParentName="TEXT_ITEM_CLASS" ParentFilename="pas_old.olb" ParentFilepath="" ParentType="29"/>
      <PropertyClass Name="TEXT_ITEM_DATE_CLASS" ParentModule="PAS_OLD" ParentModuleType="25" ParentName="TEXT_ITEM_DATE_CLASS" ParentFilename="pas_old.olb" ParentFilepath="" ParentType="29"/>
      <PropertyClass Name="TEXT_ITEM_NUMBER_CLASS" ParentModule="PAS_OLD" ParentModuleType="25" ParentName="TEXT_ITEM_NUMBER_CLASS" ParentFilename="pas_old.olb" ParentFilepath="" ParentType="29"/>
      <PropertyClass Name="TEXT_ITEM_DATETIME_CLASS" ParentModule="PAS_OLD" ParentModuleType="25" ParentName="TEXT_ITEM_DATETIME_CLASS" ParentFilename="pas_old.olb" ParentFilepath="" ParentType="29"/>
      <PropertyClass Name="DISPLAY_ITEM_CLASS" ParentModule="PAS_OLD" ParentModuleType="25" ParentName="DISPLAY_ITEM_CLASS" ParentFilename="pas_old.olb" ParentFilepath="" ParentType="29"/>
      <PropertyClass Name="STACKED_CANVAS_CLASS" ParentModule="PAS_OLD" ParentModuleType="25" ParentName="STACKED_CANVAS_CLASS" ParentFilename="pas_old.olb" ParentFilepath="" ParentType="29"/>
      <PropertyClass Name="WINDOW_CLASS" ParentModule="PAS_OLD" ParentModuleType="25" ParentName="WINDOW_CLASS" ParentFilename="pas_old.olb" ParentFilepath="" ParentType="29"/>
      <PropertyClass Name="ID_CLASS" ParentModule="PAS_OLD" ParentModuleType="25" ParentName="ID_CLASS" ParentFilename="pas_old.olb" ParentFilepath="" ParentType="29"/>
      <PropertyClass Name="MENU_ITEM_CLASS" ParentModule="PAS_CUI" ParentModuleType="25" ParentName="MENU_ITEM_CLASS" ParentFilename="pas_cui.olb" DirtyInfo="true" ParentFilepath="" ParentType="29"/>
      <PropertyClass Name="FORM_TITLE_CLASS" ParentModule="PAS_CUI" ParentModuleType="25" ParentName="FORM_TITLE_CLASS" ParentFilename="pas_cui.olb" DirtyInfo="true" ParentFilepath="" ItemType="Display Item" ParentType="29"/>
      <PropertyClass Name="SECTION_TITLE_CLASS" ParentModule="PAS_CUI" ParentModuleType="25" ParentName="SECTION_TITLE_CLASS" ParentFilename="pas_cui.olb" DirtyInfo="true" ParentFilepath="" ItemType="Display Item" ParentType="29"/>
      <PropertyClass Name="BACKGROUND_LINK_BOX_CLASS" ParentModule="PAS_CUI" ParentModuleType="25" ParentName="BACKGROUND_LINK_BOX_CLASS" ParentFilename="pas_cui.olb" DirtyInfo="true" ParentFilepath="" ParentType="29"/>
      <PropertyClass Name="CUI_DATE_INPUT" ParentModule="PAS_CUI" ParentModuleType="25" ParentName="CUI_DATE_INPUT" ParentFilename="pas_cui.olb" DirtyInfo="true" ParentFilepath="" ParentType="29"/>
      <PropertyClass Name="CUI_DATE_DISP" ParentModule="PAS_CUI" ParentModuleType="25" ParentName="CUI_DATE_DISP" ParentFilename="pas_cui.olb" DirtyInfo="true" ParentFilepath="" ParentType="29"/>
      <PropertyClass Name="CUI_DATETIME_INPUT" ParentModule="PAS_CUI" ParentModuleType="25" ParentName="CUI_DATETIME_INPUT" ParentFilename="pas_cui.olb" DirtyInfo="true" ParentFilepath="" ParentType="29"/>
      <PropertyClass Name="CUI_DATETIME_DISP" ParentModule="PAS_CUI" ParentModuleType="25" ParentName="CUI_DATETIME_DISP" ParentFilename="pas_cui.olb" DirtyInfo="true" ParentFilepath="" ParentType="29"/>
      <RecordGroup Name="BASE_UOM_LOV" RecordGroupFetchSize="0" RecordGroupQuery="select description, user_code, uom_id from uom_master where uom_group_id = :uom_group_master.uom_group_id order by description">
         <RecordGroupColumn Name="DESCRIPTION" ColumnDataType="Character" MaximumLength="40"/>
         <RecordGroupColumn Name="USER_CODE" ColumnDataType="Character" MaximumLength="10"/>
         <RecordGroupColumn Name="UOM_ID" ColumnDataType="Character" MaximumLength="10"/>
      </RecordGroup>
      <RecordGroup Name="UOM_GROUP_LOV" RecordGroupFetchSize="0" RecordGroupQuery="select description, user_code, uom_group_id from uom_group_master order by description">
         <RecordGroupColumn Name="DESCRIPTION" ColumnDataType="Character" MaximumLength="40"/>
         <RecordGroupColumn Name="USER_CODE" ColumnDataType="Character" MaximumLength="10"/>
         <RecordGroupColumn Name="UOM_GROUP_ID" ColumnDataType="Character" MaximumLength="10"/>
      </RecordGroup>
      <Trigger Name="ON-CLEAR-DETAILS" TriggerText="--&amp;#10;-- Begin default relation program section&amp;#10;--&amp;#10;BEGIN&amp;#10;  Clear_All_Master_Details;&amp;#10;END;&amp;#10;--&amp;#10;-- End default relation program section&amp;#10;--&amp;#10;"/>
      <Trigger Name="WHEN-MOUSE-CLICK" TriggerText="--&amp;#10;-- call stdlib procedure to handle mouse click&amp;#10;-- N.B. standard left button click is not affected &amp;#10;--&amp;#10;-- date&#x9;&#x9;by&#x9;&#x9;change&amp;#10;-- 31-05-1996&#x9;Steve Pusey&#x9;Creation&amp;#10;--&amp;#10;BEGIN&amp;#10;&amp;#10;  oasis_when_mouse_click.when_mouse_click;&amp;#10;&amp;#10;END;"/>
      <Trigger Name="WHEN-NEW-ITEM-INSTANCE" TriggerText="begin&amp;#10;  :global.last_item := :system.trigger_item;&amp;#10;end;"/>
      <Trigger Name="WHEN-NEW-FORM-INSTANCE" TriggerText="--&amp;#10;-- fires when form is entered, PRE-FORM fires before this trigger&amp;#10;--&amp;#10;-- Date&#x9;&#x9;by &#x9;&#x9;change&amp;#10;-- 10/1994&#x9;David Massie&#x9;Creation&amp;#10;-- 1995&#x9;&#x9;Nagy Tharwat&#x9;Upgrade to v9 - moved code into library procedure&amp;#10;-- 2/5/1996&#x9;Steve Pusey&#x9;Upgrade to V10 &amp;#10;--&#x9;&#x9;&#x9;&#x9;- versions into oasis_new_form_instance&amp;#10;--&#x9;&#x9;&#x9;&#x9;- Tidied code and added comments&amp;#10;--&amp;#10;&amp;#10;DECLARE&amp;#10;&amp;#10;  v_error_no             number(4); -- returned from oasis_new_form_instance&amp;#10;&amp;#10;BEGIN&amp;#10;&amp;#10;  -- version 2 form (gets bpt and window titles fromm files)&amp;#10;  oasis_new_form_instance_v2(v_error_no, 2); &amp;#10;&amp;#10;  if v_error_no > 0 then&amp;#10;    display_alert ('ERROR_ALERT', v_error_no);&amp;#10;    exit_form (NO_VALIDATE);&amp;#10;  end if;&amp;#10;&amp;#10;-- *** Insert additional code into init_form package ***&amp;#10;  init_form.init_form;&amp;#10;&#x9;HCI_UPGRADE.PR_INITIALISE_IMAGES;&amp;#10;&#x9;&amp;#10;END;"/>
      <Trigger Name="ON-MESSAGE" TriggerText="--&amp;#10;-- steve pusey 19/4/96&amp;#10;--&amp;#10;BEGIN&amp;#10;&amp;#10;  oasis_standard_procs.on_message;&amp;#10;&amp;#10;END;"/>
      <Trigger Name="ON-ERROR" TriggerText="--&amp;#10;-- steve pusey 19/4/96&amp;#10;--&amp;#10;BEGIN&amp;#10;&amp;#10;  oasis_standard_procs.on_error;&amp;#10;&amp;#10;END;"/>
      <Trigger Name="WHEN-WINDOW-CLOSED" DirtyInfo="true" TriggerText="-- This trigger ensures proper navigation when a window is closed using the windows close function&amp;#10;begin&amp;#10;  :GLOBAL.WINDOW_NAME := get_view_property(get_item_property(:SYSTEM.CURSOR_ITEM,&amp;#10;     item_canvas), window_name);&amp;#10;  hide_window(:GLOBAL.WINDOW_NAME);&amp;#10;  erase('GLOBAL.WINDOW_NAME');&amp;#10;end;&amp;#10;"/>
      <Trigger Name="PRE_BLOCK" FireInQuery="true" TriggerText="-- This trigger resets the 40352_count global to allow the Last line of query message to be displayed&amp;#10;begin&amp;#10;  :GLOBAL.40352_COUNT := 0;&amp;#10;end;" DisplayInKeyboardHelp="false"/>
      <Trigger Name="WHEN-TIMER-EXPIRED" TriggerText="Button_Hint;"/>
      <Trigger Name="PRE_QUERY" FireInQuery="true" TriggerText="-- This trigger resets the 40352_count global to allow the Last line of query message to be displayed&amp;#10;begin&amp;#10;  :GLOBAL.40352_COUNT := 0;&amp;#10;end;" DisplayInKeyboardHelp="false"/>
      <Trigger Name="POST-FORM" DirtyInfo="true" TriggerText="-- This trigger clears the Global variables used within the form&amp;#10;begin&amp;#10;  sqa_exit_handler;&amp;#10;  erase('GLOBAL.ROOT_WINDOW_NAME');&amp;#10;  erase('GLOBAL.LAST_ITEM');&amp;#10;end;"/>
      <Trigger Name="EASY_BUTTON_TRIGGER" TriggerText="NULL;"/>
      <Trigger Name="DRILLDN_BUTTON_TRIGGER" TriggerText="NULL;"/>
      <Trigger Name="KEY-CLRFRM" ParentModule="PAS_CUI" ParentModuleType="25" ParentName="KEY-CLRFRM" ParentFilename="pas_cui.olb" DirtyInfo="true" ParentFilepath="" ParentType="37"/>
      <Trigger Name="KEY-CLRREC" TriggerText="clear_record;"/>
      <Trigger Name="KEY-CLRBLK" TriggerText="clear_block;"/>
      <Trigger Name="KEY-COMMIT" TriggerText="commit_form;"/>
      <Trigger Name="KEY-CQUERY" TriggerText="count_query;"/>
      <Trigger Name="KEY-CREREC" TriggerText="create_record;"/>
      <Trigger Name="KEY-DELREC" TriggerText="null;"/>
      <Trigger Name="KEY-DOWN" TriggerText="down;"/>
      <Trigger Name="KEY-DUP-ITEM" DirtyInfo="true" KeyboardHelpText="Record Error" TriggerText="--&amp;#10;-- steve pusey 22/4/96&amp;#10;--&amp;#10;BEGIN&amp;#10;&amp;#10;  oasis_standard_procs.key_dupitem_trigger;&amp;#10;&amp;#10;END;" DisplayInKeyboardHelp="true"/>
      <Trigger Name="KEY-DUPREC" TriggerText="duplicate_record;"/>
      <Trigger Name="KEY-EDIT" TriggerText="EDIT_TEXTITEM;"/>
      <Trigger Name="KEY-ENTER" TriggerText="null;"/>
      <Trigger Name="KEY-ENTQRY" TriggerText="enter_query;"/>
      <Trigger Name="KEY-EXEQRY" TriggerText="execute_query;"/>
      <Trigger Name="KEY-EXIT" TriggerText="--&amp;#10;-- fires when form is exited&amp;#10;--&amp;#10;-- Date&#x9;&#x9;by &#x9;&#x9;change&amp;#10;-- 10/1994&#x9;David Massie&#x9;Creation&amp;#10;-- 1995&#x9;&#x9;Nagy Tharwat&#x9;Upgrade to v9 - moved code into library procedure&amp;#10;-- 2/5/1996&#x9;Steve Pusey&#x9;Upgrade to V10 &amp;#10;--&#x9;&#x9;&#x9;&#x9;- removed code to check for system.mode = 'ENTER-QUERY', I can't&amp;#10;--&#x9;&#x9;&#x9;&#x9;- see why this code is not in the library !&amp;#10;--&amp;#10;BEGIN&amp;#10;   &amp;#10;  oasis_exit_form;&amp;#10;&amp;#10;END;"/>
      <Trigger Name="KEY-HELP" TriggerText="GET_HELP;"/>
      <Trigger Name="KEY-LISTVAL" TriggerText="list_values;"/>
      <Trigger Name="KEY-NEXT-ITEM" TriggerText="replace_t_with_current_date;&amp;#10;next_item;&amp;#10;"/>
      <Trigger Name="KEY-NXTREC" TriggerText="next_record;"/>
      <Trigger Name="KEY-NXTSET" TriggerText="next_set;"/>
      <Trigger Name="KEY-OTHERS" TriggerText="NULL;"/>
      <Trigger Name="KEY-PREV-ITEM" TriggerText="replace_t_with_current_date;&amp;#10;PREVIOUS_ITEM;"/>
      <Trigger Name="KEY-PRINT" TriggerText="print;"/>
      <Trigger Name="KEY-PRVREC" TriggerText="PREVIOUS_RECORD;"/>
      <Trigger Name="KEY-SCRDOWN" TriggerText="SCROLL_DOWN;"/>
      <Trigger Name="KEY-SCRUP" TriggerText="SCROLL_UP;"/>
      <Trigger Name="KEY-UP" TriggerText="UP;"/>
      <Trigger Name="WHEN-MOUSE-ENTER" DirtyInfo="true" TriggerText="begin&amp;#10;&#x9;sqa_mouse_handler;&amp;#10;end;"/>
      <Trigger Name="WHEN-WINDOW-RESIZED" DirtyInfo="true" TriggerText="begin&amp;#10;&#x9;sqa_evt_handler;&amp;#10;end;"/>
      <Trigger Name="WHEN-CUSTOM-ITEM-EVENT" DirtyInfo="true" TriggerText="if :system.custom_item_event = 'TIMEOUT' then&amp;#10;&#x9;process_timeout; -- call the procedure in stdlib&amp;#10;end if;"/>
      <VisualAttribute Name="PINKBACK_VA" ParentModule="PAS_OLD" ParentModuleType="25" ParentName="PINKBACK_VA" ParentFilename="pas_old.olb" ParentFilepath="" ParentType="39"/>
      <VisualAttribute Name="GREYBACK_VA" ParentModule="PAS_OLD" ParentModuleType="25" ParentName="GREYBACK_VA" ParentFilename="pas_old.olb" ParentFilepath="" ParentType="39"/>
      <VisualAttribute Name="LBLUEBACK_VA" ParentModule="PAS_OLD" ParentModuleType="25" ParentName="LBLUEBACK_VA" ParentFilename="pas_old.olb" ParentFilepath="" ParentType="39"/>
      <VisualAttribute Name="AMBERBACK_VA" ParentModule="PAS_OLD" ParentModuleType="25" ParentName="AMBERBACK_VA" ParentFilename="pas_old.olb" ParentFilepath="" ParentType="39"/>
      <VisualAttribute Name="GREENBACK_VA" ParentModule="PAS_OLD" ParentModuleType="25" ParentName="GREENBACK_VA" ParentFilename="pas_old.olb" ParentFilepath="" ParentType="39"/>
      <VisualAttribute Name="REDBACK_VA" ParentModule="PAS_OLD" ParentModuleType="25" ParentName="REDBACK_VA" ParentFilename="pas_old.olb" ParentFilepath="" ParentType="39"/>
      <VisualAttribute Name="DISP_TRAFFIC_AMBER_BTN" ParentModule="PAS_OLD" ParentModuleType="25" ParentName="DISP_TRAFFIC_AMBER_BTN" ParentFilename="pas_old.olb" ParentFilepath="" ParentType="39"/>
      <VisualAttribute Name="DISP_TRAFFIC_GREEN_BTN" ParentModule="PAS_OLD" ParentModuleType="25" ParentName="DISP_TRAFFIC_GREEN_BTN" ParentFilename="pas_old.olb" ParentFilepath="" ParentType="39"/>
      <VisualAttribute Name="DISP_TRAFFIC_RED_BTN" ParentModule="PAS_OLD" ParentModuleType="25" ParentName="DISP_TRAFFIC_RED_BTN" ParentFilename="pas_old.olb" ParentFilepath="" ParentType="39"/>
      <VisualAttribute Name="DEFAULT_ATTRIBUTE" BackColor="white" FontName="Arial" FontSize="900" FontStyle="Plain" FontWeight="Bold" FontSpacing="Normal" ForegroundColor="blue" FillPattern="transparent"/>
      <VisualAttribute Name="BACKGROUND_CANVAS_BLUE" ParentModule="PAS_OLD" ParentModuleType="25" ParentName="BACKGROUND_CANVAS_BLUE" ParentFilename="pas_old.olb" ParentFilepath="" ParentType="39"/>
      <VisualAttribute Name="BACKGROUND_CANVAS" ParentModule="PAS_OLD" ParentModuleType="25" ParentName="BACKGROUND_CANVAS" ParentFilename="pas_old.olb" ParentFilepath="" ParentType="39"/>
      <VisualAttribute Name="TEXT_ITEM_BPT" ParentModule="PAS_OLD" ParentModuleType="25" ParentName="TEXT_ITEM_BPT" ParentFilename="pas_old.olb" ParentFilepath="" ParentType="39"/>
      <VisualAttribute Name="TEXT_ITEM_BPT_GREY" ParentModule="PAS_OLD" ParentModuleType="25" ParentName="TEXT_ITEM_BPT_GREY" ParentFilename="pas_old.olb" ParentFilepath="" ParentType="39"/>
      <VisualAttribute Name="TEXT_ITEM_VA" ParentModule="PAS_OLD" ParentModuleType="25" ParentName="TEXT_ITEM_VA" ParentFilename="pas_old.olb" ParentFilepath="" ParentType="39"/>
      <VisualAttribute Name="CURR_ITEM_VA" ParentModule="PAS_OLD" ParentModuleType="25" ParentName="CURR_ITEM_VA" ParentFilename="pas_old.olb" ParentFilepath="" ParentType="39"/>
      <VisualAttribute Name="SOLID_GREY_VA" ParentModule="PAS_OLD" ParentModuleType="25" ParentName="SOLID_GREY_VA" ParentFilename="pas_old.olb" ParentFilepath="" ParentType="39"/>
      <VisualAttribute Name="DISP_RED" ParentModule="PAS_OLD" ParentModuleType="25" ParentName="DISP_RED" ParentFilename="pas_old.olb" ParentFilepath="" ParentType="39"/>
      <VisualAttribute Name="DISP_RED2" ParentModule="PAS_OLD" ParentModuleType="25" ParentName="DISP_RED2" ParentFilename="pas_old.olb" ParentFilepath="" ParentType="39"/>
      <VisualAttribute Name="DISP_GREEN" ParentModule="PAS_OLD" ParentModuleType="25" ParentName="DISP_GREEN" ParentFilename="pas_old.olb" ParentFilepath="" ParentType="39"/>
      <VisualAttribute Name="DISP_GREEN2" ParentModule="PAS_OLD" ParentModuleType="25" ParentName="DISP_GREEN2" ParentFilename="pas_old.olb" ParentFilepath="" ParentType="39"/>
      <VisualAttribute Name="SOLID_BLUE_VA" ParentModule="PAS_OLD" ParentModuleType="25" ParentName="SOLID_BLUE_VA" ParentFilename="pas_old.olb" ParentFilepath="" ParentType="39"/>
      <VisualAttribute Name="SOLID_PINK_VA" ParentModule="PAS_OLD" ParentModuleType="25" ParentName="SOLID_PINK_VA" ParentFilename="pas_old.olb" ParentFilepath="" ParentType="39"/>
      <VisualAttribute Name="WEB_BTN" BackColor="white" FontName="Arial" FontSize="900" FontStyle="Plain" FontWeight="Medium" FontSpacing="Normal"/>
      <VisualAttribute Name="WEB_TEXT_BUTTON" ParentModule="PAS_CUI" ParentModuleType="25" ParentName="WEB_TEXT_BUTTON" ParentFilename="pas_cui.olb" ParentFilepath="" ParentType="39"/>
      <VisualAttribute Name="WEB_TEXT_BUTTON_CLICK" ParentModule="PAS_CUI" ParentModuleType="25" ParentName="WEB_TEXT_BUTTON_CLICK" ParentFilename="pas_cui.olb" ParentFilepath="" ParentType="39"/>
      <VisualAttribute Name="WEB_BPT_WINGDINGS" BackColor="white" FontName="Wingdings" FontSize="1400" FontStyle="Plain" FontWeight="Medium" FontSpacing="Normal" ForegroundColor="Top Blue"/>
      <VisualAttribute Name="V7_VA_TOOLTIP" BackColor="r100g100b88" FontName="Arial" FontSize="900" FontStyle="Plain" FontWeight="Medium" FontSpacing="Normal" ForegroundColor="Black"/>
      <VisualAttribute Name="MENU_TEXT_ITEMS" BackColor="Side Green" FontName="Arial" VisualAttributeType="Common" FontSize="900" DirtyInfo="true" FontWeight="Bold" ForegroundColor="darkcyan"/>
      <VisualAttribute Name="MENU_TEXT_ITEMS_INV" BackColor="darkcyan" FontName="Arial" VisualAttributeType="Common" FontSize="900" DirtyInfo="true" FontWeight="Bold" ForegroundColor="Side Green"/>
      <VisualAttribute Name="MENU_PROMPT" VisualAttributeType="Prompt" PromptForegroundColor="darkgray" DirtyInfo="true" PromptFontName="Arial" PromptFontSize="900" PromptFontStyle="Plain" PromptFontWeight="Bold" PromptFontSpacing="Normal"/>
      <VisualAttribute Name="TEXT_ITEM_VA_LOV" ParentModule="PAS_OLD" ParentModuleType="25" ParentName="TEXT_ITEM_VA_LOV" ParentFilename="pas_old.olb" DirtyInfo="true" ParentFilepath="" ParentType="39"/>
      <VisualAttribute Name="MENU_TEXT_ITEMS_VA" ParentModule="PAS_CUI" ParentModuleType="25" ParentName="MENU_TEXT_ITEMS_VA" ParentFilename="pas_cui.olb" DirtyInfo="true" ParentFilepath="" ParentType="39"/>
      <VisualAttribute Name="FORM_TITLE_VA" ParentModule="PAS_CUI" ParentModuleType="25" ParentName="FORM_TITLE_VA" ParentFilename="pas_cui.olb" DirtyInfo="true" ParentFilepath="" ParentType="39"/>
      <VisualAttribute Name="SECTION_TITLE_VA" ParentModule="PAS_CUI" ParentModuleType="25" ParentName="SECTION_TITLE_VA" ParentFilename="pas_cui.olb" DirtyInfo="true" ParentFilepath="" ParentType="39"/>
      <VisualAttribute Name="BACKGROUND_LINK_BOX_VA" ParentModule="PAS_CUI" ParentModuleType="25" ParentName="BACKGROUND_LINK_BOX_VA" ParentFilename="pas_cui.olb" DirtyInfo="true" ParentFilepath="" ParentType="39"/>
      <VisualAttribute Name="CUI_TOOLTIP_VA" ParentModule="PAS_CUI" ParentModuleType="25" ParentName="CUI_TOOLTIP_VA" ParentFilename="pas_cui.olb" DirtyInfo="true" ParentFilepath="" ParentType="39"/>
      <Window Name="MAIN_FORM_WINDOW" ShowHorizontalScrollbar="false" HorizontalToolbarCanvasName="TOOLBAR_CANVAS" ClearAllowed="true" MinimizeAllowed="true" Title="Template Form - Root Window Title" Width="755" InheritMenu="true" WindowStyle="Document" ResizeAllowed="true" PrimaryCanvas="CNV_CONTENT" HideOnExit="false" XPosition="0" YPosition="0" Bevel="None" MaximizeAllowed="true" DirtyInfo="true" VisualAttributeName="DEFAULT" Modal="false" MoveAllowed="true" ShowVerticalScrollbar="false" Height="480"/>
      <ObjectGroup Name="KEY_TRIGGERS" ObjectGroupType="22">
         <ObjectGroupChild Name="KEY-CLRFRM" Type="Trigger"/>
         <ObjectGroupChild Name="KEY-CLRBLK" Type="Trigger"/>
         <ObjectGroupChild Name="KEY-CLRREC" Type="Trigger"/>
         <ObjectGroupChild Name="KEY-COMMIT" Type="Trigger"/>
         <ObjectGroupChild Name="KEY-CQUERY" Type="Trigger"/>
         <ObjectGroupChild Name="KEY-CREREC" Type="Trigger"/>
         <ObjectGroupChild Name="KEY-DELREC" Type="Trigger"/>
         <ObjectGroupChild Name="KEY-DOWN" Type="Trigger"/>
         <ObjectGroupChild Name="KEY-DUP-ITEM" Type="Trigger"/>
         <ObjectGroupChild Name="KEY-DUPREC" Type="Trigger"/>
         <ObjectGroupChild Name="KEY-EDIT" Type="Trigger"/>
         <ObjectGroupChild Name="KEY-ENTER" Type="Trigger"/>
         <ObjectGroupChild Name="KEY-ENTQRY" Type="Trigger"/>
         <ObjectGroupChild Name="KEY-EXEQRY" Type="Trigger"/>
         <ObjectGroupChild Name="KEY-LISTVAL" Type="Trigger"/>
         <ObjectGroupChild Name="KEY-NEXT-ITEM" Type="Trigger"/>
         <ObjectGroupChild Name="KEY-NXTREC" Type="Trigger"/>
         <ObjectGroupChild Name="KEY-NXTSET" Type="Trigger"/>
         <ObjectGroupChild Name="KEY-OTHERS" Type="Trigger"/>
         <ObjectGroupChild Name="KEY-PREV-ITEM" Type="Trigger"/>
         <ObjectGroupChild Name="KEY-PRINT" Type="Trigger"/>
         <ObjectGroupChild Name="KEY-PRVREC" Type="Trigger"/>
         <ObjectGroupChild Name="KEY-SCRDOWN" Type="Trigger"/>
         <ObjectGroupChild Name="KEY-SCRUP" Type="Trigger"/>
         <ObjectGroupChild Name="KEY-UP" Type="Trigger"/>
      </ObjectGroup>
      <ObjectGroup Name="ABOUT_FORM_PARAMETERS" ObjectGroupType="22">
         <ObjectGroupChild Name="P_TEMPLATE" Type="ModuleParameter"/>
         <ObjectGroupChild Name="P_VERSION" Type="ModuleParameter"/>
         <ObjectGroupChild Name="P_DATE" Type="ModuleParameter"/>
      </ObjectGroup>
      <ObjectGroup Name="ON_TRIGGERS" ObjectGroupType="22">
         <ObjectGroupChild Name="ON-MESSAGE" Type="Trigger"/>
         <ObjectGroupChild Name="ON-ERROR" Type="Trigger"/>
      </ObjectGroup>
      <ObjectGroup Name="ACTIONS_OG" ParentModule="PAS_CUI" ParentModuleType="25" ParentName="ACTIONS_OG" ParentFilename="pas_cui.olb" ParentFilepath="" ParentType="23">
         <ObjectGroupChild Name="C_ACTIONS" SubclassSubObject="true"/>
         <ObjectGroupChild Name="C_BASE" SubclassSubObject="true"/>
         <ObjectGroupChild Name="C_FUNCTIONS" SubclassSubObject="true"/>
         <ObjectGroupChild Name="MENU_CANVAS_CLASS" SubclassSubObject="true"/>
         <ObjectGroupChild Name="MENU_CANVAS_VA" SubclassSubObject="true"/>
         <ObjectGroupChild Name="MENU_ITEM_CLASS" SubclassSubObject="true"/>
         <ObjectGroupChild Name="TOP_MENU" SubclassSubObject="true"/>
         <ObjectGroupChild Name="LT_TOOLBAR_MAIN" SubclassSubObject="true"/>
         <ObjectGroupChild Name="HCI_UPGRADE" SubclassSubObject="true"/>
         <ObjectGroupChild Name="HCI_UPGRADE" SubclassSubObject="true"/>
         <ObjectGroupChild Name="LHM_RESET_CANVAS_STACK" SubclassSubObject="true"/>
         <ObjectGroupChild Name="LOCAL_RESET_CANVAS_STACK" SubclassSubObject="true"/>
      </ObjectGroup>
   </FormModule>
</Module>
