<?xml version = '1.0' encoding = 'UTF-8'?>
<Module version="122010300" xmlns="http://xmlns.oracle.com/Forms">
   <FormModule Name="ONCRCATA" ValidationUnit="Default" FirstNavigationBlockName="REPORT" HorizontalToolbarCanvas=" " ConsoleWindow="MAIN_FORM_WINDOW" MenuModule="OASIS" CursorMode="Open" InitializeMenu="DEFAULTMENUAPP" Use3dControls="true" RuntimeComp="5.0" DirtyInfo="true" MouseNavigationLimit="Form" SavepointMode="true">
      <Coordinate CharacterCellWidth="7" RealUnit="Point" DefaultFontScaling="false" CharacterCellHeight="16" CoordinateSystem="Real"/>
      <Alert Name="ONE_BTN_ALERT" DirtyInfo="true" Button1Label="OK" VisualAttributeName="DEFAULT" Button2Label="" DefaultAlertButton="Button 1" AlertStyle="Note"/>
      <Alert Name="TWO_BTN_ALERT" DirtyInfo="true" Button1Label="Yes" VisualAttributeName="DEFAULT" Button2Label="No" DefaultAlertButton="Button 1" AlertStyle="Note"/>
      <Alert Name="THREE_BTN_ALERT" DirtyInfo="true" Button1Label="Yes" VisualAttributeName="DEFAULT" Button2Label="No" Button3Label="Cancel" DefaultAlertButton="Button 1" AlertStyle="Note"/>
      <Alert Name="STANDARD_ALERT" DirtyInfo="true" Button1Label="OK" VisualAttributeName="DEFAULT" Button2Label="" DefaultAlertButton="Button 1" AlertStyle="Note"/>
      <Alert Name="WARNING_ALERT" DirtyInfo="true" Button1Label="OK" VisualAttributeName="DEFAULT" Button2Label="" DefaultAlertButton="Button 1" AlertStyle="Note"/>
      <Alert Name="ERROR_ALERT" DirtyInfo="true" Button1Label="OK" VisualAttributeName="DEFAULT" Button2Label="" DefaultAlertButton="Button 1" AlertStyle="Note"/>
      <Alert Name="QUESTION_ALERT" DirtyInfo="true" Button1Label="Yes" VisualAttributeName="DEFAULT" Button2Label="No" DefaultAlertButton="Button 1" AlertStyle="Note"/>
      <Block Name="REPORT" DMLDataName="" QueryDataSourceName="" RecordsDisplayCount="1" DirtyInfo="true" VisualAttributeName="DEFAULT" DatabaseBlock="false" QueryDataSourceType="None" DMLDataType="None" RecordOrientation="Vertical" ShowScrollbar="false">
         <Item Name="PATIENT_CATEGORY" CompressionQuality="None" ShowHorizontalScrollbar="false" DatabaseItem="false" Bevel="Plain" VisualAttributeName="DEFAULT" Width="60" ItemType="Display Item" DataType="Number" ShowVerticalScrollbar="false" TooltipVisualAttributeGroup="V7_VA_TOOLTIP" Height="14"/>
         <Item Name="START_DATE" ShowHorizontalScrollbar="false" Width="352" Comment="Format mask is set from set_format_mask procedure in init_form package" FixedLength="false" ParentModule="ONCRCATA" CompressionQuality="None" XPosition="210" ParentModuleType="12" YPosition="101" DatabaseItem="false" ParentName="CUI_DATE_INPUT" DirtyInfo="true" Tooltip="" CanvasName="CNV_CONTENT" CaseRestriction="Mixed" ParentType="29" ShowVerticalScrollbar="false">
            <Trigger Name="SYSCALEN_TRIGGER" DirtyInfo="true" TriggerText="--&amp;#10;-- Calls Oasis Syscalen screen&amp;#10;-- &amp;#10;-- Date&#x9;&#x9;By&#x9;Change &amp;#10;-- 14/6/1999&#x9;Simon&#x9;Creation&amp;#10;-- 29/06/2016 girish added the :TEXT.BPT_CALEN_FROM and :TEXT.BPT_CALEN_TO for tfs-2934397&amp;#10;Declare&amp;#10;  v_dum_date&#x9;Date;&amp;#10;Begin&amp;#10;  oasis_syscalen_v2(2, :report.start_date, :report.end_date, v_dum_date, :TEXT.BPT_CALEN_FROM, :TEXT.BPT_CALEN_TO, ' ');&amp;#10;End;"/>
            <Trigger Name="KEY-LISTVAL" DirtyInfo="true" TriggerText="--&amp;#10;-- Date&#x9;&#x9;By &#x9;Change&amp;#10;-- 14/6/1999&#x9;Simon&#x9;Creation&amp;#10;--&amp;#10;Begin&amp;#10;  Go_Item('report.start_date');&amp;#10;  execute_trigger('syscalen_trigger');&amp;#10;End;"/>
            <Trigger Name="POST-TEXT-ITEM" DirtyInfo="true" TriggerText="--&amp;#10;-- Resets the category to black&amp;#10;-- &amp;#10;-- Date&#x9;&#x9;By&#x9;Change&amp;#10;-- 14/6/1999&#x9;Simon&#x9;Creation&amp;#10;--&amp;#10;Begin&amp;#10;  display_item('report.start_date', 'text_item_va');&amp;#10;End;"/>
         </Item>
         <Item Name="DATE_BTN" Enabled="true" Width="19" FillPattern="transparent" BackColor="white" CompressionQuality="None" XPosition="564" FontName="Fixedsys" YPosition="100" DatabaseItem="false" FontSize="900" FontStyle="Plain" FontWeight="Medium" AutoHint="false" FontSpacing="Normal" ForegroundColor="black" MouseNavigate="true" CanvasName="CNV_CONTENT" KeyboardNavigable="false" Height="15" ShowHorizontalScrollbar="false" Iconic="true" IconFilename="b_diary" ItemType="Push Button" DirtyInfo="true" VisualAttributeName="WEB_BTN" DefaultButton="false" Visible="true" ShowVerticalScrollbar="false" TooltipVisualAttributeGroup="V7_VA_TOOLTIP">
            <Trigger Name="WHEN-BUTTON-PRESSED" DirtyInfo="true" TriggerText="--&amp;#10;-- Date&#x9;&#x9;By &#x9;Change&amp;#10;-- 14/6/1999&#x9;Simon&#x9;Creation&amp;#10;--&amp;#10;Begin&amp;#10;  Go_Item('report.start_date');&amp;#10;  execute_trigger('syscalen_trigger');&amp;#10;End;"/>
         </Item>
         <Item Name="NEXT_DAY1" ShowHorizontalScrollbar="false" Iconic="true" IconFilename="b_diaryplus" TabPageName="" Width="19" FillPattern="transparent" ItemType="Push Button" CompressionQuality="None" XPosition="495" YPosition="100" DirtyInfo="true" VisualAttributeName="WEB_BTN" Label="+" ForegroundColor="black" MouseNavigate="false" CanvasName="CNV_HIDE" KeyboardNavigable="false" ShowVerticalScrollbar="false" TooltipVisualAttributeGroup="V7_VA_TOOLTIP" Height="15">
            <Trigger Name="WHEN-BUTTON-PRESSED" DirtyInfo="true" TriggerText="--&amp;#10;-- Increses the date_of_birth&amp;#10;--&amp;#10;-- Date &#x9;By &#x9;Change&amp;#10;-- 17/12/1997&#x9;Simon&#x9;Creation&amp;#10;--&amp;#10;BEGIN&amp;#10;  &amp;#10;  :report.start_date := :report.start_date + 1;&amp;#10;&amp;#10;END;&amp;#10;"/>
         </Item>
         <Item Name="LAST_DAY1" ShowHorizontalScrollbar="false" Iconic="true" IconFilename="b_diaryminus" TabPageName="" Width="19" FillPattern="transparent" ItemType="Push Button" CompressionQuality="None" XPosition="516" YPosition="100" DirtyInfo="true" VisualAttributeName="WEB_BTN" Label="-" ForegroundColor="black" MouseNavigate="false" CanvasName="CNV_HIDE" KeyboardNavigable="false" ShowVerticalScrollbar="false" TooltipVisualAttributeGroup="V7_VA_TOOLTIP" Height="15">
            <Trigger Name="WHEN-BUTTON-PRESSED" DirtyInfo="true" TriggerText="--&amp;#10;-- Decreses the date_of_birth&amp;#10;--&amp;#10;-- Date &#x9;By &#x9;Change&amp;#10;-- 17/12/1997&#x9;Simon&#x9;Creation&amp;#10;--&amp;#10;BEGIN&amp;#10;  &amp;#10;  :report.start_date := :report.start_date - 1;&amp;#10;&amp;#10;END;&amp;#10;"/>
         </Item>
         <Item Name="END_DATE" ShowHorizontalScrollbar="false" Width="352" Comment="Format mask is set from set_format_mask procedure in init_form package" FixedLength="false" ParentModule="ONCRCATA" CompressionQuality="None" XPosition="210" ParentModuleType="12" YPosition="116" DatabaseItem="false" ParentName="CUI_DATE_INPUT" DirtyInfo="true" Tooltip="" CanvasName="CNV_CONTENT" CaseRestriction="Mixed" ParentType="29" ShowVerticalScrollbar="false">
            <Trigger Name="KEY-LISTVAL" DirtyInfo="true" TriggerText="&amp;#10;--&amp;#10;-- Date&#x9;&#x9;By &#x9;Change&amp;#10;-- 14/6/1999&#x9;Simon&#x9;Creation&amp;#10;--&amp;#10;Begin&amp;#10;  Go_Item('report.start_date');&amp;#10;  execute_trigger('syscalen_trigger');&amp;#10;End;"/>
            <Trigger Name="POST-TEXT-ITEM" DirtyInfo="true" TriggerText="--&amp;#10;-- Resets the category to black&amp;#10;-- &amp;#10;-- Date&#x9;&#x9;By&#x9;Change&amp;#10;-- 14/6/1999&#x9;Simon&#x9;Creation&amp;#10;--&amp;#10;Begin&amp;#10;  display_item('report.end_date', 'text_item_va');&amp;#10;End;"/>
            <Trigger Name="SYSCALEN_TRIGGER" DirtyInfo="true" TriggerText="--&amp;#10;-- Calls Oasis Syscalen screen&amp;#10;-- &amp;#10;-- Date&#x9;&#x9;By&#x9;Change &amp;#10;-- 14/6/1999&#x9;Simon&#x9;Creation&amp;#10;-- 29/08/2016 girish added/created the two text parameter&amp;#10;Declare&amp;#10;  v_dum_date&#x9;Date;&amp;#10;Begin&amp;#10;  oasis_syscalen_v2(2, :report.start_date, :report.end_date, v_dum_date, :TEXT.BPT_CALEN_FROM, :TEXT.BPT_CALEN_TO, ' ');&amp;#10;End;"/>
         </Item>
         <Item Name="SYSCALEN_BTN2" Enabled="true" Width="19" FillPattern="transparent" CompressionQuality="None" XPosition="564" YPosition="115" DatabaseItem="false" AutoHint="false" ForegroundColor="black" MouseNavigate="true" CanvasName="CNV_CONTENT" KeyboardNavigable="false" Height="15" ShowHorizontalScrollbar="false" Iconic="true" IconFilename="b_diary" ItemType="Push Button" DirtyInfo="true" VisualAttributeName="WEB_BTN" Label="PUSH_BUTTON386" DefaultButton="false" Visible="true" ShowVerticalScrollbar="false" TooltipVisualAttributeGroup="V7_VA_TOOLTIP">
            <Trigger Name="WHEN-BUTTON-PRESSED" DirtyInfo="true" TriggerText="--&amp;#10;-- call syscalen&amp;#10;--&amp;#10;-- date&#x9;&#x9;by&#x9;change&amp;#10;-- 27/01/2000&#x9;Steve&#x9;Created&amp;#10;--&amp;#10;BEGIN&amp;#10;&amp;#10;  go_item ('REPORT.END_DATE');&amp;#10;  execute_trigger ('SYSCALEN_TRIGGER');&amp;#10;&amp;#10;END;"/>
         </Item>
         <Item Name="NEXT_DAY2" ShowHorizontalScrollbar="false" Iconic="true" IconFilename="b_diaryplus" TabPageName="" Width="19" FillPattern="transparent" ItemType="Push Button" CompressionQuality="None" XPosition="495" YPosition="115" DirtyInfo="true" VisualAttributeName="WEB_BTN" Label="+" ForegroundColor="black" MouseNavigate="false" CanvasName="CNV_HIDE" KeyboardNavigable="false" ShowVerticalScrollbar="false" TooltipVisualAttributeGroup="V7_VA_TOOLTIP" Height="15">
            <Trigger Name="WHEN-BUTTON-PRESSED" DirtyInfo="true" TriggerText="--&amp;#10;-- Increses the date_of_birth&amp;#10;--&amp;#10;-- Date &#x9;By &#x9;Change&amp;#10;-- 17/12/1997&#x9;Simon&#x9;Creation&amp;#10;--&amp;#10;BEGIN&amp;#10;  &amp;#10;  :REPORT.END_DATE := :REPORT.END_DATE + 1;&amp;#10;&amp;#10;END;&amp;#10;"/>
         </Item>
         <Item Name="LAST_DAY2" ShowHorizontalScrollbar="false" Iconic="true" IconFilename="b_diaryminus" TabPageName="" Width="19" FillPattern="transparent" ItemType="Push Button" CompressionQuality="None" XPosition="516" YPosition="115" DirtyInfo="true" VisualAttributeName="WEB_BTN" Label="-" ForegroundColor="black" MouseNavigate="false" CanvasName="CNV_HIDE" KeyboardNavigable="false" ShowVerticalScrollbar="false" TooltipVisualAttributeGroup="V7_VA_TOOLTIP" Height="15">
            <Trigger Name="WHEN-BUTTON-PRESSED" DirtyInfo="true" TriggerText="--&amp;#10;-- Decreses the date_of_birth&amp;#10;--&amp;#10;-- Date &#x9;By &#x9;Change&amp;#10;-- 17/12/1997&#x9;Simon&#x9;Creation&amp;#10;--&amp;#10;BEGIN&amp;#10;  &amp;#10;  :REPORT.END_DATE := :REPORT.END_DATE - 1;&amp;#10;&amp;#10;END;&amp;#10;"/>
         </Item>
         <Item Name="USER_PATIENT_CAT" ShowHorizontalScrollbar="false" Width="119" MaximumLength="60" DataType="Char" CompressionQuality="None" XPosition="210" YPosition="131" Bevel="Plain" DirtyInfo="true" VisualAttributeName="TEXT_ITEM_VA" CanvasName="CNV_CONTENT" CaseRestriction="Upper" ShowVerticalScrollbar="false" TooltipVisualAttributeGroup="V7_VA_TOOLTIP" Height="14">
            <Trigger Name="KEY-LISTVAL" DirtyInfo="true" TriggerText="--&amp;#10;-- Date&#x9;&#x9;By&#x9;Change&amp;#10;-- 14/6/1999&#x9;Simon&#x9;Creation&amp;#10;--&amp;#10;Declare&amp;#10;  v_ret&#x9;&#x9;Boolean;&amp;#10;Begin&amp;#10;  v_ret := show_codes_lov('pat_cat_lov', :report.category_desc, :report.user_patient_cat, &amp;#10;&#x9;&#x9;:report.patient_category, 10087);  &amp;#10;--display_standard_alert(':report.user_patient_cat'||:report.user_patient_cat);&amp;#10;  If :user_patient_CAT = 'ALL' Then&amp;#10;&#x9;:REPORT.CATEGORY_DESC := NULL;&amp;#10;&#x9;:REPORT.PATIENT_CATEGORY := NULL;&amp;#10;&#x9;:user_patient_CAT := NULL; &amp;#10;  END IF;&amp;#10;  &amp;#10;  Set_item_Property('report.user_patient_cat',item_is_valid, Property_True);&amp;#10;&amp;#10;End;"/>
            <Trigger Name="WHEN-VALIDATE-ITEM" DirtyInfo="true" TriggerText="--&amp;#10;-- Date&#x9;&#x9;By&#x9;Change&amp;#10;-- 16/6/1999&#x9;Simon&#x9;Creation&amp;#10;--&amp;#10;Declare&amp;#10;  V_RET Boolean;&amp;#10;Begin&amp;#10;  If :report.user_patient_cat is not null then&amp;#10;  &#x9;v_ret := validate_user_code(10087, :REPORT.USER_PATIENT_CAT, :REPORT.PATIENT_CATEGORY, :REPORT.CATEGORY_DESC);&amp;#10;  else&amp;#10;&#x9;:REPORT.CATEGORY_DESC := NULL;&amp;#10;&#x9;:REPORT.PATIENT_CATEGORY := NULL;&amp;#10;  END IF;&amp;#10;End;"/>
            <Trigger Name="POST-TEXT-ITEM" DirtyInfo="true" TriggerText="--&amp;#10;-- Resets the category to black&amp;#10;-- &amp;#10;-- Date&#x9;&#x9;By&#x9;Change&amp;#10;-- 14/6/1999&#x9;Simon&#x9;Creation&amp;#10;--&amp;#10;Begin&amp;#10;  display_item('report.user_patient_cat', 'text_item_va');&amp;#10;  display_item('report.category_desc', 'text_item_va');&amp;#10;End;"/>
         </Item>
         <Item Name="PAT_CAT_LOV" Enabled="true" Width="19" FillPattern="transparent" BackColor="white" CompressionQuality="None" XPosition="606" FontName="Fixedsys" YPosition="130" DatabaseItem="false" FontSize="900" FontStyle="Plain" FontWeight="Medium" AutoHint="false" FontSpacing="Normal" ForegroundColor="black" MouseNavigate="true" CanvasName="CNV_CONTENT" KeyboardNavigable="false" Height="15" ShowHorizontalScrollbar="false" Iconic="true" IconFilename="b_lov_b3" ItemType="Push Button" DirtyInfo="true" VisualAttributeName="WEB_BTN" DefaultButton="false" Visible="true" ShowVerticalScrollbar="false" TooltipVisualAttributeGroup="V7_VA_TOOLTIP">
            <Trigger Name="WHEN-BUTTON-PRESSED" DirtyInfo="true" TriggerText="--&amp;#10;-- Date&#x9;&#x9;By&#x9;Change&amp;#10;-- 14/6/1999&#x9;Simon&#x9;Creation&amp;#10;--&amp;#10;Begin&amp;#10;  Go_Item('Report.User_Patient_Cat');&amp;#10;  Do_Key('List_Values');&amp;#10;End;"/>
         </Item>
         <Item Name="DESTINATION" ShowHorizontalScrollbar="false" Width="416" ItemType="List Item" InitializeValue="PREVIEW" CompressionQuality="None" XPosition="210" YPosition="146" DatabaseItem="false" Bevel="Plain" DirtyInfo="true" VisualAttributeName="TEXT_ITEM_VA" CanvasName="CNV_CONTENT" ListElementCount="1" ShowVerticalScrollbar="false" TooltipVisualAttributeGroup="V7_VA_TOOLTIP" Height="15">
            <ListItemElement Index="1" Name="&lt;list not populated>" Value="PREVIEW"/>
         </Item>
         <Item Name="REPORT" ShowHorizontalScrollbar="false" Width="416" ItemType="List Item" InitializeValue="ONCRCAT1" CompressionQuality="None" XPosition="210" YPosition="162" DatabaseItem="false" Bevel="Plain" DirtyInfo="true" VisualAttributeName="TEXT_ITEM_VA" CanvasName="CNV_CONTENT" ListElementCount="1" ShowVerticalScrollbar="false" TooltipVisualAttributeGroup="V7_VA_TOOLTIP" Height="15">
            <ListItemElement Index="1" Name="&lt;List Not Populated>" Value="ONCRCAT1"/>
         </Item>
         <Item Name="CATEGORY_DESC" ShowHorizontalScrollbar="false" Width="274" MaximumLength="60" ItemType="Display Item" CompressionQuality="None" XPosition="330" YPosition="131" DatabaseItem="false" Bevel="Plain" DirtyInfo="true" VisualAttributeName="TEXT_ITEM_VA" CanvasName="CNV_CONTENT" ShowVerticalScrollbar="false" TooltipVisualAttributeGroup="V7_VA_TOOLTIP" Height="14"/>
         <Trigger Name="WHEN-NEW-BLOCK-INSTANCE" DirtyInfo="true" TriggerText="-- 03/12/2015 Joe Waters PAS\2015.3 2159899: New trigger, part of Allscripts rebranding.&amp;#10;SHOW_VIEW('C_BASE');&amp;#10;SHOW_VIEW('C_ACTIONS');&amp;#10;SHOW_VIEW('C_FUNCTIONS');&amp;#10;"/>
      </Block>
      <Block Name="TEXT" RecordsBufferedCount="0" RecordsDisplayCount="1" RecordsFetchedCount="0" WhereClause="" EnforcedColumnSecurity="false" InsertAllowed="true" EnforcedPrimaryKey="false" RecordOrientation="Vertical" UpdateAllowed="true" DMLDataName="" DeleteAllowed="true" QueryDataSourceName="" DirtyInfo="true" VisualAttributeName="DEFAULT" KeyMode="Unique" DatabaseBlock="false" QueryDataSourceType="None" QueryAllowed="true" LockMode="Immediate" DMLDataType="None" NavigationStyle="Same Record" ShowScrollbar="false">
         <Item Name="FUNCTION_ID" ValidateFromList="false" LovXPosition="0" Justification="Left" LovYPosition="0" ListStyle="Poplist" Width="36" MaximumLength="6" WrapStyle="Word" AutoSkip="false" CompressionQuality="None" XPosition="108" YPosition="35" DatabaseItem="true" Bevel="Plain" AutoHint="false" MouseNavigate="true" MultiLine="false" CaseInsensitiveQuery="false" KeyboardNavigable="true" CaseRestriction="Mixed" CheckBoxOtherValues="Not Allowed" PrimaryKey="false" DefaultButton="false" QueryAllowed="true" Visible="true" QueryLength="6" DisplayQuality="High" EditXPosition="0" EditYPosition="0" Enabled="true" DistanceBetweenRecords="4364" FixedLength="false" Required="true" Height="14" ConcealData="false" Hint="Enter value for : FUNCTION_ID" SizingStyle="Crop" ShowHorizontalScrollbar="false" Iconic="false" InsertAllowed="true" ItemType="Display Item" DataType="Number" UpdateAllowed="true" UpdateIfNull="false" KeepCursorPosition="false" VisualAttributeName="DEFAULT" Label="Function Id" LockRecord="false" ShowVerticalScrollbar="false" TooltipVisualAttributeGroup="V7_VA_TOOLTIP"/>
         <Item Name="LANGUAGE_ID" ValidateFromList="false" LovXPosition="0" Justification="Left" LovYPosition="0" ListStyle="Poplist" Width="24" MaximumLength="4" WrapStyle="Word" AutoSkip="false" CompressionQuality="None" XPosition="576" YPosition="35" DatabaseItem="true" Bevel="Plain" AutoHint="false" MouseNavigate="true" MultiLine="false" CaseInsensitiveQuery="false" KeyboardNavigable="true" CaseRestriction="Mixed" CheckBoxOtherValues="Not Allowed" PrimaryKey="false" DefaultButton="false" QueryAllowed="true" Visible="true" QueryLength="4" DisplayQuality="High" EditXPosition="0" EditYPosition="0" Enabled="true" DistanceBetweenRecords="4364" FixedLength="false" Required="true" Height="14" ConcealData="false" Hint="Enter value for : LANGUAGE_ID" SizingStyle="Crop" ShowHorizontalScrollbar="false" Iconic="false" InsertAllowed="true" ItemType="Display Item" DataType="Number" UpdateAllowed="true" UpdateIfNull="false" KeepCursorPosition="false" VisualAttributeName="DEFAULT" Label="Language Id" LockRecord="false" ShowVerticalScrollbar="false" TooltipVisualAttributeGroup="V7_VA_TOOLTIP"/>
         <Item Name="CONTROL_ITEM" ValidateFromList="false" LovXPosition="0" Justification="Left" LovYPosition="0" ListStyle="Poplist" Width="0" MaximumLength="1" WrapStyle="Word" AutoSkip="false" BackColor="white" CompressionQuality="None" XPosition="16" YPosition="10" DatabaseItem="false" Bevel="Plain" AutoHint="false" MouseNavigate="true" MultiLine="false" CaseInsensitiveQuery="false" KeyboardNavigable="true" CaseRestriction="Mixed" CheckBoxOtherValues="Not Allowed" Comment="This item is created as a hidden enterable field to allow the query on this block to operate" PrimaryKey="false" DirtyInfo="true" DefaultButton="false" QueryAllowed="true" Visible="true" QueryLength="1" DisplayQuality="High" EditXPosition="0" EditYPosition="0" Enabled="true" DistanceBetweenRecords="0" FillPattern="transparent" FixedLength="false" Required="false" FontName="Fixedsys" FontSize="900" FontStyle="Plain" FontWeight="Demilight" FontSpacing="Normal" ForegroundColor="black" Height="0" ConcealData="false" SizingStyle="Crop" ShowHorizontalScrollbar="false" Iconic="false" InsertAllowed="true" ItemType="Text Item" DataType="Char" UpdateAllowed="true" UpdateIfNull="false" KeepCursorPosition="false" LockRecord="false" ShowVerticalScrollbar="false" TooltipVisualAttributeGroup="V7_VA_TOOLTIP"/>
         <Item Name="DSP_BREADCRUMB" Justification="Start" TabPageName="" Width="278" MaximumLength="4000" ItemType="Display Item" BackColor="white" XPosition="95" FontName="Arial" YPosition="4" DatabaseItem="false" Bevel="None" FontSize="1000" FontStyle="Italic" DirtyInfo="true" FontWeight="Bold" FontSpacing="Normal" ForegroundColor="darkcyan" Visible="false" Height="15"/>
         <Item Name="BPT_1" ValidateFromList="false" LovXPosition="0" Justification="Start" LovYPosition="0" ListStyle="Poplist" Width="101" MaximumLength="80" WrapStyle="Word" AutoSkip="false" BackColor="r55g85b100" CompressionQuality="None" XPosition="105" YPosition="132" DatabaseItem="false" Bevel="None" AutoHint="false" MouseNavigate="true" CanvasName="CNV_CONTENT" MultiLine="false" CaseInsensitiveQuery="false" KeyboardNavigable="true" CaseRestriction="Mixed" CheckBoxOtherValues="Not Allowed" PrimaryKey="false" DirtyInfo="true" DefaultButton="false" QueryAllowed="true" Visible="true" QueryLength="80" DisplayQuality="High" EditXPosition="0" EditYPosition="0" Enabled="true" DistanceBetweenRecords="0" FillPattern="transparent" FixedLength="false" Required="false" FontName="Arial" FontSize="900" FontStyle="Plain" FontWeight="Medium" FontSpacing="Normal" ForegroundColor="black" Height="13" ConcealData="false" SizingStyle="Crop" ShowHorizontalScrollbar="false" Iconic="false" InsertAllowed="true" ItemType="Display Item" DataType="Char" UpdateAllowed="true" UpdateIfNull="false" KeepCursorPosition="false" VisualAttributeName="TEXT_ITEM_BPT_GREY" LockRecord="false" ShowVerticalScrollbar="false" TooltipVisualAttributeGroup="V7_VA_TOOLTIP"/>
         <Item Name="BPT_5" Justification="Start" DistanceBetweenRecords="0" Width="101" FillPattern="transparent" MaximumLength="80" BackColor="r55g85b100" CompressionQuality="None" XPosition="105" FontName="Arial" YPosition="162" DatabaseItem="false" Bevel="None" FontSize="900" FontStyle="Plain" FontWeight="Medium" FontSpacing="Normal" ForegroundColor="black" CanvasName="CNV_CONTENT" Height="13" ShowHorizontalScrollbar="false" ItemType="Display Item" DataType="Char" PrimaryKey="false" DirtyInfo="true" VisualAttributeName="TEXT_ITEM_BPT_GREY" Visible="true" ShowVerticalScrollbar="false" TooltipVisualAttributeGroup="V7_VA_TOOLTIP"/>
         <Item Name="BPT_4" Justification="Start" DistanceBetweenRecords="0" Width="101" FillPattern="transparent" MaximumLength="80" BackColor="r55g85b100" CompressionQuality="None" XPosition="105" FontName="Arial" YPosition="147" DatabaseItem="false" Bevel="None" FontSize="900" FontStyle="Plain" FontWeight="Medium" FontSpacing="Normal" ForegroundColor="black" CanvasName="CNV_CONTENT" Height="13" ShowHorizontalScrollbar="false" ItemType="Display Item" DataType="Char" PrimaryKey="false" DirtyInfo="true" VisualAttributeName="TEXT_ITEM_BPT_GREY" Visible="true" ShowVerticalScrollbar="false" TooltipVisualAttributeGroup="V7_VA_TOOLTIP"/>
         <Item Name="BPT_3" Justification="Start" DistanceBetweenRecords="0" Width="101" FillPattern="transparent" MaximumLength="80" BackColor="r55g85b100" CompressionQuality="None" XPosition="105" FontName="Arial" YPosition="117" DatabaseItem="false" Bevel="None" FontSize="900" FontStyle="Plain" FontWeight="Medium" FontSpacing="Normal" ForegroundColor="black" CanvasName="CNV_CONTENT" Height="13" ShowHorizontalScrollbar="false" ItemType="Display Item" DataType="Char" PrimaryKey="false" DirtyInfo="true" VisualAttributeName="TEXT_ITEM_BPT_GREY" Visible="true" ShowVerticalScrollbar="false" TooltipVisualAttributeGroup="V7_VA_TOOLTIP"/>
         <Item Name="BPT_2" Justification="Start" DistanceBetweenRecords="0" Width="101" FillPattern="transparent" MaximumLength="80" BackColor="r55g85b100" CompressionQuality="None" XPosition="105" FontName="Arial" YPosition="102" DatabaseItem="false" Bevel="None" FontSize="900" FontStyle="Plain" FontWeight="Medium" FontSpacing="Normal" ForegroundColor="black" CanvasName="CNV_CONTENT" Height="13" ShowHorizontalScrollbar="false" ItemType="Display Item" DataType="Char" PrimaryKey="false" DirtyInfo="true" VisualAttributeName="TEXT_ITEM_BPT_GREY" Visible="true" ShowVerticalScrollbar="false" TooltipVisualAttributeGroup="V7_VA_TOOLTIP"/>
         <Item Name="BPT_CALEN_FROM" DirtyInfo="true" Width="75" ItemType="Display Item" Height="16"/>
         <Item Name="BPT_CALEN_TO" DirtyInfo="true" Width="75" ItemType="Display Item" Height="16"/>
         <Trigger Name="WHEN-MOUSE-DOUBLECLICK" TriggerText="--&amp;#10;-- steve pusey 19/4/96&amp;#10;--&amp;#10;-- change value in current boilerplate text item&amp;#10;--&amp;#10;BEGIN&amp;#10;&amp;#10;  boilerplate.change_boilerplate;&amp;#10;&amp;#10;END;"/>
      </Block>
      <Block Name="BUTTONS" DirtyInfo="true" DatabaseBlock="false" ScrollbarWidth="14" ScrollbarLength="135">
         <Item Name="RUN_REPORT_BTN" Justification="Center" Enabled="true" Width="55" FillPattern="transparent" CompressionQuality="None" XPosition="671" YPosition="366" DatabaseItem="false" Bevel="None" AutoHint="false" MouseNavigate="true" CanvasName="CNV_CONTENT" KeyboardNavigable="false" Height="14" ShowHorizontalScrollbar="false" Iconic="true" IconFilename="report" ItemType="Text Item" DirtyInfo="true" VisualAttributeName="WEB_TEXT_BUTTON" DefaultButton="false" Visible="true" ShowVerticalScrollbar="false" TooltipVisualAttributeGroup="V7_VA_TOOLTIP">
            <Trigger Name="WHEN-MOUSE-CLICK" DirtyInfo="true" TriggerText="--&amp;#10;-- Runs the report&amp;#10;--&amp;#10;-- Date&#x9;&#x9;By &#x9;Change&amp;#10;-- 14/6/1999&#x9;Simon&#x9;Creation&amp;#10;--&amp;#10;Begin&amp;#10;&#x9;oasis_when_mouse_click.when_mouse_click;&amp;#10;  run_report;&amp;#10;End;"/>
         </Item>
         <Trigger Name="WHEN-MOUSE-DOWN" DirtyInfo="true" TriggerText="SET_ITEM_PROPERTY(:SYSTEM.TRIGGER_ITEM,VISUAL_ATTRIBUTE,'WEB_TEXT_BUTTON_CLICK');"/>
         <Trigger Name="WHEN-MOUSE-UP" DirtyInfo="true" TriggerText="SET_ITEM_PROPERTY(:SYSTEM.TRIGGER_ITEM, VISUAL_ATTRIBUTE, 'WEB_TEXT_BUTTON');&amp;#10;DEFAULT_VALUE(NULL,'GLOBAL.LAST_ITEM');&amp;#10;IF :global.last_item IS NOT NULL THEN&amp;#10;&#x9;GO_ITEM(:global.last_item);&amp;#10;END IF;"/>
         <Trigger Name="KEY-CLRBLK" DirtyInfo="true" TriggerText="NULL;"/>
         <Trigger Name="KEY-CLRREC" DirtyInfo="true" TriggerText="NULL;"/>
         <Trigger Name="KEY-CLRFRM" DirtyInfo="true" TriggerText="NULL;"/>
         <Trigger Name="KEY-DELREC" DirtyInfo="true" TriggerText="NULL;"/>
         <Trigger Name="KEY-ENTQRY" DirtyInfo="true" TriggerText="NULL;"/>
         <Trigger Name="KEY-EXEQRY" DirtyInfo="true" TriggerText="NULL;"/>
         <Trigger Name="KEY-CREREC" DirtyInfo="true" TriggerText="NULL;"/>
         <Trigger Name="KEY-NXTREC" DirtyInfo="true" TriggerText="NULL;"/>
         <Trigger Name="KEY-PRVREC" DirtyInfo="true" TriggerText="NULL;"/>
         <Trigger Name="KEY-SCRDOWN" DirtyInfo="true" TriggerText="NULL;"/>
         <Trigger Name="KEY-SCRUP" DirtyInfo="true" TriggerText="NULL;"/>
         <Trigger Name="KEY-DOWN" DirtyInfo="true" TriggerText="NULL;"/>
         <Trigger Name="KEY-UP" DirtyInfo="true" TriggerText="NULL;"/>
         <Trigger Name="WHEN-NEW-ITEM-INSTANCE" DirtyInfo="true" TriggerText="NULL; -- To ensure the form level trigger does not fire for the buttons"/>
      </Block>
      <Block Name="TITLES" DirtyInfo="true" ScrollbarWidth="14" ScrollbarLength="135">
         <Item Name="DSP_TITLE" Justification="Start" TabPageName="" Width="300" MaximumLength="300" ParentModule="ONCRCATA" XPosition="105" ParentModuleType="12" YPosition="3" DatabaseItem="false" ParentName="FORM_TITLE_CLASS" DirtyInfo="true" CanvasName="CNV_CONTENT" ParentType="29"/>
      </Block>
      <Block Name="LT_FUNCTIONS" DirtyInfo="true" DatabaseBlock="false" ScrollbarWidth="14" ScrollbarLength="135">
         <Item Name="IMG_FUNCTIONS" Prompt="Functions" TabPageName="" PromptAttachmentOffset="36" PromptAlignOffset="0" PromptFontSize="900" Width="16" ItemType="Image" ImageFormat="BMP" XPosition="79" YPosition="0" DatabaseItem="false" Bevel="None" PromptForegroundColor="Allscripts Link Blue" DirtyInfo="true" VisualAttributeName="MENU_TEXT_ITEMS_VA" PromptFontName="Arial" PromptFontStyle="Plain" PromptFontWeight="Bold" PromptFontSpacing="Normal" Height="14">
            <Trigger Name="WHEN-MOUSE-CLICK" DirtyInfo="true" TriggerText="-- 03/12/2015 Joe Waters PAS\2015.3 2159899: Allscripts rebranding.&amp;#10;--HCI_UPGRADE.pr_mouse_click_minimise;&amp;#10;HCI_UPGRADE.functions_when_mouse_click;&amp;#10;"/>
         </Item>
         <Item Name="NAVIGATE_BUTTON" Justification="Start" TabPageName="" DistanceBetweenRecords="0" Width="80" ItemType="Display Item" PopupMenuName="BOILER_PLATE" XPosition="5" YPosition="18" DatabaseItem="false" Bevel="None" DirtyInfo="true" KeyboardNavigable="false">
            <Trigger Name="WHEN-MOUSE-CLICK" DirtyInfo="true" TriggerText="--&amp;#10;-- Steve Pusey 15/4/96&amp;#10;--&amp;#10;-- toggle between navigation and default menus&amp;#10;--&amp;#10;BEGIN&amp;#10;&amp;#10;  oasis_menu.toggle_menu;&amp;#10;&amp;#10;END;"/>
         </Item>
         <Trigger Name="WHEN-NEW-BLOCK-INSTANCE" DirtyInfo="true" TriggerText="-- 03/12/2015 Joe Waters PAS\2015.3 2159899: Allscripts rebranding.&amp;#10;--READ_IMAGE_FILE(hci_upgrade.g_image_directory || 'minimise.bmp', 'bmp', 'LT_FUNCTIONS.IMG_FUNCTIONS');&amp;#10;READ_IMAGE_FILE(hci_upgrade.g_image_directory || 'pas_expand_menu.gif', 'gif', 'LT_FUNCTIONS.IMG_FUNCTIONS');&amp;#10;"/>
         <Trigger Name="WHEN-MOUSE-DOWN" DirtyInfo="true" TriggerText="-- 03/12/2015 Joe Waters PAS\2015.3 2159899: Allscripts rebranding.&amp;#10;--SET_ITEM_PROPERTY(:SYSTEM.TRIGGER_ITEM,VISUAL_ATTRIBUTE,'MENU_TEXT_ITEMS_INV');&amp;#10;SET_ITEM_PROPERTY(:SYSTEM.TRIGGER_ITEM,VISUAL_ATTRIBUTE,'WEB_TEXT_BUTTON_CLICK');&amp;#10;"/>
         <Trigger Name="WHEN-MOUSE-UP" DirtyInfo="true" TriggerText="-- 03/12/2015 Joe Waters PAS\2015.3 2159899: Allscripts rebranding.&amp;#10;--SET_ITEM_PROPERTY(:SYSTEM.TRIGGER_ITEM,VISUAL_ATTRIBUTE,'MENU_TEXT_ITEMS');&amp;#10;SET_ITEM_PROPERTY(:SYSTEM.TRIGGER_ITEM,VISUAL_ATTRIBUTE,'WEB_TEXT_BUTTON');&amp;#10;"/>
         <Trigger Name="WHEN-NEW-ITEM-INSTANCE" DirtyInfo="true" TriggerText="NULL;"/>
      </Block>
      <Block Name="CONTROL" RecordsBufferedCount="0" RecordsDisplayCount="1" RecordsFetchedCount="1" EnforcedColumnSecurity="false" InsertAllowed="false" EnforcedPrimaryKey="false" RecordOrientation="Vertical" UpdateAllowed="false" DeleteAllowed="false" DirtyInfo="true" VisualAttributeName="DEFAULT" KeyMode="Unique" DatabaseBlock="false" QueryDataSourceType="None" QueryAllowed="false" LockMode="Immediate" DMLDataType="None" NavigationStyle="Same Record" ShowScrollbar="false">
         <Item Name="TIMEOUT" DirtyInfo="true" TabPageName="" Width="0" CanvasName="CNV_CONTENT" ItemType="Bean Area" ImplementationClass="com.capula.eoasis.Timeout" Height="0"/>
         <Item Name="EASY_BUTTON" XPosition="8" YPosition="2" DirtyInfo="true" TabPageName="" VisualAttributeName="WEB_BTN" CanvasName="CNV_HIDE" ItemType="Push Button" TooltipVisualAttributeGroup="V7_VA_TOOLTIP"/>
         <Item Name="NEXT_REC_BUTTON" XPosition="33" YPosition="2" DirtyInfo="true" TabPageName="" VisualAttributeName="WEB_BTN" CanvasName="CNV_HIDE" TooltipVisualAttributeGroup="V7_VA_TOOLTIP"/>
         <Item Name="PREV_REC_BUTTON" XPosition="53" YPosition="2" DirtyInfo="true" TabPageName="" VisualAttributeName="WEB_BTN" CanvasName="CNV_HIDE" TooltipVisualAttributeGroup="V7_VA_TOOLTIP"/>
         <Item Name="ENT_QRY_BUTTON" XPosition="73" YPosition="2" DirtyInfo="true" TabPageName="" VisualAttributeName="WEB_BTN" CanvasName="CNV_HIDE" TooltipVisualAttributeGroup="V7_VA_TOOLTIP"/>
         <Item Name="EXEC_QRY_BUTTON" XPosition="93" YPosition="2" DirtyInfo="true" TabPageName="" VisualAttributeName="WEB_BTN" CanvasName="CNV_HIDE" TooltipVisualAttributeGroup="V7_VA_TOOLTIP"/>
         <Item Name="LOV_BUTTON" XPosition="113" YPosition="2" DirtyInfo="true" TabPageName="" VisualAttributeName="WEB_BTN" CanvasName="CNV_HIDE" TooltipVisualAttributeGroup="V7_VA_TOOLTIP"/>
         <Item Name="DRILLDN_BUTTON" XPosition="133" YPosition="2" DirtyInfo="true" TabPageName="" VisualAttributeName="WEB_BTN" CanvasName="CNV_HIDE" TooltipVisualAttributeGroup="V7_VA_TOOLTIP"/>
         <Item Name="HELP_BUTTON" XPosition="153" YPosition="2" DirtyInfo="true" TabPageName="" VisualAttributeName="WEB_BTN" CanvasName="CNV_HIDE" TooltipVisualAttributeGroup="V7_VA_TOOLTIP"/>
         <Item Name="HINT_BUTTON" XPosition="173" YPosition="2" DirtyInfo="true" TabPageName="" VisualAttributeName="WEB_BTN" CanvasName="CNV_HIDE" TooltipVisualAttributeGroup="V7_VA_TOOLTIP"/>
         <Item Name="NEW_REC_BUTTON" XPosition="198" YPosition="2" DirtyInfo="true" TabPageName="" VisualAttributeName="WEB_BTN" CanvasName="CNV_HIDE" TooltipVisualAttributeGroup="V7_VA_TOOLTIP"/>
         <Item Name="COMMIT_BUTTON" XPosition="218" YPosition="2" DirtyInfo="true" TabPageName="" VisualAttributeName="WEB_BTN" CanvasName="CNV_HIDE" TooltipVisualAttributeGroup="V7_VA_TOOLTIP"/>
         <Item Name="CLEAR_REC_BUTTON" XPosition="243" YPosition="2" DirtyInfo="true" TabPageName="" VisualAttributeName="WEB_BTN" CanvasName="CNV_HIDE" TooltipVisualAttributeGroup="V7_VA_TOOLTIP"/>
         <Item Name="CANCEL_BUTTON" XPosition="263" YPosition="2" DirtyInfo="true" TabPageName="" VisualAttributeName="WEB_BTN" CanvasName="CNV_HIDE" TooltipVisualAttributeGroup="V7_VA_TOOLTIP"/>
         <Item Name="DEL_REC_BUTTON" XPosition="283" YPosition="2" DirtyInfo="true" TabPageName="" VisualAttributeName="WEB_BTN" CanvasName="CNV_HIDE" TooltipVisualAttributeGroup="V7_VA_TOOLTIP"/>
         <Item Name="SCREENSAV_BUTTON" XPosition="308" YPosition="2" DirtyInfo="true" TabPageName="" VisualAttributeName="WEB_BTN" CanvasName="CNV_HIDE" TooltipVisualAttributeGroup="V7_VA_TOOLTIP"/>
         <Item Name="EXIT_BUTTON" XPosition="328" YPosition="2" DirtyInfo="true" TabPageName="" VisualAttributeName="WEB_BTN" CanvasName="CNV_HIDE" TooltipVisualAttributeGroup="V7_VA_TOOLTIP"/>
      </Block>
      <Canvas Name="CNV_CONTENT" BackColor="white" Bevel="None" DirtyInfo="true" ForegroundColor="black" Width="755" WindowName="MAIN_FORM_WINDOW" Height="415" ViewportHeight="324" ViewportWidth="540"/>
      <Canvas Name="CANVAS0" ViewportXPositionOnCanvas="0" ViewportYPositionOnCanvas="0" ShowHorizontalScrollbar="false" CanvasType="Content" Width="590" WindowName="WND_HIDE" Bevel="None" DirtyInfo="true" VisualAttributeName="BACKGROUND_CANVAS_BLUE" Visible="false" ShowVerticalScrollbar="false" Height="350" ViewportHeight="350" ViewportXPosition="0" ViewportWidth="590" ViewportYPosition="0" RaiseOnEnter="false">
         <Graphics Name="RECT1" InternalLineWidth="113" InternalRotationAngle="0" Width="0" EdgeForegroundColor="black" EdgeBackColor="black" FillPattern="none" EdgePattern="transparent" DashStyle="Solid" CapStyle="Butt" JoinStyle="Mitre" BackColor="white" XPosition="111" YPosition="137" Bevel="None" ForegroundColor="black" GraphicsType="Rectangle" HorizontalMargin="5" ScrollbarWidth="9" VerticalMargin="14" HorizontalObjectOffset="9" Height="0" StartPromptOffset="5"/>
      </Canvas>
      <Canvas Name="REPORT_CANVAS" ViewportXPositionOnCanvas="0" ViewportYPositionOnCanvas="0" ShowHorizontalScrollbar="false" Width="443" WindowName="WND_HIDE" ParentModule="ONCRCATA" ParentModuleType="12" ParentName="STACKED_CANVAS_CLASS" Bevel="None" DirtyInfo="true" ParentType="29" ShowVerticalScrollbar="false" Height="171" ViewportHeight="171" ViewportWidth="443"/>
      <Canvas Name="CNV_HIDE" Bevel="None" DirtyInfo="true" Width="800" Visible="false" WindowName="WND_HIDE" Height="410" ViewportHeight="324" ViewportWidth="540"/>
      <ModuleParameter Name="P_TEMPLATE" Comment="Used by ABOUT_FORM window, the template used to create this form" ParameterInitializeValue="TEMPLATE_V10"/>
      <ModuleParameter Name="P_VERSION" DirtyInfo="true" Comment="Used by ABOUT_FORM window, the form version, update after each update" ParameterInitializeValue="1"/>
      <ModuleParameter Name="P_DATE" DirtyInfo="true" Comment="Used by ABOUT_FORM window, the date the form was last updated, update after each update" ParameterInitializeValue="29-AUG-2015"/>
      <ModuleParameter Name="P_RELEASE" ParentModule="PAS_RELEASE" ParentModuleType="25" ParentName="P_RELEASE" ParentFilename="PAS_RELEASE.olb" DirtyInfo="true" ParentType="13"/>
      <ModuleParameter Name="P_LOV_CODE" ParameterDataType="Number"/>
      <ModuleParameter Name="P_LOV_USER_CODE"/>
      <ModuleParameter Name="P_LOV_DESCRIPTION"/>
      <ModuleParameter Name="API_VERSION" ParameterInitializeValue="V2.3"/>
      <ModuleParameter Name="P_BREADCRUMB"/>
      <LOV Name="PAT_CAT_LOV" XPosition="50" YPosition="50" DirtyInfo="true" VisualAttributeName="TEXT_ITEM_VA_LOV" Width="450" RecordGroupName="PAT_CAT_LOV" Height="280">
         <LOVColumnMapping Name="USER_CODE" ReturnItem="PARAMETER.P_LOV_USER_CODE" Title="User_Code" DisplayWidth="96"/>
         <LOVColumnMapping Name="DESCRIPTION" ReturnItem="PARAMETER.P_LOV_DESCRIPTION" Title="Description" DisplayWidth="486"/>
         <LOVColumnMapping Name="CODE" ReturnItem="PARAMETER.P_LOV_CODE" Title="Code" DisplayWidth="30"/>
      </LOV>
      <Menu Name="BOILER_PLATE" DirtyInfo="true">
         <MenuItem Name="CHANGE_PROMPT" DirtyInfo="true" Label="Change Prompt" MenuItemCode="message('Change Boilerplate prompt');pause;"/>
      </Menu>
      <ProgramUnit Name="INIT_FORM" ProgramUnitText="PACKAGE init_form IS&amp;#10;--&amp;#10;-- steve pusey 2/5/1996&amp;#10;--&amp;#10;-- program units to initialise form&amp;#10;--&amp;#10;&amp;#10;---------------------------------------------------------------------------------------&amp;#10;-- EXTERNAL PACKAGE VARIABLES&amp;#10;---------------------------------------------------------------------------------------&amp;#10;&amp;#10;---------------------------------------------------------------------------------------&amp;#10;-- EXTERNAL PROGRAM UNITS (DECLARATION) &amp;#10;---------------------------------------------------------------------------------------&amp;#10;&amp;#10;  procedure init_form;&amp;#10;&amp;#10;END init_form;" ProgramUnitType="Package Spec"/>
      <ProgramUnit Name="INIT_FORM" ProgramUnitText="PACKAGE BODY init_form IS&amp;#10;--&amp;#10;-- steve pusey 2/5/1996&amp;#10;--&amp;#10;-- program units to initialise form&amp;#10;--&amp;#10;-- add code to init_form and init_format_masks program units, add other init procs to the&amp;#10;-- init_form procedure, for example if you write a procedure called init_toolbar then add &amp;#10;-- this to the init_form procedure. The init_form procedure is called from the &amp;#10;-- WHEN-NEW-FORM-INSTANCE trigger&amp;#10;--&amp;#10;&amp;#10;---------------------------------------------------------------------------------------&amp;#10;-- INTERNAL PACKAGE VARIABLES &amp;#10;---------------------------------------------------------------------------------------&amp;#10;&amp;#10;---------------------------------------------------------------------------------------&amp;#10;-- INTERNAL PROGRAM UNITS (DECLARATION)&amp;#10;---------------------------------------------------------------------------------------&amp;#10;&amp;#10;  procedure init_list_items;&amp;#10;  procedure init_format_masks;&amp;#10;&amp;#10;---------------------------------------------------------------------------------------&amp;#10;-- PROGRAM UNITS (CODE)&amp;#10;---------------------------------------------------------------------------------------&amp;#10;&amp;#10;-- ##########################################################################################&amp;#10;&amp;#10;  procedure init_list_items is&amp;#10;  --&amp;#10;  -- initialise list items&amp;#10;  --&amp;#10;  -- date&#x9;by&#x9;&#x9;change&amp;#10;  -- 2/5/1996   Steve Pusey&#x9;Creation of template procedure&amp;#10;  --&amp;#10;  BEGIN&amp;#10;&amp;#10;    -- cut &amp; paste this code&amp;#10;    -- populate_poplist_from_codes ('BLOCK.ITEM', &lt;CODE_TYPE>);&amp;#10;&amp;#10;    populate_poplist_from_codes('report.destination', 10008);&amp;#10;    populate_poplist_from_codes('report.report', 10369);&amp;#10;&amp;#10;    null;&amp;#10;  &amp;#10;  END init_list_items;&amp;#10;&amp;#10;-- ##########################################################################################&amp;#10;&amp;#10;  procedure init_format_masks is&amp;#10;  --&amp;#10;  -- set the format masks for date, datetime, and numeric items&amp;#10;  --&amp;#10;  -- date&#x9;by&#x9;&#x9;change&amp;#10;  -- 2/5/1996   Steve Pusey&#x9;Creation of template procedure&amp;#10;  --&amp;#10;  BEGIN&amp;#10;&amp;#10;    -- copy &amp; paste this line&amp;#10;    -- set_format_mask ('BLOCK.ITEM');&amp;#10;    &amp;#10;    set_format_mask ('REPORT.START_DATE');&amp;#10;    set_format_mask ('REPORT.END_DATE');&amp;#10;   &amp;#10;  END init_format_masks;&amp;#10;&amp;#10;-- ##########################################################################################&amp;#10;&amp;#10;  procedure init_form is&amp;#10;  --&amp;#10;  -- initialise form&amp;#10;  --&amp;#10;  -- date&#x9;by&#x9;&#x9;change&amp;#10;  -- 2/5/1996   Steve Pusey&#x9;Creation of template procedure&amp;#10;  --&amp;#10;  &amp;#10;  &#x9;v_ret&#x9;&#x9;Boolean;&amp;#10;  &#x9;vd_sysdate DATE:=sysdate;&amp;#10;  BEGIN&amp;#10;&amp;#10;&#x9;init_list_items;&amp;#10;&#x9;&amp;#10;&#x9;init_format_masks;&amp;#10;&#x9;&amp;#10;&#x9;&amp;#10; &#x9;:report.start_date := vd_sysdate - 7;&amp;#10;&#x9;:report.end_date := vd_sysdate;&amp;#10;  :report.patient_category := get_code_with_property (10087, 'DEFPRIVATE', 'Y', 'VALIDATE');&amp;#10;  v_ret := validate_code(:report.patient_category, :report.user_patient_cat, :report.category_desc,1815, 'NOVALIDATE');&amp;#10;  &amp;#10;   &amp;#10;  &amp;#10;  END init_form;&amp;#10;&amp;#10;-- ##########################################################################################&amp;#10;&amp;#10;END init_form;" ProgramUnitType="Package Body"/>
      <ProgramUnit Name="RUN_REPORT" ProgramUnitText="PROCEDURE run_report IS&amp;#10;-- Date&#x9;&#x9;By&#x9;Change&amp;#10;-- 16/6/1999&#x9;Simon&#x9;Creation &amp;#10;-- 7/11/2000 Quintin&#x9;added recursive_load parameter&amp;#10;&amp;#10;  p_list_id&#x9;paramlist; -- parameter list id&amp;#10;  df_where&#x9;varchar2(2000);&amp;#10;  v_disp&#x9;varchar2(1000);&amp;#10;  p_name &#x9;varchar2(50);&amp;#10;  REPID &#x9;&#x9;&#x9;REPORT_OBJECT;&amp;#10;&#x9;VC_PARAMETER_STRING&#x9;VARCHAR2(4000);&amp;#10;&#x9;VB_BOOLEAN&#x9;&#x9;BOOLEAN;&amp;#10;&amp;#10;BEGIN    &amp;#10;  validate (FORM_SCOPE); -- validate date formats etc&amp;#10;&amp;#10;  if not FORM_SUCCESS then&amp;#10;    raise form_trigger_failure;&amp;#10;  end if;&amp;#10;&amp;#10;  if :REPORT.START_DATE is null then&amp;#10;      display_alert ('ERROR_ALERT', 1884); -- please enter ALL fields&amp;#10;      RAISE form_trigger_failure;&amp;#10;  elsif :REPORT.END_DATE is null then&amp;#10;      display_alert ('ERROR_ALERT', 1884); -- please enter ALL fields&amp;#10;      RAISE form_trigger_failure;&amp;#10;  else&amp;#10;/*    -- check if parameter list already exists - delete it if it does&amp;#10;    p_list_id := get_parameter_list ('ONCRCAT_LIST');&amp;#10;    &amp;#10;    if not id_null (p_list_id) then&amp;#10;      destroy_parameter_list ('ONCRCAT_LIST');&amp;#10;    end if;&amp;#10;&amp;#10;    -- create parameter list from values entered by user  &amp;#10;    p_list_id := create_parameter_list ('ONCRCAT_LIST');&amp;#10;*/&amp;#10;    vc_parameter_string := vc_parameter_string||' '|| OASIS_SET_REPORT_PARAMETER( 'P_STARTDATE_text', to_char(:REPORT.START_DATE,:GLOBAL.DATETIME_MASK));&amp;#10;    vc_parameter_string := vc_parameter_string||' '|| OASIS_SET_REPORT_PARAMETER( 'P_ENDDATE_text', to_char(:REPORT.END_DATE,:GLOBAL.DATETIME_MASK));&amp;#10;    vc_parameter_string := vc_parameter_string||' '|| OASIS_SET_REPORT_PARAMETER( 'P_HOSPITAL_ID', to_char(OASLOGON_PACKAGE.Get_Hospital_ID));&amp;#10;    vc_parameter_string := vc_parameter_string||' '|| OASIS_SET_REPORT_PARAMETER( 'P_DATETIME_MASK', :GLOBAL.DATETIME_MASK);&amp;#10;    vc_parameter_string := vc_parameter_string||' '|| OASIS_SET_REPORT_PARAMETER( 'P_DATE_MASK', :GLOBAL.DATE_MASK);&amp;#10;--  vc_parameter_string := vc_parameter_string||' '|| OASIS_SET_REPORT_PARAMETER( 'DESTYPE', :REPORT.DESTINATION);&amp;#10;    vc_parameter_string := vc_parameter_string||' '|| OASIS_SET_REPORT_PARAMETER( 'P_PATIENT_CATEGORY', TO_CHAR(:REPORT.PATIENT_CATEGORY));&amp;#10;    vc_parameter_string := vc_parameter_string||' '|| OASIS_SET_REPORT_PARAMETER( 'PARAMFORM', 'NO');&amp;#10;&#x9;&#x9;vc_parameter_string := vc_parameter_string||' '|| OASIS_SET_REPORT_PARAMETER( 'RECURSIVE_LOAD','NO');  --QS 7/11/00&amp;#10;&amp;#10;-- bplateR params&amp;#10;&amp;#10;    if :REPORT.DESTINATION not in ('SCREEN','PREVIEW') then&amp;#10;    &#x9;REPID := FIND_REPORT_OBJECT(:REPORT.REPORT);&amp;#10;      --run_product(reports,:REPORT.REPORT,synchronous,batch,filesystem,p_list_id,null);&amp;#10;    else&amp;#10;    &#x9;REPID := FIND_REPORT_OBJECT(:REPORT.REPORT);&amp;#10;      --run_product(reports,:REPORT.REPORT,synchronous,runtime,filesystem,p_list_id,null);&amp;#10;    end if;&amp;#10;  &amp;#10;&#x9;SET_REPORT_OBJECT_PROPERTY(REPID, REPORT_COMM_MODE, SYNCHRONOUS);&amp;#10;&#x9;SET_REPORT_OBJECT_PROPERTY(REPID, REPORT_OTHER, vc_parameter_string);&amp;#10;&#x9;EXECUTE_REPORT(REPID, :REPORT.DESTINATION);&amp;#10;  END IF;  &amp;#10;END;" ProgramUnitType="Procedure"/>
      <ProgramUnit Name="GET_CODE_WITH_PROPERTY" ProgramUnitText="FUNCTION get_code_with_property (&amp;#10;  p_code_type&#x9;&#x9;in&#x9;number,&amp;#10;  p_property_type&#x9;in&#x9;varchar2,&amp;#10;  p_property_value&#x9;in&#x9;varchar2,&amp;#10;  p_validate&#x9;&#x9;in&#x9;varchar2 := 'VALIDATE', -- VALIDATE, NOVALIDATE or WARNING&amp;#10;  p_error_no&#x9;&#x9;in&#x9;number := 7942, -- code property sheet not assigned&amp;#10;  p_prefix_type&#x9;&#x9;in&#x9;boolean := TRUE -- prefix property_type onto error message&amp;#10;) RETURN number IS&amp;#10;--&amp;#10;-- returns the code within the code_type that has the property_type set to p_property_value&amp;#10;-- RETURNS 0 if p_validate = 'NOVALIDATE' and the code does not exist&amp;#10;--&amp;#10;-- date&#x9;&#x9;by&#x9;&#x9;change&amp;#10;-- 06/03/98&#x9;Steve&#x9;&#x9;Created&amp;#10;--&amp;#10;&amp;#10;  v_return_code&#x9;&#x9;number;&amp;#10;  v_found&#x9;&#x9;boolean;&amp;#10;  v_error_text&#x9;&#x9;varchar2(80);&amp;#10;  v_al_btn&#x9;&#x9;number;&amp;#10;&amp;#10;  cursor c_code is&amp;#10;&#x9;select cp.code&amp;#10;&#x9;from code_properties cp, codes cd&amp;#10;&#x9;where cp.property_value = p_property_value&amp;#10;&#x9;  and cp.property_type = p_property_type&amp;#10;&#x9;  and cp.code = cd.code&amp;#10;&#x9;  and cd.code_type = p_code_type;&amp;#10;&amp;#10;BEGIN&amp;#10;&amp;#10;  open c_code;&amp;#10;  fetch c_code into v_return_code;&amp;#10;    v_found := c_code%FOUND;&amp;#10;  close c_code;&amp;#10;&amp;#10;IF not v_found THEN&amp;#10;&amp;#10;&#x9;IF p_validate = 'NOVALIDATE' THEN&amp;#10;&#x9;  &#x9;v_return_code := 0;&amp;#10;&amp;#10;  ELSE&amp;#10;&amp;#10;&#x9;  &#x9;v_error_text := get_error_message (p_error_no);&amp;#10;&amp;#10;&#x9;&#x9;  IF p_prefix_type THEN&amp;#10;&#x9;&#x9;     -- prefix the name of the property type onto the error message&amp;#10;&#x9;&#x9;&#x9;   v_error_text := substr(p_property_type||' '||v_error_text,1,80);&amp;#10;&#x9;&#x9;  END IF;&#x9;&amp;#10;&amp;#10;&#x9;&#x9;  v_al_btn := display_alert_return_plus ('WARNING_ALERT', v_error_text);&amp;#10;  &amp;#10;&#x9;--&#x9;IF p_validate = 'VALIDATE' THEN&amp;#10;    &#x9;RAISE FORM_TRIGGER_FAILURE;&amp;#10;----&#x9;ELSE&amp;#10;&#x9;&#x9;  -- warning&amp;#10;---&#x9;&#x9;&#x9;v_return_code := 0;&amp;#10;  END IF;&amp;#10;&amp;#10;END IF; -- not found&amp;#10;&amp;#10;RETURN v_return_code;&amp;#10;&amp;#10;END;" ProgramUnitType="Function"/>
      <PropertyClass Name="BUTTON_CLASS" ParentModule="PAS_OLD" ParentModuleType="25" ParentName="BUTTON_CLASS" ParentFilename="PAS_OLD.olb" DirtyInfo="true" ParentType="29"/>
      <PropertyClass Name="OK_BUTTON_CLASS" ParentModule="PAS_OLD" ParentModuleType="25" ParentName="OK_BUTTON_CLASS" ParentFilename="PAS_OLD.olb" DirtyInfo="true" ParentType="29"/>
      <PropertyClass Name="CANCEL_BUTTON_CLASS" ParentModule="PAS_OLD" ParentModuleType="25" ParentName="CANCEL_BUTTON_CLASS" ParentFilename="PAS_OLD.olb" DirtyInfo="true" ParentType="29"/>
      <PropertyClass Name="TOOLBAR_BUTTON_CLASS" ParentModule="PAS_OLD" ParentModuleType="25" ParentName="TOOLBAR_BUTTON_CLASS" ParentFilename="PAS_OLD.olb" DirtyInfo="true" ParentType="29"/>
      <PropertyClass Name="GOTO_BUTTON_CLASS" ParentModule="PAS_OLD" ParentModuleType="25" ParentName="GOTO_BUTTON_CLASS" ParentFilename="PAS_OLD.olb" DirtyInfo="true" ParentType="29"/>
      <PropertyClass Name="GOBACK_BUTTON_CLASS" ParentModule="PAS_OLD" ParentModuleType="25" ParentName="GOBACK_BUTTON_CLASS" ParentFilename="PAS_OLD.olb" DirtyInfo="true" ParentType="29"/>
      <PropertyClass Name="LOV_BUTTON_CLASS" ParentModule="PAS_OLD" ParentModuleType="25" ParentName="LOV_BUTTON_CLASS" ParentFilename="PAS_OLD.olb" DirtyInfo="true" ParentType="29"/>
      <PropertyClass Name="BPT_CLASS" ParentModule="PAS_OLD" ParentModuleType="25" ParentName="BPT_CLASS" ParentFilename="PAS_OLD.olb" DirtyInfo="true" ParentType="29"/>
      <PropertyClass Name="BPT_BLUE_CLASS" ParentModule="PAS_OLD" ParentModuleType="25" ParentName="BPT_BLUE_CLASS" ParentFilename="PAS_OLD.olb" DirtyInfo="true" ParentType="29"/>
      <PropertyClass Name="BPT_GREY_CLASS" ParentModule="PAS_OLD" ParentModuleType="25" ParentName="BPT_GREY_CLASS" ParentFilename="PAS_OLD.olb" DirtyInfo="true" ParentType="29"/>
      <PropertyClass Name="TEXT_ITEM_CLASS" ParentModule="PAS_OLD" ParentModuleType="25" ParentName="TEXT_ITEM_CLASS" ParentFilename="PAS_OLD.olb" DirtyInfo="true" ParentType="29"/>
      <PropertyClass Name="TEXT_ITEM_DATE_CLASS" ParentModule="PAS_OLD" ParentModuleType="25" ParentName="TEXT_ITEM_DATE_CLASS" ParentFilename="PAS_OLD.olb" DirtyInfo="true" ParentType="29"/>
      <PropertyClass Name="TEXT_ITEM_NUMBER_CLASS" ParentModule="PAS_OLD" ParentModuleType="25" ParentName="TEXT_ITEM_NUMBER_CLASS" ParentFilename="PAS_OLD.olb" DirtyInfo="true" ParentType="29"/>
      <PropertyClass Name="TEXT_ITEM_DATETIME_CLASS" ParentModule="PAS_OLD" ParentModuleType="25" ParentName="TEXT_ITEM_DATETIME_CLASS" ParentFilename="PAS_OLD.olb" DirtyInfo="true" ParentType="29"/>
      <PropertyClass Name="DISPLAY_ITEM_CLASS" ParentModule="PAS_OLD" ParentModuleType="25" ParentName="DISPLAY_ITEM_CLASS" ParentFilename="PAS_OLD.olb" DirtyInfo="true" ParentType="29"/>
      <PropertyClass Name="STACKED_CANVAS_CLASS" ParentModule="PAS_OLD" ParentModuleType="25" ParentName="STACKED_CANVAS_CLASS" ParentFilename="PAS_OLD.olb" DirtyInfo="true" ParentType="29"/>
      <PropertyClass Name="WINDOW_CLASS" ParentModule="PAS_OLD" ParentModuleType="25" ParentName="WINDOW_CLASS" ParentFilename="PAS_OLD.olb" DirtyInfo="true" ParentType="29"/>
      <PropertyClass Name="ID_CLASS" ParentModule="PAS_OLD" ParentModuleType="25" ParentName="ID_CLASS" ParentFilename="PAS_OLD.olb" DirtyInfo="true" ParentType="29"/>
      <PropertyClass Name="SECTION_TITLE_CLASS" ParentModule="PAS_CUI" ParentModuleType="25" ParentName="SECTION_TITLE_CLASS" ParentFilename="PAS_CUI.olb" DirtyInfo="true" ParentType="29"/>
      <PropertyClass Name="FORM_TITLE_CLASS" ParentModule="PAS_CUI" ParentModuleType="25" ParentName="FORM_TITLE_CLASS" ParentFilename="PAS_CUI.olb" DirtyInfo="true" ParentType="29"/>
      <PropertyClass Name="BACKGROUND_LINK_BOX_CLASS" ParentModule="PAS_CUI" ParentModuleType="25" ParentName="BACKGROUND_LINK_BOX_CLASS" ParentFilename="PAS_CUI.olb" DirtyInfo="true" ParentType="29"/>
      <PropertyClass Name="CUI_DATETIME_DISP" ParentModule="PAS_CUI" ParentModuleType="25" ParentName="CUI_DATETIME_DISP" ParentFilename="PAS_CUI.olb" DirtyInfo="true" ParentType="29"/>
      <PropertyClass Name="CUI_DATETIME_INPUT" ParentModule="PAS_CUI" ParentModuleType="25" ParentName="CUI_DATETIME_INPUT" ParentFilename="PAS_CUI.olb" DirtyInfo="true" ParentType="29"/>
      <PropertyClass Name="CUI_DATE_DISP" ParentModule="PAS_CUI" ParentModuleType="25" ParentName="CUI_DATE_DISP" ParentFilename="PAS_CUI.olb" DirtyInfo="true" ParentType="29"/>
      <PropertyClass Name="CUI_DATE_INPUT" ParentModule="PAS_CUI" ParentModuleType="25" ParentName="CUI_DATE_INPUT" ParentFilename="PAS_CUI.olb" DirtyInfo="true" ParentType="29"/>
      <RecordGroup Name="PAT_CAT_LOV" DirtyInfo="true" RecordGroupFetchSize="0" RecordGroupQuery="select user_code, description, code from codes where code_type = '10087' and active_flag = 'Y' union select user_code, description, code from codes where code_type = 10000 and active_flag = 'Y' and user_code = 'ALL'" RecordGroupType="Query">
         <RecordGroupColumn Name="USER_CODE" ColumnDataType="Character" MaximumLength="15"/>
         <RecordGroupColumn Name="DESCRIPTION" ColumnDataType="Character" MaximumLength="80"/>
         <RecordGroupColumn Name="CODE" ColumnDataType="Number" MaximumLength="23"/>
      </RecordGroup>
      <Report Name="ONCRCAT2" DirtyInfo="true" Filename="oncrcat2.rep"/>
      <Report Name="ONCRCAT1" DirtyInfo="true" Filename="oncrcat1.rep"/>
      <Trigger Name="WHEN-MOUSE-CLICK" TriggerText="--&amp;#10;-- call stdlib procedure to handle mouse click&amp;#10;-- N.B. standard left button click is not affected &amp;#10;--&amp;#10;-- date&#x9;&#x9;by&#x9;&#x9;change&amp;#10;-- 31-05-1996&#x9;Steve Pusey&#x9;Creation&amp;#10;--&amp;#10;BEGIN&amp;#10;&amp;#10;  oasis_when_mouse_click.when_mouse_click;&amp;#10;&amp;#10;END;"/>
      <Trigger Name="WHEN-NEW-ITEM-INSTANCE" TriggerText="/* This trigger activates the hint message for the associated item */&amp;#10;begin&amp;#10;  --display_text_hint;&amp;#10;  :global.last_item:=:system.trigger_item;&amp;#10;end;"/>
      <Trigger Name="WHEN-NEW-FORM-INSTANCE" TriggerText="--&amp;#10;-- fires when form is entered, PRE-FORM fires before this trigger&amp;#10;--&amp;#10;-- Date&#x9;&#x9;by &#x9;&#x9;change&amp;#10;-- 10/1994&#x9;David Massie&#x9;Creation&amp;#10;-- 1995&#x9;&#x9;Nagy Tharwat&#x9;Upgrade to v9 - moved code into library procedure&amp;#10;-- 2/5/1996&#x9;Steve Pusey&#x9;Upgrade to V10 &amp;#10;--&#x9;&#x9;&#x9;&#x9;- versions into oasis_new_form_instance&amp;#10;--&#x9;&#x9;&#x9;&#x9;- Tidied code and added comments&amp;#10;-- 03/12/2015 Joe Waters PAS\2015.3 2159899: Populate the images before doing the screen initialisation.&amp;#10;-- 03/12/2015 Joe Waters PAS\2015.3 1968214: The banner must say &quot;No single patient is selected&quot;.&amp;#10;--&amp;#10;&amp;#10;DECLARE&amp;#10;&amp;#10;  v_error_no             number(4); -- returned from oasis_new_form_instance&amp;#10;&amp;#10;BEGIN&amp;#10;&amp;#10;  -- version 2 form (gets bpt and window titles fromm files)&amp;#10;  oasis_new_form_instance_v2(v_error_no, 2); &amp;#10; &amp;#10;  if v_error_no > 0 then&amp;#10;    display_alert ('ERROR_ALERT', v_error_no);&amp;#10;    exit_form (NO_VALIDATE);&amp;#10;  end if;&amp;#10;&amp;#10;-- *** Insert additional code into init_form package ***&amp;#10;--&amp;#10;-- 03/12/2015 Joe Waters PAS\2015.3 2159899: Populate the images before doing the screen initialisation.&amp;#10;--  init_form.init_form;&amp;#10;  hci_upgrade.pr_initialise_images;&amp;#10;  init_form.init_form;&amp;#10;--&amp;#10;-- 03/12/2015 Joe Waters PAS\2015.3 1968214: The banner must say &quot;No single patient is selected&quot;.&amp;#10;  patient_banner.hide_banner;&amp;#10;END;"/>
      <Trigger Name="ON-MESSAGE" TriggerText="--&amp;#10;-- steve pusey 19/4/96&amp;#10;--&amp;#10;BEGIN&amp;#10;&amp;#10;  oasis_standard_procs.on_message;&amp;#10;&amp;#10;END;"/>
      <Trigger Name="ON-ERROR" TriggerText="--&amp;#10;-- steve pusey 19/4/96&amp;#10;-- 29/08/2016 girish added the parameter for tfs-2934397&amp;#10;BEGIN&amp;#10;&amp;#10;  oasis_standard_procs.on_error(:SYSTEM.TRIGGER_ITEM);&amp;#10;&amp;#10;END;"/>
      <Trigger Name="WHEN-WINDOW-CLOSED" DirtyInfo="true"/>
      <Trigger Name="PRE_BLOCK" DirtyInfo="true" FireInQuery="true" TriggerText="/* This trigger resets the 40352_count global to allow the Last line of query message to be displayed */&amp;#10;begin&amp;#10;  :GLOBAL.40352_COUNT := 0;&amp;#10;end;" DisplayInKeyboardHelp="false"/>
      <Trigger Name="WHEN-TIMER-EXPIRED" TriggerText="Button_Hint;"/>
      <Trigger Name="PRE_QUERY" DirtyInfo="true" FireInQuery="true" TriggerText="/* This trigger resets the 40352_count global to allow the Last line of query message to be displayed */&amp;#10;begin&amp;#10;  :GLOBAL.40352_COUNT := 0;&amp;#10;end;" DisplayInKeyboardHelp="false"/>
      <Trigger Name="POST-FORM" DirtyInfo="true" TriggerText="/* This trigger clears the Global variables used within the form */&amp;#10;begin&amp;#10;&#x9;sqa_exit_handler;&amp;#10;  erase('GLOBAL.ROOT_WINDOW_NAME');&amp;#10;  erase('global.last_item');&amp;#10;end;&amp;#10;"/>
      <Trigger Name="EASY_BUTTON_TRIGGER" TriggerText="NULL;"/>
      <Trigger Name="DRILLDN_BUTTON_TRIGGER" TriggerText="NULL;"/>
      <Trigger Name="KEY-CLRFRM" ParentModule="PAS_CUI" ParentModuleType="25" ParentName="KEY-CLRFRM" ParentFilename="PAS_CUI.olb" DirtyInfo="true" ParentType="37"/>
      <Trigger Name="KEY-CLRREC" TriggerText="clear_record;" DisplayInKeyboardHelp="true"/>
      <Trigger Name="KEY-CLRBLK" TriggerText="clear_block;" DisplayInKeyboardHelp="true"/>
      <Trigger Name="KEY-COMMIT" TriggerText="commit_form;" DisplayInKeyboardHelp="true"/>
      <Trigger Name="KEY-CQUERY" TriggerText="count_query;" DisplayInKeyboardHelp="true"/>
      <Trigger Name="KEY-CREREC" TriggerText="create_record;" DisplayInKeyboardHelp="true"/>
      <Trigger Name="KEY-DELREC" TriggerText="null;" DisplayInKeyboardHelp="true"/>
      <Trigger Name="KEY-DOWN" TriggerText="down;" DisplayInKeyboardHelp="true"/>
      <Trigger Name="KEY-DUP-ITEM" KeyboardHelpText="Record Error" TriggerText="--&amp;#10;-- steve pusey 22/4/96&amp;#10;--&amp;#10;BEGIN&amp;#10;&amp;#10;  oasis_standard_procs.key_dupitem_trigger;&amp;#10;&amp;#10;END;" DisplayInKeyboardHelp="true"/>
      <Trigger Name="KEY-DUPREC" TriggerText="duplicate_record;" DisplayInKeyboardHelp="true"/>
      <Trigger Name="KEY-EDIT" TriggerText="EDIT_TEXTITEM;" DisplayInKeyboardHelp="true"/>
      <Trigger Name="KEY-ENTER" TriggerText="null;" DisplayInKeyboardHelp="true"/>
      <Trigger Name="KEY-ENTQRY" TriggerText="enter_query;" DisplayInKeyboardHelp="true"/>
      <Trigger Name="KEY-EXEQRY" TriggerText="execute_query;" DisplayInKeyboardHelp="true"/>
      <Trigger Name="KEY-EXIT" TriggerText="--&amp;#10;-- fires when form is exited&amp;#10;--&amp;#10;-- Date&#x9;&#x9;by &#x9;&#x9;change&amp;#10;-- 10/1994&#x9;David Massie&#x9;Creation&amp;#10;-- 1995&#x9;&#x9;Nagy Tharwat&#x9;Upgrade to v9 - moved code into library procedure&amp;#10;-- 2/5/1996&#x9;Steve Pusey&#x9;Upgrade to V10 &amp;#10;--&#x9;&#x9;&#x9;&#x9;- removed code to check for system.mode = 'ENTER-QUERY', I can't&amp;#10;--&#x9;&#x9;&#x9;&#x9;- see why this code is not in the library !&amp;#10;--&amp;#10;BEGIN&amp;#10;   &amp;#10;  oasis_exit_form;&amp;#10;&amp;#10;END;" DisplayInKeyboardHelp="true"/>
      <Trigger Name="KEY-HELP" TriggerText="GET_HELP;" DisplayInKeyboardHelp="true"/>
      <Trigger Name="KEY-LISTVAL" TriggerText="list_values;" DisplayInKeyboardHelp="true"/>
      <Trigger Name="KEY-NEXT-ITEM" TriggerText="replace_t_with_current_date;&amp;#10;next_item;" DisplayInKeyboardHelp="true"/>
      <Trigger Name="KEY-NXTREC" TriggerText="next_record;" DisplayInKeyboardHelp="true"/>
      <Trigger Name="KEY-NXTSET" TriggerText="next_set;" DisplayInKeyboardHelp="true"/>
      <Trigger Name="KEY-OTHERS" TriggerText="NULL;" DisplayInKeyboardHelp="true"/>
      <Trigger Name="KEY-PREV-ITEM" TriggerText="replace_t_with_current_date;&amp;#10;PREVIOUS_ITEM;" DisplayInKeyboardHelp="true"/>
      <Trigger Name="KEY-PRINT" TriggerText="print;" DisplayInKeyboardHelp="true"/>
      <Trigger Name="KEY-PRVREC" TriggerText="PREVIOUS_RECORD;" DisplayInKeyboardHelp="true"/>
      <Trigger Name="KEY-SCRDOWN" TriggerText="SCROLL_DOWN;" DisplayInKeyboardHelp="true"/>
      <Trigger Name="KEY-SCRUP" TriggerText="SCROLL_UP;" DisplayInKeyboardHelp="true"/>
      <Trigger Name="KEY-UP" TriggerText="UP;" DisplayInKeyboardHelp="true"/>
      <Trigger Name="WHEN-MOUSE-ENTER" DirtyInfo="true" TriggerText="sqa_mouse_handler;"/>
      <Trigger Name="WHEN-WINDOW-RESIZED" DirtyInfo="true" TriggerText="sqa_evt_handler;"/>
      <Trigger Name="WHEN-CUSTOM-ITEM-EVENT" DirtyInfo="true" TriggerText="If :system.custom_item_event = 'TIMEOUT' then&amp;#10;  Process_timeout; --call the procedure in stdlib&amp;#10;End if;&amp;#10;"/>
      <VisualAttribute Name="PINKBACK_VA" ParentModule="PAS_OLD" ParentModuleType="25" ParentName="PINKBACK_VA" ParentFilename="PAS_OLD.olb" DirtyInfo="true" ParentType="39"/>
      <VisualAttribute Name="GREYBACK_VA" ParentModule="PAS_OLD" ParentModuleType="25" ParentName="GREYBACK_VA" ParentFilename="PAS_OLD.olb" DirtyInfo="true" ParentType="39"/>
      <VisualAttribute Name="LBLUEBACK_VA" ParentModule="PAS_OLD" ParentModuleType="25" ParentName="LBLUEBACK_VA" ParentFilename="PAS_OLD.olb" DirtyInfo="true" ParentType="39"/>
      <VisualAttribute Name="AMBERBACK_VA" ParentModule="PAS_OLD" ParentModuleType="25" ParentName="AMBERBACK_VA" ParentFilename="PAS_OLD.olb" DirtyInfo="true" ParentType="39"/>
      <VisualAttribute Name="GREENBACK_VA" ParentModule="PAS_OLD" ParentModuleType="25" ParentName="GREENBACK_VA" ParentFilename="PAS_OLD.olb" DirtyInfo="true" ParentType="39"/>
      <VisualAttribute Name="REDBACK_VA" ParentModule="PAS_OLD" ParentModuleType="25" ParentName="REDBACK_VA" ParentFilename="PAS_OLD.olb" DirtyInfo="true" ParentType="39"/>
      <VisualAttribute Name="DISP_TRAFFIC_AMBER_BTN" ParentModule="PAS_OLD" ParentModuleType="25" ParentName="DISP_TRAFFIC_AMBER_BTN" ParentFilename="PAS_OLD.olb" DirtyInfo="true" ParentType="39"/>
      <VisualAttribute Name="DISP_TRAFFIC_GREEN_BTN" ParentModule="PAS_OLD" ParentModuleType="25" ParentName="DISP_TRAFFIC_GREEN_BTN" ParentFilename="PAS_OLD.olb" DirtyInfo="true" ParentType="39"/>
      <VisualAttribute Name="DISP_TRAFFIC_RED_BTN" ParentModule="PAS_OLD" ParentModuleType="25" ParentName="DISP_TRAFFIC_RED_BTN" ParentFilename="PAS_OLD.olb" DirtyInfo="true" ParentType="39"/>
      <VisualAttribute Name="DEFAULT_ATTRIBUTE" BackColor="white" FontName="Arial" FontSize="900" FontStyle="Plain" FontWeight="Bold" FontSpacing="Normal" ForegroundColor="blue" FillPattern="transparent"/>
      <VisualAttribute Name="BACKGROUND_CANVAS_BLUE" ParentModule="PAS_OLD" ParentModuleType="25" ParentName="BACKGROUND_CANVAS_BLUE" ParentFilename="PAS_OLD.olb" DirtyInfo="true" ParentType="39"/>
      <VisualAttribute Name="BACKGROUND_CANVAS" ParentModule="PAS_OLD" ParentModuleType="25" ParentName="BACKGROUND_CANVAS_BLUE" ParentFilename="PAS_OLD.olb" DirtyInfo="true" ParentType="39"/>
      <VisualAttribute Name="TEXT_ITEM_BPT" ParentModule="PAS_OLD" ParentModuleType="25" ParentName="TEXT_ITEM_BPT" ParentFilename="PAS_OLD.olb" DirtyInfo="true" ParentType="39"/>
      <VisualAttribute Name="TEXT_ITEM_BPT_GREY" ParentModule="PAS_OLD" ParentModuleType="25" ParentName="TEXT_ITEM_BPT_GREY" ParentFilename="PAS_OLD.olb" DirtyInfo="true" ParentType="39"/>
      <VisualAttribute Name="TEXT_ITEM_VA" ParentModule="PAS_OLD" ParentModuleType="25" ParentName="TEXT_ITEM_VA" ParentFilename="PAS_OLD.olb" DirtyInfo="true" ParentType="39"/>
      <VisualAttribute Name="CURR_ITEM_VA" ParentModule="PAS_OLD" ParentModuleType="25" ParentName="CURR_ITEM_VA" ParentFilename="PAS_OLD.olb" DirtyInfo="true" ParentType="39"/>
      <VisualAttribute Name="SOLID_GREY_VA" ParentModule="PAS_OLD" ParentModuleType="25" ParentName="SOLID_GREY_VA" ParentFilename="PAS_OLD.olb" DirtyInfo="true" ParentType="39"/>
      <VisualAttribute Name="DISP_RED" ParentModule="PAS_OLD" ParentModuleType="25" ParentName="DISP_RED" ParentFilename="PAS_OLD.olb" DirtyInfo="true" ParentType="39"/>
      <VisualAttribute Name="DISP_RED2" ParentModule="PAS_OLD" ParentModuleType="25" ParentName="DISP_RED2" ParentFilename="PAS_OLD.olb" DirtyInfo="true" ParentType="39"/>
      <VisualAttribute Name="DISP_GREEN" ParentModule="PAS_OLD" ParentModuleType="25" ParentName="DISP_GREEN" ParentFilename="PAS_OLD.olb" DirtyInfo="true" ParentType="39"/>
      <VisualAttribute Name="DISP_GREEN2" ParentModule="PAS_OLD" ParentModuleType="25" ParentName="DISP_GREEN2" ParentFilename="PAS_OLD.olb" DirtyInfo="true" ParentType="39"/>
      <VisualAttribute Name="SOLID_BLUE_VA" ParentModule="PAS_OLD" ParentModuleType="25" ParentName="SOLID_BLUE_VA" ParentFilename="PAS_OLD.olb" DirtyInfo="true" ParentType="39"/>
      <VisualAttribute Name="SOLID_PINK_VA" ParentModule="PAS_OLD" ParentModuleType="25" ParentName="SOLID_PINK_VA" ParentFilename="PAS_OLD.olb" DirtyInfo="true" ParentType="39"/>
      <VisualAttribute Name="WEB_BTN" BackColor="white" FontName="Arial" FontSize="900" FontStyle="Plain" FontWeight="Medium" FontSpacing="Normal"/>
      <VisualAttribute Name="TEXT_ITEM_VA_LOV" ParentModule="PAS_OLD" ParentModuleType="25" ParentName="TEXT_ITEM_VA_LOV" ParentFilename="PAS_OLD.olb" DirtyInfo="true" ParentType="39"/>
      <VisualAttribute Name="WEB_TEXT_BUTTON" ParentModule="PAS_CUI" ParentModuleType="25" ParentName="WEB_TEXT_BUTTON" ParentFilename="PAS_CUI.olb" DirtyInfo="true" ParentType="39"/>
      <VisualAttribute Name="WEB_TEXT_BUTTON_CLICK" ParentModule="PAS_CUI" ParentModuleType="25" ParentName="WEB_TEXT_BUTTON_CLICK" ParentFilename="PAS_CUI.olb" DirtyInfo="true" ParentType="39"/>
      <VisualAttribute Name="WEB_BPT_WINGDINGS" BackColor="white" FontName="Wingdings" FontSize="1400" FontStyle="Plain" FontWeight="Medium" FontSpacing="Normal" ForegroundColor="Top Blue"/>
      <VisualAttribute Name="V7_VA_TOOLTIP" BackColor="r100g100b88" FontName="Arial" FontSize="900" FontStyle="Plain" DirtyInfo="true" FontWeight="Medium" FontSpacing="Normal" ForegroundColor="Black"/>
      <VisualAttribute Name="MENU_TEXT_ITEMS" BackColor="Side Green" FontName="Arial" VisualAttributeType="Common" FontSize="900" DirtyInfo="true" FontWeight="Bold" ForegroundColor="darkcyan"/>
      <VisualAttribute Name="MENU_TEXT_ITEMS_INV" BackColor="darkcyan" FontName="Arial" VisualAttributeType="Common" FontSize="900" DirtyInfo="true" FontWeight="Bold" ForegroundColor="Side Green"/>
      <VisualAttribute Name="MENU_PROMPT" VisualAttributeType="Prompt" PromptForegroundColor="darkgray" DirtyInfo="true" PromptFontName="Arial" PromptFontSize="900" PromptFontStyle="Plain" PromptFontWeight="Bold" PromptFontSpacing="Normal"/>
      <VisualAttribute Name="SECTION_TITLE_VA" ParentModule="PAS_CUI" ParentModuleType="25" ParentName="SECTION_TITLE_VA" ParentFilename="PAS_CUI.olb" DirtyInfo="true" ParentType="39"/>
      <VisualAttribute Name="FORM_TITLE_VA" ParentModule="PAS_CUI" ParentModuleType="25" ParentName="FORM_TITLE_VA" ParentFilename="PAS_CUI.olb" DirtyInfo="true" ParentType="39"/>
      <VisualAttribute Name="BACKGROUND_LINK_BOX_VA" ParentModule="PAS_CUI" ParentModuleType="25" ParentName="BACKGROUND_LINK_BOX_VA" ParentFilename="PAS_CUI.olb" DirtyInfo="true" ParentType="39"/>
      <VisualAttribute Name="MENU_TEXT_ITEMS_VA" ParentModule="PAS_CUI" ParentModuleType="25" ParentName="MENU_TEXT_ITEMS_VA" ParentFilename="PAS_CUI.olb" DirtyInfo="true" ParentType="39"/>
      <Window Name="MAIN_FORM_WINDOW" ShowHorizontalScrollbar="false" ClearAllowed="true" MinimizeAllowed="true" Title="Template Form - Root Window Title" Width="755" InheritMenu="true" WindowStyle="Document" ResizeAllowed="false" PrimaryCanvas="CNV_CONTENT" HideOnExit="false" XPosition="0" YPosition="0" Bevel="None" MaximizeAllowed="true" DirtyInfo="true" VisualAttributeName="DEFAULT" Modal="false" MoveAllowed="true" ShowVerticalScrollbar="false" Height="480"/>
      <Window Name="REPORT_WINDOW" ShowHorizontalScrollbar="false" Width="443" WindowStyle="Dialog" PrimaryCanvas="" ParentModule="ONCRCATA" XPosition="55" ParentModuleType="12" YPosition="80" ParentName="WINDOW_CLASS" DirtyInfo="true" VisualAttributeName="DEFAULT" ParentType="29" ShowVerticalScrollbar="false" Height="171"/>
      <Window Name="WND_HIDE" Width="540" Height="324"/>
      <ObjectGroup Name="KEY_TRIGGERS" DirtyInfo="true" ObjectGroupType="22">
         <ObjectGroupChild Name="KEY-CLRBLK" Type="Trigger"/>
         <ObjectGroupChild Name="KEY-CLRREC" Type="Trigger"/>
         <ObjectGroupChild Name="KEY-COMMIT" Type="Trigger"/>
         <ObjectGroupChild Name="KEY-CQUERY" Type="Trigger"/>
         <ObjectGroupChild Name="KEY-CREREC" Type="Trigger"/>
         <ObjectGroupChild Name="KEY-DELREC" Type="Trigger"/>
         <ObjectGroupChild Name="KEY-DOWN" Type="Trigger"/>
         <ObjectGroupChild Name="KEY-DUP-ITEM" Type="Trigger"/>
         <ObjectGroupChild Name="KEY-DUPREC" Type="Trigger"/>
         <ObjectGroupChild Name="KEY-EDIT" Type="Trigger"/>
         <ObjectGroupChild Name="KEY-ENTER" Type="Trigger"/>
         <ObjectGroupChild Name="KEY-ENTQRY" Type="Trigger"/>
         <ObjectGroupChild Name="KEY-EXEQRY" Type="Trigger"/>
         <ObjectGroupChild Name="KEY-LISTVAL" Type="Trigger"/>
         <ObjectGroupChild Name="KEY-NEXT-ITEM" Type="Trigger"/>
         <ObjectGroupChild Name="KEY-NXTREC" Type="Trigger"/>
         <ObjectGroupChild Name="KEY-NXTSET" Type="Trigger"/>
         <ObjectGroupChild Name="KEY-OTHERS" Type="Trigger"/>
         <ObjectGroupChild Name="KEY-PREV-ITEM" Type="Trigger"/>
         <ObjectGroupChild Name="KEY-PRINT" Type="Trigger"/>
         <ObjectGroupChild Name="KEY-PRVREC" Type="Trigger"/>
         <ObjectGroupChild Name="KEY-SCRDOWN" Type="Trigger"/>
         <ObjectGroupChild Name="KEY-SCRUP" Type="Trigger"/>
         <ObjectGroupChild Name="KEY-UP" Type="Trigger"/>
      </ObjectGroup>
      <ObjectGroup Name="ABOUT_FORM_PARAMETERS" DirtyInfo="true" ObjectGroupType="22">
         <ObjectGroupChild Name="P_TEMPLATE" Type="ModuleParameter"/>
         <ObjectGroupChild Name="P_VERSION" Type="ModuleParameter"/>
         <ObjectGroupChild Name="P_DATE" Type="ModuleParameter"/>
      </ObjectGroup>
      <ObjectGroup Name="ON_TRIGGERS" DirtyInfo="true" ObjectGroupType="22">
         <ObjectGroupChild Name="ON-MESSAGE" Type="Trigger"/>
         <ObjectGroupChild Name="ON-ERROR" Type="Trigger"/>
      </ObjectGroup>
      <ObjectGroup Name="ACTIONS_OG" ParentModule="PAS_CUI" ParentModuleType="25" ParentName="ACTIONS_OG" ParentFilename="PAS_CUI.olb" DirtyInfo="true" ParentType="23">
         <ObjectGroupChild Name="C_ACTIONS" SubclassSubObject="true"/>
         <ObjectGroupChild Name="C_BASE" SubclassSubObject="true"/>
         <ObjectGroupChild Name="C_FUNCTIONS" SubclassSubObject="true"/>
         <ObjectGroupChild Name="MENU_CANVAS_CLASS" SubclassSubObject="true"/>
         <ObjectGroupChild Name="MENU_CANVAS_VA" SubclassSubObject="true"/>
         <ObjectGroupChild Name="MENU_ITEM_CLASS" SubclassSubObject="true"/>
         <ObjectGroupChild Name="TOP_MENU" SubclassSubObject="true"/>
         <ObjectGroupChild Name="LT_TOOLBAR_MAIN" SubclassSubObject="true"/>
         <ObjectGroupChild Name="HCI_UPGRADE" SubclassSubObject="true"/>
         <ObjectGroupChild Name="HCI_UPGRADE" SubclassSubObject="true"/>
         <ObjectGroupChild Name="LHM_RESET_CANVAS_STACK" SubclassSubObject="true"/>
         <ObjectGroupChild Name="LOCAL_RESET_CANVAS_STACK" SubclassSubObject="true"/>
      </ObjectGroup>
      <ObjectGroup Name="PATIENT_BANNER_OG" ParentModule="PAS_CUI" ParentModuleType="25" ParentName="PATIENT_BANNER_OG" ParentFilename="PAS_CUI.olb" DirtyInfo="true" ParentType="23">
         <ObjectGroupChild Name="P_PATIENT_BANNER_VERSION" SubclassSubObject="true"/>
         <ObjectGroupChild Name="B_PATIENT_BANNER" SubclassSubObject="true"/>
         <ObjectGroupChild Name="TOOLBAR_CANVAS" SubclassSubObject="true"/>
         <ObjectGroupChild Name="TOOLBAR_CANVAS_CLASS" SubclassSubObject="true"/>
         <ObjectGroupChild Name="PB_ZONE_2_CANVAS" SubclassSubObject="true"/>
         <ObjectGroupChild Name="IMAGE_BUTTON_CLASS" SubclassSubObject="true"/>
         <ObjectGroupChild Name="PATIENT_BANNER_ITEM_CLASS" SubclassSubObject="true"/>
         <ObjectGroupChild Name="CUI_TOOLTIP_VA" SubclassSubObject="true"/>
         <ObjectGroupChild Name="PATIENT_BANNER_ALIVE" SubclassSubObject="true"/>
         <ObjectGroupChild Name="PATIENT_BANNER_ALIVE_SMALL" SubclassSubObject="true"/>
         <ObjectGroupChild Name="PATIENT_BANNER_ALIVE_BIG" SubclassSubObject="true"/>
         <ObjectGroupChild Name="PATIENT_BANNER_ALIVE_LABEL" SubclassSubObject="true"/>
         <ObjectGroupChild Name="PATIENT_BANNER_ALIVE_LINK" SubclassSubObject="true"/>
         <ObjectGroupChild Name="PATIENT_BANNER_DEAD" SubclassSubObject="true"/>
         <ObjectGroupChild Name="PATIENT_BANNER_DEAD_SMALL" SubclassSubObject="true"/>
         <ObjectGroupChild Name="PATIENT_BANNER_DEAD_BIG" SubclassSubObject="true"/>
         <ObjectGroupChild Name="PATIENT_BANNER_DEAD_LABEL" SubclassSubObject="true"/>
         <ObjectGroupChild Name="PATIENT_BANNER_DEAD_LINK" SubclassSubObject="true"/>
         <ObjectGroupChild Name="PATIENT_BANNER" SubclassSubObject="true"/>
         <ObjectGroupChild Name="PATIENT_BANNER" SubclassSubObject="true"/>
      </ObjectGroup>
   </FormModule>
</Module>
