<?xml version = '1.0' encoding = 'UTF-8'?>
<Module version="122010300" xmlns="http://xmlns.oracle.com/Forms">
   <FormModule Name="ONCRBRCH" ValidationUnit="Default" FirstNavigationBlockName="B_REPORT" HorizontalToolbarCanvas=" " ConsoleWindow="MAIN_FORM_WINDOW" MenuModule="OASIS" CursorMode="Open" InitializeMenu="DEFAULTMENUAPP" Use3dControls="true" RuntimeComp="5.0" DirtyInfo="true" MouseNavigationLimit="Form" SavepointMode="true">
      <Coordinate CharacterCellWidth="7" RealUnit="Point" DefaultFontScaling="false" CharacterCellHeight="16" CoordinateSystem="Real"/>
      <Alert Name="ONE_BTN_ALERT" DirtyInfo="true" Button1Label="OK" VisualAttributeName="DEFAULT" Button2Label="" DefaultAlertButton="Button 1" AlertStyle="Note"/>
      <Alert Name="TWO_BTN_ALERT" DirtyInfo="true" Button1Label="Yes" VisualAttributeName="DEFAULT" Button2Label="No" DefaultAlertButton="Button 1" AlertStyle="Note"/>
      <Alert Name="THREE_BTN_ALERT" DirtyInfo="true" Button1Label="Yes" VisualAttributeName="DEFAULT" Button2Label="No" Button3Label="Cancel" DefaultAlertButton="Button 1" AlertStyle="Note"/>
      <Alert Name="STANDARD_ALERT" DirtyInfo="true" Button1Label="OK" VisualAttributeName="DEFAULT" Button2Label="" DefaultAlertButton="Button 1" AlertStyle="Note"/>
      <Alert Name="WARNING_ALERT" DirtyInfo="true" Button1Label="OK" VisualAttributeName="DEFAULT" Button2Label="" DefaultAlertButton="Button 1" AlertStyle="Note"/>
      <Alert Name="ERROR_ALERT" DirtyInfo="true" Button1Label="OK" VisualAttributeName="DEFAULT" Button2Label="" DefaultAlertButton="Button 1" AlertStyle="Note"/>
      <Alert Name="QUESTION_ALERT" DirtyInfo="true" Button1Label="Yes" VisualAttributeName="DEFAULT" Button2Label="No" DefaultAlertButton="Button 1" AlertStyle="Note"/>
      <Block Name="CONTROL" RecordsBufferedCount="0" RecordsDisplayCount="1" RecordsFetchedCount="1" EnforcedColumnSecurity="false" InsertAllowed="false" EnforcedPrimaryKey="false" RecordOrientation="Vertical" UpdateAllowed="false" DeleteAllowed="false" DirtyInfo="true" VisualAttributeName="DEFAULT" KeyMode="Unique" DatabaseBlock="false" QueryDataSourceType="None" QueryAllowed="false" LockMode="Immediate" DMLDataType="None" NavigationStyle="Same Record" ShowScrollbar="false">
         <Item Name="TIMEOUT" DirtyInfo="true" TabPageName="" Width="0" CanvasName="CNV_CONTENT" ItemType="Bean Area" ImplementationClass="com.capula.eoasis.Timeout" Height="0"/>
      </Block>
      <Block Name="TEXT" RecordsBufferedCount="0" RecordsDisplayCount="1" RecordsFetchedCount="0" WhereClause="" EnforcedColumnSecurity="false" InsertAllowed="true" EnforcedPrimaryKey="false" RecordOrientation="Vertical" UpdateAllowed="true" DMLDataName="" DeleteAllowed="true" QueryDataSourceName="" DirtyInfo="true" VisualAttributeName="DEFAULT" KeyMode="Unique" DatabaseBlock="false" QueryDataSourceType="None" QueryAllowed="true" LockMode="Immediate" DMLDataType="None" NavigationStyle="Same Record" ShowScrollbar="false">
         <Item Name="FUNCTION_ID" ValidateFromList="false" LovXPosition="0" Justification="Left" LovYPosition="0" ListStyle="Poplist" Width="36" MaximumLength="6" WrapStyle="Word" AutoSkip="false" CompressionQuality="None" XPosition="108" YPosition="35" DatabaseItem="true" Bevel="Plain" AutoHint="false" MouseNavigate="true" MultiLine="false" CaseInsensitiveQuery="false" KeyboardNavigable="true" CaseRestriction="Mixed" CheckBoxOtherValues="Not Allowed" PrimaryKey="false" DefaultButton="false" QueryAllowed="true" Visible="true" QueryLength="6" DisplayQuality="High" EditXPosition="0" EditYPosition="0" Enabled="true" DistanceBetweenRecords="4364" FixedLength="false" Required="true" Height="14" ConcealData="false" Hint="Enter value for : FUNCTION_ID" SizingStyle="Crop" ShowHorizontalScrollbar="false" Iconic="false" InsertAllowed="true" ItemType="Display Item" DataType="Number" UpdateAllowed="true" UpdateIfNull="false" KeepCursorPosition="false" VisualAttributeName="DEFAULT" Label="Function Id" LockRecord="false" ShowVerticalScrollbar="false" TooltipVisualAttributeGroup="V7_VA_TOOLTIP"/>
         <Item Name="LANGUAGE_ID" ValidateFromList="false" LovXPosition="0" Justification="Left" LovYPosition="0" ListStyle="Poplist" Width="24" MaximumLength="4" WrapStyle="Word" AutoSkip="false" CompressionQuality="None" XPosition="576" YPosition="35" DatabaseItem="true" Bevel="Plain" AutoHint="false" MouseNavigate="true" MultiLine="false" CaseInsensitiveQuery="false" KeyboardNavigable="true" CaseRestriction="Mixed" CheckBoxOtherValues="Not Allowed" PrimaryKey="false" DefaultButton="false" QueryAllowed="true" Visible="true" QueryLength="4" DisplayQuality="High" EditXPosition="0" EditYPosition="0" Enabled="true" DistanceBetweenRecords="4364" FixedLength="false" Required="true" Height="14" ConcealData="false" Hint="Enter value for : LANGUAGE_ID" SizingStyle="Crop" ShowHorizontalScrollbar="false" Iconic="false" InsertAllowed="true" ItemType="Display Item" DataType="Number" UpdateAllowed="true" UpdateIfNull="false" KeepCursorPosition="false" VisualAttributeName="DEFAULT" Label="Language Id" LockRecord="false" ShowVerticalScrollbar="false" TooltipVisualAttributeGroup="V7_VA_TOOLTIP"/>
         <Item Name="CONTROL_ITEM" ValidateFromList="false" LovXPosition="0" Justification="Left" LovYPosition="0" ListStyle="Poplist" Width="0" MaximumLength="1" WrapStyle="Word" AutoSkip="false" BackColor="white" CompressionQuality="None" XPosition="16" YPosition="10" DatabaseItem="false" Bevel="Plain" AutoHint="false" MouseNavigate="true" CanvasName="TOOLBAR_CANVAS" MultiLine="false" CaseInsensitiveQuery="false" KeyboardNavigable="true" CaseRestriction="Mixed" CheckBoxOtherValues="Not Allowed" Comment="This item is created as a hidden enterable field to allow the query on this block to operate" PrimaryKey="false" DirtyInfo="true" DefaultButton="false" QueryAllowed="true" Visible="true" QueryLength="1" DisplayQuality="High" EditXPosition="0" EditYPosition="0" Enabled="true" DistanceBetweenRecords="0" FillPattern="transparent" FixedLength="false" Required="false" FontName="Fixedsys" FontSize="900" FontStyle="Plain" FontWeight="Demilight" FontSpacing="Normal" ForegroundColor="black" Height="0" ConcealData="false" SizingStyle="Crop" ShowHorizontalScrollbar="false" Iconic="false" InsertAllowed="true" ItemType="Text Item" DataType="Char" UpdateAllowed="true" UpdateIfNull="false" KeepCursorPosition="false" LockRecord="false" ShowVerticalScrollbar="false" TooltipVisualAttributeGroup="V7_VA_TOOLTIP"/>
         <Item Name="BPT_1" ValidateFromList="false" EditXPosition="0" LovXPosition="0" EditYPosition="0" Justification="Start" LovYPosition="0" Enabled="true" ListStyle="Poplist" Width="90" FixedLength="false" WrapStyle="Word" AutoSkip="false" CompressionQuality="None" XPosition="105" Required="false" YPosition="102" AutoHint="false" MouseNavigate="true" CanvasName="CNV_CONTENT" MultiLine="false" CaseInsensitiveQuery="false" KeyboardNavigable="true" CaseRestriction="Mixed" ParentType="29" CheckBoxOtherValues="Not Allowed" ConcealData="false" SizingStyle="Crop" ShowHorizontalScrollbar="false" Iconic="false" TabPageName="" InsertAllowed="true" UpdateAllowed="true" ParentModule="ONCRBRCH" UpdateIfNull="false" ParentModuleType="12" ParentName="BPT_GREY_CLASS" DirtyInfo="true" KeepCursorPosition="false" DefaultButton="false" QueryAllowed="true" QueryLength="80" LockRecord="false" DisplayQuality="High" ShowVerticalScrollbar="false" TooltipVisualAttributeGroup="V7_VA_TOOLTIP"/>
         <Item Name="BPT_2" ValidateFromList="false" EditXPosition="0" LovXPosition="0" EditYPosition="0" Justification="Start" LovYPosition="0" Enabled="true" ListStyle="Poplist" Width="90" FixedLength="false" WrapStyle="Word" AutoSkip="false" CompressionQuality="None" XPosition="105" Required="false" YPosition="134" AutoHint="false" MouseNavigate="true" CanvasName="CNV_CONTENT" MultiLine="false" CaseInsensitiveQuery="false" KeyboardNavigable="true" CaseRestriction="Mixed" ParentType="29" CheckBoxOtherValues="Not Allowed" ConcealData="false" SizingStyle="Crop" ShowHorizontalScrollbar="false" Iconic="false" TabPageName="" InsertAllowed="true" ItemType="Display Item" UpdateAllowed="true" ParentModule="ONCRBRCH" UpdateIfNull="false" ParentModuleType="12" ParentName="BPT_GREY_CLASS" DirtyInfo="true" KeepCursorPosition="false" DefaultButton="false" QueryAllowed="true" Visible="true" QueryLength="80" LockRecord="false" DisplayQuality="High" ShowVerticalScrollbar="false" TooltipVisualAttributeGroup="V7_VA_TOOLTIP"/>
         <Item Name="BPT_3" ValidateFromList="false" EditXPosition="0" LovXPosition="0" EditYPosition="0" Justification="Start" LovYPosition="0" Enabled="true" ListStyle="Poplist" Width="90" FixedLength="false" WrapStyle="Word" AutoSkip="false" CompressionQuality="None" XPosition="105" Required="false" YPosition="118" AutoHint="false" MouseNavigate="true" CanvasName="CNV_CONTENT" MultiLine="false" CaseInsensitiveQuery="false" KeyboardNavigable="true" CaseRestriction="Mixed" ParentType="29" CheckBoxOtherValues="Not Allowed" ConcealData="false" SizingStyle="Crop" ShowHorizontalScrollbar="false" Iconic="false" TabPageName="" InsertAllowed="true" ItemType="Display Item" UpdateAllowed="true" ParentModule="ONCRBRCH" UpdateIfNull="false" ParentModuleType="12" ParentName="BPT_GREY_CLASS" DirtyInfo="true" KeepCursorPosition="false" DefaultButton="false" QueryAllowed="true" Visible="false" QueryLength="80" LockRecord="false" DisplayQuality="High" ShowVerticalScrollbar="false" TooltipVisualAttributeGroup="V7_VA_TOOLTIP"/>
         <Item Name="DSP_BREADCRUMB" Justification="Start" TabPageName="" Width="278" MaximumLength="4000" ItemType="Display Item" BackColor="white" XPosition="93" FontName="Arial" YPosition="27" DatabaseItem="false" Bevel="None" FontSize="1000" FontStyle="Italic" DirtyInfo="true" FontWeight="Bold" FontSpacing="Normal" ForegroundColor="darkcyan" CanvasName="CNV_HIDE" Visible="false" Height="15"/>
         <Trigger Name="WHEN-MOUSE-DOUBLECLICK" TriggerText="--&amp;#10;-- steve pusey 19/4/96&amp;#10;--&amp;#10;-- change value in current boilerplate text item&amp;#10;--&amp;#10;BEGIN&amp;#10;&amp;#10;  boilerplate.change_boilerplate;&amp;#10;&amp;#10;END;"/>
      </Block>
      <Block Name="B_REPORT" RecordsDisplayCount="1" DirtyInfo="true" VisualAttributeName="DEFAULT" DatabaseBlock="false" QueryDataSourceType="None" DMLDataType="None" RecordOrientation="Vertical" ShowScrollbar="false">
         <Item Name="REPORT_POPLIST" ShowHorizontalScrollbar="false" Justification="Start" TabPageName="" Width="433" MaximumLength="15" ItemType="List Item" InitializeValue="ONCBRCRR" OtherValues="ONCBRCRR" CompressionQuality="None" XPosition="210" Required="true" YPosition="101" DatabaseItem="false" Bevel="Plain" DirtyInfo="true" VisualAttributeName="TEXT_ITEM_VA" CanvasName="CNV_CONTENT" ListElementCount="1" ShowVerticalScrollbar="false" TooltipVisualAttributeGroup="V7_VA_TOOLTIP" Height="15">
            <ListItemElement Index="1" Name="&lt;list not populated>" Value="ONCBRCRR"/>
            <Trigger Name="WHEN-LIST-CHANGED" TriggerText="--&amp;#10;-- show/hide the date&amp;#10;--&amp;#10;-- date&#x9;&#x9;by&#x9;change&amp;#10;-- 18/03/1999&#x9;Steve&#x9;Created&amp;#10;--&amp;#10;BEGIN&amp;#10;&amp;#10;  IF :B_REPORT.REPORT_POPLIST = 'ONCBRDYR' THEN&amp;#10;    -- daily report show date&amp;#10;&amp;#10;&#x9;oasis_number_set_item_property ('B_REPORT.DATE', DISPLAYED, PROPERTY_ON);&amp;#10;&#x9;oasis_number_set_item_property ('B_REPORT.DATE', ENABLED, PROPERTY_ON);&amp;#10;&#x9;oasis_number_set_item_property ('B_REPORT.DATE', NAVIGABLE, PROPERTY_ON);&amp;#10;&amp;#10;&#x9;oasis_number_set_item_property ('B_REPORT.SYSCALEN_BTN', DISPLAYED, PROPERTY_ON);&amp;#10;&#x9;oasis_number_set_item_property ('B_REPORT.SYSCALEN_BTN', ENABLED, PROPERTY_ON);&amp;#10;&amp;#10;  oasis_number_set_item_property ('B_REPORT.FROM_NEXT_DAY1', DISPLAYED, PROPERTY_ON);&amp;#10;&#x9;oasis_number_set_item_property ('B_REPORT.FROM_NEXT_DAY1', ENABLED, PROPERTY_ON);&amp;#10;&#x9;&amp;#10;&#x9;oasis_number_set_item_property ('B_REPORT.FROM_LAST_DAY1', DISPLAYED, PROPERTY_ON);&amp;#10;&#x9;oasis_number_set_item_property ('B_REPORT.FROM_LAST_DAY1', ENABLED, PROPERTY_ON);&amp;#10;&amp;#10;&#x9;oasis_number_set_item_property ('TEXT.BPT_3', DISPLAYED, PROPERTY_ON);&amp;#10;&amp;#10;  ELSE&amp;#10;    -- hide date&amp;#10;&amp;#10;&#x9;oasis_number_set_item_property ('B_REPORT.DATE', DISPLAYED, PROPERTY_OFF);&amp;#10;&#x9;oasis_number_set_item_property ('B_REPORT.SYSCALEN_BTN', DISPLAYED, PROPERTY_OFF);&amp;#10;&amp;#10;  oasis_number_set_item_property ('B_REPORT.FROM_NEXT_DAY1', DISPLAYED, PROPERTY_OFF);&amp;#10;  oasis_number_set_item_property ('B_REPORT.FROM_LAST_DAY1', DISPLAYED, PROPERTY_OFF);&amp;#10;&amp;#10;&#x9;oasis_number_set_item_property ('TEXT.BPT_3', DISPLAYED, PROPERTY_OFF);&amp;#10;&amp;#10;  &amp;#10;&amp;#10;  END IF;&amp;#10;&amp;#10;END;"/>
         </Item>
         <Item Name="DATE" ShowHorizontalScrollbar="false" TabPageName="" ParentModule="ONCRBRCH" CompressionQuality="None" XPosition="210" ParentModuleType="12" YPosition="117" DatabaseItem="false" ParentName="CUI_DATE_INPUT" DirtyInfo="true" CanvasName="CNV_CONTENT" Visible="false" ParentType="29" ShowVerticalScrollbar="false">
            <Trigger Name="SYSCALEN_TRIGGER" TriggerText="--&amp;#10;-- call syscalen&amp;#10;--&amp;#10;-- date&#x9;&#x9;by&#x9;change&amp;#10;-- 18/03/1999&#x9;Steve&#x9;Created&amp;#10;--&amp;#10;DECLARE&amp;#10;&amp;#10;  v_date2&#x9;date;&amp;#10;  v_date3&#x9;date;&amp;#10;&amp;#10;BEGIN&amp;#10;&amp;#10;  oasis_syscalen_v2 (&amp;#10;&#x9;1,&amp;#10;&#x9;:B_REPORT.DATE,&amp;#10;&#x9;v_date2,&amp;#10;&#x9;v_date3,&amp;#10;&#x9;null,&amp;#10;&#x9;null,&amp;#10;&#x9;null&amp;#10;  );&amp;#10;&amp;#10;END;"/>
            <Trigger Name="PRE-TEXT-ITEM" TriggerText="display_item ('B_REPORT.DATE', 'TEXT_ITEM_VA');&amp;#10;"/>
            <Trigger Name="KEY-LISTVAL" TriggerText=":B_REPORT.DATE := sysdate;"/>
            <Trigger Name="WHEN-MOUSE-DOUBLECLICK" TriggerText="execute_trigger ('SYSCALEN_TRIGGER');"/>
         </Item>
         <Item Name="SYSCALEN_BTN" ShowHorizontalScrollbar="false" Iconic="true" IconFilename="b_diary" TabPageName="" Width="19" FillPattern="transparent" ItemType="Push Button" CompressionQuality="None" XPosition="275" YPosition="117" DatabaseItem="false" DirtyInfo="true" VisualAttributeName="WEB_BTN" Label="PUSH_BUTTON375" ForegroundColor="black" CanvasName="CNV_CONTENT" Visible="false" KeyboardNavigable="false" ShowVerticalScrollbar="false" TooltipVisualAttributeGroup="V7_VA_TOOLTIP" Height="14">
            <Trigger Name="WHEN-BUTTON-PRESSED" TriggerText="--&amp;#10;-- call syscalen&amp;#10;--&amp;#10;-- date&#x9;&#x9;by&#x9;change&amp;#10;-- 18/03/1999&#x9;Steve&#x9;Created&amp;#10;--&amp;#10;BEGIN&amp;#10;&amp;#10;  IF :SYSTEM.CURSOR_ITEM != 'B_REPORT.DATE' THEN&amp;#10;&#x9;go_item ('B_REPORT.DATE');&amp;#10;  END IF;&amp;#10;&amp;#10;  execute_trigger ('SYSCALEN_TRIGGER');&amp;#10;&amp;#10;END;"/>
         </Item>
         <Item Name="FROM_NEXT_DAY1" ShowHorizontalScrollbar="false" Iconic="true" IconFilename="b_diaryplus" Width="19" FillPattern="transparent" ItemType="Push Button" CompressionQuality="None" XPosition="295" YPosition="117" DirtyInfo="true" VisualAttributeName="WEB_BTN" Label="+" ForegroundColor="black" MouseNavigate="false" CanvasName="CNV_CONTENT" Visible="false" KeyboardNavigable="false" ShowVerticalScrollbar="false" TooltipVisualAttributeGroup="V7_VA_TOOLTIP" Height="14">
            <Trigger Name="WHEN-BUTTON-PRESSED" DirtyInfo="true" TriggerText="--&amp;#10;-- Increses the date_of_birth&amp;#10;--&amp;#10;-- Date &#x9;By &#x9;Change&amp;#10;-- 17/12/1997&#x9;Simon&#x9;Creation&amp;#10;--&amp;#10;BEGIN&amp;#10;  &amp;#10;  :B_REPORT.DATE := :B_REPORT.DATE + 1;&amp;#10;&amp;#10;END;&amp;#10;"/>
         </Item>
         <Item Name="FROM_LAST_DAY1" ShowHorizontalScrollbar="false" Iconic="true" IconFilename="b_diaryminus" Width="19" FillPattern="transparent" ItemType="Push Button" CompressionQuality="None" XPosition="315" YPosition="117" DirtyInfo="true" VisualAttributeName="WEB_BTN" Label="-" ForegroundColor="black" MouseNavigate="false" CanvasName="CNV_CONTENT" Visible="false" KeyboardNavigable="false" ShowVerticalScrollbar="false" TooltipVisualAttributeGroup="V7_VA_TOOLTIP" Height="14">
            <Trigger Name="WHEN-BUTTON-PRESSED" DirtyInfo="true" TriggerText="--&amp;#10;-- Decreses the date_of_birth&amp;#10;--&amp;#10;-- Date &#x9;By &#x9;Change&amp;#10;-- 17/12/1997&#x9;Simon&#x9;Creation&amp;#10;--&amp;#10;BEGIN&amp;#10;  &amp;#10;  :B_REPORT.DATE := :B_REPORT.DATE - 1;&amp;#10;&amp;#10;END;&amp;#10;"/>
         </Item>
         <Item Name="DESTINATION_POPLIST" ShowHorizontalScrollbar="false" Justification="Start" TabPageName="" Width="433" MaximumLength="15" ItemType="List Item" InitializeValue="PREVIEW" OtherValues="PREVIEW" CompressionQuality="None" XPosition="210" Required="true" YPosition="132" DatabaseItem="false" Bevel="Plain" DirtyInfo="true" VisualAttributeName="TEXT_ITEM_VA" CanvasName="CNV_CONTENT" ListElementCount="1" ShowVerticalScrollbar="false" TooltipVisualAttributeGroup="V7_VA_TOOLTIP" Height="15">
            <ListItemElement Index="1" Name="&lt;list not populated>" Value="PREVIEW"/>
         </Item>
         <Item Name="CANCEL_BTN" ShowHorizontalScrollbar="false" TabPageName="" CompressionQuality="None" XPosition="177" YPosition="76" DatabaseItem="false" DirtyInfo="true" VisualAttributeName="WEB_BTN" Label="PUSH_BUTTON340" CanvasName="CNV_HIDE" ShowVerticalScrollbar="false" TooltipVisualAttributeGroup="V7_VA_TOOLTIP">
            <Trigger Name="WHEN-BUTTON-PRESSED" TriggerText="--&amp;#10;-- close window&amp;#10;--&amp;#10;-- date&#x9;&#x9;by&#x9;change&amp;#10;-- 17/03/1999&#x9;Steve&#x9;Created&amp;#10;--&amp;#10;BEGIN&amp;#10;&amp;#10;  IF :SYSTEM.CURSOR_BLOCK != 'B_REPORT' THEN&amp;#10;&#x9;go_block ('B_REPORT');&amp;#10;  END IF;&amp;#10;&amp;#10;  do_key ('EXIT_FORM');&amp;#10;&amp;#10;END;"/>
         </Item>
         <Trigger Name="KEY-COMMIT" TriggerText="-- run report&amp;#10;-- date&#x9;&#x9;by&#x9;change&amp;#10;-- 18/03/1999&#x9;Steve&#x9;Created&amp;#10;DECLARE&amp;#10;  vd_sysdate DATE:=sysdate;&amp;#10;  REPID &#x9;&#x9;&#x9;REPORT_OBJECT;&amp;#10;&#x9;VC_PARAMETER_STRING&#x9;VARCHAR2(4000);&amp;#10;&#x9;VB_BOOLEAN&#x9;&#x9;BOOLEAN;&amp;#10;  &amp;#10;BEGIN&amp;#10;  validate (FORM_SCOPE); -- validate date formats etc&amp;#10;  if not FORM_SUCCESS then&amp;#10;    &#x9;raise form_trigger_failure;&amp;#10;  end if;&amp;#10;&amp;#10;  display_item ('B_REPORT.DATE', 'TEXT_ITEM_VA');&amp;#10;&amp;#10;  IF :B_REPORT.DATE is NULL THEN&amp;#10;&#x9;:B_REPORT.DATE := vd_sysdate - 1;&amp;#10;  END IF;&amp;#10;&amp;#10;/*  -- check if parameter list already exists - delete it if it does&amp;#10;    p_list_id := get_parameter_list ('REPORT_RG');&amp;#10;    if not id_null (p_list_id) then&amp;#10;      &#x9;destroy_parameter_list ('REPORT_RG');&amp;#10;    end if;&amp;#10;    -- create parameter list from values entered by user  &amp;#10;    p_list_id := create_parameter_list ('REPORT_RG');&amp;#10;*/&amp;#10;    vc_parameter_string := vc_parameter_string||' '|| OASIS_SET_REPORT_PARAMETER( 'P_DATE', to_char(:B_REPORT.DATE, :GLOBAL.DATE_MASK));&amp;#10;    vc_parameter_string := vc_parameter_string||' '|| OASIS_SET_REPORT_PARAMETER( 'P_DATETIME_MASK', :GLOBAL.DATETIME_MASK);&amp;#10;    vc_parameter_string := vc_parameter_string||' '|| OASIS_SET_REPORT_PARAMETER( 'P_DATE_MASK', :GLOBAL.DATE_MASK);&amp;#10;    vc_parameter_string := vc_parameter_string||' '|| OASIS_SET_REPORT_PARAMETER( 'P_HOSPITAL_ID', to_char(oaslogon_package.get_hospital_id));&amp;#10;--  vc_parameter_string := vc_parameter_string||' '|| OASIS_SET_REPORT_PARAMETER( 'DESTYPE', :B_REPORT.DESTINATION_POPLIST);&amp;#10;    vc_parameter_string := vc_parameter_string||' '|| OASIS_SET_REPORT_PARAMETER( 'PARAMFORM', 'NO');&amp;#10;&#x9;&amp;#10;    if :B_REPORT.DESTINATION_POPLIST not in ('SCREEN','PREVIEW') then&amp;#10;  &#x9;&#x9;REPID := FIND_REPORT_OBJECT(:B_REPORT.REPORT_POPLIST);&amp;#10;      --run_product(reports, :B_REPORT.REPORT_POPLIST,synchronous,batch,filesystem,p_list_id,null);&amp;#10;    else&amp;#10;    &#x9;REPID := FIND_REPORT_OBJECT(:B_REPORT.REPORT_POPLIST);&amp;#10;      --run_product(reports, :B_REPORT.REPORT_POPLIST, synchronous,runtime,filesystem,p_list_id,null);&amp;#10;    end if;&amp;#10;&amp;#10;&#x9;SET_REPORT_OBJECT_PROPERTY(REPID, REPORT_COMM_MODE, SYNCHRONOUS);&amp;#10;&#x9;SET_REPORT_OBJECT_PROPERTY(REPID, REPORT_OTHER, vc_parameter_string);&amp;#10;&#x9;EXECUTE_REPORT(REPID, :B_REPORT.DESTINATION_POPLIST);&amp;#10;END;"/>
         <Trigger Name="WHEN-CREATE-RECORD" TriggerText="--&amp;#10;-- set a default value for machine using GLOBAL.ASSET_NUMBER&amp;#10;--&amp;#10;-- date&#x9;&#x9;by&#x9;change&amp;#10;-- 18/03/1999&#x9;Steve&#x9;Created&amp;#10;--&amp;#10;BEGIN&amp;#10;&amp;#10;  :B_REPORT.DATE := sysdate - 1;&amp;#10;  display_item ('B_REPORT.DATE', 'DEFAULT_ATTRIBUTE');&amp;#10;&amp;#10;END;"/>
      </Block>
      <Block Name="BUTTONS" DirtyInfo="true" DatabaseBlock="false" ScrollbarWidth="14" ScrollbarLength="135">
         <Item Name="RUN_REPORT_BTN" ShowHorizontalScrollbar="false" Justification="Center" IconFilename="report" TabPageName="" Width="55" ItemType="Text Item" ParentModule="ONCRBRCH" CompressionQuality="None" XPosition="671" ParentModuleType="12" YPosition="366" DatabaseItem="false" ParentName="BUTTON_CLASS" Bevel="None" DirtyInfo="true" VisualAttributeName="WEB_TEXT_BUTTON" Label="PUSH_BUTTON338" CanvasName="CNV_CONTENT" KeyboardNavigable="false" ParentType="29" ShowVerticalScrollbar="false" TooltipVisualAttributeGroup="V7_VA_TOOLTIP" Height="13">
            <Trigger Name="WHEN-MOUSE-CLICK" DirtyInfo="true" TriggerText="--&amp;#10;-- run report&amp;#10;--&amp;#10;-- date&#x9;&#x9;by&#x9;change&amp;#10;-- 17/03/1999&#x9;Steve&#x9;Created&amp;#10;--&amp;#10;BEGIN&amp;#10;  oasis_when_mouse_click.when_mouse_click;&amp;#10;  IF :SYSTEM.CURSOR_BLOCK != 'B_REPORT' THEN&amp;#10;&#x9;go_block ('B_REPORT');&amp;#10;  END IF;&amp;#10;&amp;#10;  do_key ('COMMIT_FORM');&amp;#10;&amp;#10;END;"/>
         </Item>
         <Trigger Name="WHEN-MOUSE-DOWN" DirtyInfo="true" TriggerText="SET_ITEM_PROPERTY(:SYSTEM.TRIGGER_ITEM,VISUAL_ATTRIBUTE,'WEB_TEXT_BUTTON_CLICK');"/>
         <Trigger Name="WHEN-MOUSE-UP" DirtyInfo="true" TriggerText="SET_ITEM_PROPERTY(:SYSTEM.TRIGGER_ITEM, VISUAL_ATTRIBUTE, 'WEB_TEXT_BUTTON');&amp;#10;DEFAULT_VALUE(NULL,'GLOBAL.LAST_ITEM');&amp;#10;IF :global.last_item IS NOT NULL THEN&amp;#10;&#x9;GO_ITEM(:global.last_item);&amp;#10;END IF;"/>
         <Trigger Name="KEY-CLRBLK" DirtyInfo="true" TriggerText="NULL;"/>
         <Trigger Name="KEY-CLRREC" DirtyInfo="true" TriggerText="NULL;"/>
         <Trigger Name="KEY-CLRFRM" DirtyInfo="true" TriggerText="NULL;"/>
         <Trigger Name="KEY-DELREC" DirtyInfo="true" TriggerText="NULL;"/>
         <Trigger Name="KEY-ENTQRY" DirtyInfo="true" TriggerText="NULL;"/>
         <Trigger Name="KEY-EXEQRY" DirtyInfo="true" TriggerText="NULL;"/>
         <Trigger Name="KEY-CREREC" DirtyInfo="true" TriggerText="NULL;"/>
         <Trigger Name="KEY-NXTREC" DirtyInfo="true" TriggerText="NULL;"/>
         <Trigger Name="KEY-PRVREC" DirtyInfo="true" TriggerText="NULL;"/>
         <Trigger Name="KEY-SCRDOWN" DirtyInfo="true" TriggerText="NULL;"/>
         <Trigger Name="KEY-SCRUP" DirtyInfo="true" TriggerText="NULL;"/>
         <Trigger Name="KEY-DOWN" DirtyInfo="true" TriggerText="NULL;"/>
         <Trigger Name="KEY-UP" DirtyInfo="true" TriggerText="NULL;"/>
         <Trigger Name="WHEN-NEW-ITEM-INSTANCE" DirtyInfo="true" TriggerText="NULL; -- To ensure the form level trigger does not fire for the buttons"/>
      </Block>
      <Block Name="TITLES" DirtyInfo="true" ScrollbarWidth="14" ScrollbarLength="135">
         <Item Name="DSP_TITLE" Justification="Start" TabPageName="" Width="379" MaximumLength="30" ParentModule="ONCRBRCH" XPosition="105" ParentModuleType="12" YPosition="3" DatabaseItem="false" ParentName="FORM_TITLE_CLASS" DirtyInfo="true" CanvasName="CNV_CONTENT" ParentType="29"/>
      </Block>
      <Block Name="LT_FUNCTIONS" DirtyInfo="true" DatabaseBlock="false" ScrollbarWidth="14" ScrollbarLength="135">
         <Item Name="IMG_FUNCTIONS" Prompt="Functions" TabPageName="" PromptAttachmentOffset="36" PromptAlignOffset="0" PromptFontSize="900" Width="16" ItemType="Image" ImageFormat="BMP" XPosition="79" YPosition="0" DatabaseItem="false" Bevel="None" PromptForegroundColor="Allscripts Link Blue" DirtyInfo="true" VisualAttributeName="MENU_TEXT_ITEMS_VA" PromptFontName="Arial" PromptFontStyle="Plain" PromptFontWeight="Bold" PromptFontSpacing="Normal" Height="14">
            <Trigger Name="WHEN-MOUSE-CLICK" DirtyInfo="true" TriggerText="HCI_UPGRADE.functions_when_mouse_click;"/>
         </Item>
         <Item Name="NAVIGATE_BUTTON" Justification="Start" TabPageName="" DistanceBetweenRecords="0" Width="80" ItemType="Display Item" PopupMenuName="BOILER_PLATE" ParentModule="ONCRBRCH" XPosition="5" ParentModuleType="12" YPosition="18" DatabaseItem="false" ParentName="MENU_ITEM_CLASS" Bevel="None" FontStyle="Plain" DirtyInfo="true" FontSpacing="Normal" KeyboardNavigable="false" ParentType="29">
            <Trigger Name="WHEN-MOUSE-CLICK" DirtyInfo="true" TriggerText="--&amp;#10;-- Steve Pusey 15/4/96&amp;#10;--&amp;#10;-- toggle between navigation and default menus&amp;#10;--&amp;#10;BEGIN&amp;#10;&amp;#10;  oasis_menu.toggle_menu;&amp;#10;&amp;#10;END;"/>
         </Item>
         <Trigger Name="WHEN-NEW-BLOCK-INSTANCE" DirtyInfo="true" TriggerText="READ_IMAGE_FILE(hci_upgrade.g_image_directory || 'pas_expand_menu.gif', 'gif', 'LT_FUNCTIONS.IMG_FUNCTIONS');"/>
         <Trigger Name="WHEN-MOUSE-DOWN" DirtyInfo="true" TriggerText="SET_ITEM_PROPERTY(:SYSTEM.TRIGGER_ITEM,VISUAL_ATTRIBUTE,'WEB_TEXT_BUTTON_CLICK');"/>
         <Trigger Name="WHEN-MOUSE-UP" DirtyInfo="true" TriggerText="SET_ITEM_PROPERTY(:SYSTEM.TRIGGER_ITEM,VISUAL_ATTRIBUTE,'WEB_TEXT_BUTTON');"/>
         <Trigger Name="WHEN-NEW-ITEM-INSTANCE" DirtyInfo="true" TriggerText="NULL;"/>
      </Block>
      <Canvas Name="TOOLBAR_CANVAS" BackColor="patient_live_blue" Bevel="None" CanvasType="Horizontal Toolbar" Width="768" WindowName="MAIN_FORM_WINDOW" Height="64">
         <Graphics Name="BANNER_LINE" InternalLineWidth="227" Width="755" EdgeForegroundColor="gray16" EdgePattern="solid" JoinStyle="Bevel" XPosition="0" YPosition="63" GraphicsType="Line" HorizontalMargin="8" ScrollbarWidth="15" VerticalMargin="16" HorizontalObjectOffset="15" Height="0" StartPromptOffset="8"/>
      </Canvas>
      <Canvas Name="C_REPORT" ShowHorizontalScrollbar="false" Width="400" WindowName="W_REPORT" ParentModule="ONCRBRCH" ParentModuleType="12" ParentName="STACKED_CANVAS_CLASS" Bevel="None" DirtyInfo="true" DisplayViewport="true" ParentType="29" ShowVerticalScrollbar="false" Height="100" ViewportHeight="100" ViewportXPosition="98" ViewportWidth="400" ViewportYPosition="70"/>
      <Canvas Name="CNV_CONTENT" BackColor="white" Bevel="None" DirtyInfo="true" ForegroundColor="black" Width="755" WindowName="MAIN_FORM_WINDOW" Height="415" ViewportHeight="324" ViewportWidth="540"/>
      <Canvas Name="CNV_HIDE" Bevel="None" DirtyInfo="true" Width="800" Visible="false" WindowName="MAIN_FORM_WINDOW" Height="410" ViewportHeight="324" ViewportWidth="540"/>
      <ModuleParameter Name="P_TEMPLATE" DirtyInfo="true" Comment="Used by ABOUT_FORM window, the template used to create this form" ParameterInitializeValue="TEMPLATE_V11"/>
      <ModuleParameter Name="P_RELEASE" ParentModule="PAS_RELEASE" ParentModuleType="25" ParentName="P_RELEASE" ParentFilename="pas_release.olb" DirtyInfo="true" ParentFilepath="" ParentType="13"/>
      <ModuleParameter Name="P_VERSION" DirtyInfo="true" Comment="Used by ABOUT_FORM window, the form version, update after each update" ParameterInitializeValue="0"/>
      <ModuleParameter Name="P_DATE" DirtyInfo="true" Comment="Used by ABOUT_FORM window, the date the form was last updated, update after each update" ParameterInitializeValue="16-Jan-2017"/>
      <ModuleParameter Name="P_LOV_CODE" ParameterDataType="Number"/>
      <ModuleParameter Name="P_LOV_CODE_TYPE" ParameterDataType="Number"/>
      <ModuleParameter Name="P_LOV_USER_CODE" ParameterDataType="Char"/>
      <ModuleParameter Name="P_LOV_USER_CODE2" ParameterDataType="Char"/>
      <ModuleParameter Name="P_LOV_DESCRIPTION" ParameterDataType="Char"/>
      <ModuleParameter Name="P_LOV_DESCRIPTION2" ParameterDataType="Char"/>
      <ModuleParameter Name="API_VERSION" ParameterInitializeValue="V2.3"/>
      <ModuleParameter Name="P_BREADCRUMB"/>
      <LOV Name="EQUIPMENT_ASSETS_LOV" XPosition="100" YPosition="90" DirtyInfo="true" VisualAttributeName="TEXT_ITEM_VA_LOV" Width="400" RecordGroupName="EQUIPMENT_ASSETS_LOV" FilterBeforeDisplay="true" Height="300">
         <LOVColumnMapping Name="DESCRIPTION" ReturnItem="PARAMETER.P_LOV_DESCRIPTION" Title="Asset" DisplayWidth="270"/>
         <LOVColumnMapping Name="ASSET_NUMBER" ReturnItem="PARAMETER.P_LOV_USER_CODE" Title="Asset_Number" DisplayWidth="200"/>
      </LOV>
      <Menu Name="BOILER_PLATE" DirtyInfo="true">
         <MenuItem Name="CHANGE_PROMPT" DirtyInfo="true" Label="Change Prompt" MenuItemCode="message('Change Boilerplate prompt');pause;"/>
      </Menu>
      <ProgramUnit Name="INIT_FORM" ProgramUnitText="PACKAGE BODY init_form IS&amp;#10;--&amp;#10;-- steve pusey 2/5/1996&amp;#10;--&amp;#10;-- program units to initialise form&amp;#10;--&amp;#10;-- add code to init_form and init_format_masks program units, add other init procs to the&amp;#10;-- init_form procedure, for example if you write a procedure called init_toolbar then add &amp;#10;-- this to the init_form procedure. The init_form procedure is called from the &amp;#10;-- WHEN-NEW-FORM-INSTANCE trigger&amp;#10;--&amp;#10;&amp;#10;---------------------------------------------------------------------------------------&amp;#10;-- INTERNAL PACKAGE VARIABLES &amp;#10;---------------------------------------------------------------------------------------&amp;#10;&amp;#10;---------------------------------------------------------------------------------------&amp;#10;-- INTERNAL PROGRAM UNITS (DECLARATION)&amp;#10;---------------------------------------------------------------------------------------&amp;#10;&amp;#10;  procedure init_list_items;&amp;#10;  procedure init_format_masks;&amp;#10;&amp;#10;---------------------------------------------------------------------------------------&amp;#10;-- PROGRAM UNITS (CODE)&amp;#10;---------------------------------------------------------------------------------------&amp;#10;&amp;#10;-- ##########################################################################################&amp;#10;&amp;#10;  procedure init_list_items is&amp;#10;  --&amp;#10;  -- initialise list items&amp;#10;  --&amp;#10;  -- date&#x9;by&#x9;&#x9;change&amp;#10;  -- 2/5/1996   Steve Pusey&#x9;Creation of template procedure&amp;#10;  --&amp;#10;  BEGIN&amp;#10;&amp;#10;    -- cut &amp; paste this code&amp;#10;    -- populate_poplist_from_codes ('BLOCK.ITEM', &lt;CODE_TYPE>);&amp;#10;&amp;#10;&#x9;populate_poplist_from_codes ('B_REPORT.DESTINATION_POPLIST', 10008);&amp;#10;&#x9;populate_poplist_from_codes ('B_REPORT.REPORT_POPLIST', 10341);&amp;#10;  &amp;#10;  END init_list_items;&amp;#10;&amp;#10;-- ##########################################################################################&amp;#10;&amp;#10;  procedure init_format_masks is&amp;#10;  --&amp;#10;  -- set the format masks for date, datetime, and numeric items&amp;#10;  --&amp;#10;  -- date&#x9;by&#x9;&#x9;change&amp;#10;  -- 2/5/1996   Steve Pusey&#x9;Creation of template procedure&amp;#10;  --&amp;#10;  BEGIN&amp;#10;&amp;#10;    -- copy &amp; paste this line&amp;#10;    -- set_format_mask ('BLOCK.ITEM');&amp;#10;&#x9;set_format_mask ('B_REPORT.DATE');&amp;#10;   &amp;#10;  END init_format_masks;&amp;#10;&amp;#10;-- ##########################################################################################&amp;#10;&amp;#10;  procedure init_form is&amp;#10;  --&amp;#10;  -- initialise form&amp;#10;  --&amp;#10;  -- date&#x9;by&#x9;&#x9;change&amp;#10;  -- 2/5/1996   Steve Pusey&#x9;Creation of template procedure&amp;#10;  --&amp;#10;  BEGIN&amp;#10;&amp;#10;    &#x9;init_list_items;&amp;#10;    &#x9;init_format_masks;&amp;#10;&amp;#10;&#x9;IF nvl(get_application_property (CURRENT_FORM), 'MENU2000') = 'MENU2000' THEN&amp;#10;&#x9;  -- show blue background&amp;#10;&#x9;&#x9;show_window ('MAIN_FORM_WINDOW');&amp;#10;&#x9;END IF;&amp;#10;&amp;#10;  END init_form;&amp;#10;&amp;#10;-- ##########################################################################################&amp;#10;&amp;#10;END init_form;" ProgramUnitType="Package Body"/>
      <ProgramUnit Name="INIT_FORM" ProgramUnitText="PACKAGE init_form IS&amp;#10;--&amp;#10;-- steve pusey 2/5/1996&amp;#10;--&amp;#10;-- program units to initialise form&amp;#10;--&amp;#10;&amp;#10;---------------------------------------------------------------------------------------&amp;#10;-- EXTERNAL PACKAGE VARIABLES&amp;#10;---------------------------------------------------------------------------------------&amp;#10;&amp;#10;---------------------------------------------------------------------------------------&amp;#10;-- EXTERNAL PROGRAM UNITS (DECLARATION) &amp;#10;---------------------------------------------------------------------------------------&amp;#10;&amp;#10;  procedure init_form;&amp;#10;&amp;#10;END init_form;" ProgramUnitType="Package Spec"/>
      <PropertyClass Name="BUTTON_CLASS" ParentModule="PAS_OLD" ParentModuleType="25" ParentName="BUTTON_CLASS" ParentFilename="pas_old.olb" ParentFilepath="" ParentType="29"/>
      <PropertyClass Name="LOV_BUTTON_CLASS" ParentModule="PAS_OLD" ParentModuleType="25" ParentName="LOV_BUTTON_CLASS" ParentFilename="pas_old.olb" ParentFilepath="" ParentType="29"/>
      <PropertyClass Name="BPT_CLASS" ParentModule="PAS_OLD" ParentModuleType="25" ParentName="BPT_CLASS" ParentFilename="pas_old.olb" ParentFilepath="" ParentType="29"/>
      <PropertyClass Name="BPT_BLUE_CLASS" ParentModule="PAS_OLD" ParentModuleType="25" ParentName="BPT_BLUE_CLASS" ParentFilename="pas_old.olb" ParentFilepath="" ParentType="29"/>
      <PropertyClass Name="BPT_GREY_CLASS" ParentModule="PAS_OLD" ParentModuleType="25" ParentName="BPT_GREY_CLASS" ParentFilename="pas_old.olb" ParentFilepath="" ParentType="29"/>
      <PropertyClass Name="TEXT_ITEM_CLASS" ParentModule="PAS_OLD" ParentModuleType="25" ParentName="TEXT_ITEM_CLASS" ParentFilename="pas_old.olb" ParentFilepath="" ParentType="29"/>
      <PropertyClass Name="TEXT_ITEM_DATE_CLASS" ParentModule="PAS_OLD" ParentModuleType="25" ParentName="TEXT_ITEM_DATE_CLASS" ParentFilename="pas_old.olb" ParentFilepath="" ParentType="29"/>
      <PropertyClass Name="TEXT_ITEM_NUMBER_CLASS" ParentModule="PAS_OLD" ParentModuleType="25" ParentName="TEXT_ITEM_NUMBER_CLASS" ParentFilename="pas_old.olb" ParentFilepath="" ParentType="29"/>
      <PropertyClass Name="TEXT_ITEM_DATETIME_CLASS" ParentModule="PAS_OLD" ParentModuleType="25" ParentName="TEXT_ITEM_DATETIME_CLASS" ParentFilename="pas_old.olb" ParentFilepath="" ParentType="29"/>
      <PropertyClass Name="DISPLAY_ITEM_CLASS" ParentModule="PAS_OLD" ParentModuleType="25" ParentName="DISPLAY_ITEM_CLASS" ParentFilename="pas_old.olb" ParentFilepath="" ParentType="29"/>
      <PropertyClass Name="STACKED_CANVAS_CLASS" ParentModule="PAS_OLD" ParentModuleType="25" ParentName="STACKED_CANVAS_CLASS" ParentFilename="pas_old.olb" ParentFilepath="" ParentType="29"/>
      <PropertyClass Name="WINDOW_CLASS" ParentModule="PAS_OLD" ParentModuleType="25" ParentName="WINDOW_CLASS" ParentFilename="pas_old.olb" ParentFilepath="" ParentType="29"/>
      <PropertyClass Name="ID_CLASS" ParentModule="PAS_OLD" ParentModuleType="25" ParentName="ID_CLASS" ParentFilename="pas_old.olb" ParentFilepath="" ParentType="29"/>
      <PropertyClass Name="FORM_TITLE_CLASS" ParentModule="PAS_CUI" ParentModuleType="25" ParentName="FORM_TITLE_CLASS" ParentFilename="pas_cui.olb" DirtyInfo="true" ParentFilepath="" ItemType="Display Item" ParentType="29"/>
      <PropertyClass Name="SECTION_TITLE_CLASS" ParentModule="PAS_CUI" ParentModuleType="25" ParentName="SECTION_TITLE_CLASS" ParentFilename="pas_cui.olb" DirtyInfo="true" ParentFilepath="" ItemType="Display Item" ParentType="29"/>
      <PropertyClass Name="BACKGROUND_LINK_BOX_CLASS" ParentModule="PAS_CUI" ParentModuleType="25" ParentName="BACKGROUND_LINK_BOX_CLASS" ParentFilename="pas_cui.olb" DirtyInfo="true" ParentFilepath="" ParentType="29"/>
      <PropertyClass Name="CUI_DATE_INPUT" ParentModule="PAS_CUI" ParentModuleType="25" ParentName="CUI_DATE_INPUT" ParentFilename="pas_cui.olb" DirtyInfo="true" ParentFilepath="" ParentType="29"/>
      <PropertyClass Name="CUI_DATE_DISP" ParentModule="PAS_CUI" ParentModuleType="25" ParentName="CUI_DATE_DISP" ParentFilename="pas_cui.olb" DirtyInfo="true" ParentFilepath="" ParentType="29"/>
      <PropertyClass Name="CUI_DATETIME_INPUT" ParentModule="PAS_CUI" ParentModuleType="25" ParentName="CUI_DATETIME_INPUT" ParentFilename="pas_cui.olb" DirtyInfo="true" ParentFilepath="" ParentType="29"/>
      <PropertyClass Name="CUI_DATETIME_DISP" ParentModule="PAS_CUI" ParentModuleType="25" ParentName="CUI_DATETIME_DISP" ParentFilename="pas_cui.olb" DirtyInfo="true" ParentFilepath="" ParentType="29"/>
      <PropertyClass Name="MENU_ITEM_CLASS" ParentModule="PAS_CUI" ParentModuleType="25" ParentName="MENU_ITEM_CLASS" ParentFilename="pas_cui.olb" DirtyInfo="true" ParentFilepath="" ParentType="29"/>
      <RecordGroup Name="EQUIPMENT_ASSETS_LOV" RecordGroupFetchSize="0" RecordGroupQuery="select am.description, am.asset_number from am_a_m am where nvl(am.building_flag, 'N') = 'N'">
         <RecordGroupColumn Name="DESCRIPTION" ColumnDataType="Character" MaximumLength="50"/>
         <RecordGroupColumn Name="ASSET_NUMBER" ColumnDataType="Character" MaximumLength="14"/>
      </RecordGroup>
      <Report Name="ONCBRCRR" DirtyInfo="true" Filename="oncbrcrr.rep"/>
      <Report Name="ONCBRCR2" DirtyInfo="true" Filename="oncbrcr2.rep"/>
      <Trigger Name="WHEN-MOUSE-CLICK" TriggerText="--&amp;#10;-- call stdlib procedure to handle mouse click&amp;#10;-- N.B. standard left button click is not affected &amp;#10;--&amp;#10;-- date&#x9;&#x9;by&#x9;&#x9;change&amp;#10;-- 31-05-1996&#x9;Steve Pusey&#x9;Creation&amp;#10;--&amp;#10;BEGIN&amp;#10;&amp;#10;  oasis_when_mouse_click.when_mouse_click;&amp;#10;&amp;#10;END;"/>
      <Trigger Name="WHEN-NEW-ITEM-INSTANCE" TriggerText="/* This trigger activates the hint message for the associated item */&amp;#10;begin&amp;#10;  --display_text_hint;&amp;#10;  :global.last_item:=:system.trigger_item;&amp;#10;end;"/>
      <Trigger Name="WHEN-NEW-FORM-INSTANCE" TriggerText="--&amp;#10;-- fires when form is entered, PRE-FORM fires before this trigger&amp;#10;--&amp;#10;-- Date&#x9;&#x9;by &#x9;&#x9;change&amp;#10;-- 10/1994&#x9;David Massie&#x9;Creation&amp;#10;-- 1995&#x9;&#x9;Nagy Tharwat&#x9;Upgrade to v9 - moved code into library procedure&amp;#10;-- 2/5/1996&#x9;Steve Pusey&#x9;Upgrade to V10 &amp;#10;--&#x9;&#x9;&#x9;&#x9;- versions into oasis_new_form_instance&amp;#10;--&#x9;&#x9;&#x9;&#x9;- Tidied code and added comments&amp;#10;--&amp;#10;&amp;#10;DECLARE&amp;#10;&amp;#10;  v_error_no             number(4); -- returned from oasis_new_form_instance&amp;#10;&amp;#10;BEGIN&amp;#10;&amp;#10;  -- version 2 form (gets bpt and window titles fromm files)&amp;#10;  oasis_new_form_instance_v2(v_error_no, 2); &amp;#10;&amp;#10;  if v_error_no > 0 then&amp;#10;    display_alert ('ERROR_ALERT', v_error_no);&amp;#10;    exit_form (NO_VALIDATE);&amp;#10;  end if;&amp;#10;&amp;#10;-- *** Insert additional code into init_form package ***&amp;#10;&amp;#10;  init_form.init_form;&amp;#10;  hci_upgrade.pr_initialise_images;&amp;#10;&amp;#10;END;"/>
      <Trigger Name="ON-MESSAGE" TriggerText="--&amp;#10;-- steve pusey 19/4/96&amp;#10;--&amp;#10;BEGIN&amp;#10;&amp;#10;  oasis_standard_procs.on_message;&amp;#10;&amp;#10;END;"/>
      <Trigger Name="ON-ERROR" TriggerText="--&amp;#10;-- steve pusey 19/4/96&amp;#10;--&amp;#10;BEGIN&amp;#10;&amp;#10;  oasis_standard_procs.on_error;&amp;#10;&amp;#10;END;"/>
      <Trigger Name="WHEN-WINDOW-CLOSED" DirtyInfo="true" TriggerText="/* This trigger ensures proper navigation when a window is closed using the windows close function */&amp;#10;begin&amp;#10;  :GLOBAL.WINDOW_NAME := get_view_property(get_item_property(:SYSTEM.CURSOR_ITEM,&amp;#10;     item_canvas), window_name);&amp;#10;  hide_window(:GLOBAL.WINDOW_NAME);&amp;#10;  erase('GLOBAL.WINDOW_NAME');&amp;#10;end;&amp;#10;"/>
      <Trigger Name="PRE_BLOCK" FireInQuery="true" TriggerText="/* This trigger resets the 40352_count global to allow the Last line of query message to be displayed */&amp;#10;begin&amp;#10;  :GLOBAL.40352_COUNT := 0;&amp;#10;end;" DisplayInKeyboardHelp="false"/>
      <Trigger Name="WHEN-TIMER-EXPIRED" TriggerText="Button_Hint;"/>
      <Trigger Name="PRE_QUERY" FireInQuery="true" TriggerText="/* This trigger resets the 40352_count global to allow the Last line of query message to be displayed */&amp;#10;begin&amp;#10;  :GLOBAL.40352_COUNT := 0;&amp;#10;end;" DisplayInKeyboardHelp="false"/>
      <Trigger Name="POST-FORM" DirtyInfo="true" TriggerText="/* This trigger clears the Global variables used within the form */&amp;#10;begin&amp;#10;  sqa_exit_handler;&amp;#10;  erase('GLOBAL.ROOT_WINDOW_NAME');&amp;#10;  erase('global.last_item');&amp;#10;  &amp;#10;end;&amp;#10;"/>
      <Trigger Name="EASY_BUTTON_TRIGGER" TriggerText="NULL;"/>
      <Trigger Name="DRILLDN_BUTTON_TRIGGER" TriggerText="NULL;"/>
      <Trigger Name="KEY-CLRFRM" ParentModule="PAS_CUI" ParentModuleType="25" ParentName="KEY-CLRFRM" ParentFilename="pas_cui.olb" ParentFilepath="" ParentType="37"/>
      <Trigger Name="KEY-CLRREC" TriggerText="clear_record;" DisplayInKeyboardHelp="true"/>
      <Trigger Name="KEY-CLRBLK" TriggerText="clear_block;" DisplayInKeyboardHelp="true"/>
      <Trigger Name="KEY-COMMIT" TriggerText="commit_form;" DisplayInKeyboardHelp="true"/>
      <Trigger Name="KEY-CQUERY" TriggerText="count_query;" DisplayInKeyboardHelp="true"/>
      <Trigger Name="KEY-CREREC" TriggerText="create_record;" DisplayInKeyboardHelp="true"/>
      <Trigger Name="KEY-DELREC" TriggerText="null;" DisplayInKeyboardHelp="true"/>
      <Trigger Name="KEY-DOWN" TriggerText="down;" DisplayInKeyboardHelp="true"/>
      <Trigger Name="KEY-DUP-ITEM" KeyboardHelpText="Record Error" TriggerText="--&amp;#10;-- steve pusey 22/4/96&amp;#10;--&amp;#10;BEGIN&amp;#10;&amp;#10;  oasis_standard_procs.key_dupitem_trigger;&amp;#10;&amp;#10;END;" DisplayInKeyboardHelp="true"/>
      <Trigger Name="KEY-DUPREC" TriggerText="duplicate_record;" DisplayInKeyboardHelp="true"/>
      <Trigger Name="KEY-EDIT" TriggerText="EDIT_TEXTITEM;" DisplayInKeyboardHelp="true"/>
      <Trigger Name="KEY-ENTER" TriggerText="null;" DisplayInKeyboardHelp="true"/>
      <Trigger Name="KEY-ENTQRY" TriggerText="enter_query;" DisplayInKeyboardHelp="true"/>
      <Trigger Name="KEY-EXEQRY" TriggerText="execute_query;" DisplayInKeyboardHelp="true"/>
      <Trigger Name="KEY-EXIT" TriggerText="--&amp;#10;-- fires when form is exited&amp;#10;--&amp;#10;-- Date&#x9;&#x9;by &#x9;&#x9;change&amp;#10;-- 10/1994&#x9;David Massie&#x9;Creation&amp;#10;-- 1995&#x9;&#x9;Nagy Tharwat&#x9;Upgrade to v9 - moved code into library procedure&amp;#10;-- 2/5/1996&#x9;Steve Pusey&#x9;Upgrade to V10 &amp;#10;--&#x9;&#x9;&#x9;&#x9;- removed code to check for system.mode = 'ENTER-QUERY', I can't&amp;#10;--&#x9;&#x9;&#x9;&#x9;- see why this code is not in the library !&amp;#10;--&amp;#10;BEGIN&amp;#10;   &amp;#10;  oasis_exit_form;&amp;#10;&amp;#10;END;" DisplayInKeyboardHelp="true"/>
      <Trigger Name="KEY-HELP" TriggerText="GET_HELP;" DisplayInKeyboardHelp="true"/>
      <Trigger Name="KEY-LISTVAL" TriggerText="list_values;" DisplayInKeyboardHelp="true"/>
      <Trigger Name="KEY-NEXT-ITEM" TriggerText="replace_t_with_current_date;&amp;#10;next_item;" DisplayInKeyboardHelp="true"/>
      <Trigger Name="KEY-NXTREC" TriggerText="next_record;" DisplayInKeyboardHelp="true"/>
      <Trigger Name="KEY-NXTSET" TriggerText="next_set;" DisplayInKeyboardHelp="true"/>
      <Trigger Name="KEY-OTHERS" TriggerText="NULL;" DisplayInKeyboardHelp="true"/>
      <Trigger Name="KEY-PREV-ITEM" TriggerText="replace_t_with_current_date;&amp;#10;PREVIOUS_ITEM;" DisplayInKeyboardHelp="true"/>
      <Trigger Name="KEY-PRINT" TriggerText="print;" DisplayInKeyboardHelp="true"/>
      <Trigger Name="KEY-PRVREC" TriggerText="PREVIOUS_RECORD;" DisplayInKeyboardHelp="true"/>
      <Trigger Name="KEY-SCRDOWN" TriggerText="SCROLL_DOWN;" DisplayInKeyboardHelp="true"/>
      <Trigger Name="KEY-SCRUP" TriggerText="SCROLL_UP;" DisplayInKeyboardHelp="true"/>
      <Trigger Name="KEY-UP" TriggerText="UP;" DisplayInKeyboardHelp="true"/>
      <Trigger Name="WHEN-MOUSE-ENTER" DirtyInfo="true" TriggerText="sqa_mouse_handler;"/>
      <Trigger Name="WHEN-WINDOW-RESIZED" DirtyInfo="true" TriggerText="sqa_evt_handler;"/>
      <Trigger Name="WHEN-CUSTOM-ITEM-EVENT" DirtyInfo="true" TriggerText="If :system.custom_item_event = 'TIMEOUT' then&amp;#10;  Process_timeout; --call the procedure in stdlib&amp;#10;End if;&amp;#10;"/>
      <VisualAttribute Name="TEXT_ITEM_VA_LOV" DirtyInfo="true"/>
      <VisualAttribute Name="PINKBACK_VA" ParentModule="PAS_OLD" ParentModuleType="25" ParentName="PINKBACK_VA" ParentFilename="pas_old.olb" ParentFilepath="" ParentType="39"/>
      <VisualAttribute Name="GREYBACK_VA" ParentModule="PAS_OLD" ParentModuleType="25" ParentName="GREYBACK_VA" ParentFilename="pas_old.olb" ParentFilepath="" ParentType="39"/>
      <VisualAttribute Name="LBLUEBACK_VA" ParentModule="PAS_OLD" ParentModuleType="25" ParentName="LBLUEBACK_VA" ParentFilename="pas_old.olb" ParentFilepath="" ParentType="39"/>
      <VisualAttribute Name="AMBERBACK_VA" ParentModule="PAS_OLD" ParentModuleType="25" ParentName="AMBERBACK_VA" ParentFilename="pas_old.olb" ParentFilepath="" ParentType="39"/>
      <VisualAttribute Name="GREENBACK_VA" ParentModule="PAS_OLD" ParentModuleType="25" ParentName="GREENBACK_VA" ParentFilename="pas_old.olb" ParentFilepath="" ParentType="39"/>
      <VisualAttribute Name="REDBACK_VA" ParentModule="PAS_OLD" ParentModuleType="25" ParentName="REDBACK_VA" ParentFilename="pas_old.olb" ParentFilepath="" ParentType="39"/>
      <VisualAttribute Name="DISP_TRAFFIC_AMBER_BTN" ParentModule="PAS_OLD" ParentModuleType="25" ParentName="DISP_TRAFFIC_AMBER_BTN" ParentFilename="pas_old.olb" ParentFilepath="" ParentType="39"/>
      <VisualAttribute Name="DISP_TRAFFIC_GREEN_BTN" ParentModule="PAS_OLD" ParentModuleType="25" ParentName="DISP_TRAFFIC_GREEN_BTN" ParentFilename="pas_old.olb" ParentFilepath="" ParentType="39"/>
      <VisualAttribute Name="DISP_TRAFFIC_RED_BTN" ParentModule="PAS_OLD" ParentModuleType="25" ParentName="DISP_TRAFFIC_RED_BTN" ParentFilename="pas_old.olb" ParentFilepath="" ParentType="39"/>
      <VisualAttribute Name="DEFAULT_ATTRIBUTE" BackColor="gray8" FontName="Arial" FontSize="900" FontStyle="Plain" DirtyInfo="true" FontWeight="Medium" FontSpacing="Normal" ForegroundColor="Black" FillPattern="transparent"/>
      <VisualAttribute Name="BACKGROUND_CANVAS_BLUE" ParentModule="PAS_OLD" ParentModuleType="25" ParentName="BACKGROUND_CANVAS_BLUE" ParentFilename="pas_old.olb" ParentFilepath="" ParentType="39"/>
      <VisualAttribute Name="BACKGROUND_CANVAS" ParentModule="PAS_OLD" ParentModuleType="25" ParentName="BACKGROUND_CANVAS" ParentFilename="pas_old.olb" ParentFilepath="" ParentType="39"/>
      <VisualAttribute Name="TEXT_ITEM_BPT" ParentModule="PAS_OLD" ParentModuleType="25" ParentName="TEXT_ITEM_BPT" ParentFilename="pas_old.olb" DirtyInfo="true" ParentFilepath="" ParentType="39"/>
      <VisualAttribute Name="TEXT_ITEM_BPT_GREY" ParentModule="PAS_OLD" ParentModuleType="25" ParentName="TEXT_ITEM_BPT_GREY" ParentFilename="pas_old.olb" DirtyInfo="true" ParentFilepath="" ParentType="39"/>
      <VisualAttribute Name="TEXT_ITEM_VA" ParentModule="PAS_OLD" ParentModuleType="25" ParentName="TEXT_ITEM_VA" ParentFilename="pas_old.olb" DirtyInfo="true" ParentFilepath="" ParentType="39"/>
      <VisualAttribute Name="CURR_ITEM_VA" ParentModule="PAS_OLD" ParentModuleType="25" ParentName="CURR_ITEM_VA" ParentFilename="pas_old.olb" ParentFilepath="" ParentType="39"/>
      <VisualAttribute Name="SOLID_GREY_VA" ParentModule="PAS_OLD" ParentModuleType="25" ParentName="SOLID_GREY_VA" ParentFilename="pas_old.olb" ParentFilepath="" ParentType="39"/>
      <VisualAttribute Name="DISP_RED" ParentModule="PAS_OLD" ParentModuleType="25" ParentName="DISP_RED" ParentFilename="pas_old.olb" ParentFilepath="" ParentType="39"/>
      <VisualAttribute Name="DISP_RED2" ParentModule="PAS_OLD" ParentModuleType="25" ParentName="DISP_RED2" ParentFilename="pas_old.olb" ParentFilepath="" ParentType="39"/>
      <VisualAttribute Name="DISP_GREEN" ParentModule="PAS_OLD" ParentModuleType="25" ParentName="DISP_GREEN" ParentFilename="pas_old.olb" ParentFilepath="" ParentType="39"/>
      <VisualAttribute Name="DISP_GREEN2" ParentModule="PAS_OLD" ParentModuleType="25" ParentName="DISP_GREEN2" ParentFilename="pas_old.olb" ParentFilepath="" ParentType="39"/>
      <VisualAttribute Name="SOLID_BLUE_VA" ParentModule="PAS_OLD" ParentModuleType="25" ParentName="SOLID_BLUE_VA" ParentFilename="pas_old.olb" ParentFilepath="" ParentType="39"/>
      <VisualAttribute Name="SOLID_PINK_VA" ParentModule="PAS_OLD" ParentModuleType="25" ParentName="SOLID_PINK_VA" ParentFilename="pas_old.olb" ParentFilepath="" ParentType="39"/>
      <VisualAttribute Name="WEB_BTN" BackColor="white" FontName="Arial" FontSize="900" FontStyle="Plain" FontWeight="Medium" FontSpacing="Normal"/>
      <VisualAttribute Name="WEB_TEXT_BUTTON" ParentModule="PAS_CUI" ParentModuleType="25" ParentName="WEB_TEXT_BUTTON" ParentFilename="pas_cui.olb" DirtyInfo="true" ParentFilepath="" ParentType="39"/>
      <VisualAttribute Name="WEB_TEXT_BUTTON_CLICK" ParentModule="PAS_CUI" ParentModuleType="25" ParentName="WEB_TEXT_BUTTON_CLICK" ParentFilename="pas_cui.olb" ParentFilepath="" ParentType="39"/>
      <VisualAttribute Name="WEB_BPT_WINGDINGS" BackColor="white" FontName="Wingdings" FontSize="1400" FontStyle="Plain" FontWeight="Medium" FontSpacing="Normal" ForegroundColor="Top Blue"/>
      <VisualAttribute Name="V7_VA_TOOLTIP" BackColor="r100g100b88" FontName="Arial" FontSize="900" FontStyle="Plain" DirtyInfo="true" FontWeight="Medium" FontSpacing="Normal" ForegroundColor="Black"/>
      <VisualAttribute Name="MENU_TEXT_ITEMS" BackColor="Side Green" FontName="Arial" VisualAttributeType="Common" FontSize="900" DirtyInfo="true" FontWeight="Bold" ForegroundColor="darkcyan"/>
      <VisualAttribute Name="MENU_TEXT_ITEMS_INV" BackColor="darkcyan" FontName="Arial" VisualAttributeType="Common" FontSize="900" DirtyInfo="true" FontWeight="Bold" ForegroundColor="Side Green"/>
      <VisualAttribute Name="MENU_PROMPT" VisualAttributeType="Prompt" PromptForegroundColor="darkgray" DirtyInfo="true" PromptFontName="Arial" PromptFontSize="900" PromptFontStyle="Plain" PromptFontWeight="Bold" PromptFontSpacing="Normal"/>
      <VisualAttribute Name="FORM_TITLE_VA" ParentModule="PAS_CUI" ParentModuleType="25" ParentName="FORM_TITLE_VA" ParentFilename="pas_cui.olb" DirtyInfo="true" ParentFilepath="" ParentType="39"/>
      <VisualAttribute Name="SECTION_TITLE_VA" ParentModule="PAS_CUI" ParentModuleType="25" ParentName="SECTION_TITLE_VA" ParentFilename="pas_cui.olb" DirtyInfo="true" ParentFilepath="" ParentType="39"/>
      <VisualAttribute Name="BACKGROUND_LINK_BOX_VA" ParentModule="PAS_CUI" ParentModuleType="25" ParentName="BACKGROUND_LINK_BOX_VA" ParentFilename="pas_cui.olb" DirtyInfo="true" ParentFilepath="" ParentType="39"/>
      <VisualAttribute Name="CUI_TOOLTIP_VA" ParentModule="PAS_CUI" ParentModuleType="25" ParentName="CUI_TOOLTIP_VA" ParentFilename="pas_cui.olb" DirtyInfo="true" ParentFilepath="" ParentType="39"/>
      <VisualAttribute Name="MENU_TEXT_ITEMS_VA" ParentModule="PAS_CUI" ParentModuleType="25" ParentName="MENU_TEXT_ITEMS_VA" ParentFilename="pas_cui.olb" DirtyInfo="true" ParentFilepath="" ParentType="39"/>
      <Window Name="MAIN_FORM_WINDOW" ShowHorizontalScrollbar="false" HorizontalToolbarCanvasName="TOOLBAR_CANVAS" ClearAllowed="true" MinimizeAllowed="true" Title="Template Form - Root Window Title" Width="755" InheritMenu="true" WindowStyle="Document" ResizeAllowed="true" PrimaryCanvas="CNV_CONTENT" HideOnExit="false" XPosition="0" YPosition="0" Bevel="None" MaximizeAllowed="true" DirtyInfo="true" VisualAttributeName="DEFAULT" Modal="false" MoveAllowed="true" ShowVerticalScrollbar="false" Height="480"/>
      <Window Name="W_REPORT" ShowHorizontalScrollbar="false" Width="400" WindowStyle="Dialog" ParentModule="ONCRBRCH" XPosition="100" ParentModuleType="12" YPosition="150" ParentName="WINDOW_CLASS" VisualAttributeName="DEFAULT" ParentType="29" ShowVerticalScrollbar="false" Height="100"/>
      <ObjectGroup Name="ACTIONS_OG" ParentModule="PAS_CUI" ParentModuleType="25" ParentName="ACTIONS_OG" ParentFilename="PAS_CUI.olb" DirtyInfo="true" ParentType="23">
         <ObjectGroupChild Name="C_ACTIONS" SubclassSubObject="true"/>
         <ObjectGroupChild Name="C_BASE" SubclassSubObject="true"/>
         <ObjectGroupChild Name="C_FUNCTIONS" SubclassSubObject="true"/>
         <ObjectGroupChild Name="MENU_CANVAS_CLASS" SubclassSubObject="true"/>
         <ObjectGroupChild Name="MENU_CANVAS_VA" SubclassSubObject="true"/>
         <ObjectGroupChild Name="MENU_ITEM_CLASS" SubclassSubObject="true"/>
         <ObjectGroupChild Name="TOP_MENU" SubclassSubObject="true"/>
         <ObjectGroupChild Name="LT_TOOLBAR_MAIN" SubclassSubObject="true"/>
         <ObjectGroupChild Name="HCI_UPGRADE" SubclassSubObject="true"/>
         <ObjectGroupChild Name="HCI_UPGRADE" SubclassSubObject="true"/>
         <ObjectGroupChild Name="LHM_RESET_CANVAS_STACK" SubclassSubObject="true"/>
         <ObjectGroupChild Name="LOCAL_RESET_CANVAS_STACK" SubclassSubObject="true"/>
      </ObjectGroup>
      <ObjectGroup Name="KEY_TRIGGERS" ObjectGroupType="22">
         <ObjectGroupChild Name="KEY-CLRFRM" Type="Trigger"/>
         <ObjectGroupChild Name="KEY-CLRBLK" Type="Trigger"/>
         <ObjectGroupChild Name="KEY-CLRREC" Type="Trigger"/>
         <ObjectGroupChild Name="KEY-COMMIT" Type="Trigger"/>
         <ObjectGroupChild Name="KEY-CQUERY" Type="Trigger"/>
         <ObjectGroupChild Name="KEY-CREREC" Type="Trigger"/>
         <ObjectGroupChild Name="KEY-DELREC" Type="Trigger"/>
         <ObjectGroupChild Name="KEY-DOWN" Type="Trigger"/>
         <ObjectGroupChild Name="KEY-DUP-ITEM" Type="Trigger"/>
         <ObjectGroupChild Name="KEY-DUPREC" Type="Trigger"/>
         <ObjectGroupChild Name="KEY-EDIT" Type="Trigger"/>
         <ObjectGroupChild Name="KEY-ENTER" Type="Trigger"/>
         <ObjectGroupChild Name="KEY-ENTQRY" Type="Trigger"/>
         <ObjectGroupChild Name="KEY-EXEQRY" Type="Trigger"/>
         <ObjectGroupChild Name="KEY-LISTVAL" Type="Trigger"/>
         <ObjectGroupChild Name="KEY-NEXT-ITEM" Type="Trigger"/>
         <ObjectGroupChild Name="KEY-NXTREC" Type="Trigger"/>
         <ObjectGroupChild Name="KEY-NXTSET" Type="Trigger"/>
         <ObjectGroupChild Name="KEY-OTHERS" Type="Trigger"/>
         <ObjectGroupChild Name="KEY-PREV-ITEM" Type="Trigger"/>
         <ObjectGroupChild Name="KEY-PRINT" Type="Trigger"/>
         <ObjectGroupChild Name="KEY-PRVREC" Type="Trigger"/>
         <ObjectGroupChild Name="KEY-SCRDOWN" Type="Trigger"/>
         <ObjectGroupChild Name="KEY-SCRUP" Type="Trigger"/>
         <ObjectGroupChild Name="KEY-UP" Type="Trigger"/>
      </ObjectGroup>
      <ObjectGroup Name="ABOUT_FORM_PARAMETERS" ObjectGroupType="22">
         <ObjectGroupChild Name="P_TEMPLATE" Type="ModuleParameter"/>
         <ObjectGroupChild Name="P_VERSION" Type="ModuleParameter"/>
         <ObjectGroupChild Name="P_DATE" Type="ModuleParameter"/>
      </ObjectGroup>
      <ObjectGroup Name="ON_TRIGGERS" ObjectGroupType="22">
         <ObjectGroupChild Name="ON-MESSAGE" Type="Trigger"/>
         <ObjectGroupChild Name="ON-ERROR" Type="Trigger"/>
      </ObjectGroup>
   </FormModule>
</Module>
