<?xml version = '1.0' encoding = 'UTF-8'?>
<Module version="122010300" xmlns="http://xmlns.oracle.com/Forms">
   <FormModule Name="OPDDETS" ValidationUnit="Default" FirstNavigationBlockName="OPD_DETAILS" HorizontalToolbarCanvas=" " ConsoleWindow="MAIN_FORM_WINDOW" MenuModule="OASIS" CursorMode="Open" InitializeMenu="DEFAULTMENUAPP" Use3dControls="true" RuntimeComp="5.0" DirtyInfo="true" MouseNavigationLimit="Form" SavepointMode="true">
      <Coordinate CharacterCellWidth="7" RealUnit="Point" DefaultFontScaling="false" CharacterCellHeight="16" CoordinateSystem="Real"/>
      <Alert Name="STANDARD_ALERT" DirtyInfo="true" Button1Label="OK" VisualAttributeName="DEFAULT" Button2Label="" DefaultAlertButton="Button 1" AlertStyle="Note"/>
      <Alert Name="WARNING_ALERT" DirtyInfo="true" Button1Label="OK" VisualAttributeName="DEFAULT" Button2Label="" DefaultAlertButton="Button 1" AlertStyle="Note"/>
      <Alert Name="ERROR_ALERT" DirtyInfo="true" Button1Label="OK" VisualAttributeName="DEFAULT" Button2Label="" DefaultAlertButton="Button 1" AlertStyle="Note"/>
      <Alert Name="QUESTION_ALERT" DirtyInfo="true" Button1Label="Yes" VisualAttributeName="DEFAULT" Button2Label="No" DefaultAlertButton="Button 1" AlertStyle="Note"/>
      <Block Name="CONTROL" RecordsBufferedCount="0" RecordsDisplayCount="1" RecordsFetchedCount="1" EnforcedColumnSecurity="false" InsertAllowed="false" EnforcedPrimaryKey="false" RecordOrientation="Vertical" UpdateAllowed="false" DeleteAllowed="false" DirtyInfo="true" VisualAttributeName="DEFAULT" KeyMode="Unique" DatabaseBlock="false" QueryDataSourceType="None" QueryAllowed="false" LockMode="Immediate" DMLDataType="None" NavigationStyle="Same Record" ShowScrollbar="false">
         <Item Name="TIMEOUT" DatabaseItem="false" Bevel="None" DirtyInfo="true" TabPageName="" Width="0" MouseNavigate="false" CanvasName="TOOLBAR_CANVAS" ItemType="Bean Area" KeyboardNavigable="false" ImplementationClass="com.capula.eoasis.Timeout" Height="0"/>
      </Block>
      <Block Name="TEXT" RecordsBufferedCount="0" RecordsDisplayCount="1" RecordsFetchedCount="0" WhereClause="" EnforcedColumnSecurity="false" InsertAllowed="true" EnforcedPrimaryKey="false" RecordOrientation="Vertical" UpdateAllowed="true" DMLDataName="" DeleteAllowed="true" QueryDataSourceName="" DirtyInfo="true" VisualAttributeName="DEFAULT" KeyMode="Unique" DatabaseBlock="false" QueryDataSourceType="None" QueryAllowed="true" LockMode="Immediate" DMLDataType="None" NavigationStyle="Same Record" ShowScrollbar="false">
         <Item Name="FUNCTION_ID" ValidateFromList="false" LovXPosition="0" Justification="Left" LovYPosition="0" ListStyle="Poplist" Width="36" MaximumLength="6" WrapStyle="Word" AutoSkip="false" CompressionQuality="None" XPosition="108" YPosition="35" DatabaseItem="true" Bevel="Plain" AutoHint="false" MouseNavigate="true" MultiLine="false" CaseInsensitiveQuery="false" KeyboardNavigable="true" CaseRestriction="Mixed" CheckBoxOtherValues="Not Allowed" PrimaryKey="false" DefaultButton="false" QueryAllowed="true" Visible="true" QueryLength="6" DisplayQuality="High" EditXPosition="0" EditYPosition="0" Enabled="true" DistanceBetweenRecords="4364" FixedLength="false" Required="true" Height="14" ConcealData="false" Hint="Enter value for : FUNCTION_ID" SizingStyle="Crop" ShowHorizontalScrollbar="false" Iconic="false" InsertAllowed="true" ItemType="Display Item" DataType="Number" UpdateAllowed="true" UpdateIfNull="false" KeepCursorPosition="false" VisualAttributeName="DEFAULT" Label="Function Id" LockRecord="false" ShowVerticalScrollbar="false" TooltipVisualAttributeGroup="V7_VA_TOOLTIP"/>
         <Item Name="LANGUAGE_ID" ValidateFromList="false" LovXPosition="0" Justification="Left" LovYPosition="0" ListStyle="Poplist" Width="24" MaximumLength="4" WrapStyle="Word" AutoSkip="false" CompressionQuality="None" XPosition="576" YPosition="35" DatabaseItem="true" Bevel="Plain" AutoHint="false" MouseNavigate="true" MultiLine="false" CaseInsensitiveQuery="false" KeyboardNavigable="true" CaseRestriction="Mixed" CheckBoxOtherValues="Not Allowed" PrimaryKey="false" DefaultButton="false" QueryAllowed="true" Visible="true" QueryLength="4" DisplayQuality="High" EditXPosition="0" EditYPosition="0" Enabled="true" DistanceBetweenRecords="4364" FixedLength="false" Required="true" Height="14" ConcealData="false" Hint="Enter value for : LANGUAGE_ID" SizingStyle="Crop" ShowHorizontalScrollbar="false" Iconic="false" InsertAllowed="true" ItemType="Display Item" DataType="Number" UpdateAllowed="true" UpdateIfNull="false" KeepCursorPosition="false" VisualAttributeName="DEFAULT" Label="Language Id" LockRecord="false" ShowVerticalScrollbar="false" TooltipVisualAttributeGroup="V7_VA_TOOLTIP"/>
         <Item Name="CONTROL_ITEM" ValidateFromList="false" LovXPosition="0" Justification="Left" LovYPosition="0" ListStyle="Poplist" Width="0" MaximumLength="1" WrapStyle="Word" AutoSkip="false" BackColor="white" CompressionQuality="None" XPosition="16" YPosition="0" DatabaseItem="false" Bevel="None" AutoHint="false" MouseNavigate="true" CanvasName="TOOLBAR_CANVAS" MultiLine="false" CaseInsensitiveQuery="false" KeyboardNavigable="false" CaseRestriction="Mixed" CheckBoxOtherValues="Not Allowed" Comment="This item is created as a hidden enterable field to allow the query on this block to operate" PrimaryKey="false" DirtyInfo="true" DefaultButton="false" QueryAllowed="true" Visible="true" QueryLength="1" DisplayQuality="High" EditXPosition="0" EditYPosition="0" Enabled="true" DistanceBetweenRecords="0" FillPattern="transparent" FixedLength="false" Required="false" FontName="Fixedsys" FontSize="900" FontStyle="Plain" FontWeight="Demilight" FontSpacing="Normal" ForegroundColor="black" Height="0" ConcealData="false" SizingStyle="Crop" ShowHorizontalScrollbar="false" Iconic="false" InsertAllowed="true" ItemType="Text Item" DataType="Char" UpdateAllowed="true" UpdateIfNull="false" KeepCursorPosition="false" LockRecord="false" ShowVerticalScrollbar="false" TooltipVisualAttributeGroup="V7_VA_TOOLTIP"/>
         <Item Name="BPT_3" ShowHorizontalScrollbar="false" Justification="End" Width="90" ParentModule="OPDDETS" CompressionQuality="None" XPosition="5" ParentModuleType="12" YPosition="95" ParentName="BPT_GREY_CLASS" DirtyInfo="true" CanvasName="C_OPD_DETAILS" ParentType="29" ShowVerticalScrollbar="false" TooltipVisualAttributeGroup="V7_VA_TOOLTIP" Height="13"/>
         <Item Name="BPT_4" ShowHorizontalScrollbar="false" Justification="End" Width="90" ParentModule="OPDDETS" CompressionQuality="None" XPosition="5" ParentModuleType="12" YPosition="110" ParentName="BPT_GREY_CLASS" DirtyInfo="true" CanvasName="C_OPD_DETAILS" ParentType="29" ShowVerticalScrollbar="false" TooltipVisualAttributeGroup="V7_VA_TOOLTIP" Height="13"/>
         <Item Name="BPT_5" ShowHorizontalScrollbar="false" Justification="End" Width="90" ParentModule="OPDDETS" CompressionQuality="None" XPosition="5" ParentModuleType="12" YPosition="125" ParentName="BPT_GREY_CLASS" DirtyInfo="true" CanvasName="C_OPD_DETAILS" ParentType="29" ShowVerticalScrollbar="false" TooltipVisualAttributeGroup="V7_VA_TOOLTIP" Height="13"/>
         <Item Name="BPT_6" ShowHorizontalScrollbar="false" Justification="End" Width="90" ParentModule="OPDDETS" CompressionQuality="None" XPosition="5" ParentModuleType="12" YPosition="5" ParentName="BPT_GREY_CLASS" DirtyInfo="true" CanvasName="C_OPD_DETAILS" ParentType="29" ShowVerticalScrollbar="false" TooltipVisualAttributeGroup="V7_VA_TOOLTIP" Height="13"/>
         <Item Name="BPT_7" ShowHorizontalScrollbar="false" Justification="End" Width="90" ParentModule="OPDDETS" CompressionQuality="None" XPosition="5" ParentModuleType="12" YPosition="20" ParentName="BPT_GREY_CLASS" DirtyInfo="true" CanvasName="C_OPD_DETAILS" ParentType="29" ShowVerticalScrollbar="false" TooltipVisualAttributeGroup="V7_VA_TOOLTIP" Height="13"/>
         <Item Name="BPT_8" ShowHorizontalScrollbar="false" Justification="End" Width="90" ParentModule="OPDDETS" CompressionQuality="None" XPosition="5" ParentModuleType="12" YPosition="140" ParentName="BPT_GREY_CLASS" DirtyInfo="true" CanvasName="C_OPD_DETAILS" ParentType="29" ShowVerticalScrollbar="false" TooltipVisualAttributeGroup="V7_VA_TOOLTIP" Height="13"/>
         <Item Name="BPT_9" ShowHorizontalScrollbar="false" Justification="End" Width="90" ParentModule="OPDDETS" CompressionQuality="None" XPosition="5" ParentModuleType="12" YPosition="155" ParentName="BPT_GREY_CLASS" DirtyInfo="true" CanvasName="C_OPD_DETAILS" ParentType="29" ShowVerticalScrollbar="false" TooltipVisualAttributeGroup="V7_VA_TOOLTIP" Height="13"/>
         <Item Name="BPT_10" ShowHorizontalScrollbar="false" Justification="End" Width="90" ParentModule="OPDDETS" CompressionQuality="None" XPosition="5" ParentModuleType="12" YPosition="50" ParentName="BPT_GREY_CLASS" DirtyInfo="true" CanvasName="C_OPD_DETAILS" ParentType="29" ShowVerticalScrollbar="false" TooltipVisualAttributeGroup="V7_VA_TOOLTIP" Height="13"/>
         <Item Name="BPT_12" ShowHorizontalScrollbar="false" Justification="End" Width="90" ParentModule="OPDDETS" CompressionQuality="None" XPosition="5" ParentModuleType="12" YPosition="35" ParentName="BPT_GREY_CLASS" DirtyInfo="true" CanvasName="C_OPD_DETAILS" ParentType="29" ShowVerticalScrollbar="false" TooltipVisualAttributeGroup="V7_VA_TOOLTIP" Height="13"/>
         <Item Name="BPT_13" ShowHorizontalScrollbar="false" Justification="End" Width="90" ParentModule="OPDDETS" CompressionQuality="None" XPosition="5" ParentModuleType="12" YPosition="185" ParentName="BPT_GREY_CLASS" DirtyInfo="true" CanvasName="C_OPD_DETAILS" ParentType="29" ShowVerticalScrollbar="false" TooltipVisualAttributeGroup="V7_VA_TOOLTIP" Height="13"/>
         <Item Name="BPT_14" ShowHorizontalScrollbar="false" Justification="End" Width="90" ParentModule="OPDDETS" CompressionQuality="None" XPosition="5" ParentModuleType="12" YPosition="230" ParentName="BPT_GREY_CLASS" DirtyInfo="true" CanvasName="C_OPD_DETAILS" ParentType="29" ShowVerticalScrollbar="false" TooltipVisualAttributeGroup="V7_VA_TOOLTIP" Height="13"/>
         <Item Name="BPT_15" ShowHorizontalScrollbar="false" Justification="End" Width="90" ParentModule="OPDDETS" CompressionQuality="None" XPosition="5" ParentModuleType="12" YPosition="245" ParentName="BPT_GREY_CLASS" DirtyInfo="true" CanvasName="C_OPD_DETAILS" ParentType="29" ShowVerticalScrollbar="false" TooltipVisualAttributeGroup="V7_VA_TOOLTIP" Height="13"/>
         <Item Name="BPT_16" ShowHorizontalScrollbar="false" Justification="End" Width="90" ParentModule="OPDDETS" CompressionQuality="None" XPosition="5" ParentModuleType="12" YPosition="260" ParentName="BPT_GREY_CLASS" DirtyInfo="true" CanvasName="C_OPD_DETAILS" ParentType="29" ShowVerticalScrollbar="false" TooltipVisualAttributeGroup="V7_VA_TOOLTIP" Height="13"/>
         <Item Name="BPT_21" ShowHorizontalScrollbar="false" Justification="End" Width="90" ParentModule="OPDDETS" CompressionQuality="None" XPosition="5" ParentModuleType="12" YPosition="80" ParentName="BPT_GREY_CLASS" DirtyInfo="true" CanvasName="C_OPD_DETAILS" ParentType="29" ShowVerticalScrollbar="false" TooltipVisualAttributeGroup="V7_VA_TOOLTIP" Height="13"/>
         <Item Name="BPT_22" ShowHorizontalScrollbar="false" Justification="End" Width="90" ParentModule="OPDDETS" CompressionQuality="None" XPosition="5" ParentModuleType="12" YPosition="290" ParentName="BPT_GREY_CLASS" DirtyInfo="true" CanvasName="C_OPD_DETAILS" ParentType="29" ShowVerticalScrollbar="false" TooltipVisualAttributeGroup="V7_VA_TOOLTIP" Height="14"/>
         <Item Name="BPT_23" ShowHorizontalScrollbar="false" Justification="End" Width="90" ParentModule="OPDDETS" CompressionQuality="None" XPosition="5" ParentModuleType="12" YPosition="170" ParentName="BPT_GREY_CLASS" DirtyInfo="true" CanvasName="C_OPD_DETAILS" ParentType="29" ShowVerticalScrollbar="false" TooltipVisualAttributeGroup="V7_VA_TOOLTIP" Height="13"/>
         <Item Name="BPT_24" ShowHorizontalScrollbar="false" Justification="End" Width="90" ParentModule="OPDDETS" CompressionQuality="None" XPosition="5" ParentModuleType="12" YPosition="65" ParentName="BPT_GREY_CLASS" DirtyInfo="true" CanvasName="C_OPD_DETAILS" ParentType="29" ShowVerticalScrollbar="false" TooltipVisualAttributeGroup="V7_VA_TOOLTIP" Height="13"/>
         <Item Name="BPT_26" ShowHorizontalScrollbar="false" Justification="End" Width="90" ParentModule="OPDDETS" CompressionQuality="None" XPosition="5" ParentModuleType="12" YPosition="275" ParentName="BPT_GREY_CLASS" DirtyInfo="true" CanvasName="C_OPD_DETAILS" ParentType="29" ShowVerticalScrollbar="false" TooltipVisualAttributeGroup="V7_VA_TOOLTIP" Height="13"/>
         <Item Name="BPT_27" ShowHorizontalScrollbar="false" Justification="End" Width="90" ParentModule="OPDDETS" CompressionQuality="None" XPosition="5" ParentModuleType="12" YPosition="200" ParentName="BPT_GREY_CLASS" DirtyInfo="true" CanvasName="C_OPD_DETAILS" ParentType="29" ShowVerticalScrollbar="false" TooltipVisualAttributeGroup="V7_VA_TOOLTIP" Height="13"/>
         <Item Name="BPT_28" ShowHorizontalScrollbar="false" Justification="End" Width="90" ParentModule="OPDDETS" CompressionQuality="None" XPosition="5" ParentModuleType="12" YPosition="215" ParentName="BPT_GREY_CLASS" DirtyInfo="true" CanvasName="C_OPD_DETAILS" ParentType="29" ShowVerticalScrollbar="false" TooltipVisualAttributeGroup="V7_VA_TOOLTIP" Height="13"/>
         <Item Name="BPT_29" ValidateFromList="false" EditXPosition="0" LovXPosition="0" EditYPosition="0" Justification="Start" LovYPosition="0" DistanceBetweenRecords="0" ListStyle="Poplist" Width="200" FillPattern="transparent" MaximumLength="80" FixedLength="false" WrapStyle="Word" AutoSkip="false" CompressionQuality="None" XPosition="100" Required="false" YPosition="25" DatabaseItem="false" AutoHint="false" CanvasName="CNV_CONTENT" MultiLine="false" CaseInsensitiveQuery="false" CaseRestriction="Mixed" ParentType="29" CheckBoxOtherValues="Not Allowed" ConcealData="false" SizingStyle="Crop" ShowHorizontalScrollbar="false" Iconic="false" TabPageName="" DataType="Char" ParentModule="OPDDETS" UpdateIfNull="false" ParentModuleType="12" PrimaryKey="false" ParentName="SECTION_TITLE_CLASS" DirtyInfo="true" KeepCursorPosition="false" DefaultButton="false" Visible="true" QueryLength="80" LockRecord="false" DisplayQuality="High" ShowVerticalScrollbar="false" TooltipVisualAttributeGroup="V7_VA_TOOLTIP"/>
         <Item Name="DSP_BREADCRUMB" Justification="Start" TabPageName="" Width="278" MaximumLength="4000" ItemType="Display Item" BackColor="white" XPosition="95" FontName="Arial" YPosition="4" DatabaseItem="false" Bevel="None" FontSize="1000" FontStyle="Italic" DirtyInfo="true" FontWeight="Bold" FontSpacing="Normal" ForegroundColor="darkcyan" CanvasName="CNV_HIDE" Visible="false" Height="15"/>
         <Trigger Name="WHEN-MOUSE-DOUBLECLICK" TriggerText="--&amp;#10;-- steve pusey 19/4/96&amp;#10;--&amp;#10;-- change value in current boilerplate text item&amp;#10;--&amp;#10;BEGIN&amp;#10;&amp;#10;  boilerplate.change_boilerplate;&amp;#10;&amp;#10;END;"/>
      </Block>
      <Block Name="OPD_DETAILS" RecordsDisplayCount="1" WhereClause="APPOINTMENT_ID = :PARAMETER.APPOINTMENT_ID" InsertAllowed="false" RecordOrientation="Vertical" UpdateAllowed="false" DMLDataName="APPOINTMENTS" DeleteAllowed="false" QueryDataSourceName="APPOINTMENTS" DirtyInfo="true" VisualAttributeName="DEFAULT" DatabaseBlock="true" QueryDataSourceType="Table" DMLDataType="Table" ShowScrollbar="false">
         <Item Name="EPISODE_NO" Hint="Enter value for : EPISODE_NO" ShowHorizontalScrollbar="false" Justification="End" DistanceBetweenRecords="0" Width="30" MaximumLength="42" DataType="Number" ParentModule="OPDDETS" CompressionQuality="None" XPosition="100" ParentModuleType="12" YPosition="5" DatabaseItem="true" ParentName="TEXT_ITEM_CLASS" Bevel="Plain" DirtyInfo="true" Label="Episode No" CanvasName="C_OPD_DETAILS" QueryLength="42" ParentType="29" ShowVerticalScrollbar="false" TooltipVisualAttributeGroup="V7_VA_TOOLTIP" Height="14"/>
         <Item Name="START_DATE" Hint="Enter value for : START_DATE" ShowHorizontalScrollbar="false" DistanceBetweenRecords="0" ParentModule="OPDDETS" CompressionQuality="None" XPosition="100" Required="true" ParentModuleType="12" YPosition="20" DatabaseItem="true" ParentName="CUI_DATETIME_DISP" DirtyInfo="true" Label="Start Date" CanvasName="C_OPD_DETAILS" ParentType="29" ShowVerticalScrollbar="false"/>
         <Item Name="CLINIC_NAME" ShowHorizontalScrollbar="false" Width="400" MaximumLength="160" ParentModule="OPDDETS" CompressionQuality="None" XPosition="100" ParentModuleType="12" YPosition="35" DatabaseItem="false" ParentName="TEXT_ITEM_CLASS" Bevel="Plain" DirtyInfo="true" CanvasName="C_OPD_DETAILS" QueryLength="80" CaseRestriction="Upper" ParentType="29" ShowVerticalScrollbar="false" TooltipVisualAttributeGroup="V7_VA_TOOLTIP" Height="14"/>
         <Item Name="STAFF_NAME" ShowHorizontalScrollbar="false" Width="400" MaximumLength="100" ParentModule="OPDDETS" CompressionQuality="None" XPosition="100" ParentModuleType="12" YPosition="65" DatabaseItem="false" ParentName="TEXT_ITEM_CLASS" Bevel="Plain" DirtyInfo="true" CanvasName="C_OPD_DETAILS" QueryLength="0" ParentType="29" ShowVerticalScrollbar="false" TooltipVisualAttributeGroup="V7_VA_TOOLTIP" Height="14"/>
         <Item Name="SESSION_STAFF_DESC" ShowHorizontalScrollbar="false" Width="400" MaximumLength="160" ParentModule="OPDDETS" CompressionQuality="None" XPosition="100" ParentModuleType="12" YPosition="50" DatabaseItem="false" ParentName="TEXT_ITEM_CLASS" Bevel="Plain" DirtyInfo="true" CanvasName="C_OPD_DETAILS" QueryLength="80" CaseRestriction="Upper" ParentType="29" ShowVerticalScrollbar="false" TooltipVisualAttributeGroup="V7_VA_TOOLTIP" Height="14"/>
         <Item Name="BOOKING_SERVICE" ShowHorizontalScrollbar="false" Width="400" MaximumLength="100" ParentModule="OPDDETS" CompressionQuality="None" XPosition="100" ParentModuleType="12" YPosition="80" DatabaseItem="false" ParentName="TEXT_ITEM_CLASS" Bevel="Plain" DirtyInfo="true" CanvasName="C_OPD_DETAILS" QueryLength="80" CaseRestriction="Upper" ParentType="29" ShowVerticalScrollbar="false" TooltipVisualAttributeGroup="V7_VA_TOOLTIP" Height="14"/>
         <Item Name="TIME_ARRIVED" Hint="Enter value for : TIME_ARRIVED" ShowHorizontalScrollbar="false" DistanceBetweenRecords="0" ParentModule="OPDDETS" CompressionQuality="None" XPosition="100" ParentModuleType="12" YPosition="95" DatabaseItem="true" ParentName="CUI_DATETIME_DISP" DirtyInfo="true" Label="Time Arrived" CanvasName="C_OPD_DETAILS" ParentType="29" ShowVerticalScrollbar="false"/>
         <Item Name="TIME_SEEN" Hint="Enter value for : TIME_SEEN" ShowHorizontalScrollbar="false" DistanceBetweenRecords="0" ParentModule="OPDDETS" CompressionQuality="None" XPosition="100" ParentModuleType="12" YPosition="110" DatabaseItem="true" ParentName="CUI_DATETIME_DISP" DirtyInfo="true" Label="Time Seen" CanvasName="C_OPD_DETAILS" ParentType="29" ShowVerticalScrollbar="false"/>
         <Item Name="TIME_COMPLETE" Hint="Enter value for : TIME_COMPLETE" ShowHorizontalScrollbar="false" DistanceBetweenRecords="0" ParentModule="OPDDETS" CompressionQuality="None" XPosition="100" ParentModuleType="12" YPosition="125" DatabaseItem="true" ParentName="CUI_DATETIME_DISP" DirtyInfo="true" Label="Time Complete" CanvasName="C_OPD_DETAILS" ParentType="29" ShowVerticalScrollbar="false"/>
         <Item Name="WALKIN_FLAG_DESC" ShowHorizontalScrollbar="false" Width="30" MaximumLength="80" ParentModule="OPDDETS" CompressionQuality="None" XPosition="100" ParentModuleType="12" YPosition="140" DatabaseItem="false" ParentName="TEXT_ITEM_CLASS" Bevel="Plain" DirtyInfo="true" CanvasName="C_OPD_DETAILS" QueryLength="80" ParentType="29" ShowVerticalScrollbar="false" TooltipVisualAttributeGroup="V7_VA_TOOLTIP" Height="14"/>
         <Item Name="NEW_FOLLOWUP_FLAG_DESC" ShowHorizontalScrollbar="false" Width="30" MaximumLength="80" ParentModule="OPDDETS" CompressionQuality="None" XPosition="100" ParentModuleType="12" YPosition="155" DatabaseItem="false" ParentName="TEXT_ITEM_CLASS" Bevel="Plain" DirtyInfo="true" CanvasName="C_OPD_DETAILS" QueryLength="80" ParentType="29" ShowVerticalScrollbar="false" TooltipVisualAttributeGroup="V7_VA_TOOLTIP" Height="14"/>
         <Item Name="REFERRING_PRACTICE_DESC" ShowHorizontalScrollbar="false" Width="400" MaximumLength="80" ParentModule="OPDDETS" CompressionQuality="None" XPosition="100" ParentModuleType="12" YPosition="170" DatabaseItem="false" ParentName="TEXT_ITEM_CLASS" Bevel="Plain" DirtyInfo="true" CanvasName="C_OPD_DETAILS" QueryLength="0" ParentType="29" ShowVerticalScrollbar="false" TooltipVisualAttributeGroup="V7_VA_TOOLTIP" Height="14"/>
         <Item Name="REFERRING_GP_DESC" ShowHorizontalScrollbar="false" Width="400" MaximumLength="80" ParentModule="OPDDETS" CompressionQuality="None" XPosition="100" ParentModuleType="12" YPosition="185" DatabaseItem="false" ParentName="TEXT_ITEM_CLASS" Bevel="Plain" DirtyInfo="true" CanvasName="C_OPD_DETAILS" QueryLength="0" CaseRestriction="Upper" ParentType="29" ShowVerticalScrollbar="false" TooltipVisualAttributeGroup="V7_VA_TOOLTIP" Height="14"/>
         <Item Name="REFERRING_SPECIALTY_DESC" ShowHorizontalScrollbar="false" Width="400" MaximumLength="80" ParentModule="OPDDETS" CompressionQuality="None" XPosition="100" ParentModuleType="12" YPosition="200" DatabaseItem="false" ParentName="TEXT_ITEM_CLASS" Bevel="Plain" DirtyInfo="true" CanvasName="C_OPD_DETAILS" QueryLength="0" CaseRestriction="Upper" ParentType="29" ShowVerticalScrollbar="false" TooltipVisualAttributeGroup="V7_VA_TOOLTIP" Height="14"/>
         <Item Name="REFFERING_CONSULTANT_DESC" ShowHorizontalScrollbar="false" Width="400" MaximumLength="80" ParentModule="OPDDETS" CompressionQuality="None" XPosition="100" ParentModuleType="12" YPosition="215" DatabaseItem="false" ParentName="TEXT_ITEM_CLASS" Bevel="Plain" DirtyInfo="true" CanvasName="C_OPD_DETAILS" QueryLength="0" ParentType="29" ShowVerticalScrollbar="false" TooltipVisualAttributeGroup="V7_VA_TOOLTIP" Height="14"/>
         <Item Name="REF_SOURCE_DESC" ShowHorizontalScrollbar="false" Width="400" MaximumLength="80" ParentModule="OPDDETS" CompressionQuality="None" XPosition="100" ParentModuleType="12" YPosition="230" DatabaseItem="false" ParentName="TEXT_ITEM_CLASS" Bevel="Plain" DirtyInfo="true" CanvasName="C_OPD_DETAILS" QueryLength="0" CaseRestriction="Upper" ParentType="29" ShowVerticalScrollbar="false" TooltipVisualAttributeGroup="V7_VA_TOOLTIP" Height="14"/>
         <Item Name="REF_TYPE_DESC" ShowHorizontalScrollbar="false" Width="400" MaximumLength="80" ParentModule="OPDDETS" CompressionQuality="None" XPosition="100" ParentModuleType="12" YPosition="245" DatabaseItem="false" ParentName="TEXT_ITEM_CLASS" Bevel="Plain" DirtyInfo="true" CanvasName="C_OPD_DETAILS" QueryLength="0" CaseRestriction="Upper" ParentType="29" ShowVerticalScrollbar="false" TooltipVisualAttributeGroup="V7_VA_TOOLTIP" Height="14"/>
         <Item Name="REF_LETTER_NO" ShowHorizontalScrollbar="false" Width="400" MaximumLength="30" ParentModule="OPDDETS" CompressionQuality="None" XPosition="100" ParentModuleType="12" YPosition="260" DatabaseItem="false" ParentName="TEXT_ITEM_CLASS" Bevel="Plain" DirtyInfo="true" CanvasName="C_OPD_DETAILS" QueryLength="20" ParentType="29" ShowVerticalScrollbar="false" TooltipVisualAttributeGroup="V7_VA_TOOLTIP" Height="14"/>
         <Item Name="REFERRAL_REASON_DESC" ShowHorizontalScrollbar="false" Width="400" MaximumLength="80" ParentModule="OPDDETS" CompressionQuality="None" XPosition="100" ParentModuleType="12" YPosition="275" DatabaseItem="false" ParentName="TEXT_ITEM_CLASS" Bevel="Plain" DirtyInfo="true" CanvasName="C_OPD_DETAILS" QueryLength="0" ParentType="29" ShowVerticalScrollbar="false" TooltipVisualAttributeGroup="V7_VA_TOOLTIP" Height="14"/>
         <Item Name="OUTCOME_DESC" ShowHorizontalScrollbar="false" Width="400" MaximumLength="80" ParentModule="OPDDETS" CompressionQuality="None" XPosition="100" ParentModuleType="12" YPosition="290" DatabaseItem="false" ParentName="TEXT_ITEM_CLASS" Bevel="Plain" DirtyInfo="true" CanvasName="C_OPD_DETAILS" QueryLength="80" ParentType="29" ShowVerticalScrollbar="false" TooltipVisualAttributeGroup="V7_VA_TOOLTIP" Height="14"/>
         <Item Name="JULIAN_DATE" Enabled="true" DistanceBetweenRecords="0" Width="72" MaximumLength="42" CompressionQuality="None" XPosition="102" Required="true" YPosition="52" DatabaseItem="true" Bevel="Plain" CanvasName="" KeyboardNavigable="true" Height="14" Hint="Enter value for : JULIAN_DATE" ShowHorizontalScrollbar="false" ItemType="Text Item" DataType="Number" UpdateAllowed="true" VisualAttributeName="DEFAULT" Label="Julian Date" QueryAllowed="true" Visible="true" QueryLength="42" ShowVerticalScrollbar="false" TooltipVisualAttributeGroup="V7_VA_TOOLTIP"/>
         <Item Name="SESSION_STAFF_ID" Enabled="true" DistanceBetweenRecords="0" Width="72" MaximumLength="42" CompressionQuality="None" XPosition="174" Required="true" YPosition="52" DatabaseItem="true" Bevel="Plain" CanvasName="" KeyboardNavigable="true" Height="14" Hint="Enter value for : SESSION_STAFF_ID" ShowHorizontalScrollbar="false" ItemType="Display Item" DataType="Number" UpdateAllowed="true" VisualAttributeName="DEFAULT" Label="Session Staff Id" QueryAllowed="true" Visible="true" QueryLength="42" ShowVerticalScrollbar="false" TooltipVisualAttributeGroup="V7_VA_TOOLTIP"/>
         <Item Name="REFERRAL_ID" Enabled="true" DistanceBetweenRecords="0" Width="72" MaximumLength="42" CompressionQuality="None" XPosition="174" Required="true" YPosition="52" DatabaseItem="true" Bevel="Plain" CanvasName="" KeyboardNavigable="true" Height="14" Hint="Enter value for : SESSION_STAFF_ID" ShowHorizontalScrollbar="false" ItemType="Display Item" DataType="Number" UpdateAllowed="true" DirtyInfo="true" VisualAttributeName="DEFAULT" Label="Session Staff Id" QueryAllowed="true" Visible="true" QueryLength="42" ShowVerticalScrollbar="false" TooltipVisualAttributeGroup="V7_VA_TOOLTIP"/>
         <Item Name="WALKIN_FLAG" Enabled="true" DistanceBetweenRecords="0" Width="80" MaximumLength="1" CompressionQuality="None" XPosition="71" YPosition="143" DatabaseItem="true" Bevel="Plain" CanvasName="" KeyboardNavigable="true" Height="14" Hint="Enter value for : WALKIN_FLAG" ShowHorizontalScrollbar="false" ItemType="Text Item" DataType="Char" UpdateAllowed="true" VisualAttributeName="DEFAULT" Label="Walkin Flag" QueryAllowed="true" Visible="true" QueryLength="1" ShowVerticalScrollbar="false" TooltipVisualAttributeGroup="V7_VA_TOOLTIP"/>
         <Item Name="NEW_FOLLOWUP_FLAG" Enabled="true" DistanceBetweenRecords="0" Width="132" MaximumLength="1" CompressionQuality="None" XPosition="71" YPosition="167" DatabaseItem="true" Bevel="Plain" CanvasName="" KeyboardNavigable="true" Height="14" Hint="Enter value for : NEW_FOLLOWUP_FLAG" ShowHorizontalScrollbar="false" ItemType="Text Item" DataType="Char" UpdateAllowed="true" VisualAttributeName="DEFAULT" Label="New Followup Flag" QueryAllowed="true" Visible="true" QueryLength="1" ShowVerticalScrollbar="false" TooltipVisualAttributeGroup="V7_VA_TOOLTIP"/>
         <Item Name="SESSION_CODE" Enabled="true" DistanceBetweenRecords="0" Width="72" MaximumLength="42" CompressionQuality="None" XPosition="246" Required="true" YPosition="52" DatabaseItem="true" Bevel="Plain" CanvasName="" KeyboardNavigable="true" Height="14" Hint="Enter value for : SESSION_CODE" ShowHorizontalScrollbar="false" ItemType="Display Item" DataType="Number" UpdateAllowed="true" VisualAttributeName="DEFAULT" Label="Session Code" QueryAllowed="true" Visible="true" QueryLength="42" ShowVerticalScrollbar="false" TooltipVisualAttributeGroup="V7_VA_TOOLTIP"/>
         <Item Name="REF_SOURCE" CompressionQuality="None" ShowHorizontalScrollbar="false" DatabaseItem="false" Bevel="Plain" DirtyInfo="true" VisualAttributeName="DEFAULT" Width="60" DataType="Number" ShowVerticalScrollbar="false" TooltipVisualAttributeGroup="V7_VA_TOOLTIP" Height="14"/>
         <Item Name="REF_TYPE" CompressionQuality="None" ShowHorizontalScrollbar="false" DatabaseItem="false" Bevel="Plain" DirtyInfo="true" VisualAttributeName="DEFAULT" Width="60" DataType="Number" ShowVerticalScrollbar="false" TooltipVisualAttributeGroup="V7_VA_TOOLTIP" Height="14"/>
         <Item Name="REF_REASON" CompressionQuality="None" ShowHorizontalScrollbar="false" DatabaseItem="false" Bevel="Plain" DirtyInfo="true" VisualAttributeName="DEFAULT" Width="60" DataType="Number" ShowVerticalScrollbar="false" TooltipVisualAttributeGroup="V7_VA_TOOLTIP" Height="14"/>
         <Item Name="REF_GP" CompressionQuality="None" ShowHorizontalScrollbar="false" DatabaseItem="false" Bevel="Plain" DirtyInfo="true" VisualAttributeName="DEFAULT" Width="60" DataType="Number" ShowVerticalScrollbar="false" TooltipVisualAttributeGroup="V7_VA_TOOLTIP" Height="14"/>
         <Item Name="REF_PRACTICE" CompressionQuality="None" ShowHorizontalScrollbar="false" DatabaseItem="false" Bevel="Plain" DirtyInfo="true" VisualAttributeName="DEFAULT" Width="60" ShowVerticalScrollbar="false" TooltipVisualAttributeGroup="V7_VA_TOOLTIP" Height="14"/>
         <Item Name="REF_CONSULTANT" ShowHorizontalScrollbar="false" Width="60" MaximumLength="10" CompressionQuality="None" DatabaseItem="false" Bevel="Plain" DirtyInfo="true" VisualAttributeName="DEFAULT" QueryLength="10" ShowVerticalScrollbar="false" TooltipVisualAttributeGroup="V7_VA_TOOLTIP" Height="14"/>
         <Item Name="REF_SPECIALTY" CompressionQuality="None" ShowHorizontalScrollbar="false" DatabaseItem="false" Bevel="Plain" DirtyInfo="true" VisualAttributeName="DEFAULT" Width="60" ShowVerticalScrollbar="false" TooltipVisualAttributeGroup="V7_VA_TOOLTIP" Height="14"/>
         <Item Name="AMEND_BY_MODULE" Enabled="true" DistanceBetweenRecords="0" Width="72" MaximumLength="10" CompressionQuality="None" XPosition="318" Required="true" YPosition="52" DatabaseItem="true" Bevel="Plain" CanvasName="" KeyboardNavigable="true" Height="14" Hint="Enter value for : AMEND_BY_MODULE" ShowHorizontalScrollbar="false" ItemType="Display Item" DataType="Char" UpdateAllowed="true" VisualAttributeName="DEFAULT" Label="Amend By Module" QueryAllowed="true" Visible="true" QueryLength="10" ShowVerticalScrollbar="false" TooltipVisualAttributeGroup="V7_VA_TOOLTIP"/>
         <Item Name="AMEND_BY_USER" Enabled="true" DistanceBetweenRecords="0" Width="72" MaximumLength="42" CompressionQuality="None" XPosition="390" Required="true" YPosition="52" DatabaseItem="true" Bevel="Plain" CanvasName="" KeyboardNavigable="true" Height="14" Hint="Enter value for : AMEND_BY_USER" ShowHorizontalScrollbar="false" ItemType="Display Item" DataType="Number" UpdateAllowed="true" VisualAttributeName="DEFAULT" Label="Amend By User" QueryAllowed="true" Visible="true" QueryLength="42" ShowVerticalScrollbar="false" TooltipVisualAttributeGroup="V7_VA_TOOLTIP"/>
         <Item Name="AMEND_LAST_DATE" Enabled="true" DistanceBetweenRecords="0" Width="66" MaximumLength="9" CompressionQuality="None" XPosition="462" Required="true" YPosition="52" DatabaseItem="true" Bevel="Plain" CanvasName="" KeyboardNavigable="true" Height="14" Hint="Enter value for : AMEND_LAST_DATE" ShowHorizontalScrollbar="false" ItemType="Text Item" DataType="Date" UpdateAllowed="true" VisualAttributeName="DEFAULT" Label="Amend Last Date" QueryAllowed="true" Visible="true" QueryLength="9" ShowVerticalScrollbar="false" TooltipVisualAttributeGroup="V7_VA_TOOLTIP"/>
         <Item Name="APPT_LENGTH" Enabled="true" DistanceBetweenRecords="0" Width="42" MaximumLength="5" CompressionQuality="None" XPosition="594" Required="true" YPosition="52" DatabaseItem="true" Bevel="Plain" CanvasName="" KeyboardNavigable="true" Height="14" Hint="Enter value for : APPT_LENGTH" ShowHorizontalScrollbar="false" ItemType="Display Item" DataType="Number" UpdateAllowed="true" VisualAttributeName="DEFAULT" Label="Appt Length" QueryAllowed="true" Visible="true" QueryLength="5" ShowVerticalScrollbar="false" TooltipVisualAttributeGroup="V7_VA_TOOLTIP"/>
         <Item Name="BLOCKSLOT_FLAG" Enabled="true" DistanceBetweenRecords="0" Width="18" MaximumLength="1" CompressionQuality="None" XPosition="636" Required="true" YPosition="52" DatabaseItem="true" Bevel="Plain" CanvasName="" KeyboardNavigable="true" Height="14" Hint="Enter value for : BLOCKSLOT_FLAG" ShowHorizontalScrollbar="false" ItemType="Text Item" DataType="Char" UpdateAllowed="true" VisualAttributeName="DEFAULT" Label="Blockslot Flag" QueryAllowed="true" Visible="true" QueryLength="1" ShowVerticalScrollbar="false" TooltipVisualAttributeGroup="V7_VA_TOOLTIP"/>
         <Item Name="HEADER_FLAG" Enabled="true" DistanceBetweenRecords="0" Width="18" MaximumLength="1" CompressionQuality="None" XPosition="654" Required="true" YPosition="52" DatabaseItem="true" Bevel="Plain" CanvasName="" KeyboardNavigable="true" Height="14" Hint="Enter value for : HEADER_FLAG" ShowHorizontalScrollbar="false" ItemType="Text Item" DataType="Char" UpdateAllowed="true" VisualAttributeName="DEFAULT" Label="Header Flag" QueryAllowed="true" Visible="true" QueryLength="1" ShowVerticalScrollbar="false" TooltipVisualAttributeGroup="V7_VA_TOOLTIP"/>
         <Item Name="SLOT_NO" Enabled="true" DistanceBetweenRecords="0" Width="36" MaximumLength="4" CompressionQuality="None" XPosition="672" Required="true" YPosition="52" DatabaseItem="true" Bevel="Plain" CanvasName="" KeyboardNavigable="true" Height="14" Hint="Enter value for : SLOT_NO" ShowHorizontalScrollbar="false" ItemType="Text Item" DataType="Number" UpdateAllowed="true" VisualAttributeName="DEFAULT" Label="Slot No" QueryAllowed="true" Visible="true" QueryLength="4" ShowVerticalScrollbar="false" TooltipVisualAttributeGroup="V7_VA_TOOLTIP"/>
         <Item Name="STAFF_ID" Enabled="true" DistanceBetweenRecords="0" Width="72" MaximumLength="10" CompressionQuality="None" XPosition="708" YPosition="52" DatabaseItem="true" Bevel="Plain" CanvasName="" KeyboardNavigable="true" Height="14" Hint="Enter value for : STAFF_ID" ShowHorizontalScrollbar="false" ItemType="Text Item" DataType="Char" UpdateAllowed="true" VisualAttributeName="DEFAULT" Label="Staff Id" QueryAllowed="true" Visible="true" QueryLength="10" ShowVerticalScrollbar="false" TooltipVisualAttributeGroup="V7_VA_TOOLTIP"/>
         <Item Name="IOS" Enabled="true" DistanceBetweenRecords="0" Width="72" MaximumLength="42" CompressionQuality="None" XPosition="780" YPosition="52" DatabaseItem="true" Bevel="Plain" CanvasName="" KeyboardNavigable="true" Height="14" Hint="Enter value for : IOS" ShowHorizontalScrollbar="false" ItemType="Text Item" DataType="Number" UpdateAllowed="true" VisualAttributeName="DEFAULT" Label="Ios" QueryAllowed="true" Visible="true" QueryLength="42" ShowVerticalScrollbar="false" TooltipVisualAttributeGroup="V7_VA_TOOLTIP"/>
         <Item Name="PATIENT_ID" Enabled="true" DistanceBetweenRecords="0" Width="72" MaximumLength="42" CompressionQuality="None" XPosition="852" YPosition="52" DatabaseItem="true" Bevel="Plain" CanvasName="" KeyboardNavigable="true" Height="14" Hint="Enter value for : PATIENT_ID" ShowHorizontalScrollbar="false" ItemType="Text Item" DataType="Number" UpdateAllowed="true" VisualAttributeName="DEFAULT" Label="Patient Id" QueryAllowed="true" Visible="true" QueryLength="42" ShowVerticalScrollbar="false" TooltipVisualAttributeGroup="V7_VA_TOOLTIP"/>
         <Item Name="CARE_EPISODE_ID" Enabled="true" DistanceBetweenRecords="0" Width="72" MaximumLength="42" CompressionQuality="None" XPosition="996" YPosition="52" DatabaseItem="true" Bevel="Plain" CanvasName="" KeyboardNavigable="true" Height="14" Hint="Enter value for : CARE_EPISODE_ID" ShowHorizontalScrollbar="false" ItemType="Text Item" DataType="Number" UpdateAllowed="true" VisualAttributeName="DEFAULT" Label="Care Episode Id" QueryAllowed="true" Visible="true" QueryLength="42" ShowVerticalScrollbar="false" TooltipVisualAttributeGroup="V7_VA_TOOLTIP"/>
         <Item Name="APPOINTMENT_ID" Enabled="true" DistanceBetweenRecords="0" Width="72" MaximumLength="42" CompressionQuality="None" XPosition="30" Required="true" YPosition="52" DatabaseItem="true" Bevel="Plain" CanvasName="" KeyboardNavigable="true" Height="14" Hint="Enter value for : APPOINTMENT_ID" ShowHorizontalScrollbar="false" ItemType="Text Item" DataType="Number" UpdateAllowed="true" VisualAttributeName="DEFAULT" Label="Appointment Id" QueryAllowed="true" Visible="true" QueryLength="42" ShowVerticalScrollbar="false" TooltipVisualAttributeGroup="V7_VA_TOOLTIP"/>
         <Item Name="OUTCOME_CODE" Enabled="true" DistanceBetweenRecords="0" Width="72" MaximumLength="42" CompressionQuality="None" XPosition="1266" YPosition="52" DatabaseItem="true" Bevel="Plain" CanvasName="" KeyboardNavigable="true" Height="14" Hint="Enter value for : OUTCOME_CODE" ShowHorizontalScrollbar="false" ItemType="Text Item" DataType="Number" UpdateAllowed="true" VisualAttributeName="DEFAULT" Label="Outcome Code" QueryAllowed="true" Visible="true" QueryLength="42" ShowVerticalScrollbar="false" TooltipVisualAttributeGroup="V7_VA_TOOLTIP"/>
         <Item Name="WAIT_LIST_ID" Enabled="true" DistanceBetweenRecords="0" Width="72" MaximumLength="42" CompressionQuality="None" XPosition="1356" YPosition="52" DatabaseItem="true" Bevel="Plain" CanvasName="" KeyboardNavigable="true" Height="14" Hint="Enter value for : WAIT_LIST_ID" ShowHorizontalScrollbar="false" ItemType="Text Item" DataType="Number" UpdateAllowed="true" VisualAttributeName="DEFAULT" Label="Wait List Id" QueryAllowed="true" Visible="true" QueryLength="42" ShowVerticalScrollbar="false" TooltipVisualAttributeGroup="V7_VA_TOOLTIP"/>
         <Item Name="REFER_TO_WAITLIST_ID" Enabled="true" DistanceBetweenRecords="0" Width="72" MaximumLength="42" CompressionQuality="None" XPosition="1446" YPosition="52" DatabaseItem="true" Bevel="Plain" CanvasName="" KeyboardNavigable="true" Height="14" Hint="Enter value for : REFER_TO_WAITLIST_ID" ShowHorizontalScrollbar="false" ItemType="Text Item" DataType="Number" UpdateAllowed="true" VisualAttributeName="DEFAULT" Label="Refer To Waitlist Id" QueryAllowed="true" Visible="true" QueryLength="42" ShowVerticalScrollbar="false" TooltipVisualAttributeGroup="V7_VA_TOOLTIP"/>
         <Trigger Name="POST-QUERY" TriggerText="-- Name   Date    Change&amp;#10;-- william  17/03/1997  created&amp;#10;-- Steve    26/11/2001  get details from appointment_referrals&amp;#10;&amp;#10;DECLARE&amp;#10;  v_exist           BOOLEAN;&amp;#10;  v_codes           NUMBER;&amp;#10;  v_code            NUMBER;&amp;#10;  v_followup        BOOLEAN;&amp;#10;  v_consultant      VARCHAR2(15);&amp;#10;  v_description     VARCHAR2(80);&amp;#10;  v_descriptions    VARCHAR2(80);&amp;#10;  v_work_entity     NUMBER;&amp;#10;  v_ref_consultant  VARCHAR2(15);&amp;#10;  v_ref_work_entity NUMBER;&amp;#10;  v_ref_specialty   NUMBER;&amp;#10;&amp;#10;  -- get details from appointment_referrals&amp;#10;  CURSOR c_ar IS&amp;#10;    SELECT ref_source&amp;#10;          ,ref_type&amp;#10;          ,ref_reason&amp;#10;          ,ref_gp&amp;#10;          ,ref_practice&amp;#10;          ,consultant_code&amp;#10;          ,specialty_code&amp;#10;          ,ref_letter_no&amp;#10;    FROM   appointment_referrals&amp;#10;    WHERE  referral_id = :opd_details.referral_id;&amp;#10;&amp;#10;  --this cursor will get session staff details&amp;#10;  CURSOR c1 IS&amp;#10;    SELECT description&amp;#10;          ,consultant&amp;#10;    FROM   session_staff&amp;#10;    WHERE  session_staff_id = :opd_details.session_staff_id;&amp;#10;&amp;#10;  --this cursor will get clinic details&amp;#10;  CURSOR c2 IS&amp;#10;    SELECT description&amp;#10;          ,work_entity&amp;#10;    FROM   session_master&amp;#10;    WHERE  session_code = :opd_details.session_code;&amp;#10;&amp;#10;BEGIN&amp;#10;  -- get details from appointment_referrals&amp;#10;  OPEN c_ar;&amp;#10;  FETCH c_ar&amp;#10;    INTO :opd_details.ref_source&amp;#10;        ,:opd_details.ref_type&amp;#10;        ,:opd_details.ref_reason&amp;#10;        ,:opd_details.ref_gp&amp;#10;        ,:opd_details.ref_practice&amp;#10;        ,:opd_details.ref_consultant&amp;#10;        ,:opd_details.ref_specialty&amp;#10;        ,:opd_details.ref_letter_no;&amp;#10;  CLOSE c_ar;&amp;#10;&amp;#10;  -- get staff name&amp;#10;  :opd_details.staff_name := oasis_package.get_staff_name(:opd_details.staff_id);&amp;#10;&amp;#10;  -- get booking service&amp;#10;  :opd_details.booking_service := oasios_package.get_ios(:opd_details.ios);&amp;#10;&amp;#10;  -- get walkin flag&amp;#10;  v_exist := validate_user_code(284, :opd_details.walkin_flag, v_code, :opd_details.walkin_flag_desc, 0, 'NO_VALIDATE');&amp;#10;&amp;#10;  -- get new or followup flag  &amp;#10;  v_followup := validate_user_code(10052&amp;#10;                                  ,:opd_details.new_followup_flag&amp;#10;                                  ,v_codes&amp;#10;                                  ,:opd_details.new_followup_flag_desc&amp;#10;                                  ,0&amp;#10;                                  ,'NO_VALIDATE');&amp;#10;&amp;#10;  -- get initial refer detials&amp;#10;  :opd_details.referring_gp_desc        := oaspas_package.get_gp_name(:opd_details.ref_gp);&amp;#10;  :opd_details.ref_source_desc          := oasis_package.get_code(:opd_details.ref_source);&amp;#10;  :opd_details.ref_type_desc            := oasis_package.get_code(:opd_details.ref_type);&amp;#10;  :opd_details.referring_practice_desc  := oaspas_package.get_practice_name(:opd_details.ref_practice);&amp;#10;  :opd_details.referring_specialty_desc := oasis_package.get_code(:opd_details.ref_specialty);&amp;#10;  :opd_details.referral_reason_desc     := oasis_package.get_code(:opd_details.ref_reason);&amp;#10;&amp;#10;  -- get reffering consultant&amp;#10;  :opd_details.reffering_consultant_desc := oasis_package.get_staff_name(:opd_details.ref_consultant);&amp;#10;&amp;#10;  --get clinic details&amp;#10;  OPEN c2;&amp;#10;  FETCH c2&amp;#10;    INTO v_descriptions&amp;#10;        ,v_work_entity;&amp;#10;  CLOSE c2;&amp;#10;&amp;#10;  :opd_details.clinic_name := substr(v_descriptions || '[' || oasis_package.get_work_entity(v_work_entity) || ']'&amp;#10;                                    ,1&amp;#10;                                    ,160);&amp;#10;&amp;#10;  -- get session staff details&amp;#10;  OPEN c1;&amp;#10;  FETCH c1&amp;#10;    INTO v_description&amp;#10;        ,v_consultant;&amp;#10;  CLOSE c1;&amp;#10;&amp;#10;  :opd_details.session_staff_desc := substr(v_description || '[' || oasis_package.get_staff_name(v_consultant) || ']'&amp;#10;                                           ,1&amp;#10;                                           ,100);&amp;#10;&amp;#10;  -- get outcome description&amp;#10;  :opd_details.outcome_desc := oasis_package.get_code(:opd_details.outcome_code);&amp;#10;&amp;#10;END;&amp;#10;"/>
      </Block>
      <Block Name="TITLES" DirtyInfo="true" ScrollbarWidth="14" ScrollbarLength="135">
         <Item Name="DSP_TITLE" Justification="Start" TabPageName="" Width="279" MaximumLength="30" ParentModule="OPDDETS" XPosition="96" ParentModuleType="12" YPosition="0" DatabaseItem="false" ParentName="FORM_TITLE_CLASS" DirtyInfo="true" CanvasName="CNV_CONTENT" ParentType="29"/>
      </Block>
      <Block Name="LT_FUNCTIONS" DirtyInfo="true" DatabaseBlock="false" ScrollbarWidth="14" ScrollbarLength="135">
         <Item Name="IMG_FUNCTIONS" Prompt="Functions" TabPageName="" PromptAttachmentOffset="36" PromptAlignOffset="0" PromptFontSize="900" Width="16" ItemType="Image" ImageFormat="BMP" XPosition="79" YPosition="0" DatabaseItem="false" Bevel="None" PromptForegroundColor="Allscripts Link Blue" DirtyInfo="true" VisualAttributeName="MENU_TEXT_ITEMS_VA" PromptFontName="Arial" PromptFontStyle="Plain" PromptFontWeight="Bold" PromptFontSpacing="Normal" Height="14">
            <Trigger Name="WHEN-MOUSE-CLICK" DirtyInfo="true" TriggerText="HCI_UPGRADE.functions_when_mouse_click;"/>
         </Item>
         <Item Name="NAVIGATE_BUTTON" Justification="Start" TabPageName="" DistanceBetweenRecords="0" Width="80" ItemType="Display Item" PopupMenuName="BOILER_PLATE" ParentModule="OPDDETS" XPosition="5" ParentModuleType="12" YPosition="18" DatabaseItem="false" ParentName="MENU_ITEM_CLASS" Bevel="None" FontStyle="Plain" DirtyInfo="true" FontSpacing="Normal" KeyboardNavigable="false" ParentType="29">
            <Trigger Name="WHEN-MOUSE-CLICK" DirtyInfo="true" TriggerText="--&amp;#10;-- Steve Pusey 15/4/96&amp;#10;--&amp;#10;-- toggle between navigation and default menus&amp;#10;--&amp;#10;BEGIN&amp;#10;&#x9;oasis_when_mouse_click.when_mouse_click;&amp;#10;  oasis_menu.toggle_menu;&amp;#10;END;"/>
         </Item>
         <Trigger Name="WHEN-NEW-BLOCK-INSTANCE" DirtyInfo="true" TriggerText="READ_IMAGE_FILE(hci_upgrade.g_image_directory || 'pas_expand_menu.gif', 'gif', 'LT_FUNCTIONS.IMG_FUNCTIONS');"/>
         <Trigger Name="WHEN-MOUSE-DOWN" DirtyInfo="true" TriggerText="SET_ITEM_PROPERTY(:SYSTEM.TRIGGER_ITEM,VISUAL_ATTRIBUTE,'WEB_TEXT_BUTTON_CLICK');"/>
         <Trigger Name="WHEN-MOUSE-UP" DirtyInfo="true" TriggerText="SET_ITEM_PROPERTY(:SYSTEM.TRIGGER_ITEM,VISUAL_ATTRIBUTE,'WEB_TEXT_BUTTON');"/>
         <Trigger Name="WHEN-NEW-ITEM-INSTANCE" DirtyInfo="true" TriggerText="NULL;"/>
      </Block>
      <Canvas Name="TOOLBAR_CANVAS" BackColor="patient_live_blue" Bevel="None" CanvasType="Horizontal Toolbar" DirtyInfo="true" Width="768" WindowName="MAIN_FORM_WINDOW" Height="64">
         <Graphics Name="BANNER_LINE" InternalLineWidth="227" Width="755" EdgeForegroundColor="gray16" EdgePattern="solid" JoinStyle="Bevel" XPosition="0" YPosition="63" GraphicsType="Line" HorizontalMargin="8" ScrollbarWidth="15" VerticalMargin="16" HorizontalObjectOffset="15" Height="0" StartPromptOffset="8"/>
      </Canvas>
      <Canvas Name="C_OPD_DETAILS" ViewportXPositionOnCanvas="0" ViewportYPositionOnCanvas="0" ShowHorizontalScrollbar="false" Width="650" WindowName="MAIN_FORM_WINDOW" ParentModule="OPDDETS" ParentModuleType="12" ParentName="STACKED_CANVAS_CLASS" Bevel="None" DirtyInfo="true" DisplayViewport="true" ParentType="29" ShowVerticalScrollbar="false" Height="350" ViewportHeight="360" ViewportXPosition="100" ViewportWidth="650" ViewportYPosition="45"/>
      <Canvas Name="CNV_CONTENT" BackColor="white" Bevel="None" DirtyInfo="true" ForegroundColor="black" Width="755" WindowName="MAIN_FORM_WINDOW" Height="415" ViewportHeight="324" ViewportWidth="540">
         <Graphics Name="SECTION_LINE1" InternalLineWidth="113" Width="620" EdgeForegroundColor="gray16" EdgePattern="solid" JoinStyle="Bevel" BackColor="Line Green" XPosition="100" YPosition="40" Bevel="None" DirtyInfo="true" ForegroundColor="white" GraphicsType="Line" HorizontalMargin="7" ScrollbarWidth="14" VerticalMargin="14" HorizontalObjectOffset="14" Height="0" StartPromptOffset="7"/>
         <Graphics Name="SECTION_NUMBER1" Width="13" FillPattern="none" EdgePattern="none" JoinStyle="Bevel" BackColor="Side Green" XPosition="725" WrapText="false" YPosition="47" BoundingBoxScalable="false" Bevel="None" HorizontalOrigin="Right" HorizontalJustification="Center" ForegroundColor="darkcyan" GraphicsFontWeight="Bold" GraphicsFontSpacing="Normal" GraphicsType="Text" ScrollbarWidth="14" Height="11" GraphicsFontName="Arial" GraphicsFontSize="1000" GraphicsFontStyle="0" GraphicsText="1" DirtyInfo="true" GraphicsFontColor="white" GraphicsFontColorCode="1" HorizontalMargin="7" VerticalMargin="14" HorizontalObjectOffset="14" StartPromptOffset="7">
            <CompoundText Name="CMPTXT207">
               <TextSegment Name="TEXTSTR208" FontName="Arial" FontSize="1000" FontStyle="Plain" DirtyInfo="true" FontWeight="Bold" FontSpacing="Normal" ForegroundColor="white" Text="1"/>
            </CompoundText>
         </Graphics>
      </Canvas>
      <Canvas Name="CNV_HIDE" Bevel="None" DirtyInfo="true" Width="800" Visible="false" WindowName="MAIN_FORM_WINDOW" Height="410" ViewportHeight="324" ViewportWidth="540"/>
      <ModuleParameter Name="P_RELEASE" ParentModule="PAS_RELEASE" ParentModuleType="25" ParentName="P_RELEASE" ParentFilename="pas_release.olb" DirtyInfo="true" ParentFilepath="" ParentType="13"/>
      <ModuleParameter Name="P_VERSION" DirtyInfo="true" Comment="Used by ABOUT_FORM window, the form version, update after each update" ParameterInitializeValue="1"/>
      <ModuleParameter Name="P_DATE" DirtyInfo="true" Comment="Used by ABOUT_FORM window, the date the form was last updated, update after each update" ParameterInitializeValue="08-Jan-2020"/>
      <ModuleParameter Name="APPOINTMENT_ID" ParameterDataType="Number"/>
      <ModuleParameter Name="P_TEMPLATE" DirtyInfo="true" Comment="Used by ABOUT_FORM window, the template used to create this form" ParameterInitializeValue="TEMPLATE_V11"/>
      <ModuleParameter Name="API_VERSION" ParameterInitializeValue="V2.3"/>
      <ModuleParameter Name="P_BREADCRUMB"/>
      <Menu Name="BOILER_PLATE" DirtyInfo="true">
         <MenuItem Name="CHANGE_PROMPT" DirtyInfo="true" Label="Change Prompt" MenuItemCode="message('Change Boilerplate prompt');pause;"/>
      </Menu>
      <ProgramUnit Name="INIT_FORM" ProgramUnitText="PACKAGE BODY init_form IS&amp;#10;--&amp;#10;-- steve pusey 2/5/1996&amp;#10;--&amp;#10;-- program units to initialise form&amp;#10;--&amp;#10;-- add code to init_form and init_format_masks program units, add other init procs to the&amp;#10;-- init_form procedure, for example if you write a procedure called init_toolbar then add &amp;#10;-- this to the init_form procedure. The init_form procedure is called from the &amp;#10;-- WHEN-NEW-FORM-INSTANCE trigger&amp;#10;--&amp;#10;&amp;#10;---------------------------------------------------------------------------------------&amp;#10;-- INTERNAL PACKAGE VARIABLES &amp;#10;---------------------------------------------------------------------------------------&amp;#10;&amp;#10;---------------------------------------------------------------------------------------&amp;#10;-- INTERNAL PROGRAM UNITS (DECLARATION)&amp;#10;---------------------------------------------------------------------------------------&amp;#10;&amp;#10;  procedure init_list_items;&amp;#10;  procedure init_format_masks;&amp;#10;&amp;#10;---------------------------------------------------------------------------------------&amp;#10;-- PROGRAM UNITS (CODE)&amp;#10;---------------------------------------------------------------------------------------&amp;#10;&amp;#10;-- ##########################################################################################&amp;#10;&amp;#10;  procedure init_list_items is&amp;#10;  --&amp;#10;  -- initialise list items&amp;#10;  --&amp;#10;  -- date&#x9;by&#x9;&#x9;change&amp;#10;  -- 2/5/1996   Steve Pusey&#x9;Creation of template procedure&amp;#10;  --&amp;#10;  BEGIN&amp;#10;&amp;#10;    -- cut &amp; paste this code&amp;#10;    -- populate_poplist_from_codes ('BLOCK.ITEM', &lt;CODE_TYPE>);&amp;#10;&amp;#10;    null;&amp;#10;  &amp;#10;  END init_list_items;&amp;#10;&amp;#10;-- ##########################################################################################&amp;#10;&amp;#10;  procedure init_format_masks is&amp;#10;  --&amp;#10;  -- set the format masks for date, datetime, and numeric items&amp;#10;  --&amp;#10;  -- date&#x9;by&#x9;&#x9;change&amp;#10;  -- 2/5/1996   Steve Pusey&#x9;Creation of template procedure&amp;#10;  --&amp;#10;  BEGIN&amp;#10;&amp;#10;    -- copy &amp; paste this line&amp;#10;    -- set_format_mask ('BLOCK.ITEM');&amp;#10;&amp;#10;&#x9;        &amp;#10;null;&amp;#10;&amp;#10;&amp;#10;  END init_format_masks;&amp;#10;&amp;#10;-- ##########################################################################################&amp;#10;&amp;#10;  procedure init_form is&amp;#10;  --&amp;#10;  -- initialise form&amp;#10;  --&amp;#10;  -- date&#x9;by&#x9;&#x9;change&amp;#10;  -- 2/5/1996   Steve Pusey&#x9;Creation of template procedure&amp;#10;  --&amp;#10;  BEGIN&amp;#10;&amp;#10;    init_list_items;&amp;#10;    init_format_masks;&amp;#10;&amp;#10;&amp;#10;&#x9;:PARAMETER.APPOINTMENT_ID := :GLOBAL.APPOINTMENT_ID;&amp;#10; &#x9;do_key ('EXECUTE_QUERY');&amp;#10;         &amp;#10;&amp;#10;  END init_form;&amp;#10;&amp;#10;-- ##########################################################################################&amp;#10;&amp;#10;END init_form;" ProgramUnitType="Package Body"/>
      <ProgramUnit Name="INIT_FORM" ProgramUnitText="PACKAGE init_form IS&amp;#10;--&amp;#10;-- steve pusey 2/5/1996&amp;#10;--&amp;#10;-- program units to initialise form&amp;#10;--&amp;#10;&amp;#10;---------------------------------------------------------------------------------------&amp;#10;-- EXTERNAL PACKAGE VARIABLES&amp;#10;---------------------------------------------------------------------------------------&amp;#10;&amp;#10;---------------------------------------------------------------------------------------&amp;#10;-- EXTERNAL PROGRAM UNITS (DECLARATION) &amp;#10;---------------------------------------------------------------------------------------&amp;#10;&amp;#10;  procedure init_form;&amp;#10;&amp;#10;END init_form;" ProgramUnitType="Package Spec"/>
      <PropertyClass Name="BUTTON_CLASS" ParentModule="PAS_OLD" ParentModuleType="25" ParentName="BUTTON_CLASS" ParentFilename="pas_old.olb" ParentFilepath="" ParentType="29"/>
      <PropertyClass Name="LOV_BUTTON_CLASS" ParentModule="PAS_OLD" ParentModuleType="25" ParentName="LOV_BUTTON_CLASS" ParentFilename="pas_old.olb" ParentFilepath="" ParentType="29"/>
      <PropertyClass Name="BPT_CLASS" ParentModule="PAS_OLD" ParentModuleType="25" ParentName="BPT_CLASS" ParentFilename="pas_old.olb" ParentFilepath="" ParentType="29"/>
      <PropertyClass Name="BPT_BLUE_CLASS" ParentModule="PAS_OLD" ParentModuleType="25" ParentName="BPT_BLUE_CLASS" ParentFilename="pas_old.olb" ParentFilepath="" ParentType="29"/>
      <PropertyClass Name="BPT_GREY_CLASS" ParentModule="PAS_OLD" ParentModuleType="25" ParentName="BPT_GREY_CLASS" ParentFilename="pas_old.olb" ParentFilepath="" ParentType="29"/>
      <PropertyClass Name="TEXT_ITEM_CLASS" ParentModule="PAS_OLD" ParentModuleType="25" ParentName="TEXT_ITEM_CLASS" ParentFilename="pas_old.olb" ParentFilepath="" ParentType="29"/>
      <PropertyClass Name="TEXT_ITEM_DATE_CLASS" ParentModule="PAS_OLD" ParentModuleType="25" ParentName="TEXT_ITEM_DATE_CLASS" ParentFilename="pas_old.olb" ParentFilepath="" ParentType="29"/>
      <PropertyClass Name="TEXT_ITEM_NUMBER_CLASS" ParentModule="PAS_OLD" ParentModuleType="25" ParentName="TEXT_ITEM_NUMBER_CLASS" ParentFilename="pas_old.olb" ParentFilepath="" ParentType="29"/>
      <PropertyClass Name="TEXT_ITEM_DATETIME_CLASS" ParentModule="PAS_OLD" ParentModuleType="25" ParentName="TEXT_ITEM_DATETIME_CLASS" ParentFilename="pas_old.olb" ParentFilepath="" ParentType="29"/>
      <PropertyClass Name="DISPLAY_ITEM_CLASS" ParentModule="PAS_OLD" ParentModuleType="25" ParentName="DISPLAY_ITEM_CLASS" ParentFilename="pas_old.olb" ParentFilepath="" ParentType="29"/>
      <PropertyClass Name="STACKED_CANVAS_CLASS" ParentModule="PAS_OLD" ParentModuleType="25" ParentName="STACKED_CANVAS_CLASS" ParentFilename="pas_old.olb" ParentFilepath="" ParentType="29"/>
      <PropertyClass Name="WINDOW_CLASS" ParentModule="PAS_OLD" ParentModuleType="25" ParentName="WINDOW_CLASS" ParentFilename="pas_old.olb" ParentFilepath="" ParentType="29"/>
      <PropertyClass Name="ID_CLASS" ParentModule="PAS_OLD" ParentModuleType="25" ParentName="ID_CLASS" ParentFilename="pas_old.olb" ParentFilepath="" ParentType="29"/>
      <PropertyClass Name="MENU_ITEM_CLASS" ParentModule="PAS_CUI" ParentModuleType="25" ParentName="MENU_ITEM_CLASS" ParentFilename="pas_cui.olb" DirtyInfo="true" ParentFilepath="" ParentType="29"/>
      <PropertyClass Name="FORM_TITLE_CLASS" ParentModule="PAS_CUI" ParentModuleType="25" ParentName="FORM_TITLE_CLASS" ParentFilename="pas_cui.olb" DirtyInfo="true" ParentFilepath="" ItemType="Display Item" ParentType="29"/>
      <PropertyClass Name="SECTION_TITLE_CLASS" ParentModule="PAS_CUI" ParentModuleType="25" ParentName="SECTION_TITLE_CLASS" ParentFilename="pas_cui.olb" DirtyInfo="true" ParentFilepath="" ItemType="Display Item" ParentType="29"/>
      <PropertyClass Name="BACKGROUND_LINK_BOX_CLASS" ParentModule="PAS_CUI" ParentModuleType="25" ParentName="BACKGROUND_LINK_BOX_CLASS" ParentFilename="pas_cui.olb" DirtyInfo="true" ParentFilepath="" ParentType="29"/>
      <PropertyClass Name="CUI_DATE_INPUT" ParentModule="PAS_CUI" ParentModuleType="25" ParentName="CUI_DATE_INPUT" ParentFilename="pas_cui.olb" DirtyInfo="true" ParentFilepath="" ParentType="29"/>
      <PropertyClass Name="CUI_DATE_DISP" ParentModule="PAS_CUI" ParentModuleType="25" ParentName="CUI_DATE_DISP" ParentFilename="pas_cui.olb" DirtyInfo="true" ParentFilepath="" ParentType="29"/>
      <PropertyClass Name="CUI_DATETIME_INPUT" ParentModule="PAS_CUI" ParentModuleType="25" ParentName="CUI_DATETIME_INPUT" ParentFilename="pas_cui.olb" DirtyInfo="true" ParentFilepath="" ParentType="29"/>
      <PropertyClass Name="CUI_DATETIME_DISP" ParentModule="PAS_CUI" ParentModuleType="25" ParentName="CUI_DATETIME_DISP" ParentFilename="pas_cui.olb" DirtyInfo="true" ParentFilepath="" ParentType="29"/>
      <Trigger Name="WHEN-NEW-FORM-INSTANCE" TriggerText="--&amp;#10;-- fires when form is entered, PRE-FORM fires before this trigger&amp;#10;--&amp;#10;-- Date&#x9;&#x9;by &#x9;&#x9;change&amp;#10;-- 10/1994&#x9;David Massie&#x9;Creation&amp;#10;-- 1995&#x9;&#x9;Nagy Tharwat&#x9;Upgrade to v9 - moved code into library procedure&amp;#10;-- 2/5/1996&#x9;Steve Pusey&#x9;Upgrade to V10 &amp;#10;--&#x9;&#x9;&#x9;&#x9;- versions into oasis_new_form_instance&amp;#10;--&#x9;&#x9;&#x9;&#x9;- Tidied code and added comments&amp;#10;-- 08 Jan 2020 Karen M TFS5796809: added call to the audit view procedure&amp;#10;--&amp;#10;&amp;#10;DECLARE&amp;#10;&amp;#10;  v_error_no             number(4); -- returned from oasis_new_form_instance&amp;#10;&amp;#10;BEGIN&amp;#10;&amp;#10;  -- version 2 form (gets bpt and window titles fromm files)&amp;#10;  oasis_new_form_instance_v2(v_error_no, 2); &amp;#10;&amp;#10;  if v_error_no > 0 then&amp;#10;    display_alert ('ERROR_ALERT', v_error_no);&amp;#10;    exit_form (NO_VALIDATE);&amp;#10;  end if;&amp;#10;&amp;#10;-- *** Insert additional code into init_form package ***&amp;#10;&amp;#10;&#x9;HCI_UPGRADE.PR_INITIALISE_IMAGES;&amp;#10;  init_form.init_form;&amp;#10;  -- KM TFS5796809 added&amp;#10;  IF :GLOBAL.patient_id > 0 THEN&amp;#10;     patient_banner.populate;&amp;#10;     audit_patient_view(p_patient_id => :GLOBAL.patient_id);&amp;#10;  ELSE&amp;#10;     patient_banner.hide_banner;&amp;#10;  END IF;   &amp;#10;&amp;#10;END;"/>
      <Trigger Name="WHEN-MOUSE-CLICK" TriggerText="--&amp;#10;-- call stdlib procedure to handle mouse click&amp;#10;-- N.B. standard left button click is not affected &amp;#10;--&amp;#10;-- date&#x9;&#x9;by&#x9;&#x9;change&amp;#10;-- 31-05-1996&#x9;Steve Pusey&#x9;Creation&amp;#10;--&amp;#10;BEGIN&amp;#10;&amp;#10;  oasis_when_mouse_click.when_mouse_click;&amp;#10;&amp;#10;END;"/>
      <Trigger Name="WHEN-NEW-ITEM-INSTANCE" TriggerText="begin&amp;#10;  :global.last_item := :system.trigger_item;&amp;#10;end;"/>
      <Trigger Name="ON-MESSAGE" TriggerText="--&amp;#10;-- steve pusey 19/4/96&amp;#10;--&amp;#10;BEGIN&amp;#10;&amp;#10;  oasis_standard_procs.on_message;&amp;#10;&amp;#10;END;"/>
      <Trigger Name="ON-ERROR" TriggerText="--&amp;#10;-- steve pusey 19/4/96&amp;#10;--&amp;#10;BEGIN&amp;#10;&amp;#10;  oasis_standard_procs.on_error;&amp;#10;&amp;#10;END;"/>
      <Trigger Name="WHEN-WINDOW-CLOSED" DirtyInfo="true" TriggerText="/* This trigger ensures proper navigation when a window is closed using the windows close function */&amp;#10;begin&amp;#10;  :GLOBAL.WINDOW_NAME := get_view_property(get_item_property(:SYSTEM.CURSOR_ITEM,&amp;#10;     item_canvas), window_name);&amp;#10;  hide_window(:GLOBAL.WINDOW_NAME);&amp;#10;  erase('GLOBAL.WINDOW_NAME');&amp;#10;end;&amp;#10;"/>
      <Trigger Name="PRE_BLOCK" FireInQuery="true" TriggerText="/* This trigger resets the 40352_count global to allow the Last line of query message to be displayed */&amp;#10;begin&amp;#10;  :GLOBAL.40352_COUNT := 0;&amp;#10;end;" DisplayInKeyboardHelp="false"/>
      <Trigger Name="WHEN-TIMER-EXPIRED" TriggerText="Button_Hint;"/>
      <Trigger Name="PRE_QUERY" FireInQuery="true" TriggerText="/* This trigger resets the 40352_count global to allow the Last line of query message to be displayed */&amp;#10;begin&amp;#10;  :GLOBAL.40352_COUNT := 0;&amp;#10;end;" DisplayInKeyboardHelp="false"/>
      <Trigger Name="POST-FORM" DirtyInfo="true" TriggerText="/* This trigger clears the Global variables used within the form */&amp;#10;begin&amp;#10;  sqa_exit_handler;&amp;#10;  erase('GLOBAL.ROOT_WINDOW_NAME');&amp;#10;  erase('GLOBAL.LAST_ITEM');&amp;#10;end;"/>
      <Trigger Name="EASY_BUTTON_TRIGGER" TriggerText="NULL;"/>
      <Trigger Name="DRILLDN_BUTTON_TRIGGER" TriggerText="NULL;"/>
      <Trigger Name="KEY-CLRFRM" ParentModule="PAS_CUI" ParentModuleType="25" ParentName="KEY-CLRFRM" ParentFilename="pas_cui.olb" DirtyInfo="true" ParentFilepath="" ParentType="37"/>
      <Trigger Name="KEY-CLRREC" TriggerText="clear_record;"/>
      <Trigger Name="KEY-CLRBLK" TriggerText="clear_block;"/>
      <Trigger Name="KEY-COMMIT" TriggerText="commit_form;"/>
      <Trigger Name="KEY-CQUERY" TriggerText="count_query;"/>
      <Trigger Name="KEY-CREREC" TriggerText="create_record;"/>
      <Trigger Name="KEY-DELREC" TriggerText="null;"/>
      <Trigger Name="KEY-DOWN" TriggerText="down;"/>
      <Trigger Name="KEY-DUP-ITEM" KeyboardHelpText="Record Error" TriggerText="--&amp;#10;-- steve pusey 22/4/96&amp;#10;--&amp;#10;BEGIN&amp;#10;&amp;#10;  oasis_standard_procs.key_dupitem_trigger;&amp;#10;&amp;#10;END;" DisplayInKeyboardHelp="true"/>
      <Trigger Name="KEY-DUPREC" TriggerText="duplicate_record;"/>
      <Trigger Name="KEY-EDIT" TriggerText="EDIT_TEXTITEM;"/>
      <Trigger Name="KEY-ENTER" TriggerText="null;"/>
      <Trigger Name="KEY-ENTQRY" TriggerText="enter_query;"/>
      <Trigger Name="KEY-EXEQRY" TriggerText="execute_query;"/>
      <Trigger Name="KEY-EXIT" TriggerText="--&amp;#10;-- fires when form is exited&amp;#10;--&amp;#10;-- Date&#x9;&#x9;by &#x9;&#x9;change&amp;#10;-- 10/1994&#x9;David Massie&#x9;Creation&amp;#10;-- 1995&#x9;&#x9;Nagy Tharwat&#x9;Upgrade to v9 - moved code into library procedure&amp;#10;-- 2/5/1996&#x9;Steve Pusey&#x9;Upgrade to V10 &amp;#10;--&#x9;&#x9;&#x9;&#x9;- removed code to check for system.mode = 'ENTER-QUERY', I can't&amp;#10;--&#x9;&#x9;&#x9;&#x9;- see why this code is not in the library !&amp;#10;--&amp;#10;BEGIN&amp;#10;   &amp;#10;  oasis_exit_form;&amp;#10;&amp;#10;END;"/>
      <Trigger Name="KEY-HELP" TriggerText="GET_HELP;"/>
      <Trigger Name="KEY-LISTVAL" TriggerText="list_values;"/>
      <Trigger Name="KEY-NEXT-ITEM" TriggerText="begin&amp;#10;&#x9;replace_t_with_current_date;&amp;#10;&#x9;next_item;&amp;#10;end;"/>
      <Trigger Name="KEY-NXTREC" TriggerText="next_record;"/>
      <Trigger Name="KEY-NXTSET" TriggerText="next_set;"/>
      <Trigger Name="KEY-OTHERS" TriggerText="NULL;"/>
      <Trigger Name="KEY-PREV-ITEM" TriggerText="begin&amp;#10;&#x9;replace_t_with_current_date;&amp;#10;&#x9;PREVIOUS_ITEM;&amp;#10;end;"/>
      <Trigger Name="KEY-PRINT" TriggerText="print;"/>
      <Trigger Name="KEY-PRVREC" TriggerText="PREVIOUS_RECORD;"/>
      <Trigger Name="KEY-SCRDOWN" TriggerText="SCROLL_DOWN;"/>
      <Trigger Name="KEY-SCRUP" TriggerText="SCROLL_UP;"/>
      <Trigger Name="KEY-UP" TriggerText="UP;"/>
      <Trigger Name="WHEN-MOUSE-DOUBLECLICK" TriggerText="--&amp;#10;-- show editor&amp;#10;--&amp;#10;-- date&#x9;&#x9;by&#x9;&#x9;change&amp;#10;-- 23/03/1997&#x9;Steve Pusey&#x9;Creation&amp;#10;--&amp;#10;BEGIN&amp;#10;&amp;#10;  IF get_item_property (:SYSTEM.CURSOR_ITEM, ITEM_TYPE) = 'TEXT ITEM' THEN&amp;#10;&#x9;edit_textitem;&amp;#10;  END IF;&amp;#10;&amp;#10;END;"/>
      <Trigger Name="WHEN-MOUSE-ENTER" DirtyInfo="true" TriggerText="begin&amp;#10;&#x9;sqa_mouse_handler;&amp;#10;end;  &amp;#10;"/>
      <Trigger Name="WHEN-WINDOW-RESIZED" DirtyInfo="true" TriggerText="begin&amp;#10;&#x9;sqa_evt_handler;&amp;#10;end;  &amp;#10;"/>
      <Trigger Name="WHEN-CUSTOM-ITEM-EVENT" DirtyInfo="true" TriggerText="if :system.custom_item_event = 'TIMEOUT' then&amp;#10;&#x9;process_timeout; -- call the procedure in stdlib&amp;#10;end if;"/>
      <VisualAttribute Name="BACKGROUND_CANVAS_BLUE" ParentModule="PAS_OLD" ParentModuleType="25" ParentName="BACKGROUND_CANVAS_BLUE" ParentFilename="pas_old.olb" ParentFilepath="" ParentType="39"/>
      <VisualAttribute Name="BACKGROUND_CANVAS" ParentModule="PAS_OLD" ParentModuleType="25" ParentName="BACKGROUND_CANVAS" ParentFilename="pas_old.olb" ParentFilepath="" ParentType="39"/>
      <VisualAttribute Name="TEXT_ITEM_BPT" ParentModule="PAS_OLD" ParentModuleType="25" ParentName="TEXT_ITEM_BPT" ParentFilename="pas_old.olb" ParentFilepath="" ParentType="39"/>
      <VisualAttribute Name="TEXT_ITEM_BPT_GREY" ParentModule="PAS_OLD" ParentModuleType="25" ParentName="TEXT_ITEM_BPT_GREY" ParentFilename="pas_old.olb" ParentFilepath="" ParentType="39"/>
      <VisualAttribute Name="TEXT_ITEM_VA" ParentModule="PAS_OLD" ParentModuleType="25" ParentName="TEXT_ITEM_VA" ParentFilename="pas_old.olb" ParentFilepath="" ParentType="39"/>
      <VisualAttribute Name="CURR_ITEM_VA" ParentModule="PAS_OLD" ParentModuleType="25" ParentName="CURR_ITEM_VA" ParentFilename="pas_old.olb" ParentFilepath="" ParentType="39"/>
      <VisualAttribute Name="DISP_RED" ParentModule="PAS_OLD" ParentModuleType="25" ParentName="DISP_RED" ParentFilename="pas_old.olb" ParentFilepath="" ParentType="39"/>
      <VisualAttribute Name="DISP_RED2" ParentModule="PAS_OLD" ParentModuleType="25" ParentName="DISP_RED2" ParentFilename="pas_old.olb" ParentFilepath="" ParentType="39"/>
      <VisualAttribute Name="DISP_GREEN" ParentModule="PAS_OLD" ParentModuleType="25" ParentName="DISP_GREEN" ParentFilename="pas_old.olb" ParentFilepath="" ParentType="39"/>
      <VisualAttribute Name="DISP_GREEN2" ParentModule="PAS_OLD" ParentModuleType="25" ParentName="DISP_GREEN2" ParentFilename="pas_old.olb" ParentFilepath="" ParentType="39"/>
      <VisualAttribute Name="WEB_BTN" BackColor="white" FontName="Arial" FontSize="900" FontStyle="Plain" FontWeight="Medium" FontSpacing="Normal"/>
      <VisualAttribute Name="WEB_TEXT_BUTTON" ParentModule="PAS_CUI" ParentModuleType="25" ParentName="WEB_TEXT_BUTTON" ParentFilename="pas_cui.olb" ParentFilepath="" ParentType="39"/>
      <VisualAttribute Name="WEB_TEXT_BUTTON_CLICK" ParentModule="PAS_CUI" ParentModuleType="25" ParentName="WEB_TEXT_BUTTON_CLICK" ParentFilename="pas_cui.olb" ParentFilepath="" ParentType="39"/>
      <VisualAttribute Name="WEB_BPT_WINGDINGS" BackColor="white" FontName="Wingdings" FontSize="1400" FontStyle="Plain" FontWeight="Medium" FontSpacing="Normal" ForegroundColor="Top Blue"/>
      <VisualAttribute Name="V7_VA_TOOLTIP" BackColor="r100g100b88" FontName="Arial" FontSize="900" FontStyle="Plain" FontWeight="Medium" FontSpacing="Normal" ForegroundColor="Black"/>
      <VisualAttribute Name="TEXT_ITEM_VA_LOV" ParentModule="PAS_OLD" ParentModuleType="25" ParentName="TEXT_ITEM_VA_LOV" ParentFilename="pas_old.olb" DirtyInfo="true" ParentFilepath="" ParentType="39"/>
      <VisualAttribute Name="MENU_TEXT_ITEMS" BackColor="Side Green" FontName="Arial" VisualAttributeType="Common" FontSize="900" DirtyInfo="true" FontWeight="Bold" ForegroundColor="darkcyan"/>
      <VisualAttribute Name="MENU_TEXT_ITEMS_INV" BackColor="darkcyan" FontName="Arial" VisualAttributeType="Common" FontSize="900" DirtyInfo="true" FontWeight="Bold" ForegroundColor="Side Green"/>
      <VisualAttribute Name="MENU_PROMPT" VisualAttributeType="Prompt" PromptForegroundColor="darkgray" DirtyInfo="true" PromptFontName="Arial" PromptFontSize="900" PromptFontStyle="Plain" PromptFontWeight="Bold" PromptFontSpacing="Normal"/>
      <VisualAttribute Name="MENU_TEXT_ITEMS_VA" ParentModule="PAS_CUI" ParentModuleType="25" ParentName="MENU_TEXT_ITEMS_VA" ParentFilename="pas_cui.olb" DirtyInfo="true" ParentFilepath="" ParentType="39"/>
      <VisualAttribute Name="FORM_TITLE_VA" ParentModule="PAS_CUI" ParentModuleType="25" ParentName="FORM_TITLE_VA" ParentFilename="pas_cui.olb" DirtyInfo="true" ParentFilepath="" ParentType="39"/>
      <VisualAttribute Name="SECTION_TITLE_VA" ParentModule="PAS_CUI" ParentModuleType="25" ParentName="SECTION_TITLE_VA" ParentFilename="pas_cui.olb" DirtyInfo="true" ParentFilepath="" ParentType="39"/>
      <VisualAttribute Name="BACKGROUND_LINK_BOX_VA" ParentModule="PAS_CUI" ParentModuleType="25" ParentName="BACKGROUND_LINK_BOX_VA" ParentFilename="pas_cui.olb" DirtyInfo="true" ParentFilepath="" ParentType="39"/>
      <VisualAttribute Name="CUI_TOOLTIP_VA" ParentModule="PAS_CUI" ParentModuleType="25" ParentName="CUI_TOOLTIP_VA" ParentFilename="pas_cui.olb" DirtyInfo="true" ParentFilepath="" ParentType="39"/>
      <Window Name="W_OPD_DETAILS" ShowHorizontalScrollbar="false" Width="589" WindowStyle="Dialog" ParentModule="OPDDETS" XPosition="5" ParentModuleType="12" YPosition="70" ParentName="WINDOW_CLASS" VisualAttributeName="DEFAULT" ParentType="29" ShowVerticalScrollbar="false" Height="355"/>
      <Window Name="MAIN_FORM_WINDOW" ShowHorizontalScrollbar="false" HorizontalToolbarCanvasName="TOOLBAR_CANVAS" ClearAllowed="true" MinimizeAllowed="true" Title="Template Form - Root Window Title" Width="755" InheritMenu="true" WindowStyle="Document" ResizeAllowed="true" PrimaryCanvas="CNV_CONTENT" HideOnExit="false" XPosition="0" YPosition="0" Bevel="None" MaximizeAllowed="true" DirtyInfo="true" VisualAttributeName="DEFAULT" Modal="false" MoveAllowed="true" ShowVerticalScrollbar="false" Height="480"/>
      <ObjectGroup Name="PATIENT_BANNER_OG" ParentModule="PAS_CUI" ParentModuleType="25" ParentName="PATIENT_BANNER_OG" ParentFilename="PAS_CUI.olb" DirtyInfo="true" ParentType="23">
         <ObjectGroupChild Name="P_PATIENT_BANNER_VERSION" SubclassSubObject="true"/>
         <ObjectGroupChild Name="B_PATIENT_BANNER" SubclassSubObject="true"/>
         <ObjectGroupChild Name="TOOLBAR_CANVAS" SubclassSubObject="true"/>
         <ObjectGroupChild Name="TOOLBAR_CANVAS_CLASS" SubclassSubObject="true"/>
         <ObjectGroupChild Name="PB_ZONE_2_CANVAS" SubclassSubObject="true"/>
         <ObjectGroupChild Name="IMAGE_BUTTON_CLASS" SubclassSubObject="true"/>
         <ObjectGroupChild Name="PATIENT_BANNER_ITEM_CLASS" SubclassSubObject="true"/>
         <ObjectGroupChild Name="CUI_TOOLTIP_VA" SubclassSubObject="true"/>
         <ObjectGroupChild Name="PATIENT_BANNER_ALIVE" SubclassSubObject="true"/>
         <ObjectGroupChild Name="PATIENT_BANNER_ALIVE_SMALL" SubclassSubObject="true"/>
         <ObjectGroupChild Name="PATIENT_BANNER_ALIVE_BIG" SubclassSubObject="true"/>
         <ObjectGroupChild Name="PATIENT_BANNER_ALIVE_LABEL" SubclassSubObject="true"/>
         <ObjectGroupChild Name="PATIENT_BANNER_ALIVE_LINK" SubclassSubObject="true"/>
         <ObjectGroupChild Name="PATIENT_BANNER_DEAD" SubclassSubObject="true"/>
         <ObjectGroupChild Name="PATIENT_BANNER_DEAD_SMALL" SubclassSubObject="true"/>
         <ObjectGroupChild Name="PATIENT_BANNER_DEAD_BIG" SubclassSubObject="true"/>
         <ObjectGroupChild Name="PATIENT_BANNER_DEAD_LABEL" SubclassSubObject="true"/>
         <ObjectGroupChild Name="PATIENT_BANNER_DEAD_LINK" SubclassSubObject="true"/>
         <ObjectGroupChild Name="PATIENT_BANNER" SubclassSubObject="true"/>
         <ObjectGroupChild Name="PATIENT_BANNER" SubclassSubObject="true"/>
      </ObjectGroup>
      <ObjectGroup Name="KEY_TRIGGERS" ObjectGroupType="22">
         <ObjectGroupChild Name="KEY-CLRFRM" Type="Trigger"/>
         <ObjectGroupChild Name="KEY-CLRBLK" Type="Trigger"/>
         <ObjectGroupChild Name="KEY-CLRREC" Type="Trigger"/>
         <ObjectGroupChild Name="KEY-COMMIT" Type="Trigger"/>
         <ObjectGroupChild Name="KEY-CQUERY" Type="Trigger"/>
         <ObjectGroupChild Name="KEY-CREREC" Type="Trigger"/>
         <ObjectGroupChild Name="KEY-DELREC" Type="Trigger"/>
         <ObjectGroupChild Name="KEY-DOWN" Type="Trigger"/>
         <ObjectGroupChild Name="KEY-DUP-ITEM" Type="Trigger"/>
         <ObjectGroupChild Name="KEY-DUPREC" Type="Trigger"/>
         <ObjectGroupChild Name="KEY-EDIT" Type="Trigger"/>
         <ObjectGroupChild Name="KEY-ENTER" Type="Trigger"/>
         <ObjectGroupChild Name="KEY-ENTQRY" Type="Trigger"/>
         <ObjectGroupChild Name="KEY-EXEQRY" Type="Trigger"/>
         <ObjectGroupChild Name="KEY-LISTVAL" Type="Trigger"/>
         <ObjectGroupChild Name="KEY-NEXT-ITEM" Type="Trigger"/>
         <ObjectGroupChild Name="KEY-NXTREC" Type="Trigger"/>
         <ObjectGroupChild Name="KEY-NXTSET" Type="Trigger"/>
         <ObjectGroupChild Name="KEY-OTHERS" Type="Trigger"/>
         <ObjectGroupChild Name="KEY-PREV-ITEM" Type="Trigger"/>
         <ObjectGroupChild Name="KEY-PRINT" Type="Trigger"/>
         <ObjectGroupChild Name="KEY-PRVREC" Type="Trigger"/>
         <ObjectGroupChild Name="KEY-SCRDOWN" Type="Trigger"/>
         <ObjectGroupChild Name="KEY-SCRUP" Type="Trigger"/>
         <ObjectGroupChild Name="KEY-UP" Type="Trigger"/>
      </ObjectGroup>
      <ObjectGroup Name="ABOUT_FORM_PARAMETERS" ObjectGroupType="22">
         <ObjectGroupChild Name="P_TEMPLATE" Type="ModuleParameter"/>
         <ObjectGroupChild Name="P_VERSION" Type="ModuleParameter"/>
         <ObjectGroupChild Name="P_DATE" Type="ModuleParameter"/>
      </ObjectGroup>
      <ObjectGroup Name="ON_TRIGGERS" ObjectGroupType="22">
         <ObjectGroupChild Name="ON-MESSAGE" Type="Trigger"/>
         <ObjectGroupChild Name="ON-ERROR" Type="Trigger"/>
      </ObjectGroup>
      <ObjectGroup Name="ACTIONS_OG" ParentModule="PAS_CUI" ParentModuleType="25" ParentName="ACTIONS_OG" ParentFilename="pas_cui.olb" ParentFilepath="" ParentType="23">
         <ObjectGroupChild Name="C_ACTIONS" SubclassSubObject="true"/>
         <ObjectGroupChild Name="C_BASE" SubclassSubObject="true"/>
         <ObjectGroupChild Name="C_FUNCTIONS" SubclassSubObject="true"/>
         <ObjectGroupChild Name="MENU_CANVAS_CLASS" SubclassSubObject="true"/>
         <ObjectGroupChild Name="MENU_CANVAS_VA" SubclassSubObject="true"/>
         <ObjectGroupChild Name="MENU_ITEM_CLASS" SubclassSubObject="true"/>
         <ObjectGroupChild Name="TOP_MENU" SubclassSubObject="true"/>
         <ObjectGroupChild Name="LT_TOOLBAR_MAIN" SubclassSubObject="true"/>
         <ObjectGroupChild Name="HCI_UPGRADE" SubclassSubObject="true"/>
         <ObjectGroupChild Name="HCI_UPGRADE" SubclassSubObject="true"/>
         <ObjectGroupChild Name="LHM_RESET_CANVAS_STACK" SubclassSubObject="true"/>
         <ObjectGroupChild Name="LOCAL_RESET_CANVAS_STACK" SubclassSubObject="true"/>
      </ObjectGroup>
   </FormModule>
</Module>
