<?xml version = '1.0' encoding = 'UTF-8'?>
<Module version="122010300" xmlns="http://xmlns.oracle.com/Forms">
   <FormModule Name="OPDLIST" ValidationUnit="Default" Comment="Patient details form. Pass patient_id in as :Global.Patient_Id&amp;#10;&amp;#10;Developed By Steve Pusey, Elan Equipment 12/94" FirstNavigationBlockName="OPD_LIST_TOP" HorizontalToolbarCanvas="" MenuModule="" MenuRole="" CursorMode="Open" InitializeMenu="" Use3dControls="true" RuntimeComp="5.0" DirtyInfo="true" MouseNavigationLimit="Form" SavepointMode="true">
      <Coordinate CharacterCellWidth="7" RealUnit="Point" DefaultFontScaling="false" CharacterCellHeight="16" CoordinateSystem="Real"/>
      <Alert Name="QUESTION_ALERT" DirtyInfo="true" Button1Label="YES" VisualAttributeName="DEFAULT" Button2Label="NO" DefaultAlertButton="Button 1" AlertStyle="Note"/>
      <Alert Name="STANDARD_ALERT" DirtyInfo="true" Button1Label="OK" VisualAttributeName="DEFAULT" Button2Label="" DefaultAlertButton="Button 1" AlertStyle="Note"/>
      <Alert Name="WARNING_ALERT" DirtyInfo="true" Button1Label="OK" VisualAttributeName="DEFAULT" Button2Label="" DefaultAlertButton="Button 1" AlertStyle="Note"/>
      <Alert Name="ERROR_ALERT" DirtyInfo="true" Button1Label="OK" VisualAttributeName="DEFAULT" Button2Label="" DefaultAlertButton="Button 1" AlertStyle="Note"/>
      <Block Name="BUTTONS" DirtyInfo="true" ScrollbarWidth="14" ScrollbarLength="135">
         <Item Name="CONTINUE_BUTTON" ValidateFromList="false" LovXPosition="0" Justification="Center" LovYPosition="0" ListStyle="Poplist" Width="70" MaximumLength="30" WrapStyle="Word" AutoSkip="false" CompressionQuality="None" XPosition="543" YPosition="366" DatabaseItem="false" Bevel="None" AutoHint="false" MouseNavigate="false" CanvasName="OPD_LIST_CANVAS" MultiLine="false" CaseInsensitiveQuery="false" KeyboardNavigable="true" CaseRestriction="Mixed" CheckBoxOtherValues="Not Allowed" ImplementationClass="" OtherValues="cancel36" PrimaryKey="false" DirtyInfo="true" DefaultButton="true" QueryAllowed="true" Visible="true" QueryLength="30" DisplayQuality="High" EditXPosition="0" EditYPosition="0" Enabled="true" DistanceBetweenRecords="0" FillPattern="transparent" FixedLength="false" Required="false" Height="14" ConcealData="false" SizingStyle="Crop" ShowHorizontalScrollbar="false" Iconic="true" IconFilename="cancel36" InsertAllowed="false" ItemType="Text Item" DataType="Char" UpdateAllowed="true" UpdateIfNull="false" KeepCursorPosition="false" VisualAttributeName="WEB_TEXT_BUTTON" Label="CNCL" LockRecord="false" ShowVerticalScrollbar="false" TooltipVisualAttributeGroup="V7_VA_TOOLTIP" LovName="">
            <Trigger Name="WHEN-MOUSE-CLICK" DirtyInfo="true" FireInQuery="true" TriggerText="&amp;#10;oasis_when_mouse_click.when_mouse_click;&amp;#10;&amp;#10;:GLOBAL.OPDLIST_ACTION := 'CONTINUE';&amp;#10;&amp;#10;do_key ('EXIT_FORM');&amp;#10;" DisplayInKeyboardHelp="false"/>
         </Item>
         <Item Name="CANCEL_BUTTON" ValidateFromList="false" LovXPosition="0" Justification="Center" LovYPosition="0" ListStyle="Poplist" Width="70" MaximumLength="30" WrapStyle="Word" AutoSkip="false" CompressionQuality="None" XPosition="271" YPosition="366" DatabaseItem="false" Bevel="None" AutoHint="false" MouseNavigate="false" CanvasName="OPD_LIST_CANVAS" MultiLine="false" CaseInsensitiveQuery="false" KeyboardNavigable="true" CaseRestriction="Mixed" CheckBoxOtherValues="Not Allowed" ImplementationClass="" OtherValues="cancel36" PrimaryKey="false" DirtyInfo="true" DefaultButton="true" QueryAllowed="true" Visible="true" QueryLength="30" DisplayQuality="High" EditXPosition="0" EditYPosition="0" Enabled="true" DistanceBetweenRecords="0" FillPattern="transparent" FixedLength="false" Required="false" Height="14" ConcealData="false" SizingStyle="Crop" ShowHorizontalScrollbar="false" Iconic="true" IconFilename="cancel36" InsertAllowed="false" ItemType="Text Item" DataType="Char" UpdateAllowed="true" UpdateIfNull="false" KeepCursorPosition="false" VisualAttributeName="WEB_TEXT_BUTTON" Label="CNCL" LockRecord="false" ShowVerticalScrollbar="false" TooltipVisualAttributeGroup="V7_VA_TOOLTIP" LovName="">
            <Trigger Name="WHEN-MOUSE-CLICK" DirtyInfo="true" FireInQuery="true" TriggerText="&amp;#10;oasis_when_mouse_click.when_mouse_click;&amp;#10;&amp;#10;:GLOBAL.OPDLIST_ACTION := 'CANCEL';&amp;#10;&amp;#10;do_key ('EXIT_FORM');            &amp;#10;" DisplayInKeyboardHelp="false"/>
         </Item>
         <Trigger Name="WHEN-MOUSE-DOWN" DirtyInfo="true" TriggerText="SET_ITEM_PROPERTY(:SYSTEM.TRIGGER_ITEM,VISUAL_ATTRIBUTE,'WEB_TEXT_BUTTON_CLICK');"/>
         <Trigger Name="WHEN-MOUSE-UP" DirtyInfo="true" TriggerText="SET_ITEM_PROPERTY(:SYSTEM.TRIGGER_ITEM, VISUAL_ATTRIBUTE, 'WEB_TEXT_BUTTON');&amp;#10;DEFAULT_VALUE(NULL,'GLOBAL.LAST_ITEM');&amp;#10;IF :global.last_item IS NOT NULL THEN&amp;#10;&#x9;GO_ITEM(:global.last_item);&amp;#10;END IF;"/>
         <Trigger Name="KEY-CLRBLK" DirtyInfo="true" TriggerText="NULL;"/>
         <Trigger Name="KEY-CLRREC" DirtyInfo="true" TriggerText="NULL;"/>
         <Trigger Name="KEY-CLRFRM" DirtyInfo="true" TriggerText="NULL;"/>
         <Trigger Name="KEY-DELREC" DirtyInfo="true" TriggerText="NULL;"/>
         <Trigger Name="KEY-ENTQRY" DirtyInfo="true" TriggerText="NULL;"/>
         <Trigger Name="KEY-EXEQRY" DirtyInfo="true" TriggerText="NULL;"/>
         <Trigger Name="KEY-CREREC" DirtyInfo="true" TriggerText="NULL;"/>
         <Trigger Name="KEY-NXTREC" DirtyInfo="true" TriggerText="NULL;"/>
         <Trigger Name="KEY-PRVREC" DirtyInfo="true" TriggerText="NULL;"/>
         <Trigger Name="KEY-SCRDOWN" DirtyInfo="true" TriggerText="NULL;"/>
         <Trigger Name="KEY-SCRUP" DirtyInfo="true" TriggerText="NULL;"/>
         <Trigger Name="KEY-DOWN" DirtyInfo="true" TriggerText="NULL;"/>
         <Trigger Name="KEY-UP" DirtyInfo="true" TriggerText="NULL;"/>
         <Trigger Name="WHEN-NEW-ITEM-INSTANCE" DirtyInfo="true" TriggerText="NULL; -- To ensure the form level trigger does not fire for the buttons"/>
      </Block>
      <Block Name="TEXT" RecordsBufferedCount="0" RecordsDisplayCount="1" RecordsFetchedCount="0" WhereClause="" EnforcedPrimaryKey="false" RecordOrientation="Vertical" NavigationStyle="Same Record" ShowScrollbar="false" NextNavigationBlockName="" EnforcedColumnSecurity="false" InsertAllowed="true" UpdateAllowed="true" DMLDataName="" DeleteAllowed="true" QueryDataSourceName="" DirtyInfo="true" VisualAttributeName="DEFAULT" KeyMode="Unique" PreviousNavigationBlockName="" DatabaseBlock="false" QueryDataSourceType="None" QueryAllowed="true" LockMode="Immediate" DMLDataType="None">
         <Item Name="BPT_1" ValidateFromList="false" LovXPosition="0" Justification="Left" LovYPosition="0" ListStyle="Poplist" Width="55" MaximumLength="80" WrapStyle="Word" AutoSkip="false" CompressionQuality="None" XPosition="4" YPosition="7" DatabaseItem="false" Bevel="None" AutoHint="false" MouseNavigate="true" CanvasName="OPD_LIST_CANVAS" MultiLine="false" CaseInsensitiveQuery="false" KeyboardNavigable="true" CaseRestriction="Mixed" CheckBoxOtherValues="Not Allowed" PrimaryKey="false" DirtyInfo="true" DefaultButton="false" QueryAllowed="true" Visible="true" QueryLength="80" DisplayQuality="High" EditXPosition="0" EditYPosition="0" Enabled="true" DistanceBetweenRecords="0" FixedLength="false" Required="false" Height="12" ConcealData="false" SizingStyle="Crop" ShowHorizontalScrollbar="false" Iconic="false" InsertAllowed="true" ItemType="Display Item" CopyValueFromItem="" DataType="Char" UpdateAllowed="true" UpdateIfNull="false" KeepCursorPosition="false" VisualAttributeName="TEXT_ITEM_BPT" LockRecord="false" ShowVerticalScrollbar="false" LovName=""/>
         <Item Name="BPT_2" ValidateFromList="false" LovXPosition="0" Justification="Left" LovYPosition="0" ListStyle="Poplist" Width="50" MaximumLength="80" WrapStyle="Word" AutoSkip="false" CompressionQuality="None" XPosition="90" YPosition="7" DatabaseItem="false" Bevel="None" AutoHint="false" MouseNavigate="true" CanvasName="OPD_LIST_CANVAS" MultiLine="false" CaseInsensitiveQuery="false" KeyboardNavigable="true" CaseRestriction="Mixed" CheckBoxOtherValues="Not Allowed" PrimaryKey="false" DirtyInfo="true" DefaultButton="false" QueryAllowed="true" Visible="true" QueryLength="80" DisplayQuality="High" EditXPosition="0" EditYPosition="0" Enabled="true" DistanceBetweenRecords="0" FixedLength="false" Required="false" Height="12" ConcealData="false" SizingStyle="Crop" ShowHorizontalScrollbar="false" Iconic="false" InsertAllowed="true" ItemType="Display Item" CopyValueFromItem="" DataType="Char" UpdateAllowed="true" UpdateIfNull="false" KeepCursorPosition="false" VisualAttributeName="TEXT_ITEM_BPT" LockRecord="false" ShowVerticalScrollbar="false" LovName=""/>
         <Item Name="BPT_3" ValidateFromList="false" LovXPosition="0" Justification="Center" LovYPosition="0" ListStyle="Poplist" Width="22" MaximumLength="80" WrapStyle="Word" AutoSkip="false" CompressionQuality="None" XPosition="174" YPosition="7" DatabaseItem="false" Bevel="None" AutoHint="false" MouseNavigate="true" CanvasName="OPD_LIST_CANVAS" MultiLine="false" CaseInsensitiveQuery="false" KeyboardNavigable="true" CaseRestriction="Mixed" CheckBoxOtherValues="Not Allowed" PrimaryKey="false" DirtyInfo="true" DefaultButton="false" QueryAllowed="true" Visible="true" QueryLength="80" DisplayQuality="High" EditXPosition="0" EditYPosition="0" Enabled="true" DistanceBetweenRecords="0" FixedLength="false" Required="false" Height="12" ConcealData="false" SizingStyle="Crop" ShowHorizontalScrollbar="false" Iconic="false" InsertAllowed="true" ItemType="Display Item" CopyValueFromItem="" DataType="Char" UpdateAllowed="true" UpdateIfNull="false" KeepCursorPosition="false" VisualAttributeName="TEXT_ITEM_BPT" LockRecord="false" ShowVerticalScrollbar="false" LovName=""/>
         <Item Name="BPT_4" ValidateFromList="false" LovXPosition="0" Justification="Left" LovYPosition="0" ListStyle="Poplist" Width="87" MaximumLength="80" WrapStyle="Word" AutoSkip="false" CompressionQuality="None" XPosition="199" YPosition="7" DatabaseItem="false" Bevel="None" AutoHint="false" MouseNavigate="true" CanvasName="OPD_LIST_CANVAS" MultiLine="false" CaseInsensitiveQuery="false" KeyboardNavigable="true" CaseRestriction="Mixed" CheckBoxOtherValues="Not Allowed" PrimaryKey="false" DirtyInfo="true" DefaultButton="false" QueryAllowed="true" Visible="true" QueryLength="80" DisplayQuality="High" EditXPosition="0" EditYPosition="0" Enabled="true" DistanceBetweenRecords="0" FixedLength="false" Required="false" Height="12" ConcealData="false" SizingStyle="Crop" ShowHorizontalScrollbar="false" Iconic="false" InsertAllowed="true" ItemType="Display Item" CopyValueFromItem="" DataType="Char" UpdateAllowed="true" UpdateIfNull="false" KeepCursorPosition="false" VisualAttributeName="TEXT_ITEM_BPT" LockRecord="false" ShowVerticalScrollbar="false" LovName=""/>
         <Item Name="BPT_5" ValidateFromList="false" LovXPosition="0" Justification="Left" LovYPosition="0" ListStyle="Poplist" Width="95" MaximumLength="80" WrapStyle="Word" AutoSkip="false" CompressionQuality="None" XPosition="297" YPosition="7" DatabaseItem="false" Bevel="None" AutoHint="false" MouseNavigate="true" CanvasName="OPD_LIST_CANVAS" MultiLine="false" CaseInsensitiveQuery="false" KeyboardNavigable="true" CaseRestriction="Mixed" CheckBoxOtherValues="Not Allowed" PrimaryKey="false" DirtyInfo="true" DefaultButton="false" QueryAllowed="true" Visible="true" QueryLength="80" DisplayQuality="High" EditXPosition="0" EditYPosition="0" Enabled="true" DistanceBetweenRecords="0" FixedLength="false" Required="false" Height="12" ConcealData="false" SizingStyle="Crop" ShowHorizontalScrollbar="false" Iconic="false" InsertAllowed="true" ItemType="Display Item" CopyValueFromItem="" DataType="Char" UpdateAllowed="true" UpdateIfNull="false" KeepCursorPosition="false" VisualAttributeName="TEXT_ITEM_BPT" LockRecord="false" ShowVerticalScrollbar="false" LovName=""/>
         <Item Name="BPT_6" ValidateFromList="false" LovXPosition="0" Justification="Left" LovYPosition="0" ListStyle="Poplist" Width="95" MaximumLength="80" WrapStyle="Word" AutoSkip="false" CompressionQuality="None" XPosition="403" YPosition="7" DatabaseItem="false" Bevel="None" AutoHint="false" MouseNavigate="true" CanvasName="OPD_LIST_CANVAS" MultiLine="false" CaseInsensitiveQuery="false" KeyboardNavigable="true" CaseRestriction="Mixed" CheckBoxOtherValues="Not Allowed" PrimaryKey="false" DirtyInfo="true" DefaultButton="false" QueryAllowed="true" Visible="true" QueryLength="80" DisplayQuality="High" EditXPosition="0" EditYPosition="0" Enabled="true" DistanceBetweenRecords="0" FixedLength="false" Required="false" Height="12" ConcealData="false" SizingStyle="Crop" ShowHorizontalScrollbar="false" Iconic="false" InsertAllowed="true" ItemType="Display Item" CopyValueFromItem="" DataType="Char" UpdateAllowed="true" UpdateIfNull="false" KeepCursorPosition="false" VisualAttributeName="TEXT_ITEM_BPT" LockRecord="false" ShowVerticalScrollbar="false" LovName=""/>
         <Item Name="BPT_7" ValidateFromList="false" LovXPosition="0" Justification="Left" LovYPosition="0" ListStyle="Poplist" Width="75" MaximumLength="80" WrapStyle="Word" AutoSkip="false" CompressionQuality="None" XPosition="523" YPosition="7" DatabaseItem="false" Bevel="None" AutoHint="false" MouseNavigate="true" CanvasName="OPD_LIST_CANVAS" MultiLine="false" CaseInsensitiveQuery="false" KeyboardNavigable="true" CaseRestriction="Mixed" CheckBoxOtherValues="Not Allowed" PrimaryKey="false" DirtyInfo="true" DefaultButton="false" QueryAllowed="true" Visible="true" QueryLength="80" DisplayQuality="High" EditXPosition="0" EditYPosition="0" Enabled="true" DistanceBetweenRecords="0" FixedLength="false" Required="false" Height="12" ConcealData="false" SizingStyle="Crop" ShowHorizontalScrollbar="false" Iconic="false" InsertAllowed="true" ItemType="Display Item" CopyValueFromItem="" DataType="Char" UpdateAllowed="true" UpdateIfNull="false" KeepCursorPosition="false" VisualAttributeName="TEXT_ITEM_BPT" LockRecord="false" ShowVerticalScrollbar="false" LovName=""/>
         <Item Name="BPT_8" ValidateFromList="false" LovXPosition="0" Justification="Right" LovYPosition="0" ListStyle="Poplist" Width="189" MaximumLength="80" WrapStyle="Word" AutoSkip="false" CompressionQuality="None" XPosition="133" YPosition="317" DatabaseItem="false" Bevel="None" AutoHint="false" MouseNavigate="true" CanvasName="OPD_LIST_CANVAS" MultiLine="false" CaseInsensitiveQuery="false" KeyboardNavigable="true" CaseRestriction="Mixed" CheckBoxOtherValues="Not Allowed" PrimaryKey="false" DirtyInfo="true" DefaultButton="false" QueryAllowed="true" Visible="true" QueryLength="80" DisplayQuality="High" EditXPosition="0" EditYPosition="0" Enabled="true" DistanceBetweenRecords="0" FixedLength="false" Required="false" Height="12" ConcealData="false" SizingStyle="Crop" ShowHorizontalScrollbar="false" Iconic="false" InsertAllowed="true" ItemType="Display Item" CopyValueFromItem="" DataType="Char" UpdateAllowed="true" UpdateIfNull="false" KeepCursorPosition="false" VisualAttributeName="TEXT_ITEM_BPT" LockRecord="false" ShowVerticalScrollbar="false" LovName=""/>
         <Item Name="BPT_9" ValidateFromList="false" LovXPosition="0" Justification="Right" LovYPosition="0" ListStyle="Poplist" Width="189" MaximumLength="80" WrapStyle="Word" AutoSkip="false" CompressionQuality="None" XPosition="133" YPosition="333" DatabaseItem="false" Bevel="None" AutoHint="false" MouseNavigate="true" CanvasName="OPD_LIST_CANVAS" MultiLine="false" CaseInsensitiveQuery="false" KeyboardNavigable="true" CaseRestriction="Mixed" CheckBoxOtherValues="Not Allowed" PrimaryKey="false" DirtyInfo="true" DefaultButton="false" QueryAllowed="true" Visible="true" QueryLength="80" DisplayQuality="High" EditXPosition="0" EditYPosition="0" Enabled="true" DistanceBetweenRecords="0" FixedLength="false" Required="false" Height="12" ConcealData="false" SizingStyle="Crop" ShowHorizontalScrollbar="false" Iconic="false" InsertAllowed="true" ItemType="Display Item" CopyValueFromItem="" DataType="Char" UpdateAllowed="true" UpdateIfNull="false" KeepCursorPosition="false" VisualAttributeName="TEXT_ITEM_BPT" LockRecord="false" ShowVerticalScrollbar="false" LovName=""/>
         <Item Name="BPT_10" ValidateFromList="false" LovXPosition="0" Justification="Right" LovYPosition="0" ListStyle="Poplist" Width="189" MaximumLength="80" WrapStyle="Word" AutoSkip="false" CompressionQuality="None" XPosition="133" YPosition="348" DatabaseItem="false" Bevel="None" AutoHint="false" MouseNavigate="true" CanvasName="OPD_LIST_CANVAS" MultiLine="false" CaseInsensitiveQuery="false" KeyboardNavigable="true" CaseRestriction="Mixed" CheckBoxOtherValues="Not Allowed" PrimaryKey="false" DirtyInfo="true" DefaultButton="false" QueryAllowed="true" Visible="true" QueryLength="80" DisplayQuality="High" EditXPosition="0" EditYPosition="0" Enabled="true" DistanceBetweenRecords="0" FixedLength="false" Required="false" Height="12" ConcealData="false" SizingStyle="Crop" ShowHorizontalScrollbar="false" Iconic="false" InsertAllowed="true" ItemType="Display Item" CopyValueFromItem="" DataType="Char" UpdateAllowed="true" UpdateIfNull="false" KeepCursorPosition="false" VisualAttributeName="TEXT_ITEM_BPT" LockRecord="false" ShowVerticalScrollbar="false" LovName=""/>
         <Item Name="DSP_BREADCRUMB" Justification="Start" TabPageName="" Width="278" MaximumLength="4000" ItemType="Display Item" BackColor="white" XPosition="5" FontName="Arial" YPosition="4" DatabaseItem="false" Bevel="None" FontSize="1000" FontStyle="Italic" DirtyInfo="true" FontWeight="Bold" FontSpacing="Normal" ForegroundColor="darkcyan" Height="15"/>
         <Trigger Name="WHEN-MOUSE-DOUBLECLICK" TriggerText="--&amp;#10;-- steve pusey 19/4/96&amp;#10;--&amp;#10;-- change value in current boilerplate text item&amp;#10;--&amp;#10;BEGIN&amp;#10;&amp;#10;  boilerplate.change_boilerplate;&amp;#10;&amp;#10;END;"/>
      </Block>
      <Block Name="OPD_LIST_TOP" RecordsBufferedCount="0" RecordsDisplayCount="10" RecordsFetchedCount="0" WhereClause="" EnforcedPrimaryKey="false" RecordOrientation="Vertical" BackColor="white" ScrollbarCanvasName="OPD_LIST_CANVAS" ScrollbarWidth="10" ScrollbarXPosition="617" ScrollbarYPosition="26" NavigationStyle="Same Record" ShowScrollbar="true" ScrollbarLength="137" NextNavigationBlockName="OPD_LIST_TOP" EnforcedColumnSecurity="false" InsertAllowed="false" UpdateAllowed="false" DMLDataName="" DeleteAllowed="false" QueryDataSourceName="" DirtyInfo="true" VisualAttributeName="DEFAULT" KeyMode="Unique" PreviousNavigationBlockName="OPD_LIST_TOP" DatabaseBlock="false" ScrollbarTabPageName="" QueryDataSourceType="None" QueryAllowed="false" LockMode="Immediate" DMLDataType="None">
         <Item Name="START_DATE" ValidateFromList="false" LovXPosition="0" Justification="Start" LovYPosition="0" ListStyle="Poplist" WrapStyle="Word" AutoSkip="false" BackColor="white" CompressionQuality="None" XPosition="4" YPosition="26" DatabaseItem="false" Bevel="None" AutoHint="false" MouseNavigate="true" CanvasName="OPD_LIST_CANVAS" MultiLine="false" CaseInsensitiveQuery="false" KeyboardNavigable="true" ParentType="29" CheckBoxOtherValues="Not Allowed" PrimaryKey="false" DirtyInfo="true" DefaultButton="true" QueryAllowed="false" Visible="true" QueryLength="0" DisplayQuality="High" EditName="" EditXPosition="0" EditYPosition="0" Enabled="true" DistanceBetweenRecords="0" FixedLength="false" Required="false" FontSize="800" FontWeight="Medium" ForegroundColor="black" ConcealData="false" Hint="" SizingStyle="Crop" ShowHorizontalScrollbar="false" Iconic="false" ItemType="Text Item" CopyValueFromItem="" ParentModule="PAS_CUI" UpdateIfNull="false" ParentModuleType="25" ParentName="CUI_DATETIME_DISP" ParentFilename="PAS_CUI.olb" KeepCursorPosition="false" LockRecord="false" ShowVerticalScrollbar="false" LovName=""/>
         <Item Name="END_DATE" ValidateFromList="false" LovXPosition="0" Justification="Start" LovYPosition="0" ListStyle="Poplist" WrapStyle="Word" AutoSkip="false" BackColor="white" CompressionQuality="None" XPosition="90" YPosition="26" DatabaseItem="false" Bevel="None" AutoHint="false" MouseNavigate="true" CanvasName="OPD_LIST_CANVAS" MultiLine="false" CaseInsensitiveQuery="false" KeyboardNavigable="true" ParentType="29" CheckBoxOtherValues="Not Allowed" PrimaryKey="false" DirtyInfo="true" DefaultButton="true" QueryAllowed="false" Visible="true" QueryLength="0" DisplayQuality="High" EditName="" EditXPosition="0" EditYPosition="0" Enabled="true" DistanceBetweenRecords="0" FixedLength="false" Required="false" FontSize="800" FontWeight="Medium" ForegroundColor="Black" ConcealData="false" Hint="" SizingStyle="Crop" ShowHorizontalScrollbar="false" Iconic="false" ItemType="Text Item" CopyValueFromItem="" ParentModule="PAS_CUI" UpdateIfNull="false" ParentModuleType="25" ParentName="CUI_DATETIME_DISP" ParentFilename="PAS_CUI.olb" KeepCursorPosition="false" LockRecord="false" ShowVerticalScrollbar="false" LovName=""/>
         <Item Name="ENCOUNTER_TYPE" ValidateFromList="false" LovXPosition="0" Justification="Center" LovYPosition="0" ListStyle="Poplist" Width="18" MaximumLength="30" WrapStyle="Word" AutoSkip="false" BackColor="white" CompressionQuality="None" XPosition="176" YPosition="26" DatabaseItem="false" Bevel="None" AutoHint="false" MouseNavigate="true" CanvasName="OPD_LIST_CANVAS" MultiLine="false" CaseInsensitiveQuery="false" KeyboardNavigable="true" CaseRestriction="Upper" CheckBoxOtherValues="Not Allowed" PrimaryKey="false" DirtyInfo="true" DefaultButton="true" QueryAllowed="false" Visible="true" QueryLength="0" DisplayQuality="High" EditName="" EditXPosition="0" EditYPosition="0" Enabled="true" DistanceBetweenRecords="0" FillPattern="transparent" FixedLength="false" Required="false" FontSize="800" ForegroundColor="Black" FormatMask="" Height="14" ConcealData="false" Hint="" SizingStyle="Crop" ShowHorizontalScrollbar="false" Iconic="false" InsertAllowed="false" ItemType="Text Item" CopyValueFromItem="" DataType="Char" UpdateAllowed="false" UpdateIfNull="false" KeepCursorPosition="false" VisualAttributeName="WEB_ITEM" LockRecord="false" ShowVerticalScrollbar="false" LovName=""/>
         <Item Name="SPECIALTY" ValidateFromList="false" LovXPosition="0" Justification="Left" LovYPosition="0" ListStyle="Poplist" Width="95" MaximumLength="200" WrapStyle="Word" AutoSkip="false" BackColor="white" CompressionQuality="None" XPosition="199" YPosition="26" DatabaseItem="false" Bevel="None" AutoHint="false" MouseNavigate="true" CanvasName="OPD_LIST_CANVAS" MultiLine="false" CaseInsensitiveQuery="false" KeyboardNavigable="true" CaseRestriction="Mixed" CheckBoxOtherValues="Not Allowed" PrimaryKey="false" DirtyInfo="true" DefaultButton="true" QueryAllowed="false" Visible="true" QueryLength="0" DisplayQuality="High" EditName="" EditXPosition="0" EditYPosition="0" Enabled="true" DistanceBetweenRecords="0" FillPattern="transparent" FixedLength="false" Required="false" FontSize="800" ForegroundColor="Black" FormatMask="" Height="14" ConcealData="false" Hint="" SizingStyle="Crop" ShowHorizontalScrollbar="false" Iconic="false" InsertAllowed="false" ItemType="Text Item" CopyValueFromItem="" DataType="Char" UpdateAllowed="false" UpdateIfNull="false" KeepCursorPosition="false" VisualAttributeName="WEB_ITEM" LockRecord="false" ShowVerticalScrollbar="false" LovName=""/>
         <Item Name="CONSULTANT" ValidateFromList="false" LovXPosition="0" Justification="Left" LovYPosition="0" ListStyle="Poplist" Width="103" MaximumLength="512" WrapStyle="Word" AutoSkip="false" BackColor="white" CompressionQuality="None" XPosition="297" YPosition="26" DatabaseItem="false" Bevel="None" AutoHint="false" MouseNavigate="true" CanvasName="OPD_LIST_CANVAS" MultiLine="false" CaseInsensitiveQuery="false" KeyboardNavigable="true" CaseRestriction="Mixed" CheckBoxOtherValues="Not Allowed" PrimaryKey="false" DirtyInfo="true" DefaultButton="true" QueryAllowed="false" Visible="true" QueryLength="0" DisplayQuality="High" EditName="" EditXPosition="0" EditYPosition="0" Enabled="true" DistanceBetweenRecords="0" FillPattern="transparent" FixedLength="false" Required="false" FontSize="800" ForegroundColor="Black" FormatMask="" Height="14" ConcealData="false" Hint="" SizingStyle="Crop" ShowHorizontalScrollbar="false" Iconic="false" InsertAllowed="false" ItemType="Text Item" CopyValueFromItem="" DataType="Char" UpdateAllowed="false" UpdateIfNull="false" KeepCursorPosition="false" VisualAttributeName="WEB_ITEM" LockRecord="false" ShowVerticalScrollbar="false" LovName=""/>
         <Item Name="OUTCOME" ValidateFromList="false" LovXPosition="0" Justification="Left" LovYPosition="0" ListStyle="Poplist" Width="117" MaximumLength="200" WrapStyle="Word" AutoSkip="false" BackColor="white" CompressionQuality="None" XPosition="403" YPosition="26" DatabaseItem="false" Bevel="None" AutoHint="false" MouseNavigate="true" CanvasName="OPD_LIST_CANVAS" MultiLine="false" CaseInsensitiveQuery="false" KeyboardNavigable="true" CaseRestriction="Mixed" CheckBoxOtherValues="Not Allowed" PrimaryKey="false" DirtyInfo="true" DefaultButton="true" QueryAllowed="false" Visible="true" QueryLength="0" DisplayQuality="High" EditName="" EditXPosition="0" EditYPosition="0" Enabled="true" DistanceBetweenRecords="0" FillPattern="transparent" FixedLength="false" Required="false" FontSize="800" ForegroundColor="Black" FormatMask="" Height="14" ConcealData="false" Hint="" SizingStyle="Crop" ShowHorizontalScrollbar="false" Iconic="false" InsertAllowed="false" ItemType="Text Item" CopyValueFromItem="" DataType="Char" UpdateAllowed="false" UpdateIfNull="false" KeepCursorPosition="false" VisualAttributeName="WEB_ITEM" LockRecord="false" ShowVerticalScrollbar="false" LovName=""/>
         <Item Name="PATHWAY_ID" ValidateFromList="false" LovXPosition="0" Justification="Left" LovYPosition="0" ListStyle="Poplist" Width="92" MaximumLength="200" WrapStyle="Word" AutoSkip="false" BackColor="white" CompressionQuality="None" XPosition="523" YPosition="26" DatabaseItem="false" Bevel="None" AutoHint="false" MouseNavigate="true" CanvasName="OPD_LIST_CANVAS" MultiLine="false" CaseInsensitiveQuery="false" KeyboardNavigable="true" CaseRestriction="Mixed" CheckBoxOtherValues="Not Allowed" PrimaryKey="false" DirtyInfo="true" DefaultButton="true" QueryAllowed="false" Visible="true" QueryLength="0" DisplayQuality="High" EditName="" EditXPosition="0" EditYPosition="0" Enabled="true" DistanceBetweenRecords="0" FillPattern="transparent" FixedLength="false" Required="false" FontSize="800" ForegroundColor="Black" FormatMask="" Height="14" ConcealData="false" Hint="" SizingStyle="Crop" ShowHorizontalScrollbar="false" Iconic="false" InsertAllowed="false" ItemType="Text Item" CopyValueFromItem="" DataType="Char" UpdateAllowed="false" UpdateIfNull="false" KeepCursorPosition="false" VisualAttributeName="WEB_ITEM" LockRecord="false" ShowVerticalScrollbar="false" LovName=""/>
      </Block>
      <Block Name="OPD_LIST_BOTTOM" RecordsBufferedCount="0" RecordsDisplayCount="10" RecordsFetchedCount="0" WhereClause="" EnforcedPrimaryKey="false" RecordOrientation="Vertical" BackColor="white" ScrollbarCanvasName="OPD_LIST_CANVAS" ScrollbarWidth="10" ScrollbarXPosition="617" ScrollbarYPosition="171" NavigationStyle="Same Record" ShowScrollbar="true" ScrollbarLength="137" NextNavigationBlockName="OPD_LIST_TOP" EnforcedColumnSecurity="false" InsertAllowed="false" UpdateAllowed="false" DMLDataName="" DeleteAllowed="false" QueryDataSourceName="" DirtyInfo="true" VisualAttributeName="DEFAULT" KeyMode="Unique" PreviousNavigationBlockName="OPD_LIST_TOP" DatabaseBlock="false" ScrollbarTabPageName="" QueryDataSourceType="None" QueryAllowed="false" LockMode="Immediate" DMLDataType="None">
         <Item Name="START_DATE" ValidateFromList="false" LovXPosition="0" Justification="Start" LovYPosition="0" ListStyle="Poplist" WrapStyle="Word" AutoSkip="false" BackColor="white" CompressionQuality="None" XPosition="4" YPosition="171" DatabaseItem="false" Bevel="None" AutoHint="false" MouseNavigate="true" CanvasName="OPD_LIST_CANVAS" MultiLine="false" CaseInsensitiveQuery="false" KeyboardNavigable="true" ParentType="29" CheckBoxOtherValues="Not Allowed" PrimaryKey="false" DirtyInfo="true" DefaultButton="true" QueryAllowed="false" Visible="true" QueryLength="0" DisplayQuality="High" EditName="" EditXPosition="0" EditYPosition="0" Enabled="true" DistanceBetweenRecords="0" FixedLength="false" Required="false" FontSize="800" FontWeight="Medium" ForegroundColor="Black" ConcealData="false" Hint="" SizingStyle="Crop" ShowHorizontalScrollbar="false" Iconic="false" ItemType="Text Item" CopyValueFromItem="" ParentModule="PAS_CUI" UpdateIfNull="false" ParentModuleType="25" ParentName="CUI_DATETIME_DISP" ParentFilename="PAS_CUI.olb" KeepCursorPosition="false" LockRecord="false" ShowVerticalScrollbar="false" LovName=""/>
         <Item Name="END_DATE" ValidateFromList="false" LovXPosition="0" Justification="Start" LovYPosition="0" ListStyle="Poplist" WrapStyle="Word" AutoSkip="false" CompressionQuality="None" XPosition="90" YPosition="171" DatabaseItem="false" Bevel="None" AutoHint="false" MouseNavigate="true" CanvasName="OPD_LIST_CANVAS" MultiLine="false" CaseInsensitiveQuery="false" KeyboardNavigable="true" ParentType="29" CheckBoxOtherValues="Not Allowed" PrimaryKey="false" DirtyInfo="true" DefaultButton="true" QueryAllowed="false" Visible="true" QueryLength="0" DisplayQuality="High" EditName="" EditXPosition="0" EditYPosition="0" Enabled="true" DistanceBetweenRecords="0" FixedLength="false" Required="false" FontSize="800" FontWeight="Medium" ForegroundColor="Black" ConcealData="false" Hint="" SizingStyle="Crop" ShowHorizontalScrollbar="false" Iconic="false" ItemType="Text Item" CopyValueFromItem="" ParentModule="PAS_CUI" UpdateIfNull="false" ParentModuleType="25" ParentName="CUI_DATETIME_DISP" ParentFilename="PAS_CUI.olb" KeepCursorPosition="false" LockRecord="false" ShowVerticalScrollbar="false" LovName=""/>
         <Item Name="ENCOUNTER_TYPE" ValidateFromList="false" LovXPosition="0" Justification="Center" LovYPosition="0" ListStyle="Poplist" Width="18" MaximumLength="30" WrapStyle="Word" AutoSkip="false" BackColor="white" CompressionQuality="None" XPosition="176" YPosition="171" DatabaseItem="false" Bevel="None" AutoHint="false" MouseNavigate="true" CanvasName="OPD_LIST_CANVAS" MultiLine="false" CaseInsensitiveQuery="false" KeyboardNavigable="true" CaseRestriction="Upper" CheckBoxOtherValues="Not Allowed" PrimaryKey="false" DirtyInfo="true" DefaultButton="true" QueryAllowed="false" Visible="true" QueryLength="0" DisplayQuality="High" EditName="" EditXPosition="0" EditYPosition="0" Enabled="true" DistanceBetweenRecords="0" FillPattern="transparent" FixedLength="false" Required="false" FontSize="800" ForegroundColor="Black" FormatMask="" Height="14" ConcealData="false" Hint="" SizingStyle="Crop" ShowHorizontalScrollbar="false" Iconic="false" InsertAllowed="false" ItemType="Text Item" CopyValueFromItem="" DataType="Char" UpdateAllowed="false" UpdateIfNull="false" KeepCursorPosition="false" VisualAttributeName="WEB_ITEM" LockRecord="false" ShowVerticalScrollbar="false" LovName=""/>
         <Item Name="SPECIALTY" ValidateFromList="false" LovXPosition="0" Justification="Left" LovYPosition="0" ListStyle="Poplist" Width="95" MaximumLength="200" WrapStyle="Word" AutoSkip="false" BackColor="white" CompressionQuality="None" XPosition="199" YPosition="171" DatabaseItem="false" Bevel="None" AutoHint="false" MouseNavigate="true" CanvasName="OPD_LIST_CANVAS" MultiLine="false" CaseInsensitiveQuery="false" KeyboardNavigable="true" CaseRestriction="Mixed" CheckBoxOtherValues="Not Allowed" PrimaryKey="false" DirtyInfo="true" DefaultButton="true" QueryAllowed="false" Visible="true" QueryLength="0" DisplayQuality="High" EditName="" EditXPosition="0" EditYPosition="0" Enabled="true" DistanceBetweenRecords="0" FillPattern="transparent" FixedLength="false" Required="false" FontSize="800" ForegroundColor="Black" FormatMask="" Height="14" ConcealData="false" Hint="" SizingStyle="Crop" ShowHorizontalScrollbar="false" Iconic="false" InsertAllowed="false" ItemType="Text Item" CopyValueFromItem="" DataType="Char" UpdateAllowed="false" UpdateIfNull="false" KeepCursorPosition="false" VisualAttributeName="WEB_ITEM" LockRecord="false" ShowVerticalScrollbar="false" LovName=""/>
         <Item Name="CONSULTANT" ValidateFromList="false" LovXPosition="0" Justification="Left" LovYPosition="0" ListStyle="Poplist" Width="103" MaximumLength="512" WrapStyle="Word" AutoSkip="false" BackColor="white" CompressionQuality="None" XPosition="297" YPosition="171" DatabaseItem="false" Bevel="None" AutoHint="false" MouseNavigate="true" CanvasName="OPD_LIST_CANVAS" MultiLine="false" CaseInsensitiveQuery="false" KeyboardNavigable="true" CaseRestriction="Mixed" CheckBoxOtherValues="Not Allowed" PrimaryKey="false" DirtyInfo="true" DefaultButton="true" QueryAllowed="false" Visible="true" QueryLength="0" DisplayQuality="High" EditName="" EditXPosition="0" EditYPosition="0" Enabled="true" DistanceBetweenRecords="0" FillPattern="transparent" FixedLength="false" Required="false" FontSize="800" ForegroundColor="Black" FormatMask="" Height="14" ConcealData="false" Hint="" SizingStyle="Crop" ShowHorizontalScrollbar="false" Iconic="false" InsertAllowed="false" ItemType="Text Item" CopyValueFromItem="" DataType="Char" UpdateAllowed="false" UpdateIfNull="false" KeepCursorPosition="false" VisualAttributeName="WEB_ITEM" LockRecord="false" ShowVerticalScrollbar="false" LovName=""/>
         <Item Name="OUTCOME" ValidateFromList="false" LovXPosition="0" Justification="Left" LovYPosition="0" ListStyle="Poplist" Width="117" MaximumLength="200" WrapStyle="Word" AutoSkip="false" BackColor="white" CompressionQuality="None" XPosition="403" YPosition="171" DatabaseItem="false" Bevel="None" AutoHint="false" MouseNavigate="true" CanvasName="OPD_LIST_CANVAS" MultiLine="false" CaseInsensitiveQuery="false" KeyboardNavigable="true" CaseRestriction="Mixed" CheckBoxOtherValues="Not Allowed" PrimaryKey="false" DirtyInfo="true" DefaultButton="true" QueryAllowed="false" Visible="true" QueryLength="0" DisplayQuality="High" EditName="" EditXPosition="0" EditYPosition="0" Enabled="true" DistanceBetweenRecords="0" FillPattern="transparent" FixedLength="false" Required="false" FontSize="800" ForegroundColor="Black" FormatMask="" Height="14" ConcealData="false" Hint="" SizingStyle="Crop" ShowHorizontalScrollbar="false" Iconic="false" InsertAllowed="false" ItemType="Text Item" CopyValueFromItem="" DataType="Char" UpdateAllowed="false" UpdateIfNull="false" KeepCursorPosition="false" VisualAttributeName="WEB_ITEM" LockRecord="false" ShowVerticalScrollbar="false" LovName=""/>
         <Item Name="PATHWAY_ID" ValidateFromList="false" LovXPosition="0" Justification="Left" LovYPosition="0" ListStyle="Poplist" Width="92" MaximumLength="200" WrapStyle="Word" AutoSkip="false" BackColor="white" CompressionQuality="None" XPosition="523" YPosition="171" DatabaseItem="false" Bevel="None" AutoHint="false" MouseNavigate="true" CanvasName="OPD_LIST_CANVAS" MultiLine="false" CaseInsensitiveQuery="false" KeyboardNavigable="true" CaseRestriction="Mixed" CheckBoxOtherValues="Not Allowed" PrimaryKey="false" DirtyInfo="true" DefaultButton="true" QueryAllowed="false" Visible="true" QueryLength="0" DisplayQuality="High" EditName="" EditXPosition="0" EditYPosition="0" Enabled="true" DistanceBetweenRecords="0" FillPattern="transparent" FixedLength="false" Required="false" FontSize="800" ForegroundColor="Black" FormatMask="" Height="14" ConcealData="false" Hint="" SizingStyle="Crop" ShowHorizontalScrollbar="false" Iconic="false" InsertAllowed="false" ItemType="Text Item" CopyValueFromItem="" DataType="Char" UpdateAllowed="false" UpdateIfNull="false" KeepCursorPosition="false" VisualAttributeName="WEB_ITEM" LockRecord="false" ShowVerticalScrollbar="false" LovName=""/>
      </Block>
      <Block Name="SUMMARY" DirtyInfo="true" InsertAllowed="false" DatabaseBlock="false" QueryDataSourceType="None" ScrollbarWidth="14" ScrollbarLength="135" UpdateAllowed="false">
         <Item Name="CANCELLED" Justification="Left" TabPageName="" Width="50" ItemType="Display Item" DataType="Number" XPosition="326" FontName="Arial" YPosition="317" Bevel="None" FontSize="800" FontStyle="Plain" DirtyInfo="true" FontWeight="Medium" FontSpacing="Normal" CanvasName="OPD_LIST_CANVAS" Height="12"/>
         <Item Name="RESCHEDULED" Justification="Left" Width="50" ItemType="Display Item" DataType="Number" XPosition="326" FontName="Arial" YPosition="333" Bevel="None" FontSize="800" FontStyle="Plain" DirtyInfo="true" FontWeight="Medium" FontSpacing="Normal" CanvasName="OPD_LIST_CANVAS" Height="12"/>
         <Item Name="DNA" Justification="Left" Width="50" ItemType="Display Item" DataType="Number" XPosition="326" FontName="Arial" YPosition="348" Bevel="None" FontSize="800" FontStyle="Plain" DirtyInfo="true" FontWeight="Medium" FontSpacing="Normal" CanvasName="OPD_LIST_CANVAS" Height="12"/>
      </Block>
      <Canvas Name="OPD_LIST_CANVAS" ViewportXPositionOnCanvas="0" ViewportYPositionOnCanvas="0" ShowHorizontalScrollbar="false" CanvasType="Content" Width="630" WindowName="OPD_LIST_WIN" Bevel="None" DirtyInfo="true" VisualAttributeName="WEB_CANVAS" Visible="true" DisplayViewport="true" ShowVerticalScrollbar="false" Height="385" ViewportHeight="400" ViewportXPosition="190" ViewportWidth="400" ViewportYPosition="75" RaiseOnEnter="false">
         <Graphics Name="GRAPHIC348" Width="13" FillPattern="none" EdgePattern="none" JoinStyle="Bevel" BackColor="Side Green" XPosition="403" WrapText="false" YPosition="5" BoundingBoxScalable="false" Bevel="None" HorizontalOrigin="Right" HorizontalJustification="Center" ForegroundColor="darkcyan" GraphicsFontWeight="Bold" GraphicsFontSpacing="Normal" GraphicsType="Text" ScrollbarWidth="14" Height="11" GraphicsFontName="Arial" GraphicsFontSize="1000" GraphicsFontStyle="0" GraphicsText="1" DirtyInfo="true" GraphicsFontColor="white" GraphicsFontColorCode="1" HorizontalMargin="7" VerticalMargin="14" HorizontalObjectOffset="14" StartPromptOffset="7">
            <CompoundText Name="CMPTXT207">
               <TextSegment Name="TEXTSTR208" FontName="Arial" FontSize="1000" FontStyle="Plain" DirtyInfo="true" FontWeight="Bold" FontSpacing="Normal" ForegroundColor="white" Text="1"/>
            </CompoundText>
         </Graphics>
         <Graphics Name="GRAPHIC48" InternalLineWidth="113" Width="613" EdgeForegroundColor="gray16" EdgePattern="solid" JoinStyle="Bevel" BackColor="gray16" XPosition="2" YPosition="166" Bevel="None" DirtyInfo="true" ForegroundColor="white" GraphicsType="Line" HorizontalMargin="7" ScrollbarWidth="14" VerticalMargin="14" HorizontalObjectOffset="14" Height="0" StartPromptOffset="7"/>
         <Graphics Name="TEXT206" Width="14" FillPattern="none" EdgePattern="none" JoinStyle="Bevel" BackColor="Side Green" XPosition="403" WrapText="false" YPosition="291" BoundingBoxScalable="false" Bevel="None" HorizontalOrigin="Right" HorizontalJustification="Center" ForegroundColor="darkcyan" GraphicsFontWeight="Bold" GraphicsFontSpacing="Normal" GraphicsType="Text" ScrollbarWidth="14" Height="12" GraphicsFontName="Arial" GraphicsFontSize="1000" GraphicsFontStyle="0" GraphicsText="2" DirtyInfo="true" GraphicsFontColor="white" GraphicsFontColorCode="1" HorizontalMargin="7" VerticalMargin="14" HorizontalObjectOffset="14" StartPromptOffset="7">
            <CompoundText Name="CMPTXT207">
               <TextSegment Name="TEXTSTR208" FontName="Arial" FontSize="1000" FontStyle="Plain" DirtyInfo="true" FontWeight="Bold" FontSpacing="Normal" ForegroundColor="white" Text="2"/>
            </CompoundText>
         </Graphics>
         <Graphics Name="GRAPHIC366" InternalLineWidth="113" Width="613" EdgeForegroundColor="gray16" EdgePattern="solid" JoinStyle="Bevel" BackColor="gray16" XPosition="2" YPosition="311" Bevel="None" DirtyInfo="true" ForegroundColor="white" GraphicsType="Line" HorizontalMargin="7" ScrollbarWidth="14" VerticalMargin="14" HorizontalObjectOffset="14" Height="0" StartPromptOffset="7"/>
      </Canvas>
      <ModuleParameter Name="P_RELEASE" ParentModule="PAS_RELEASE" ParentModuleType="25" ParentName="P_RELEASE" ParentFilename="pas_release.olb" DirtyInfo="true" ParentFilepath="" ParentType="13"/>
      <ModuleParameter Name="P_VERSION" DirtyInfo="true" Comment="Used by ABOUT_FORM window, the form version, update after each update" ParameterInitializeValue="0"/>
      <ModuleParameter Name="P_DATE" DirtyInfo="true" Comment="Used by ABOUT_FORM window, the date the form was last updated, update after each update" ParameterInitializeValue="20-Jul-2017"/>
      <ModuleParameter Name="P_PATIENT_ID" ParameterDataType="Number"/>
      <ModuleParameter Name="P_TEMPLATE" DirtyInfo="true" ParameterInitializeValue="TEMPLATE_V10"/>
      <ModuleParameter Name="P_BREADCRUMB"/>
      <Menu Name="BOILER_PLATE" DirtyInfo="true">
         <MenuItem Name="CHANGE_PROMPT" DirtyInfo="true" Label="Change Prompt" MenuItemCode="message('Change Boilerplate prompt');pause;"/>
      </Menu>
      <ProgramUnit Name="INIT_FORM" ProgramUnitText="PACKAGE init_form IS&amp;#10;--&amp;#10;-- steve pusey 2/5/1996&amp;#10;--&amp;#10;-- program units to initialise form&amp;#10;--&amp;#10;&amp;#10;---------------------------------------------------------------------------------------&amp;#10;-- EXTERNAL PACKAGE VARIABLES&amp;#10;---------------------------------------------------------------------------------------&amp;#10;&amp;#10;---------------------------------------------------------------------------------------&amp;#10;-- EXTERNAL PROGRAM UNITS (DECLARATION) &amp;#10;---------------------------------------------------------------------------------------&amp;#10;&amp;#10;  procedure init_form;&amp;#10;&amp;#10;END init_form;" ProgramUnitType="Package Spec"/>
      <ProgramUnit Name="INIT_FORM" ProgramUnitText="PACKAGE BODY init_form IS&amp;#10;--&amp;#10;-- steve pusey 2/5/1996&amp;#10;--&amp;#10;-- program units to initialise form&amp;#10;--&amp;#10;-- add code to init_form and init_format_masks program units, add other init procs to the&amp;#10;-- init_form procedure, for example if you write a procedure called init_toolbar then add &amp;#10;-- this to the init_form procedure. The init_form procedure is called from the &amp;#10;-- WHEN-NEW-FORM-INSTANCE trigger&amp;#10;--&amp;#10;&amp;#10;---------------------------------------------------------------------------------------&amp;#10;-- INTERNAL PACKAGE VARIABLES &amp;#10;---------------------------------------------------------------------------------------&amp;#10;&amp;#10;---------------------------------------------------------------------------------------&amp;#10;-- INTERNAL PROGRAM UNITS (DECLARATION)&amp;#10;---------------------------------------------------------------------------------------&amp;#10;&amp;#10;  procedure init_list_items;&amp;#10;  procedure init_format_masks;&amp;#10;&amp;#10;---------------------------------------------------------------------------------------&amp;#10;-- PROGRAM UNITS (CODE)&amp;#10;---------------------------------------------------------------------------------------&amp;#10;&amp;#10;-- ##########################################################################################&amp;#10;&amp;#10;  procedure init_list_items is&amp;#10;  --&amp;#10;  -- initialise list items&amp;#10;  --&amp;#10;  -- date&#x9;by&#x9;&#x9;change&amp;#10;  -- 2/5/1996   Steve Pusey&#x9;Creation of template procedure&amp;#10;  --&amp;#10;  BEGIN&amp;#10;&amp;#10;    -- cut &amp; paste this code&amp;#10;    -- populate_poplist_from_codes ('BLOCK.ITEM', &lt;CODE_TYPE>);&amp;#10;&amp;#10;    null;&amp;#10;  &amp;#10;  END init_list_items;&amp;#10;&amp;#10;-- ##########################################################################################&amp;#10;&amp;#10;  procedure init_format_masks is&amp;#10;  --&amp;#10;  -- set the format masks for date, datetime, and numeric items&amp;#10;  --&amp;#10;  -- date&#x9;by&#x9;&#x9;change&amp;#10;  -- 2/5/1996   Steve Pusey&#x9;Creation of template procedure&amp;#10;  --&amp;#10;  BEGIN&amp;#10;&amp;#10;    -- copy &amp; paste this line&amp;#10;    -- set_format_mask ('OPD_LIST.START_DATE');&amp;#10;    -- set_format_mask ('OPD_LIST.END_DATE');&amp;#10;    null;&amp;#10;   &amp;#10;  END init_format_masks;&amp;#10;&amp;#10;-- ##########################################################################################&amp;#10;&amp;#10;  procedure init_form is&amp;#10;  --&amp;#10;  -- initialise form&amp;#10;  --&amp;#10;  -- date&#x9;by&#x9;&#x9;change&amp;#10;  -- 2/5/1996   Steve Pusey&#x9;Creation of template procedure&amp;#10;  --&amp;#10;  &amp;#10; VC_ERROR varchar2(200);&amp;#10;&amp;#10;  BEGIN&amp;#10;&amp;#10;    -- reset return variable&amp;#10;    :GLOBAL.OPDLIST_ACTION := '';&amp;#10;    &amp;#10;    init_list_items;&amp;#10;    init_format_masks;&amp;#10;&amp;#10;    get_and_display_opd_data(:parameter.p_patient_id);&amp;#10;&amp;#10;    go_block('OPD_LIST_TOP');&amp;#10;    -- go_item('BUTTONS.DUMMY');&amp;#10;&#x9;&#x9;--&amp;#10;  END init_form;&amp;#10;&amp;#10;-- ##########################################################################################&amp;#10;&amp;#10;END init_form;" ProgramUnitType="Package Body"/>
      <ProgramUnit Name="GET_AND_DISPLAY_OPD_DATA" ProgramUnitText="PROCEDURE get_and_display_opd_data(in_patient_id IN NUMBER) &amp;#10;IS&amp;#10;  --&amp;#10;  vt_opdlist_top     oaspas_package.gt_opdlist_data_table;&amp;#10;  vt_opdlist_bottom  oaspas_package.gt_opdlist_data_table;&amp;#10;  --&amp;#10;BEGIN&amp;#10;&#x9;--&amp;#10;&#x9;oaspas_package.get_opdlist_data(in_patient_id&amp;#10;                  , vt_opdlist_top&amp;#10;                  , vt_opdlist_bottom&amp;#10;                  , :SUMMARY.CANCELLED&amp;#10;                  , :SUMMARY.RESCHEDULED&amp;#10;                  , :SUMMARY.DNA&amp;#10;                  );&amp;#10;&#x9;--&amp;#10;&#x9;IF vt_opdlist_top.count > 0 THEN&amp;#10;&#x9;&#x9;--&amp;#10;  &#x9;go_block('OPD_LIST_TOP');&amp;#10;&#x9;  set_block_property('OPD_LIST_TOP', INSERT_ALLOWED, PROPERTY_TRUE);&amp;#10;&#x9;  --&amp;#10;  &#x9;FOR i IN 1..vt_opdlist_top.count&amp;#10;&#x9;  LOOP&amp;#10;&#x9;    --&amp;#10;      :opd_list_top.start_date     := vt_opdlist_top(i).start_date;&amp;#10;      :opd_list_top.end_date       := vt_opdlist_top(i).end_date;&amp;#10;      :opd_list_top.encounter_type := vt_opdlist_top(i).encounter_type;&amp;#10;      :opd_list_top.specialty      := vt_opdlist_top(i).specialty;&amp;#10;      :opd_list_top.consultant     := vt_opdlist_top(i).consultant;&amp;#10;      :opd_list_top.outcome        := vt_opdlist_top(i).outcome;&amp;#10;      :opd_list_top.pathway_id     := vt_opdlist_top(i).pathway_id;&amp;#10;      --&amp;#10;&#x9;    create_record;&amp;#10;  &#x9;  --&amp;#10;&#x9;  END LOOP;&amp;#10;&#x9;  --&amp;#10;  &#x9;first_record;&amp;#10;&#x9;  set_block_property('OPD_LIST_TOP', INSERT_ALLOWED, PROPERTY_FALSE);&amp;#10;&#x9;  --&amp;#10;&#x9;END IF; -- vt_opdlist_top.count > 0&amp;#10;&#x9;--&amp;#10;&#x9;IF vt_opdlist_bottom.count > 0 THEN&amp;#10;&#x9;&#x9;--&amp;#10;  &#x9;go_block('OPD_LIST_BOTTOM');&amp;#10;&#x9;  set_block_property('OPD_LIST_BOTTOM', INSERT_ALLOWED, PROPERTY_TRUE);&amp;#10;  &#x9;--&amp;#10;&#x9;  FOR i IN 1..vt_opdlist_bottom.count&amp;#10;&#x9;  LOOP&amp;#10;&#x9;    --&amp;#10;      :opd_list_bottom.start_date     := vt_opdlist_bottom(i).start_date;&amp;#10;      :opd_list_bottom.end_date       := vt_opdlist_bottom(i).end_date;&amp;#10;      :opd_list_bottom.encounter_type := vt_opdlist_bottom(i).encounter_type;&amp;#10;      :opd_list_bottom.specialty      := vt_opdlist_bottom(i).specialty;&amp;#10;      :opd_list_bottom.consultant     := vt_opdlist_bottom(i).consultant;&amp;#10;      :opd_list_bottom.outcome        := vt_opdlist_bottom(i).outcome;&amp;#10;      :opd_list_bottom.pathway_id     := vt_opdlist_bottom(i).pathway_id;&amp;#10;      --&amp;#10;&#x9;    create_record;&amp;#10;  &#x9;  --&amp;#10;&#x9;  END LOOP;&amp;#10;&#x9;  --&amp;#10;  &#x9;first_record;&amp;#10;&#x9;  set_block_property('OPD_LIST_BOTTOM', INSERT_ALLOWED, PROPERTY_FALSE);&amp;#10;&#x9;  --&amp;#10;&#x9;END IF; -- vt_opdlist_bottom.count > 0&amp;#10;&#x9;--&amp;#10;END;" ProgramUnitType="Procedure"/>
      <PropertyClass Name="LOV_BUTTON_CLASS" ParentModule="PAS_OLD" ParentModuleType="25" ParentName="LOV_BUTTON_CLASS" ParentFilename="pas_old.olb" ParentFilepath="" ParentType="29"/>
      <PropertyClass Name="BPT_CLASS" ParentModule="PAS_OLD" ParentModuleType="25" ParentName="BPT_CLASS" ParentFilename="pas_old.olb" ParentFilepath="" ParentType="29"/>
      <PropertyClass Name="BPT_BLUE_CLASS" ParentModule="PAS_OLD" ParentModuleType="25" ParentName="BPT_BLUE_CLASS" ParentFilename="pas_old.olb" ParentFilepath="" ParentType="29"/>
      <PropertyClass Name="BPT_GREY_CLASS" ParentModule="PAS_OLD" ParentModuleType="25" ParentName="BPT_GREY_CLASS" ParentFilename="pas_old.olb" ParentFilepath="" ParentType="29"/>
      <PropertyClass Name="TEXT_ITEM_CLASS" ParentModule="PAS_OLD" ParentModuleType="25" ParentName="TEXT_ITEM_CLASS" ParentFilename="pas_old.olb" ParentFilepath="" ParentType="29"/>
      <PropertyClass Name="TEXT_ITEM_DATE_CLASS" ParentModule="PAS_OLD" ParentModuleType="25" ParentName="TEXT_ITEM_DATE_CLASS" ParentFilename="pas_old.olb" ParentFilepath="" ParentType="29"/>
      <PropertyClass Name="TEXT_ITEM_NUMBER_CLASS" ParentModule="PAS_OLD" ParentModuleType="25" ParentName="TEXT_ITEM_NUMBER_CLASS" ParentFilename="pas_old.olb" ParentFilepath="" ParentType="29"/>
      <PropertyClass Name="TEXT_ITEM_DATETIME_CLASS" ParentModule="PAS_OLD" ParentModuleType="25" ParentName="TEXT_ITEM_DATETIME_CLASS" ParentFilename="pas_old.olb" ParentFilepath="" ParentType="29"/>
      <PropertyClass Name="DISPLAY_ITEM_CLASS" ParentModule="PAS_OLD" ParentModuleType="25" ParentName="DISPLAY_ITEM_CLASS" ParentFilename="pas_old.olb" ParentFilepath="" ParentType="29"/>
      <PropertyClass Name="STACKED_CANVAS_CLASS" ParentModule="PAS_OLD" ParentModuleType="25" ParentName="STACKED_CANVAS_CLASS" ParentFilename="pas_old.olb" ParentFilepath="" ParentType="29"/>
      <PropertyClass Name="WINDOW_CLASS" ParentModule="PAS_OLD" ParentModuleType="25" ParentName="WINDOW_CLASS" ParentFilename="pas_old.olb" ParentFilepath="" ParentType="29"/>
      <PropertyClass Name="ID_CLASS" ParentModule="PAS_OLD" ParentModuleType="25" ParentName="ID_CLASS" ParentFilename="pas_old.olb" ParentFilepath="" ParentType="29"/>
      <PropertyClass Name="BUTTON_CLASS" ParentModule="PAS_OLD" ParentModuleType="25" ParentName="BUTTON_CLASS" ParentFilename="pas_old.olb" ParentFilepath="" ParentType="29"/>
      <PropertyClass Name="MENU_ITEM_CLASS" ParentModule="PAS_CUI" ParentModuleType="25" ParentName="MENU_ITEM_CLASS" ParentFilename="pas_cui.olb" DirtyInfo="true" ParentFilepath="" ParentType="29"/>
      <PropertyClass Name="FORM_TITLE_CLASS" ParentModule="PAS_CUI" ParentModuleType="25" ParentName="FORM_TITLE_CLASS" ParentFilename="pas_cui.olb" DirtyInfo="true" ParentFilepath="" ItemType="Display Item" ParentType="29"/>
      <PropertyClass Name="SECTION_TITLE_CLASS" ParentModule="PAS_CUI" ParentModuleType="25" ParentName="SECTION_TITLE_CLASS" ParentFilename="pas_cui.olb" DirtyInfo="true" ParentFilepath="" ItemType="Display Item" ParentType="29"/>
      <PropertyClass Name="BACKGROUND_LINK_BOX_CLASS" ParentModule="PAS_CUI" ParentModuleType="25" ParentName="BACKGROUND_LINK_BOX_CLASS" ParentFilename="pas_cui.olb" DirtyInfo="true" ParentFilepath="" ParentType="29"/>
      <PropertyClass Name="CUI_DATE_INPUT" ParentModule="PAS_CUI" ParentModuleType="25" ParentName="CUI_DATE_INPUT" ParentFilename="pas_cui.olb" DirtyInfo="true" ParentFilepath="" ParentType="29"/>
      <PropertyClass Name="CUI_DATE_DISP" ParentModule="PAS_CUI" ParentModuleType="25" ParentName="CUI_DATE_DISP" ParentFilename="pas_cui.olb" DirtyInfo="true" ParentFilepath="" ParentType="29"/>
      <PropertyClass Name="CUI_DATETIME_INPUT" ParentModule="PAS_CUI" ParentModuleType="25" ParentName="CUI_DATETIME_INPUT" ParentFilename="pas_cui.olb" DirtyInfo="true" ParentFilepath="" ParentType="29"/>
      <PropertyClass Name="CUI_DATETIME_DISP" ParentModule="PAS_CUI" ParentModuleType="25" ParentName="CUI_DATETIME_DISP" ParentFilename="pas_cui.olb" DirtyInfo="true" ParentFilepath="" ParentType="29"/>
      <Trigger Name="WHEN-MOUSE-CLICK" TriggerText="--&amp;#10;-- call stdlib procedure to handle mouse click&amp;#10;-- N.B. standard left button click is not affected &amp;#10;--&amp;#10;-- date&#x9;&#x9;by&#x9;&#x9;change&amp;#10;-- 31-05-1996&#x9;Steve Pusey&#x9;Creation&amp;#10;--&amp;#10;BEGIN&amp;#10;&amp;#10;  oasis_when_mouse_click.when_mouse_click;&amp;#10;&amp;#10;END;"/>
      <Trigger Name="WHEN-NEW-FORM-INSTANCE" TriggerText="--&amp;#10;-- fires when form is entered, PRE-FORM fires before this trigger&amp;#10;--&amp;#10;-- Date&#x9;&#x9;by &#x9;&#x9;change&amp;#10;-- 10/1994&#x9;David Massie&#x9;Creation&amp;#10;-- 1995&#x9;&#x9;Nagy Tharwat&#x9;Upgrade to v9 - moved code into library procedure&amp;#10;-- 2/5/1996&#x9;Steve Pusey&#x9;Upgrade to V10 &amp;#10;--&#x9;&#x9;&#x9;&#x9;- versions into oasis_new_form_instance&amp;#10;--&#x9;&#x9;&#x9;&#x9;- Tidied code and added comments&amp;#10;--&amp;#10;&amp;#10;DECLARE&amp;#10;&amp;#10;  v_error_no             number(4); -- returned from oasis_new_form_instance&amp;#10;&amp;#10;BEGIN&amp;#10;&amp;#10;  -- version 2 form (gets bpt and window titles fromm files)&amp;#10;  oasis_new_form_instance_v2(v_error_no, 2); &amp;#10;&amp;#10;  if v_error_no > 0 then&amp;#10;    display_alert ('ERROR_ALERT', v_error_no);&amp;#10;    exit_form (NO_VALIDATE);&amp;#10;  end if;&amp;#10;&amp;#10;-- *** Insert additional code into init_form package ***&amp;#10;&amp;#10;  init_form.init_form;&amp;#10;  --HCI_UPGRADE.PR_INITIALISE_IMAGES;&amp;#10;  --HCI_UPGRADE.SET_TEXT_BUTTONS;&amp;#10;&amp;#10;END;"/>
      <Trigger Name="WHEN-TIMER-EXPIRED" FireInQuery="true" TriggerText="Button_Hint;&amp;#10;" DisplayInKeyboardHelp="false"/>
      <Trigger Name="KEY-HELP" DirtyInfo="true" FireInQuery="true" TriggerText="get_help;" DisplayInKeyboardHelp="false"/>
      <Trigger Name="PRE_BLOCK" DirtyInfo="true" FireInQuery="true" TriggerText="/* This trigger resets the 40352_count global to allow the Last line of query message to be displayed */&amp;#10;begin&amp;#10;  :GLOBAL.40352_COUNT := 0;&amp;#10;end;" DisplayInKeyboardHelp="false"/>
      <Trigger Name="PRE_QUERY" DirtyInfo="true" FireInQuery="true" TriggerText="/* This trigger resets the 40352_count global to allow the Last line of query message to be displayed */&amp;#10;begin&amp;#10;  :GLOBAL.40352_COUNT := 0;&amp;#10;end;" DisplayInKeyboardHelp="false"/>
      <Trigger Name="ON_MESSAGE" DirtyInfo="true" FireInQuery="true" TriggerText="/* This trigger traps the multiple FRM-40352 messages produced when a user uses a scrollbar to move past the bottom of a multiline block */&amp;#10;declare&amp;#10;  mssgnum   number       := message_code;&amp;#10;  mssgtxt   varchar2(80) := message_text;&amp;#10;  mssgtyp   varchar2(3)  := message_type;&amp;#10;begin&amp;#10;  default_value('0','GLOBAL.40352_COUNT');&amp;#10;  if mssgnum = 40352 then&amp;#10;    if :GLOBAL.40352_COUNT = 0 then&amp;#10;      message(mssgtyp||'-'||to_char(mssgnum)||': '||mssgtxt);&amp;#10;      :GLOBAL.40352_COUNT := 1;&amp;#10;      raise form_trigger_failure;&amp;#10;    else&amp;#10;      raise form_trigger_failure;&amp;#10;    end if;&amp;#10;  else&amp;#10;    message(mssgtyp||'-'||to_char(mssgnum)||': '||mssgtxt);&amp;#10;    raise form_trigger_failure;&amp;#10;  end if;&amp;#10;end;&amp;#10;" DisplayInKeyboardHelp="false"/>
      <Trigger Name="KEY-EXIT" DirtyInfo="true" FireInQuery="true" TriggerText="BEGIN&amp;#10;&amp;#10;  oasis_exit_form;&amp;#10;&amp;#10;END;" DisplayInKeyboardHelp="false"/>
      <Trigger Name="WHEN-WINDOW-CLOSED" DirtyInfo="true" FireInQuery="true" TriggerText="/* This trigger ensures proper navigation when a window is closed using the windows close function */&amp;#10;begin&amp;#10;  Do_Key ('EXIT_FORM');&amp;#10;end;&amp;#10;" DisplayInKeyboardHelp="false"/>
      <Trigger Name="POST-FORM" DirtyInfo="true" FireInQuery="true" TriggerText="/* This trigger clears the Global variables used within the form */&amp;#10;begin&amp;#10;sqa_exit_handler;&amp;#10;ERASE ('GLOBAL.LAST_ITEM');&amp;#10;end;&amp;#10;" DisplayInKeyboardHelp="false"/>
      <Trigger Name="KEY-CLRFRM" ParentModule="PAS_CUI" ParentModuleType="25" ParentName="KEY-CLRFRM" ParentFilename="pas_cui.olb" DirtyInfo="true" ParentFilepath="" ParentType="37"/>
      <Trigger Name="KEY-CLRBLK" TriggerText="clear_block;"/>
      <Trigger Name="KEY-CLRREC" TriggerText="clear_record;"/>
      <Trigger Name="KEY-COMMIT" TriggerText="&amp;#10;&amp;#10;OASIS_EXIT_FORM;&amp;#10;"/>
      <Trigger Name="KEY-CQUERY" TriggerText="count_query;"/>
      <Trigger Name="KEY-CREREC" TriggerText="create_record;"/>
      <Trigger Name="KEY-DELREC" TriggerText="null;"/>
      <Trigger Name="KEY-DOWN" TriggerText="down;"/>
      <Trigger Name="KEY-DUP-ITEM" DirtyInfo="true" KeyboardHelpText="Record Error" TriggerText="--&amp;#10;-- steve pusey 22/4/96&amp;#10;--&amp;#10;BEGIN&amp;#10;&amp;#10;  oasis_standard_procs.key_dupitem_trigger;&amp;#10;&amp;#10;END;" DisplayInKeyboardHelp="true"/>
      <Trigger Name="KEY-DUPREC" TriggerText="duplicate_record;"/>
      <Trigger Name="KEY-EDIT" TriggerText="EDIT_TEXTITEM;"/>
      <Trigger Name="KEY-ENTER" TriggerText="null;"/>
      <Trigger Name="KEY-ENTQRY" TriggerText="enter_query;"/>
      <Trigger Name="KEY-EXEQRY" TriggerText="execute_query;"/>
      <Trigger Name="KEY-LISTVAL" TriggerText="list_values;"/>
      <Trigger Name="KEY-NEXT-ITEM" TriggerText="replace_t_with_current_date;&amp;#10;next_item;"/>
      <Trigger Name="KEY-NXTREC" TriggerText="next_record;"/>
      <Trigger Name="KEY-NXTSET" TriggerText="next_set;"/>
      <Trigger Name="KEY-OTHERS" TriggerText="NULL;"/>
      <Trigger Name="KEY-PREV-ITEM" TriggerText="replace_t_with_current_date;&amp;#10;PREVIOUS_ITEM;"/>
      <Trigger Name="KEY-PRINT" TriggerText="print;"/>
      <Trigger Name="KEY-PRVREC" TriggerText="PREVIOUS_RECORD;"/>
      <Trigger Name="KEY-SCRDOWN" TriggerText="SCROLL_DOWN;"/>
      <Trigger Name="KEY-SCRUP" TriggerText="SCROLL_UP;"/>
      <Trigger Name="KEY-UP" TriggerText="UP;"/>
      <Trigger Name="ON-MESSAGE" TriggerText="--&amp;#10;-- steve pusey 19/4/96&amp;#10;--&amp;#10;BEGIN&amp;#10;&amp;#10;  oasis_standard_procs.on_message;&amp;#10;&amp;#10;END;"/>
      <Trigger Name="ON-ERROR" TriggerText="--&amp;#10;-- steve pusey 19/4/96&amp;#10;--&amp;#10;BEGIN&amp;#10;&amp;#10;  oasis_standard_procs.on_error;&amp;#10;&amp;#10;END;"/>
      <Trigger Name="WHEN-NEW-ITEM-INSTANCE" DirtyInfo="true" TriggerText=":global.last_item := :system.trigger_item;"/>
      <Trigger Name="WHEN-CUSTOM-ITEM-EVENT" DirtyInfo="true" TriggerText="if :system.custom_item_event = 'TIMEOUT' then&amp;#10;&#x9;process_timeout;&#x9;--call the procedure in stdlib&amp;#10;end if;"/>
      <Trigger Name="WHEN-MOUSE-ENTER" DirtyInfo="true" TriggerText="begin&amp;#10;&#x9;sqa_mouse_handler;&amp;#10;end;  "/>
      <Trigger Name="WHEN-WINDOW-RESIZED" DirtyInfo="true" TriggerText="begin&amp;#10;&#x9;sqa_evt_handler;&amp;#10;end;  "/>
      <VisualAttribute Name="CURR_ITEM_VA" ParentModule="PAS_OLD" ParentModuleType="25" ParentName="CURR_ITEM_VA" ParentFilename="pas_old.olb" ParentFilepath="" ParentType="39"/>
      <VisualAttribute Name="DISP_RED2" ParentModule="PAS_OLD" ParentModuleType="25" ParentName="DISP_RED2" ParentFilename="pas_old.olb" ParentFilepath="" ParentType="39"/>
      <VisualAttribute Name="DISP_GREEN" ParentModule="PAS_OLD" ParentModuleType="25" ParentName="DISP_GREEN" ParentFilename="pas_old.olb" ParentFilepath="" ParentType="39"/>
      <VisualAttribute Name="DISP_GREEN2" ParentModule="PAS_OLD" ParentModuleType="25" ParentName="DISP_GREEN2" ParentFilename="pas_old.olb" ParentFilepath="" ParentType="39"/>
      <VisualAttribute Name="TEXT_ITEM_VA" BackColor="white" FontName="Arial" FontSize="900" FontStyle="Plain" DirtyInfo="true" FontWeight="Bold" FontSpacing="Normal" ForegroundColor="gray8" FillPattern="transparent"/>
      <VisualAttribute Name="BACKGROUND_CANVAS" BackColor="gray15" FontName="Arial" FontSize="900" FontStyle="Plain" FontWeight="Demilight" FontSpacing="Normal" ForegroundColor="black" FillPattern="transparent"/>
      <VisualAttribute Name="DISP_RED" BackColor="red" FontName="Arial" FontSize="900" FontStyle="Plain" FontWeight="Bold" FontSpacing="Normal" ForegroundColor="black" FillPattern="solid"/>
      <VisualAttribute Name="BACKGROUND_CANVAS_BLUE" BackColor="r55g85b100" FontName="Arial" FontSize="900" FontStyle="Plain" FontWeight="Medium" FontSpacing="Normal" ForegroundColor="black" FillPattern="transparent"/>
      <VisualAttribute Name="TEXT_ITEM_BPT" BackColor="white" FontName="Arial" FontSize="900" FontStyle="Plain" DirtyInfo="true" FontWeight="Medium" FontSpacing="Normal" ForegroundColor="Top Blue" FillPattern="transparent"/>
      <VisualAttribute Name="TEXT_ITEM_BPT_GREY" BackColor="white" FontName="Arial" FontSize="900" FontStyle="Plain" DirtyInfo="true" FontWeight="Medium" FontSpacing="Normal" ForegroundColor="Top Blue" FillPattern="transparent"/>
      <VisualAttribute Name="WEB_CANVAS" BackColor="white" FontName="Arial" FontSize="900" FontStyle="Plain" FontWeight="Medium" FontSpacing="Normal" ForegroundColor="black"/>
      <VisualAttribute Name="WEB_BPT" BackColor="white" FontName="Arial" FontSize="900" FontStyle="Plain" FontWeight="Medium" FontSpacing="Normal" ForegroundColor="Top Blue"/>
      <VisualAttribute Name="WEB_BTN" BackColor="white" FontName="Arial" FontSize="900" FontStyle="Plain" FontWeight="Medium" FontSpacing="Normal"/>
      <VisualAttribute Name="WEB_TEXT_BUTTON" ParentModule="PAS_CUI" ParentModuleType="25" ParentName="WEB_TEXT_BUTTON" ParentFilename="pas_cui.olb" DirtyInfo="true" ParentFilepath="" ParentType="39"/>
      <VisualAttribute Name="WEB_ITEM" BackColor="gray8" FontName="Arial" FontSize="900" FontStyle="Plain" DirtyInfo="true" FontWeight="Medium" FontSpacing="Normal" ForegroundColor="black"/>
      <VisualAttribute Name="WEB_BPT_WINGDINGS" BackColor="white" FontName="Wingdings" FontSize="1400" FontStyle="Plain" FontWeight="Medium" FontSpacing="Normal" ForegroundColor="Top Blue"/>
      <VisualAttribute Name="MENU_TEXT_ITEMS" BackColor="Side Green" FontName="Arial" VisualAttributeType="Common" FontSize="900" DirtyInfo="true" FontWeight="Bold" ForegroundColor="darkcyan"/>
      <VisualAttribute Name="V7_VA_TOOLTIP" BackColor="r100g100b88" FontName="Arial" FontSize="900" FontStyle="Plain" DirtyInfo="true" FontWeight="Medium" FontSpacing="Normal" ForegroundColor="Black"/>
      <VisualAttribute Name="TEXT_ITEM_VA_LOV" DirtyInfo="true"/>
      <VisualAttribute Name="MENU_TEXT_ITEMS_INV" BackColor="darkcyan" FontName="Arial" VisualAttributeType="Common" FontSize="900" DirtyInfo="true" FontWeight="Bold" ForegroundColor="Side Green"/>
      <VisualAttribute Name="WEB_TEXT_BUTTON_CLICK" ParentModule="PAS_CUI" ParentModuleType="25" ParentName="WEB_TEXT_BUTTON_CLICK" ParentFilename="pas_cui.olb" DirtyInfo="true" ParentFilepath="" ParentType="39"/>
      <VisualAttribute Name="MENU_TEXT_ITEMS_VA" ParentModule="PAS_CUI" ParentModuleType="25" ParentName="MENU_TEXT_ITEMS_VA" ParentFilename="pas_cui.olb" DirtyInfo="true" ParentFilepath="" ParentType="39"/>
      <VisualAttribute Name="FORM_TITLE_VA" ParentModule="PAS_CUI" ParentModuleType="25" ParentName="FORM_TITLE_VA" ParentFilename="pas_cui.olb" DirtyInfo="true" ParentFilepath="" ParentType="39"/>
      <VisualAttribute Name="SECTION_TITLE_VA" ParentModule="PAS_CUI" ParentModuleType="25" ParentName="SECTION_TITLE_VA" ParentFilename="pas_cui.olb" DirtyInfo="true" ParentFilepath="" ParentType="39"/>
      <VisualAttribute Name="BACKGROUND_LINK_BOX_VA" ParentModule="PAS_CUI" ParentModuleType="25" ParentName="BACKGROUND_LINK_BOX_VA" ParentFilename="pas_cui.olb" DirtyInfo="true" ParentFilepath="" ParentType="39"/>
      <VisualAttribute Name="CUI_TOOLTIP_VA" ParentModule="PAS_CUI" ParentModuleType="25" ParentName="CUI_TOOLTIP_VA" ParentFilename="pas_cui.olb" DirtyInfo="true" ParentFilepath="" ParentType="39"/>
      <Window Name="OPD_LIST_WIN" ShowHorizontalScrollbar="true" HorizontalToolbarCanvasName="" ClearAllowed="false" MinimizeAllowed="false" IconFilename="" Title="Patient Details" Width="630" InheritMenu="true" Comment="Patient details window" WindowStyle="Dialog" ResizeAllowed="false" PrimaryCanvas="OPD_LIST_CANVAS" HideOnExit="false" XPosition="100" YPosition="80" Bevel="None" MaximizeAllowed="false" DirtyInfo="true" VisualAttributeName="DEFAULT" Modal="false" MoveAllowed="true" ShowVerticalScrollbar="true" Height="385"/>
      <ObjectGroup Name="KEY_TRIGGERS" DirtyInfo="true" ObjectGroupType="22">
         <ObjectGroupChild Name="KEY-CLRFRM" Type="Trigger"/>
         <ObjectGroupChild Name="KEY-CLRBLK" Type="Trigger"/>
         <ObjectGroupChild Name="KEY-CLRREC" Type="Trigger"/>
         <ObjectGroupChild Name="KEY-COMMIT" Type="Trigger"/>
         <ObjectGroupChild Name="KEY-CQUERY" Type="Trigger"/>
         <ObjectGroupChild Name="KEY-CREREC" Type="Trigger"/>
         <ObjectGroupChild Name="KEY-DELREC" Type="Trigger"/>
         <ObjectGroupChild Name="KEY-DOWN" Type="Trigger"/>
         <ObjectGroupChild Name="KEY-DUP-ITEM" Type="Trigger"/>
         <ObjectGroupChild Name="KEY-DUPREC" Type="Trigger"/>
         <ObjectGroupChild Name="KEY-EDIT" Type="Trigger"/>
         <ObjectGroupChild Name="KEY-ENTER" Type="Trigger"/>
         <ObjectGroupChild Name="KEY-ENTQRY" Type="Trigger"/>
         <ObjectGroupChild Name="KEY-EXEQRY" Type="Trigger"/>
         <ObjectGroupChild Name="KEY-LISTVAL" Type="Trigger"/>
         <ObjectGroupChild Name="KEY-NEXT-ITEM" Type="Trigger"/>
         <ObjectGroupChild Name="KEY-NXTREC" Type="Trigger"/>
         <ObjectGroupChild Name="KEY-NXTSET" Type="Trigger"/>
         <ObjectGroupChild Name="KEY-OTHERS" Type="Trigger"/>
         <ObjectGroupChild Name="KEY-PREV-ITEM" Type="Trigger"/>
         <ObjectGroupChild Name="KEY-PRINT" Type="Trigger"/>
         <ObjectGroupChild Name="KEY-PRVREC" Type="Trigger"/>
         <ObjectGroupChild Name="KEY-SCRDOWN" Type="Trigger"/>
         <ObjectGroupChild Name="KEY-SCRUP" Type="Trigger"/>
         <ObjectGroupChild Name="KEY-UP" Type="Trigger"/>
      </ObjectGroup>
      <ObjectGroup Name="ABOUT_FORM_PARAMETERS" DirtyInfo="true" ObjectGroupType="22">
         <ObjectGroupChild Name="P_VERSION" Type="ModuleParameter"/>
         <ObjectGroupChild Name="P_DATE" Type="ModuleParameter"/>
      </ObjectGroup>
      <ObjectGroup Name="ON_TRIGGERS" DirtyInfo="true" ObjectGroupType="22">
         <ObjectGroupChild Name="ON-MESSAGE" Type="Trigger"/>
         <ObjectGroupChild Name="ON-ERROR" Type="Trigger"/>
      </ObjectGroup>
   </FormModule>
</Module>
