<?xml version = '1.0' encoding = 'UTF-8'?>
<Module version="122010300" xmlns="http://xmlns.oracle.com/Forms">
   <FormModule Name="OPDRWGRP" ValidationUnit="Default" FirstNavigationBlockName="B1" HorizontalToolbarCanvas=" " ConsoleWindow="MAIN_FORM_WINDOW" MenuModule="OASIS" CursorMode="Open" InitializeMenu="DEFAULTMENUAPP" Use3dControls="true" RuntimeComp="5.0" DirtyInfo="true" MouseNavigationLimit="Form" SavepointMode="true">
      <Coordinate CharacterCellWidth="7" RealUnit="Point" DefaultFontScaling="false" CharacterCellHeight="16" CoordinateSystem="Real"/>
      <Alert Name="STANDARD_ALERT" DirtyInfo="true" Button1Label="OK" VisualAttributeName="DEFAULT" Button2Label="" DefaultAlertButton="Button 1" AlertStyle="Note"/>
      <Alert Name="WARNING_ALERT" DirtyInfo="true" Button1Label="OK" VisualAttributeName="DEFAULT" Button2Label="" DefaultAlertButton="Button 1" AlertStyle="Note"/>
      <Alert Name="ERROR_ALERT" DirtyInfo="true" Button1Label="OK" VisualAttributeName="DEFAULT" Button2Label="" DefaultAlertButton="Button 1" AlertStyle="Note"/>
      <Alert Name="QUESTION_ALERT" DirtyInfo="true" Button1Label="Yes" VisualAttributeName="DEFAULT" Button2Label="No" DefaultAlertButton="Button 1" AlertStyle="Note"/>
      <Block Name="CONTROL" RecordsBufferedCount="0" RecordsDisplayCount="1" RecordsFetchedCount="1" EnforcedColumnSecurity="false" InsertAllowed="false" EnforcedPrimaryKey="false" RecordOrientation="Vertical" UpdateAllowed="false" DeleteAllowed="false" DirtyInfo="true" VisualAttributeName="DEFAULT" KeyMode="Unique" DatabaseBlock="false" QueryDataSourceType="None" QueryAllowed="false" LockMode="Immediate" DMLDataType="None" NavigationStyle="Same Record" ShowScrollbar="false">
         <Item Name="TIMEOUT" DirtyInfo="true" TabPageName="" Width="0" CanvasName="CNV_CONTENT" ItemType="Bean Area" ImplementationClass="com.capula.eoasis.Timeout" Height="0"/>
         <Trigger Name="WHEN-MOUSE-LEAVE" TriggerText="Kill_Hint_Timer;"/>
      </Block>
      <Block Name="TEXT" RecordsBufferedCount="0" RecordsDisplayCount="1" RecordsFetchedCount="0" WhereClause="" EnforcedColumnSecurity="false" InsertAllowed="true" EnforcedPrimaryKey="false" RecordOrientation="Vertical" UpdateAllowed="true" DMLDataName="" DeleteAllowed="true" QueryDataSourceName="" DirtyInfo="true" VisualAttributeName="DEFAULT" KeyMode="Unique" DatabaseBlock="false" QueryDataSourceType="None" QueryAllowed="true" LockMode="Immediate" DMLDataType="None" NavigationStyle="Same Record" ShowScrollbar="false">
         <Item Name="FUNCTION_ID" ValidateFromList="false" LovXPosition="0" Justification="Left" LovYPosition="0" ListStyle="Poplist" Width="36" MaximumLength="6" WrapStyle="Word" AutoSkip="false" CompressionQuality="None" XPosition="108" YPosition="35" DatabaseItem="true" Bevel="Plain" AutoHint="false" MouseNavigate="true" MultiLine="false" CaseInsensitiveQuery="false" KeyboardNavigable="true" CaseRestriction="Mixed" CheckBoxOtherValues="Not Allowed" PrimaryKey="false" DefaultButton="false" QueryAllowed="true" Visible="true" QueryLength="6" DisplayQuality="High" EditXPosition="0" EditYPosition="0" Enabled="true" DistanceBetweenRecords="4364" FixedLength="false" Required="true" Height="14" ConcealData="false" Hint="Enter value for : FUNCTION_ID" SizingStyle="Crop" ShowHorizontalScrollbar="false" Iconic="false" InsertAllowed="true" ItemType="Display Item" DataType="Number" UpdateAllowed="true" UpdateIfNull="false" KeepCursorPosition="false" VisualAttributeName="DEFAULT" Label="Function Id" LockRecord="false" ShowVerticalScrollbar="false" TooltipVisualAttributeGroup="V7_VA_TOOLTIP"/>
         <Item Name="LANGUAGE_ID" ValidateFromList="false" LovXPosition="0" Justification="Left" LovYPosition="0" ListStyle="Poplist" Width="24" MaximumLength="4" WrapStyle="Word" AutoSkip="false" CompressionQuality="None" XPosition="576" YPosition="35" DatabaseItem="true" Bevel="Plain" AutoHint="false" MouseNavigate="true" MultiLine="false" CaseInsensitiveQuery="false" KeyboardNavigable="true" CaseRestriction="Mixed" CheckBoxOtherValues="Not Allowed" PrimaryKey="false" DefaultButton="false" QueryAllowed="true" Visible="true" QueryLength="4" DisplayQuality="High" EditXPosition="0" EditYPosition="0" Enabled="true" DistanceBetweenRecords="4364" FixedLength="false" Required="true" Height="14" ConcealData="false" Hint="Enter value for : LANGUAGE_ID" SizingStyle="Crop" ShowHorizontalScrollbar="false" Iconic="false" InsertAllowed="true" ItemType="Display Item" DataType="Number" UpdateAllowed="true" UpdateIfNull="false" KeepCursorPosition="false" VisualAttributeName="DEFAULT" Label="Language Id" LockRecord="false" ShowVerticalScrollbar="false" TooltipVisualAttributeGroup="V7_VA_TOOLTIP"/>
         <Item Name="CONTROL_ITEM" ValidateFromList="false" LovXPosition="0" Justification="Left" LovYPosition="0" ListStyle="Poplist" Width="0" MaximumLength="1" WrapStyle="Word" AutoSkip="false" BackColor="white" CompressionQuality="None" XPosition="16" YPosition="10" DatabaseItem="false" Bevel="Plain" AutoHint="false" MouseNavigate="true" CanvasName="TOOLBAR_CANVAS" MultiLine="false" CaseInsensitiveQuery="false" KeyboardNavigable="true" CaseRestriction="Mixed" CheckBoxOtherValues="Not Allowed" Comment="This item is created as a hidden enterable field to allow the query on this block to operate" PrimaryKey="false" DirtyInfo="true" DefaultButton="false" QueryAllowed="true" Visible="true" QueryLength="1" DisplayQuality="High" EditXPosition="0" EditYPosition="0" Enabled="true" DistanceBetweenRecords="0" FillPattern="transparent" FixedLength="false" Required="false" FontName="Fixedsys" FontSize="900" FontStyle="Plain" FontWeight="Demilight" FontSpacing="Normal" ForegroundColor="black" Height="0" ConcealData="false" SizingStyle="Crop" ShowHorizontalScrollbar="false" Iconic="false" InsertAllowed="true" ItemType="Text Item" DataType="Char" UpdateAllowed="true" UpdateIfNull="false" KeepCursorPosition="false" LockRecord="false" ShowVerticalScrollbar="false" TooltipVisualAttributeGroup="V7_VA_TOOLTIP"/>
         <Item Name="BPT_1" ValidateFromList="false" EditXPosition="0" LovXPosition="0" EditYPosition="0" Justification="Start" LovYPosition="0" Enabled="true" ListStyle="Poplist" Width="110" FixedLength="false" WrapStyle="Word" AutoSkip="false" CompressionQuality="None" XPosition="14" Required="false" YPosition="55" AutoHint="false" MouseNavigate="true" CanvasName="C_REPORT" MultiLine="false" CaseInsensitiveQuery="false" KeyboardNavigable="true" CaseRestriction="Mixed" ParentType="29" CheckBoxOtherValues="Not Allowed" ConcealData="false" SizingStyle="Crop" ShowHorizontalScrollbar="false" Iconic="false" TabPageName="" InsertAllowed="true" UpdateAllowed="true" ParentModule="OPDRWGRP" UpdateIfNull="false" ParentModuleType="12" ParentName="BPT_GREY_CLASS" DirtyInfo="true" KeepCursorPosition="false" DefaultButton="false" QueryAllowed="true" QueryLength="80" LockRecord="false" DisplayQuality="High" ShowVerticalScrollbar="false" TooltipVisualAttributeGroup="V7_VA_TOOLTIP"/>
         <Item Name="BPT_2" ValidateFromList="false" EditXPosition="0" LovXPosition="0" EditYPosition="0" Justification="Start" LovYPosition="0" Enabled="true" ListStyle="Poplist" Width="110" FixedLength="false" WrapStyle="Word" AutoSkip="false" CompressionQuality="None" XPosition="14" Required="false" YPosition="70" AutoHint="false" MouseNavigate="true" CanvasName="C_REPORT" MultiLine="false" CaseInsensitiveQuery="false" KeyboardNavigable="true" CaseRestriction="Mixed" ParentType="29" CheckBoxOtherValues="Not Allowed" ConcealData="false" SizingStyle="Crop" ShowHorizontalScrollbar="false" Iconic="false" InsertAllowed="true" UpdateAllowed="true" ParentModule="OPDRWGRP" UpdateIfNull="false" ParentModuleType="12" ParentName="BPT_GREY_CLASS" DirtyInfo="true" KeepCursorPosition="false" DefaultButton="false" QueryAllowed="true" QueryLength="80" LockRecord="false" DisplayQuality="High" ShowVerticalScrollbar="false" TooltipVisualAttributeGroup="V7_VA_TOOLTIP"/>
         <Item Name="BPT_3" ValidateFromList="false" EditXPosition="0" LovXPosition="0" EditYPosition="0" Justification="Start" LovYPosition="0" Enabled="true" ListStyle="Poplist" Width="110" FixedLength="false" WrapStyle="Word" AutoSkip="false" CompressionQuality="None" XPosition="14" Required="false" YPosition="85" AutoHint="false" MouseNavigate="true" CanvasName="C_REPORT" MultiLine="false" CaseInsensitiveQuery="false" KeyboardNavigable="true" CaseRestriction="Mixed" ParentType="29" CheckBoxOtherValues="Not Allowed" ConcealData="false" SizingStyle="Crop" ShowHorizontalScrollbar="false" Iconic="false" InsertAllowed="true" UpdateAllowed="true" ParentModule="OPDRWGRP" UpdateIfNull="false" ParentModuleType="12" ParentName="BPT_GREY_CLASS" DirtyInfo="true" KeepCursorPosition="false" DefaultButton="false" QueryAllowed="true" QueryLength="80" LockRecord="false" DisplayQuality="High" ShowVerticalScrollbar="false" TooltipVisualAttributeGroup="V7_VA_TOOLTIP"/>
         <Item Name="BPT_4" ValidateFromList="false" EditXPosition="0" LovXPosition="0" EditYPosition="0" Justification="Start" LovYPosition="0" Enabled="true" ListStyle="Poplist" Width="110" FixedLength="false" WrapStyle="Word" AutoSkip="false" CompressionQuality="None" XPosition="14" Required="false" YPosition="100" AutoHint="false" MouseNavigate="true" CanvasName="C_REPORT" MultiLine="false" CaseInsensitiveQuery="false" KeyboardNavigable="true" CaseRestriction="Mixed" ParentType="29" CheckBoxOtherValues="Not Allowed" ConcealData="false" SizingStyle="Crop" ShowHorizontalScrollbar="false" Iconic="false" InsertAllowed="true" UpdateAllowed="true" ParentModule="OPDRWGRP" UpdateIfNull="false" ParentModuleType="12" ParentName="BPT_GREY_CLASS" DirtyInfo="true" KeepCursorPosition="false" DefaultButton="false" QueryAllowed="true" QueryLength="80" LockRecord="false" DisplayQuality="High" ShowVerticalScrollbar="false" TooltipVisualAttributeGroup="V7_VA_TOOLTIP"/>
         <Item Name="BPT_5" ValidateFromList="false" EditXPosition="0" LovXPosition="0" EditYPosition="0" LovYPosition="0" Enabled="true" ListStyle="Poplist" Width="143" FixedLength="false" WrapStyle="Word" AutoSkip="false" CompressionQuality="None" XPosition="31" Required="false" YPosition="136" AutoHint="false" MouseNavigate="true" CanvasName="C_REPORT" MultiLine="false" CaseInsensitiveQuery="false" KeyboardNavigable="true" CaseRestriction="Mixed" ParentType="29" CheckBoxOtherValues="Not Allowed" ConcealData="false" SizingStyle="Crop" ShowHorizontalScrollbar="false" Iconic="false" InsertAllowed="true" UpdateAllowed="true" ParentModule="OPDRWGRP" UpdateIfNull="false" ParentModuleType="12" ParentName="BPT_GREY_CLASS" DirtyInfo="true" KeepCursorPosition="false" DefaultButton="false" QueryAllowed="true" QueryLength="80" LockRecord="false" DisplayQuality="High" ShowVerticalScrollbar="false" TooltipVisualAttributeGroup="V7_VA_TOOLTIP">
            <Trigger Name="WHEN-MOUSE-CLICK" DirtyInfo="true" TriggerText="--&amp;#10;-- change value of associated checkbox&amp;#10;--&amp;#10;-- date&#x9;&#x9;&#x9;&#x9;by&#x9;&#x9;&#x9;change&amp;#10;-- 03/08/2001&#x9;Steve&#x9;&#x9;Created&amp;#10;--&amp;#10;BEGIN&amp;#10;&#x9;&amp;#10;&#x9;IF nvl(:B1.INCLUDE_ACTIVE_GRP, 'N') = 'N' THEN&amp;#10;&#x9;&#x9;&#x9;:B1.INCLUDE_ACTIVE_GRP := 'Y';&amp;#10;&#x9;ELSE&amp;#10;&#x9;&#x9;&#x9;:B1.INCLUDE_ACTIVE_GRP := 'N';&amp;#10;&#x9;END IF;&amp;#10;&#x9;&amp;#10;END;"/>
         </Item>
         <Item Name="BPT_6" ValidateFromList="false" EditXPosition="0" LovXPosition="0" EditYPosition="0" LovYPosition="0" Enabled="true" ListStyle="Poplist" Width="143" FixedLength="false" WrapStyle="Word" AutoSkip="false" CompressionQuality="None" XPosition="31" Required="false" YPosition="153" AutoHint="false" MouseNavigate="true" CanvasName="C_REPORT" MultiLine="false" CaseInsensitiveQuery="false" KeyboardNavigable="true" CaseRestriction="Mixed" ParentType="29" CheckBoxOtherValues="Not Allowed" ConcealData="false" SizingStyle="Crop" ShowHorizontalScrollbar="false" Iconic="false" InsertAllowed="true" UpdateAllowed="true" ParentModule="OPDRWGRP" UpdateIfNull="false" ParentModuleType="12" ParentName="BPT_GREY_CLASS" DirtyInfo="true" KeepCursorPosition="false" DefaultButton="false" QueryAllowed="true" QueryLength="80" LockRecord="false" DisplayQuality="High" ShowVerticalScrollbar="false" TooltipVisualAttributeGroup="V7_VA_TOOLTIP">
            <Trigger Name="WHEN-MOUSE-CLICK" DirtyInfo="true" TriggerText="--&amp;#10;-- change value of associated checkbox&amp;#10;--&amp;#10;-- date&#x9;&#x9;&#x9;&#x9;by&#x9;&#x9;&#x9;change&amp;#10;-- 03/08/2001&#x9;Steve&#x9;&#x9;Created&amp;#10;--&amp;#10;BEGIN&amp;#10;&#x9;&amp;#10;&#x9;IF nvl(:B1.INCLUDE_INACTIVE_GRP, 'N') = 'N' THEN&amp;#10;&#x9;&#x9;&#x9;:B1.INCLUDE_INACTIVE_GRP := 'Y';&amp;#10;&#x9;ELSE&amp;#10;&#x9;&#x9;&#x9;:B1.INCLUDE_INACTIVE_GRP := 'N';&amp;#10;&#x9;END IF;&amp;#10;&#x9;&amp;#10;END;"/>
         </Item>
         <Item Name="BPT_7" ValidateFromList="false" EditXPosition="0" LovXPosition="0" EditYPosition="0" LovYPosition="0" Enabled="true" ListStyle="Poplist" Width="143" FixedLength="false" WrapStyle="Word" AutoSkip="false" CompressionQuality="None" XPosition="198" Required="false" YPosition="136" AutoHint="false" MouseNavigate="true" CanvasName="C_REPORT" MultiLine="false" CaseInsensitiveQuery="false" KeyboardNavigable="true" CaseRestriction="Mixed" ParentType="29" CheckBoxOtherValues="Not Allowed" ConcealData="false" SizingStyle="Crop" ShowHorizontalScrollbar="false" Iconic="false" InsertAllowed="true" UpdateAllowed="true" ParentModule="OPDRWGRP" UpdateIfNull="false" ParentModuleType="12" ParentName="BPT_GREY_CLASS" DirtyInfo="true" KeepCursorPosition="false" DefaultButton="false" QueryAllowed="true" QueryLength="80" LockRecord="false" DisplayQuality="High" ShowVerticalScrollbar="false" TooltipVisualAttributeGroup="V7_VA_TOOLTIP">
            <Trigger Name="WHEN-MOUSE-CLICK" DirtyInfo="true" TriggerText="--&amp;#10;-- change value of associated checkbox&amp;#10;--&amp;#10;-- date&#x9;&#x9;&#x9;&#x9;by&#x9;&#x9;&#x9;change&amp;#10;-- 03/08/2001&#x9;Steve&#x9;&#x9;Created&amp;#10;--&amp;#10;BEGIN&amp;#10;&#x9;&amp;#10;&#x9;IF nvl(:B1.LIST_MICROSESSNS_UNDERGRP, 'N') = 'N' THEN&amp;#10;&#x9;&#x9;&#x9;:B1.LIST_MICROSESSNS_UNDERGRP := 'Y';&amp;#10;&#x9;ELSE&amp;#10;&#x9;&#x9;&#x9;:B1.LIST_MICROSESSNS_UNDERGRP := 'N';&amp;#10;&#x9;END IF;&amp;#10;&#x9;&amp;#10;END;"/>
         </Item>
         <Item Name="BPT_8" ValidateFromList="false" EditXPosition="0" LovXPosition="0" EditYPosition="0" Justification="Start" LovYPosition="0" Enabled="true" ListStyle="Poplist" Width="65" MaximumLength="80" FixedLength="false" WrapStyle="Word" AutoSkip="false" CompressionQuality="None" XPosition="14" Required="false" YPosition="0" AutoHint="false" MouseNavigate="true" CanvasName="C_REPORT" MultiLine="false" CaseInsensitiveQuery="false" KeyboardNavigable="true" CaseRestriction="Mixed" ParentType="29" CheckBoxOtherValues="Not Allowed" ConcealData="false" SizingStyle="Crop" ShowHorizontalScrollbar="false" Iconic="false" InsertAllowed="true" UpdateAllowed="true" ParentModule="OPDRWGRP" UpdateIfNull="false" ParentModuleType="12" ParentName="SECTION_TITLE_CLASS" DirtyInfo="true" KeepCursorPosition="false" DefaultButton="false" QueryAllowed="true" QueryLength="80" LockRecord="false" DisplayQuality="High" ShowVerticalScrollbar="false" TooltipVisualAttributeGroup="V7_VA_TOOLTIP"/>
         <Item Name="BPT_9" ValidateFromList="false" EditXPosition="0" LovXPosition="0" EditYPosition="0" Justification="Start" LovYPosition="0" Enabled="true" ListStyle="Poplist" Width="110" FixedLength="false" WrapStyle="Word" AutoSkip="false" CompressionQuality="None" XPosition="14" Required="false" YPosition="39" AutoHint="false" MouseNavigate="true" CanvasName="C_REPORT" MultiLine="false" CaseInsensitiveQuery="false" KeyboardNavigable="true" CaseRestriction="Mixed" ParentType="29" CheckBoxOtherValues="Not Allowed" ConcealData="false" SizingStyle="Crop" ShowHorizontalScrollbar="false" Iconic="false" InsertAllowed="true" UpdateAllowed="true" ParentModule="OPDRWGRP" UpdateIfNull="false" ParentModuleType="12" ParentName="BPT_GREY_CLASS" DirtyInfo="true" KeepCursorPosition="false" DefaultButton="false" QueryAllowed="true" QueryLength="80" LockRecord="false" DisplayQuality="High" ShowVerticalScrollbar="false" TooltipVisualAttributeGroup="V7_VA_TOOLTIP"/>
         <Item Name="BPT_11" ValidateFromList="false" EditXPosition="0" LovXPosition="0" EditYPosition="0" LovYPosition="0" Enabled="true" ListStyle="Poplist" Width="143" FixedLength="false" WrapStyle="Word" AutoSkip="false" CompressionQuality="None" XPosition="198" Required="false" YPosition="153" AutoHint="false" MouseNavigate="true" CanvasName="C_REPORT" MultiLine="false" CaseInsensitiveQuery="false" KeyboardNavigable="true" CaseRestriction="Mixed" ParentType="29" CheckBoxOtherValues="Not Allowed" ConcealData="false" SizingStyle="Crop" ShowHorizontalScrollbar="false" Iconic="false" InsertAllowed="true" Comment="Added JB 23/01/2004" UpdateAllowed="true" ParentModule="OPDRWGRP" UpdateIfNull="false" ParentModuleType="12" ParentName="BPT_GREY_CLASS" DirtyInfo="true" KeepCursorPosition="false" DefaultButton="false" QueryAllowed="true" QueryLength="80" LockRecord="false" DisplayQuality="High" ShowVerticalScrollbar="false" TooltipVisualAttributeGroup="V7_VA_TOOLTIP">
            <Trigger Name="WHEN-MOUSE-CLICK" DirtyInfo="true" TriggerText="--&amp;#10;-- change value of associated checkbox&amp;#10;--&amp;#10;-- date&#x9;&#x9;&#x9;&#x9;by&#x9;&#x9;&#x9;change&amp;#10;-- 23/01/2004&#x9;Jonathan&#x9;&#x9;Created&amp;#10;--&amp;#10;BEGIN&amp;#10;&#x9;&amp;#10;&#x9;IF nvl(:B1.LIST_TREATMENT_STAFF, 'N') = 'N' THEN&amp;#10;&#x9;&#x9;&#x9;:B1.LIST_TREATMENT_STAFF := 'Y';&amp;#10;&#x9;ELSE&amp;#10;&#x9;&#x9;&#x9;:B1.LIST_TREATMENT_STAFF := 'N';&amp;#10;&#x9;END IF;&amp;#10;&#x9;&amp;#10;END;"/>
         </Item>
         <Item Name="DSP_BREADCRUMB" Justification="Start" TabPageName="" Width="278" MaximumLength="4000" ItemType="Display Item" BackColor="white" XPosition="95" FontName="Arial" YPosition="4" DatabaseItem="false" Bevel="None" FontSize="1000" FontStyle="Italic" DirtyInfo="true" FontWeight="Bold" FontSpacing="Normal" ForegroundColor="darkcyan" CanvasName="CNV_HIDE" Visible="false" Height="15"/>
         <Trigger Name="WHEN-MOUSE-DOUBLECLICK" TriggerText="--&amp;#10;-- steve pusey 19/4/96&amp;#10;--&amp;#10;-- change value in current boilerplate text item&amp;#10;--&amp;#10;BEGIN&amp;#10;&amp;#10;  boilerplate.change_boilerplate;&amp;#10;&amp;#10;END;"/>
      </Block>
      <Block Name="B1" DirtyInfo="true" ScrollbarWidth="9" ScrollbarLength="135">
         <Item Name="DESTINATION" TabPageName="" Width="491" ItemType="List Item" InitializeValue="PREVIEW" ParentModule="OPDRWGRP" XPosition="128" ParentModuleType="12" YPosition="38" ParentName="TEXT_ITEM_CLASS" Bevel="Plain" DirtyInfo="true" CanvasName="C_REPORT" ListElementCount="1" ParentType="29" TooltipVisualAttributeGroup="V7_VA_TOOLTIP" Height="15">
            <ListItemElement Index="1" Name="&lt;List Not populated>" Value="PREVIEW"/>
         </Item>
         <Item Name="ENC_TYPE" TabPageName="" Width="491" MaximumLength="1" ItemType="List Item" ParentModule="OPDRWGRP" XPosition="128" ParentModuleType="12" YPosition="54" ParentName="TEXT_ITEM_CLASS" Bevel="Plain" DirtyInfo="true" CanvasName="C_REPORT" ListElementCount="1" ParentType="29" TooltipVisualAttributeGroup="V7_VA_TOOLTIP" Height="15">
            <ListItemElement Index="1" Name="&lt;List Not Populated>" Value="O"/>
         </Item>
         <Item Name="CLINIC_WAITLIST_USER" TabPageName="" Width="141" MaximumLength="15" ParentModule="OPDRWGRP" XPosition="128" ParentModuleType="12" YPosition="70" ParentName="TEXT_ITEM_CLASS" Bevel="Plain" DirtyInfo="true" CanvasName="C_REPORT" CaseRestriction="Upper" ParentType="29" TooltipVisualAttributeGroup="V7_VA_TOOLTIP" Height="14">
            <Trigger Name="WHEN-VALIDATE-ITEM" DirtyInfo="true" TriggerText="--  When user code entered brings in description and code&amp;#10;--  date&#x9;&#x9;&#x9;&#x9;by&#x9;&#x9;&#x9;&#x9;change&amp;#10;--  12/06/2001&#x9;ZDSobel&#x9;&#x9;Created&amp;#10;DECLARE&amp;#10;&#x9;&amp;#10;&#x9;CURSOR c1 IS&amp;#10;&#x9;  SELECT  c.clinic_waitlist_group_id&amp;#10;&#x9;  ,       c.description&amp;#10;&#x9;  FROM    clinic_waitlist_groups c&amp;#10;&#x9;  WHERE   c.user_code = :B1.CLINIC_WAITLIST_USER&amp;#10;&#x9;  AND     c.active_flag = 'Y';&amp;#10;&#x9;  &amp;#10;BEGIN&amp;#10;&#x9;&amp;#10;&#x9;IF :B1.CLINIC_WAITLIST_USER IS NULL THEN&amp;#10;&#x9;&#x9;&amp;#10;&#x9;&#x9;:B1.CLINIC_WAITLIST_DESC := NULL;&amp;#10;&#x9;&#x9;:B1.CLINIC_WAITLIST_GROUP_ID := NULL;&amp;#10;&#x9;&#x9;&amp;#10;&#x9;ELSE&amp;#10;&#x9;&#x9;&amp;#10;&#x9;&#x9;OPEN c1;&amp;#10;&#x9;&#x9;FETCH c1 INTO :B1.CLINIC_WAITLIST_GROUP_ID&amp;#10;&#x9;&#x9;         ,    :B1.CLINIC_WAITLIST_DESC;&amp;#10;&#x9;&#x9;         &amp;#10;&#x9;&#x9;  IF c1%NOTFOUND THEN&amp;#10;&#x9;&#x9;  &#x9;&amp;#10;&#x9;&#x9;  &#x9;DISPLAY_ALERT('STANDARD_ALERT', 684); --Invalid Code, Please Re-enter&amp;#10;&#x9;&#x9;  &#x9;RAISE FORM_TRIGGER_FAILURE;&amp;#10;&#x9;&#x9;  &#x9;&amp;#10;&#x9;&#x9;  END IF;&amp;#10;&#x9;&#x9;  &#x9;&#x9;&amp;#10;&#x9;&#x9;CLOSE c1;&amp;#10;&#x9;&#x9;&amp;#10;&#x9;END IF;&amp;#10;&#x9;&amp;#10;END;"/>
            <Trigger Name="KEY-LISTVAL" DirtyInfo="true" TriggerText="-- Shows relevant LOV&amp;#10;-- date&#x9;&#x9;&#x9;&#x9;by&#x9;&#x9;&#x9;&#x9;change&amp;#10;-- 12/06/2001&#x9;ZDSobel&#x9;&#x9;Created&amp;#10;BEGIN&amp;#10;&#x9;&amp;#10;&#x9;IF show_lov('CLINIC_WAITLIST_LOV') THEN&amp;#10;&#x9;&#x9;&amp;#10;&#x9;&#x9;oasis_number_set_item_property('B1.CLINIC_WAITLIST_USER', ITEM_IS_VALID, PROPERTY_TRUE);&amp;#10;&#x9;&#x9;&amp;#10;&#x9;END IF;&amp;#10;&#x9;&amp;#10;END;"/>
         </Item>
         <Item Name="CLINIC_WAITLIST_DESC" TabPageName="" Width="327" MaximumLength="80" ParentModule="OPDRWGRP" XPosition="270" ParentModuleType="12" YPosition="70" ParentName="TEXT_ITEM_CLASS" Bevel="Plain" DirtyInfo="true" CanvasName="C_REPORT" KeyboardNavigable="false" ParentType="29" TooltipVisualAttributeGroup="V7_VA_TOOLTIP" Height="14"/>
         <Item Name="CLINIC_WAITLIST_GROUP_ID" Bevel="Plain" DirtyInfo="true" Width="45" ItemType="Display Item" DataType="Number" TooltipVisualAttributeGroup="V7_VA_TOOLTIP" Height="14"/>
         <Item Name="CLINIC_WAITLIST_LOV" IconFilename="b_lov_b3" TabPageName="" Width="19" ParentModule="OPDRWGRP" XPosition="599" ParentModuleType="12" YPosition="68" ParentName="LOV_BUTTON_CLASS" DirtyInfo="true" VisualAttributeName="WEB_BTN" MouseNavigate="false" CanvasName="C_REPORT" KeyboardNavigable="false" ParentType="29" TooltipVisualAttributeGroup="V7_VA_TOOLTIP" Height="15">
            <Trigger Name="WHEN-BUTTON-PRESSED" DirtyInfo="true" TriggerText="-- Shows relevant LOV&amp;#10;-- date&#x9;&#x9;&#x9;&#x9;by&#x9;&#x9;&#x9;&#x9;change&amp;#10;-- 12/06/2001&#x9;ZDSobel&#x9;&#x9;Created&amp;#10;BEGIN&amp;#10;&#x9;&amp;#10;&#x9;go_item('B1.CLINIC_WAITLIST_USER');&amp;#10;&#x9;do_key('list_values');&amp;#10;&#x9;&amp;#10;END;"/>
         </Item>
         <Item Name="SITE_USER" TabPageName="" Width="141" ParentModule="OPDRWGRP" XPosition="128" ParentModuleType="12" YPosition="85" ParentName="TEXT_ITEM_CLASS" Bevel="Plain" DirtyInfo="true" CanvasName="C_REPORT" CaseRestriction="Upper" ParentType="29" TooltipVisualAttributeGroup="V7_VA_TOOLTIP" Height="14">
            <Trigger Name="WHEN-VALIDATE-ITEM" DirtyInfo="true" TriggerText="-- Get values when user code entered&amp;#10;-- date&#x9;&#x9;&#x9;&#x9;by&#x9;&#x9;&#x9;&#x9;change&amp;#10;-- 12/06/2001&#x9;ZDSobel&#x9;&#x9;Created&amp;#10;DECLARE&amp;#10;&#x9;&amp;#10;&#x9;CURSOR c1 IS&amp;#10;&#x9;  SELECT  c.code&amp;#10;&#x9;  ,       c.description&amp;#10;&#x9;  FROM    codes c&amp;#10;&#x9;  WHERE   c.code_type = 10454 --Site code&amp;#10;&#x9;  AND     c.active_flag = 'Y'&amp;#10;&#x9;  AND     c.user_code = :B1.SITE_USER;&amp;#10;&#x9;  &amp;#10;BEGIN&amp;#10;&#x9;&amp;#10;&#x9;IF :B1.SITE_USER IS NULL THEN&amp;#10;&#x9;&#x9;&amp;#10;&#x9;&#x9;:B1.SITE_DESC := NULL;&amp;#10;&#x9;&#x9;:B1.SITE_CODE := NULL;&amp;#10;&#x9;&#x9;&amp;#10;&#x9;ELSE&amp;#10;&#x9;&#x9;&amp;#10;&#x9;&#x9;OPEN c1;&amp;#10;&#x9;&#x9;FETCH c1 INTO :B1.SITE_CODE&amp;#10;&#x9;&#x9;         ,    :B1.SITE_DESC;&amp;#10;&#x9;&#x9;         &amp;#10;&#x9;&#x9;  IF c1%NOTFOUND THEN&amp;#10;&#x9;&#x9;  &#x9;&amp;#10;&#x9;&#x9;  &#x9;DISPLAY_ALERT('STANDARD_ALERT', 684); --Invalid Code, Please Re-enter&amp;#10;&#x9;&#x9;  &#x9;RAISE FORM_TRIGGER_FAILURE;&amp;#10;&#x9;&#x9;  &#x9;&amp;#10;&#x9;&#x9;  END IF;&amp;#10;&#x9;&#x9;  &amp;#10;&#x9;&#x9;CLOSE c1;&amp;#10;&#x9;&#x9;&amp;#10;&#x9;END IF;&amp;#10;&#x9;&amp;#10;END;"/>
            <Trigger Name="KEY-LISTVAL" DirtyInfo="true" TriggerText="--  Show site lov&amp;#10;--  date&#x9;&#x9;&#x9;&#x9;by&#x9;&#x9;&#x9;&#x9;change&amp;#10;--  12/06/2001&#x9;ZDSobel&#x9;&#x9;Created&amp;#10;BEGIN&amp;#10;&#x9;&amp;#10;&#x9;IF show_lov('SITE_LOV') THEN&amp;#10;&#x9;&#x9;&amp;#10;&#x9;&#x9;oasis_number_set_item_property('B1.SITE_USER', ITEM_IS_VALID, PROPERTY_TRUE);&amp;#10;&#x9;&#x9;&amp;#10;&#x9;END IF;&amp;#10;&#x9;&amp;#10;END;"/>
         </Item>
         <Item Name="SITE_DESC" TabPageName="" Width="327" ParentModule="OPDRWGRP" XPosition="270" ParentModuleType="12" YPosition="85" ParentName="TEXT_ITEM_CLASS" Bevel="Plain" DirtyInfo="true" CanvasName="C_REPORT" KeyboardNavigable="false" ParentType="29" TooltipVisualAttributeGroup="V7_VA_TOOLTIP" Height="14"/>
         <Item Name="SITE_CODE" Bevel="Plain" DirtyInfo="true" Width="45" ItemType="Display Item" DataType="Number" TooltipVisualAttributeGroup="V7_VA_TOOLTIP" Height="14"/>
         <Item Name="SITE_LOV" IconFilename="b_lov_b3" TabPageName="" Width="19" ParentModule="OPDRWGRP" XPosition="599" ParentModuleType="12" YPosition="84" ParentName="LOV_BUTTON_CLASS" DirtyInfo="true" VisualAttributeName="WEB_BTN" MouseNavigate="false" CanvasName="C_REPORT" KeyboardNavigable="false" ParentType="29" TooltipVisualAttributeGroup="V7_VA_TOOLTIP" Height="15">
            <Trigger Name="WHEN-BUTTON-PRESSED" DirtyInfo="true" TriggerText="-- Shows relevant LOV&amp;#10;-- date&#x9;&#x9;&#x9;&#x9;by&#x9;&#x9;&#x9;&#x9;change&amp;#10;-- 12/06/2001&#x9;ZDSobel&#x9;&#x9;Created&amp;#10;BEGIN&amp;#10;&#x9;&amp;#10;&#x9;go_item('B1.SITE_USER');&amp;#10;&#x9;do_key('list_values');&amp;#10;&#x9;&amp;#10;END;"/>
         </Item>
         <Item Name="SPEC_USER" TabPageName="" Width="141" ParentModule="OPDRWGRP" XPosition="128" ParentModuleType="12" YPosition="100" ParentName="TEXT_ITEM_CLASS" Bevel="Plain" DirtyInfo="true" CanvasName="C_REPORT" CaseRestriction="Upper" ParentType="29" TooltipVisualAttributeGroup="V7_VA_TOOLTIP" Height="14">
            <Trigger Name="WHEN-VALIDATE-ITEM" DirtyInfo="true" TriggerText="-- Get values when user code entered&amp;#10;-- date&#x9;&#x9;&#x9;&#x9;by&#x9;&#x9;&#x9;&#x9;change&amp;#10;-- 12/06/2001&#x9;ZDSobel&#x9;&#x9;Created&amp;#10;DECLARE&amp;#10;&#x9;&amp;#10;&#x9;CURSOR c1 IS&amp;#10;&#x9;  SELECT  c.code&amp;#10;&#x9;  ,       c.description&amp;#10;&#x9;  FROM    codes c&amp;#10;&#x9;  WHERE   c.code_type = 10025 --Specialty code&amp;#10;&#x9;  AND     c.active_flag = 'Y'&amp;#10;&#x9;  AND     c.user_code = :B1.SPEC_USER;&amp;#10;&#x9;  &amp;#10;BEGIN&amp;#10;&#x9;&amp;#10;&#x9;IF :B1.SPEC_USER IS NULL THEN&amp;#10;&#x9;&#x9;&amp;#10;&#x9;&#x9;:B1.SPEC_DESC := NULL;&amp;#10;&#x9;&#x9;:B1.SPEC_CODE := NULL;&amp;#10;&#x9;&#x9;&amp;#10;&#x9;ELSE&amp;#10;&#x9;&#x9;&amp;#10;&#x9;&#x9;OPEN c1;&amp;#10;&#x9;&#x9;FETCH c1 INTO :B1.SPEC_CODE&amp;#10;&#x9;&#x9;         ,    :B1.SPEC_DESC;&amp;#10;&#x9;&#x9;         &amp;#10;&#x9;&#x9;  IF c1%NOTFOUND THEN&amp;#10;&#x9;&#x9;  &#x9;&amp;#10;&#x9;&#x9;  &#x9;DISPLAY_ALERT('STANDARD_ALERT', 684); --Invalid Code, Please Re-enter&amp;#10;&#x9;&#x9;  &#x9;RAISE FORM_TRIGGER_FAILURE;&amp;#10;&#x9;&#x9;  &#x9;&amp;#10;&#x9;&#x9;  END IF;&amp;#10;&#x9;&#x9;  &amp;#10;&#x9;&#x9;CLOSE c1;&amp;#10;&#x9;&#x9;&amp;#10;&#x9;END IF;&amp;#10;&#x9;&amp;#10;END;"/>
            <Trigger Name="KEY-LISTVAL" DirtyInfo="true" TriggerText="--  Show site lov&amp;#10;--  date&#x9;&#x9;&#x9;&#x9;by&#x9;&#x9;&#x9;&#x9;change&amp;#10;--  12/06/2001&#x9;ZDSobel&#x9;&#x9;Created&amp;#10;BEGIN&amp;#10;&#x9;&amp;#10;&#x9;IF show_lov('SPEC_LOV') THEN&amp;#10;&#x9;&#x9;&amp;#10;&#x9;&#x9;oasis_number_set_item_property('B1.SPEC_USER', ITEM_IS_VALID, PROPERTY_TRUE);&amp;#10;&#x9;&#x9;&amp;#10;&#x9;END IF;&amp;#10;&#x9;&amp;#10;END;"/>
         </Item>
         <Item Name="SPEC_DESC" TabPageName="" Width="327" ParentModule="OPDRWGRP" XPosition="270" ParentModuleType="12" YPosition="100" ParentName="TEXT_ITEM_CLASS" Bevel="Plain" DirtyInfo="true" CanvasName="C_REPORT" KeyboardNavigable="false" ParentType="29" TooltipVisualAttributeGroup="V7_VA_TOOLTIP" Height="14"/>
         <Item Name="SPEC_CODE" Bevel="Plain" DirtyInfo="true" Width="45" ItemType="Display Item" DataType="Number" TooltipVisualAttributeGroup="V7_VA_TOOLTIP" Height="14"/>
         <Item Name="SPEC_LOV" IconFilename="b_lov_b3" TabPageName="" Width="19" ParentModule="OPDRWGRP" XPosition="599" ParentModuleType="12" YPosition="100" ParentName="LOV_BUTTON_CLASS" DirtyInfo="true" VisualAttributeName="WEB_BTN" MouseNavigate="false" CanvasName="C_REPORT" KeyboardNavigable="false" ParentType="29" TooltipVisualAttributeGroup="V7_VA_TOOLTIP" Height="15">
            <Trigger Name="WHEN-BUTTON-PRESSED" DirtyInfo="true" TriggerText="-- Shows relevant LOV&amp;#10;-- date&#x9;&#x9;&#x9;&#x9;by&#x9;&#x9;&#x9;&#x9;change&amp;#10;-- 12/06/2001&#x9;ZDSobel&#x9;&#x9;Created&amp;#10;BEGIN&amp;#10;&#x9;&amp;#10;&#x9;go_item('B1.SPEC_USER');&amp;#10;&#x9;do_key('list_values');&amp;#10;&#x9;&amp;#10;END;"/>
         </Item>
         <Item Name="INCLUDE_ACTIVE_GRP" CheckedValue="Y" TabPageName="" Width="10" MaximumLength="1" ItemType="Check Box" InitializeValue="Y" UncheckedValue="N" XPosition="14" YPosition="137" Bevel="Plain" DirtyInfo="true" CanvasName="C_REPORT" TooltipVisualAttributeGroup="V7_VA_TOOLTIP" CheckBoxOtherValues="Unchecked" Height="10"/>
         <Item Name="INCLUDE_INACTIVE_GRP" CheckedValue="Y" TabPageName="" Width="10" MaximumLength="1" ItemType="Check Box" InitializeValue="N" UncheckedValue="N" XPosition="14" YPosition="155" Bevel="Plain" DirtyInfo="true" CanvasName="C_REPORT" TooltipVisualAttributeGroup="V7_VA_TOOLTIP" CheckBoxOtherValues="Unchecked" Height="10"/>
         <Item Name="LIST_MICROSESSNS_UNDERGRP" CheckedValue="Y" TabPageName="" Width="10" MaximumLength="1" ItemType="Check Box" InitializeValue="Y" UncheckedValue="N" XPosition="183" YPosition="137" Bevel="Plain" DirtyInfo="true" CanvasName="C_REPORT" TooltipVisualAttributeGroup="V7_VA_TOOLTIP" CheckBoxOtherValues="Unchecked" Height="10"/>
         <Item Name="LIST_TREATMENT_STAFF" CheckedValue="Y" TabPageName="" Width="10" MaximumLength="1" ItemType="Check Box" Comment="Added JB 23/01/2004" InitializeValue="N" UncheckedValue="N" XPosition="183" YPosition="155" Bevel="Plain" DirtyInfo="true" CanvasName="C_REPORT" TooltipVisualAttributeGroup="V7_VA_TOOLTIP" CheckBoxOtherValues="Unchecked" Height="10"/>
         <Trigger Name="KEY-COMMIT" DirtyInfo="true" TriggerText="--  Calls report&amp;#10;--  date&#x9;&#x9;&#x9;&#x9;by&#x9;&#x9;&#x9;&#x9;change&amp;#10;--  13/06/2001&#x9;ZDSobel&#x9;&#x9;Created&amp;#10;-- 18/10/2001&#x9;&#x9;Steve&#x9;&#x9;&#x9;Added RECURSIVE_LOAD parameter&amp;#10;--&amp;#10;DECLARE&amp;#10;&#x9;&amp;#10;&#x9;p_list_id&#x9;&#x9;     paramlist; -- parameter list id&amp;#10;&#x9;v_hospital_id    NUMBER;&amp;#10;&#x9;repid            report_object;&amp;#10;&#x9;vc_parameter_string  varchar2(4000);&amp;#10;--&#x9;v_boolean        boolean;&amp;#10;&#x9;&amp;#10;&#x9;&amp;#10;BEGIN&amp;#10;&#x9;&amp;#10;&#x9;IF :B1.INCLUDE_ACTIVE_GRP = 'N'&amp;#10;&#x9;&#x9;AND :B1.INCLUDE_INACTIVE_GRP = 'N' THEN&amp;#10;&#x9;&#x9;&amp;#10;&#x9;&#x9;DISPLAY_ALERT('STANDARD_ALERT', 8684); -- Both show active and inactive groups is set to NO select one and retry&amp;#10;&#x9;&#x9;RAISE FORM_TRIGGER_FAILURE;&amp;#10;&#x9;&#x9;&amp;#10;&#x9;END IF;&amp;#10;&#x9;&amp;#10;&#x9;&#x9;-- check if parameter list already exists - delete it if it does&amp;#10;    --&#x9;p_list_id := get_parameter_list ('CWG_LIST');&amp;#10;    &amp;#10;   -- &#x9;if not id_null (p_list_id) then&amp;#10;   --   &#x9;&#x9;destroy_parameter_list ('CWG_LIST');&amp;#10;   -- &#x9;end if;&amp;#10;&amp;#10;    &#x9;-- create parameter list from values entered by user  &amp;#10;   -- &#x9;p_list_id := create_parameter_list ('CWG_LIST');&amp;#10;    &#x9;&amp;#10;    &#x9;v_hospital_id := oaslogon_package.get_hospital_id;&amp;#10;    &#x9;&amp;#10;    &#x9;repid:=find_report_object('OPDWGRPR');&amp;#10;    &#x9;SET_REPORT_OBJECT_PROPERTY(repid,REPORT_COMM_MODE,SYNCHRONOUS);&amp;#10;    &#x9;&amp;#10;  /*&#x9;add_parameter (p_list_id, 'P_ENC', text_parameter, :B1.ENC_TYPE);&amp;#10;     &#x9;add_parameter (p_list_id, 'P_CWG_ID', text_parameter, to_char(:B1.CLINIC_WAITLIST_GROUP_ID));&amp;#10;    &#x9;add_parameter (p_list_id, 'P_SITE', text_parameter, to_char(:B1.SITE_CODE));&amp;#10;    &#x9;add_parameter (p_list_id, 'P_SPEC', text_parameter, to_char(:B1.SPEC_CODE));&amp;#10;    &#x9;add_parameter (p_list_id, 'P_ACTIVE', text_parameter,:B1.INCLUDE_ACTIVE_GRP);&amp;#10;    &#x9;add_parameter (p_list_id, 'P_INACT', text_parameter,:B1.INCLUDE_INACTIVE_GRP);&amp;#10;    &#x9;add_parameter (p_list_id, 'P_LIST_SESSIONS', text_parameter,:B1.LIST_MICROSESSNS_UNDERGRP);&amp;#10;    &#x9;add_parameter (p_list_id, 'P_LIST_TREATMENT_STAFF', text_parameter,:B1.LIST_TREATMENT_STAFF);&amp;#10;     &#x9;add_parameter (p_list_id, 'P_DATETIME_MASK', text_parameter, :GLOBAL.DATETIME_MASK);&amp;#10;    &#x9;add_parameter (p_list_id, 'P_DATE_MASK', text_parameter, :GLOBAL.DATE_MASK);&amp;#10;    &#x9;add_parameter (p_list_id, 'DESTYPE', text_parameter, initcap(:B1.DESTINATION));&amp;#10;    &#x9;add_parameter (p_list_id, 'PARAMFORM', text_parameter, 'NO');&amp;#10;    &#x9;add_parameter (p_list_id, 'p_hospital_id', text_parameter,v_hospital_id);&amp;#10;    &#x9;add_parameter (p_list_id, 'RECURSIVE_LOAD', text_parameter, 'NO');*/&amp;#10;    &#x9;&amp;#10;    &#x9;vc_parameter_string:=vc_parameter_string||' '||OASIS_SET_REPORT_PARAMETER('P_ENC',:B1.ENC_TYPE);&amp;#10;    &#x9;vc_parameter_string:=vc_parameter_string||' '||OASIS_SET_REPORT_PARAMETER('P_CWG_ID',to_char(:B1.CLINIC_WAITLIST_GROUP_ID));&amp;#10;    &#x9;vc_parameter_string:=vc_parameter_string||' '||OASIS_SET_REPORT_PARAMETER('P_SITE', to_char(:B1.SITE_CODE));&amp;#10;    &#x9;vc_parameter_string:=vc_parameter_string||' '||OASIS_SET_REPORT_PARAMETER('P_SPEC',to_char(:B1.SPEC_CODE));&amp;#10;    &#x9;vc_parameter_string:=vc_parameter_string||' '||OASIS_SET_REPORT_PARAMETER('P_ACTIVE',:B1.INCLUDE_ACTIVE_GRP);&amp;#10;    &#x9;vc_parameter_string:=vc_parameter_string||' '||OASIS_SET_REPORT_PARAMETER('P_INACT',:B1.INCLUDE_INACTIVE_GRP);&amp;#10;    &#x9;vc_parameter_string:=vc_parameter_string||' '||OASIS_SET_REPORT_PARAMETER('P_LIST_SESSIONS',:B1.LIST_MICROSESSNS_UNDERGRP);&amp;#10;    &#x9;vc_parameter_string:=vc_parameter_string||' '||OASIS_SET_REPORT_PARAMETER('P_LIST_TREATMENT_STAFF',:B1.LIST_TREATMENT_STAFF);&amp;#10;      vc_parameter_string:=vc_parameter_string||' '||OASIS_SET_REPORT_PARAMETER('P_DATETIME_MASK',:GLOBAL.DATETIME_MASK);&amp;#10;    &#x9;vc_parameter_string:=vc_parameter_string||' '||OASIS_SET_REPORT_PARAMETER('P_DATE_MASK',:GLOBAL.DATE_MASK);&amp;#10;    &#x9;vc_parameter_string:=vc_parameter_string||' '||OASIS_SET_REPORT_PARAMETER('PARAMFORM','NO');&amp;#10;    &#x9;vc_parameter_string:=vc_parameter_string||' '||OASIS_SET_REPORT_PARAMETER('p_hospital_id',v_hospital_id);&amp;#10;    &#x9;vc_parameter_string:=vc_parameter_string||' '||OASIS_SET_REPORT_PARAMETER('RECURSIVE_LOAD','NO');&amp;#10; &amp;#10;    &#x9;&amp;#10;   -- &#x9;run_product(reports,'OPDWGRPR',synchronous,runtime,filesystem,p_list_id,null);&amp;#10; --  show_editor('DEBUG_EDITOR',vc_parameter_string,vc_parameter_string,v_boolean);&amp;#10;   SET_REPORT_OBJECT_PROPERTY(repid,REPORT_OTHER,vc_parameter_string);&amp;#10;   execute_report(repid, :B1.DESTINATION);&amp;#10;&#x9;&amp;#10;END;"/>
      </Block>
      <Block Name="BUTTONS" DirtyInfo="true" DatabaseBlock="false" ScrollbarWidth="14" ScrollbarLength="135">
         <Item Name="BUT_CANC" TabPageName="" Width="35" ItemType="Text Item" ParentModule="OPDRWGRP" XPosition="311" ParentModuleType="12" YPosition="176" DatabaseItem="false" ParentName="CANCEL_BUTTON_CLASS" Bevel="None" DirtyInfo="true" VisualAttributeName="WEB_TEXT_BUTTON" CanvasName="CNV_HIDE" KeyboardNavigable="false" ParentType="29" TooltipVisualAttributeGroup="V7_VA_TOOLTIP" Height="14">
            <Trigger Name="WHEN-MOUSE-CLICK" DirtyInfo="true" TriggerText="-- Closes window without running report&amp;#10;-- date&#x9;&#x9;&#x9;&#x9;by&#x9;&#x9;&#x9;&#x9;change&amp;#10;-- 12/06/2001&#x9;ZDSobel&#x9;&#x9;Created&amp;#10;BEGIN&amp;#10;&#x9;oasis_when_mouse_click.when_mouse_click;&amp;#10;&#x9;oasis_exit_form;&amp;#10;&#x9;&amp;#10;END;"/>
         </Item>
         <Item Name="BUT_REPORT" IconFilename="report" TabPageName="" Width="48" ItemType="Text Item" ParentModule="OPDRWGRP" XPosition="570" ParentModuleType="12" YPosition="319" DatabaseItem="false" ParentName="BUTTON_CLASS" Bevel="None" DirtyInfo="true" VisualAttributeName="WEB_TEXT_BUTTON" CanvasName="C_REPORT" KeyboardNavigable="false" ParentType="29" TooltipVisualAttributeGroup="V7_VA_TOOLTIP" Height="14">
            <Trigger Name="WHEN-MOUSE-CLICK" DirtyInfo="true" TriggerText="--  Calls Key Commit which runs report for selected criteria&amp;#10;--  date&#x9;&#x9;&#x9;&#x9;by&#x9;&#x9;&#x9;&#x9;change&amp;#10;--  13/06/2001&#x9;ZDSobel&#x9;&#x9;Created&amp;#10;&amp;#10;BEGIN&amp;#10;&#x9;oasis_when_mouse_click.when_mouse_click;&amp;#10;&#x9;go_block('B1');&amp;#10;&#x9;do_key('commit_form');&amp;#10;&#x9;&amp;#10;END;&amp;#10;"/>
         </Item>
         <Trigger Name="WHEN-MOUSE-DOWN" DirtyInfo="true" TriggerText="SET_ITEM_PROPERTY(:SYSTEM.TRIGGER_ITEM,VISUAL_ATTRIBUTE,'WEB_TEXT_BUTTON_CLICK');"/>
         <Trigger Name="WHEN-MOUSE-UP" DirtyInfo="true" TriggerText="SET_ITEM_PROPERTY(:SYSTEM.TRIGGER_ITEM, VISUAL_ATTRIBUTE, 'WEB_TEXT_BUTTON');&amp;#10;DEFAULT_VALUE(NULL,'GLOBAL.LAST_ITEM');&amp;#10;IF :global.last_item IS NOT NULL THEN&amp;#10;&#x9;GO_ITEM(:global.last_item);&amp;#10;END IF;"/>
         <Trigger Name="KEY-CLRBLK" DirtyInfo="true" TriggerText="NULL;"/>
         <Trigger Name="KEY-CLRREC" DirtyInfo="true" TriggerText="NULL;"/>
         <Trigger Name="KEY-CLRFRM" DirtyInfo="true" TriggerText="NULL;"/>
         <Trigger Name="KEY-DELREC" DirtyInfo="true" TriggerText="NULL;"/>
         <Trigger Name="KEY-ENTQRY" DirtyInfo="true" TriggerText="NULL;"/>
         <Trigger Name="KEY-EXEQRY" DirtyInfo="true" TriggerText="NULL;"/>
         <Trigger Name="KEY-CREREC" DirtyInfo="true" TriggerText="NULL;"/>
         <Trigger Name="KEY-NXTREC" DirtyInfo="true" TriggerText="NULL;"/>
         <Trigger Name="KEY-PRVREC" DirtyInfo="true" TriggerText="NULL;"/>
         <Trigger Name="KEY-SCRDOWN" DirtyInfo="true" TriggerText="NULL;"/>
         <Trigger Name="KEY-SCRUP" DirtyInfo="true" TriggerText="NULL;"/>
         <Trigger Name="KEY-DOWN" DirtyInfo="true" TriggerText="NULL;"/>
         <Trigger Name="KEY-UP" DirtyInfo="true" TriggerText="NULL;"/>
         <Trigger Name="WHEN-NEW-ITEM-INSTANCE" DirtyInfo="true" TriggerText="NULL; -- To ensure the form level trigger does not fire for the buttons"/>
      </Block>
      <Block Name="TITLES" DirtyInfo="true" ScrollbarWidth="14" ScrollbarLength="135">
         <Item Name="DSP_TITLE" Justification="Start" TabPageName="" Width="400" MaximumLength="400" ParentModule="PAS_CUI" XPosition="105" ParentModuleType="25" YPosition="3" DatabaseItem="false" ParentName="FORM_TITLE_CLASS" ParentFilename="PAS_CUI.olb" DirtyInfo="true" CanvasName="CNV_CONTENT" ParentType="29"/>
      </Block>
      <Block Name="LT_FUNCTIONS" DirtyInfo="true" DatabaseBlock="false" ScrollbarWidth="14" ScrollbarLength="135">
         <Item Name="IMG_FUNCTIONS" Prompt="Functions" TabPageName="" PromptAttachmentOffset="36" PromptAlignOffset="0" PromptFontSize="900" Width="16" ItemType="Image" ImageFormat="BMP" XPosition="79" YPosition="0" DatabaseItem="false" Bevel="None" PromptForegroundColor="Allscripts Link Blue" DirtyInfo="true" VisualAttributeName="MENU_TEXT_ITEMS_VA" PromptFontName="Arial" PromptFontStyle="Plain" PromptFontWeight="Bold" PromptFontSpacing="Normal">
            <Trigger Name="WHEN-MOUSE-CLICK" DirtyInfo="true" TriggerText="&amp;#10;HCI_UPGRADE.functions_when_mouse_click;"/>
         </Item>
         <Item Name="NAVIGATE_BUTTON" Justification="Start" TabPageName="" DistanceBetweenRecords="0" Width="81" ItemType="Display Item" PopupMenuName="BOILER_PLATE" BackColor="gray12" XPosition="5" YPosition="20" DatabaseItem="false" Bevel="None" DirtyInfo="true" ForegroundColor="Allscripts Link Blue" KeyboardNavigable="false">
            <Trigger Name="WHEN-MOUSE-CLICK" DirtyInfo="true" TriggerText="--&amp;#10;-- Steve Pusey 15/4/96&amp;#10;--&amp;#10;-- toggle between navigation and default menus&amp;#10;--&amp;#10;BEGIN&amp;#10;&amp;#10;  oasis_menu.toggle_menu;&amp;#10;&amp;#10;END;"/>
         </Item>
         <Trigger Name="WHEN-NEW-BLOCK-INSTANCE" DirtyInfo="true" TriggerText="&amp;#10;READ_IMAGE_FILE(hci_upgrade.g_image_directory || 'pas_expand_menu.gif', 'gif', 'LT_FUNCTIONS.IMG_FUNCTIONS');"/>
         <Trigger Name="WHEN-MOUSE-DOWN" DirtyInfo="true" TriggerText=" SET_ITEM_PROPERTY(:SYSTEM.TRIGGER_ITEM,VISUAL_ATTRIBUTE,'WEB_TEXT_BUTTON_CLICK');&amp;#10;&amp;#10;"/>
         <Trigger Name="WHEN-MOUSE-UP" DirtyInfo="true" TriggerText="SET_ITEM_PROPERTY(:SYSTEM.TRIGGER_ITEM,VISUAL_ATTRIBUTE,'WEB_TEXT_BUTTON');&amp;#10;"/>
         <Trigger Name="WHEN-NEW-ITEM-INSTANCE" DirtyInfo="true" TriggerText="NULL;"/>
      </Block>
      <Canvas Name="C_REPORT" Width="657" WindowName="MAIN_FORM_WINDOW" ParentModule="OPDRWGRP" ParentModuleType="12" ParentName="STACKED_CANVAS_CLASS" Bevel="None" DirtyInfo="true" DisplayViewport="true" ParentType="29" Height="355" ViewportHeight="355" ViewportXPosition="95" ViewportWidth="657" ViewportYPosition="60">
         <Graphics Name="SECTION_LINE1" InternalLineWidth="113" Width="604" EdgeForegroundColor="Line Green" EdgePattern="solid" JoinStyle="Bevel" BackColor="Line Green" XPosition="14" YPosition="20" Bevel="None" DirtyInfo="true" ForegroundColor="white" GraphicsType="Line" HorizontalMargin="7" ScrollbarWidth="14" VerticalMargin="14" HorizontalObjectOffset="14" Height="0" StartPromptOffset="7"/>
      </Canvas>
      <Canvas Name="TOOLBAR_CANVAS" BackColor="patient_live_blue" ParentModule="PAS_CUI" ParentModuleType="25" ParentName="TOOLBAR_CANVAS_CLASS" ParentFilename="PAS_CUI.olb" DirtyInfo="true" Width="768" ParentType="29">
         <Graphics Name="LINE384" InternalLineWidth="228" Width="755" EdgeForegroundColor="gray16" FillPattern="none" EdgePattern="solid" JoinStyle="Bevel" BackColor="Black" XPosition="0" YPosition="62" Bevel="None" DirtyInfo="true" ForegroundColor="white" GraphicsType="Line" HorizontalMargin="8" ScrollbarWidth="15" VerticalMargin="16" HorizontalObjectOffset="15" Height="0" StartPromptOffset="8"/>
      </Canvas>
      <Canvas Name="CANVAS0" ViewportXPositionOnCanvas="0" ViewportYPositionOnCanvas="0" ShowHorizontalScrollbar="false" CanvasType="Content" Width="590" WindowName="WND_HIDE" Bevel="None" DirtyInfo="true" VisualAttributeName="BACKGROUND_CANVAS_BLUE" Visible="false" ShowVerticalScrollbar="false" Height="350" ViewportHeight="350" ViewportXPosition="0" ViewportWidth="590" ViewportYPosition="0" RaiseOnEnter="false">
         <Graphics Name="RECT1" InternalLineWidth="113" InternalRotationAngle="0" Width="0" EdgeForegroundColor="black" EdgeBackColor="black" FillPattern="none" EdgePattern="transparent" DashStyle="Solid" CapStyle="Butt" JoinStyle="Mitre" BackColor="white" XPosition="111" YPosition="137" Bevel="None" ForegroundColor="black" GraphicsType="Rectangle" HorizontalMargin="5" ScrollbarWidth="9" VerticalMargin="14" HorizontalObjectOffset="9" Height="0" StartPromptOffset="5"/>
      </Canvas>
      <Canvas Name="CNV_CONTENT" ViewportXPositionOnCanvas="0" BackColor="white" ViewportYPositionOnCanvas="0" Bevel="None" DirtyInfo="true" ForegroundColor="black" Width="755" WindowName="MAIN_FORM_WINDOW" Height="415" ViewportHeight="324" ViewportWidth="540"/>
      <Canvas Name="CNV_HIDE" Bevel="None" DirtyInfo="true" Width="800" Visible="false" WindowName="WND_HIDE" Height="410" ViewportHeight="324" ViewportWidth="540"/>
      <Editor Name="DEBUG_EDITOR" DirtyInfo="true" Width="270" Height="135"/>
      <ModuleParameter Name="P_TEMPLATE" DirtyInfo="true" Comment="Used by ABOUT_FORM window, the template used to create this form" ParameterInitializeValue="TEMPLATE_V11"/>
      <ModuleParameter Name="P_RELEASE" ParentModule="PAS_RELEASE" ParentModuleType="25" ParentName="P_RELEASE" ParentFilename="PAS_RELEASE.olb" DirtyInfo="true" ParentType="13"/>
      <ModuleParameter Name="P_VERSION" DirtyInfo="true" Comment="Used by ABOUT_FORM window, the form version, update after each update" ParameterInitializeValue="0"/>
      <ModuleParameter Name="P_DATE" DirtyInfo="true" Comment="Used by ABOUT_FORM window, the date the form was last updated, update after each update" ParameterInitializeValue="26-Oct-2016"/>
      <ModuleParameter Name="API_VERSION" ParameterInitializeValue="V2.3"/>
      <ModuleParameter Name="P_BREADCRUMB"/>
      <LOV Name="CLINIC_WAITLIST_LOV" DirtyInfo="true" VisualAttributeName="TEXT_ITEM_VA_LOV" AutoPosition="true" Width="400" RecordGroupName="CLINIC_WAITLIST_LOV" Height="300">
         <LOVColumnMapping Name="DESCRIPTION" ReturnItem="B1.CLINIC_WAITLIST_DESC" DirtyInfo="true" Title="Description" DisplayWidth="365"/>
         <LOVColumnMapping Name="USER_CODE" ReturnItem="B1.CLINIC_WAITLIST_USER" DirtyInfo="true" Title="User Code" DisplayWidth="50"/>
         <LOVColumnMapping Name="CLINIC_WAITLIST_GROUP_ID" ReturnItem="B1.CLINIC_WAITLIST_GROUP_ID" DirtyInfo="true" Title="Clinic Waitlist Group Id" DisplayWidth="108"/>
      </LOV>
      <LOV Name="SITE_LOV" DirtyInfo="true" VisualAttributeName="TEXT_ITEM_VA_LOV" AutoPosition="true" Width="400" RecordGroupName="SITE_LOV" Height="300">
         <LOVColumnMapping Name="DESCRIPTION" ReturnItem="B1.SITE_DESC" DirtyInfo="true" Title="Description" DisplayWidth="365"/>
         <LOVColumnMapping Name="USER_CODE" ReturnItem="B1.SITE_USER" DirtyInfo="true" Title="User_Code" DisplayWidth="72"/>
         <LOVColumnMapping Name="CODE" ReturnItem="B1.SITE_CODE" DirtyInfo="true" Title="Code" DisplayWidth="108"/>
      </LOV>
      <LOV Name="SPEC_LOV" DirtyInfo="true" VisualAttributeName="TEXT_ITEM_VA_LOV" AutoPosition="true" Width="400" RecordGroupName="SPEC_LOV" Height="300">
         <LOVColumnMapping Name="DESCRIPTION" ReturnItem="B1.SPEC_DESC" DirtyInfo="true" Title="Description" DisplayWidth="365"/>
         <LOVColumnMapping Name="USER_CODE" ReturnItem="B1.SPEC_USER" DirtyInfo="true" Title="User_Code" DisplayWidth="72"/>
         <LOVColumnMapping Name="CODE" ReturnItem="B1.SPEC_CODE" DirtyInfo="true" Title="Code" DisplayWidth="108"/>
      </LOV>
      <Menu Name="BOILER_PLATE" DirtyInfo="true">
         <MenuItem Name="CHANGE_PROMPT" DirtyInfo="true" Label="Change Prompt" MenuItemCode="message('Change Boilerplate prompt');pause;"/>
      </Menu>
      <ProgramUnit Name="INIT_FORM" ProgramUnitText="PACKAGE BODY init_form IS&amp;#10;--&amp;#10;-- steve pusey 2/5/1996&amp;#10;--&amp;#10;-- program units to initialise form&amp;#10;--&amp;#10;-- add code to init_form and init_format_masks program units, add other init procs to the&amp;#10;-- init_form procedure, for example if you write a procedure called init_toolbar then add &amp;#10;-- this to the init_form procedure. The init_form procedure is called from the &amp;#10;-- WHEN-NEW-FORM-INSTANCE trigger&amp;#10;--&amp;#10;&amp;#10;---------------------------------------------------------------------------------------&amp;#10;-- INTERNAL PACKAGE VARIABLES &amp;#10;---------------------------------------------------------------------------------------&amp;#10;&amp;#10;---------------------------------------------------------------------------------------&amp;#10;-- INTERNAL PROGRAM UNITS (DECLARATION)&amp;#10;---------------------------------------------------------------------------------------&amp;#10;&amp;#10;  procedure init_list_items;&amp;#10;  procedure init_format_masks;&amp;#10;&amp;#10;---------------------------------------------------------------------------------------&amp;#10;-- PROGRAM UNITS (CODE)&amp;#10;---------------------------------------------------------------------------------------&amp;#10;&amp;#10;-- ##########################################################################################&amp;#10;&amp;#10;  procedure init_list_items is&amp;#10;  --&amp;#10;  -- initialise list items&amp;#10;  --&amp;#10;  -- date&#x9;by&#x9;&#x9;change&amp;#10;  -- 2/5/1996   Steve Pusey&#x9;Creation of template procedure&amp;#10;  --&amp;#10;  BEGIN&amp;#10;&amp;#10;    -- cut &amp; paste this code&amp;#10;    -- populate_poplist_from_codes ('BLOCK.ITEM', &lt;CODE_TYPE>);&amp;#10;&amp;#10;    populate_poplist_from_codes ('B1.DESTINATION', 10008);&amp;#10;    populate_poplist_from_codes ('B1.ENC_TYPE', 34);&amp;#10;  &amp;#10;  END init_list_items;&amp;#10;&amp;#10;-- ##########################################################################################&amp;#10;&amp;#10;  procedure init_format_masks is&amp;#10;  --&amp;#10;  -- set the format masks for date, datetime, and numeric items&amp;#10;  --&amp;#10;  -- date&#x9;by&#x9;&#x9;change&amp;#10;  -- 2/5/1996   Steve Pusey&#x9;Creation of template procedure&amp;#10;  --&amp;#10;  BEGIN&amp;#10;&amp;#10;    -- copy &amp; paste this line&amp;#10;    -- set_format_mask ('BLOCK.ITEM');&amp;#10;&amp;#10;    null;&amp;#10;   &amp;#10;  END init_format_masks;&amp;#10;&amp;#10;-- ##########################################################################################&amp;#10;&amp;#10;  procedure init_form is&amp;#10;  --&amp;#10;  -- initialise form&amp;#10;  --&amp;#10;  -- date&#x9;by&#x9;&#x9;change&amp;#10;  -- 2/5/1996   Steve Pusey&#x9;Creation of template procedure&amp;#10;  --&amp;#10;  BEGIN&amp;#10;&amp;#10;    init_list_items;&amp;#10;    init_format_masks;&amp;#10;&amp;#10;  END init_form;&amp;#10;&amp;#10;-- ##########################################################################################&amp;#10;&amp;#10;END init_form;" ProgramUnitType="Package Body"/>
      <ProgramUnit Name="INIT_FORM" ProgramUnitText="PACKAGE init_form IS&amp;#10;--&amp;#10;-- steve pusey 2/5/1996&amp;#10;--&amp;#10;-- program units to initialise form&amp;#10;--&amp;#10;&amp;#10;---------------------------------------------------------------------------------------&amp;#10;-- EXTERNAL PACKAGE VARIABLES&amp;#10;---------------------------------------------------------------------------------------&amp;#10;&amp;#10;---------------------------------------------------------------------------------------&amp;#10;-- EXTERNAL PROGRAM UNITS (DECLARATION) &amp;#10;---------------------------------------------------------------------------------------&amp;#10;&amp;#10;  procedure init_form;&amp;#10;&amp;#10;END init_form;" ProgramUnitType="Package Spec"/>
      <PropertyClass Name="CUI_DATETIME_DISP" ParentModule="PAS_CUI" ParentModuleType="25" ParentName="CUI_DATETIME_DISP" ParentFilename="PAS_CUI.olb" DirtyInfo="true" ParentType="29"/>
      <PropertyClass Name="BUTTON_CLASS" ParentModule="PAS_OLD" ParentModuleType="25" ParentName="BUTTON_CLASS" ParentFilename="PAS_OLD.olb" DirtyInfo="true" ParentType="29"/>
      <PropertyClass Name="OK_BUTTON_CLASS" ParentModule="PAS_OLD" ParentModuleType="25" ParentName="OK_BUTTON_CLASS" ParentFilename="PAS_OLD.olb" DirtyInfo="true" ParentType="29"/>
      <PropertyClass Name="CANCEL_BUTTON_CLASS" ParentModule="PAS_OLD" ParentModuleType="25" ParentName="CANCEL_BUTTON_CLASS" ParentFilename="PAS_OLD.olb" DirtyInfo="true" ParentType="29"/>
      <PropertyClass Name="TOOLBAR_BUTTON_CLASS" ParentModule="PAS_OLD" ParentModuleType="25" ParentName="TOOLBAR_BUTTON_CLASS" ParentFilename="PAS_OLD.olb" DirtyInfo="true" ParentType="29"/>
      <PropertyClass Name="GOTO_BUTTON_CLASS" ParentModule="PAS_OLD" ParentModuleType="25" ParentName="GOTO_BUTTON_CLASS" ParentFilename="PAS_OLD.olb" DirtyInfo="true" ParentType="29"/>
      <PropertyClass Name="GOBACK_BUTTON_CLASS" ParentModule="PAS_OLD" ParentModuleType="25" ParentName="GOBACK_BUTTON_CLASS" ParentFilename="PAS_OLD.olb" DirtyInfo="true" ParentType="29"/>
      <PropertyClass Name="LOV_BUTTON_CLASS" ParentModule="PAS_OLD" ParentModuleType="25" ParentName="LOV_BUTTON_CLASS" ParentFilename="PAS_OLD.olb" DirtyInfo="true" ParentType="29"/>
      <PropertyClass Name="FORM_TITLE_CLASS" ParentModule="PAS_CUI" ParentModuleType="25" ParentName="FORM_TITLE_CLASS" ParentFilename="PAS_CUI.olb" DirtyInfo="true" ParentType="29"/>
      <PropertyClass Name="BPT_CLASS" ParentModule="PAS_OLD" ParentModuleType="25" ParentName="BPT_CLASS" ParentFilename="PAS_OLD.olb" DirtyInfo="true" ParentType="29"/>
      <PropertyClass Name="BPT_BLUE_CLASS" ParentModule="PAS_OLD" ParentModuleType="25" ParentName="BPT_BLUE_CLASS" ParentFilename="PAS_OLD.olb" DirtyInfo="true" ParentType="29"/>
      <PropertyClass Name="BPT_GREY_CLASS" ParentModule="PAS_OLD" ParentModuleType="25" ParentName="BPT_GREY_CLASS" ParentFilename="PAS_OLD.olb" DirtyInfo="true" ParentType="29"/>
      <PropertyClass Name="TEXT_ITEM_CLASS" ParentModule="PAS_OLD" ParentModuleType="25" ParentName="TEXT_ITEM_CLASS" ParentFilename="PAS_OLD.olb" DirtyInfo="true" ParentType="29"/>
      <PropertyClass Name="TEXT_ITEM_DATE_CLASS" ParentModule="PAS_OLD" ParentModuleType="25" ParentName="TEXT_ITEM_DATE_CLASS" ParentFilename="PAS_OLD.olb" DirtyInfo="true" ParentType="29"/>
      <PropertyClass Name="TEXT_ITEM_NUMBER_CLASS" ParentModule="PAS_OLD" ParentModuleType="25" ParentName="TEXT_ITEM_NUMBER_CLASS" ParentFilename="PAS_OLD.olb" DirtyInfo="true" ParentType="29"/>
      <PropertyClass Name="TEXT_ITEM_DATETIME_CLASS" ParentModule="PAS_OLD" ParentModuleType="25" ParentName="TEXT_ITEM_DATETIME_CLASS" ParentFilename="PAS_OLD.olb" DirtyInfo="true" ParentType="29"/>
      <PropertyClass Name="SECTION_TITLE_CLASS" ParentModule="PAS_CUI" ParentModuleType="25" ParentName="SECTION_TITLE_CLASS" ParentFilename="PAS_CUI.olb" DirtyInfo="true" ParentType="29"/>
      <PropertyClass Name="DISPLAY_ITEM_CLASS" ParentModule="PAS_OLD" ParentModuleType="25" ParentName="DISPLAY_ITEM_CLASS" ParentFilename="PAS_OLD.olb" DirtyInfo="true" ParentType="29"/>
      <PropertyClass Name="TOOLBAR_CANVAS_CLASS" ParentModule="PAS_CUI" ParentModuleType="25" ParentName="TOOLBAR_CANVAS_CLASS" ParentFilename="PAS_CUI.olb" DirtyInfo="true" ParentType="29"/>
      <PropertyClass Name="STACKED_CANVAS_CLASS" ParentModule="PAS_OLD" ParentModuleType="25" ParentName="STACKED_CANVAS_CLASS" ParentFilename="PAS_OLD.olb" DirtyInfo="true" ParentType="29"/>
      <PropertyClass Name="WINDOW_CLASS" ParentModule="PAS_OLD" ParentModuleType="25" ParentName="WINDOW_CLASS" ParentFilename="PAS_OLD.olb" DirtyInfo="true" ParentType="29"/>
      <PropertyClass Name="ID_CLASS" ParentModule="PAS_OLD" ParentModuleType="25" ParentName="ID_CLASS" ParentFilename="PAS_OLD.olb" DirtyInfo="true" ParentType="29"/>
      <RecordGroup Name="CLINIC_WAITLIST_LOV" DirtyInfo="true" RecordGroupFetchSize="0" RecordGroupQuery="SELECT  c.description&amp;#10;,       c.user_code&amp;#10;,       c.clinic_waitlist_group_id&amp;#10;FROM    clinic_waitlist_groups c&amp;#10;WHERE   c.active_flag = 'Y'&amp;#10;order by 1" RecordGroupType="Query">
         <RecordGroupColumn Name="DESCRIPTION" DirtyInfo="true" ColumnDataType="Character" MaximumLength="80"/>
         <RecordGroupColumn Name="USER_CODE" DirtyInfo="true" ColumnDataType="Character" MaximumLength="10"/>
         <RecordGroupColumn Name="CLINIC_WAITLIST_GROUP_ID" DirtyInfo="true" ColumnDataType="Number" MaximumLength="23"/>
      </RecordGroup>
      <RecordGroup Name="SITE_LOV" DirtyInfo="true" RecordGroupFetchSize="0" RecordGroupQuery="SELECT  c.description&amp;#10;,       c.user_code&amp;#10;,       c.code&amp;#10;FROM    codes c&amp;#10;WHERE   c.code_type = 10454 --Site code&amp;#10;AND     c.active_flag = 'Y'&amp;#10;order by 1" RecordGroupType="Query">
         <RecordGroupColumn Name="DESCRIPTION" DirtyInfo="true" ColumnDataType="Character" MaximumLength="80"/>
         <RecordGroupColumn Name="USER_CODE" DirtyInfo="true" ColumnDataType="Character" MaximumLength="15"/>
         <RecordGroupColumn Name="CODE" DirtyInfo="true" ColumnDataType="Number" MaximumLength="23"/>
      </RecordGroup>
      <RecordGroup Name="SPEC_LOV" DirtyInfo="true" RecordGroupFetchSize="0" RecordGroupQuery="SELECT  description,&amp;#10;        user_code,&amp;#10;        code&amp;#10;FROM    codes&amp;#10;WHERE   code_type = 10025 /* --Specialty code */&amp;#10;AND     active_flag = 'Y'&amp;#10;ORDER BY 1&amp;#10;&amp;#10;" RecordGroupType="Query">
         <RecordGroupColumn Name="DESCRIPTION" DirtyInfo="true" ColumnDataType="Character" MaximumLength="80"/>
         <RecordGroupColumn Name="USER_CODE" DirtyInfo="true" ColumnDataType="Character" MaximumLength="15"/>
         <RecordGroupColumn Name="CODE" DirtyInfo="true" ColumnDataType="Number" MaximumLength="23"/>
      </RecordGroup>
      <Report Name="OPDWGRPR" DirtyInfo="true" Filename="OPDWGRPR"/>
      <Trigger Name="WHEN-MOUSE-CLICK" TriggerText="--&amp;#10;-- call stdlib procedure to handle mouse click&amp;#10;-- N.B. standard left button click is not affected &amp;#10;--&amp;#10;-- date&#x9;&#x9;by&#x9;&#x9;change&amp;#10;-- 31-05-1996&#x9;Steve Pusey&#x9;Creation&amp;#10;--&amp;#10;BEGIN&amp;#10;&amp;#10;  oasis_when_mouse_click.when_mouse_click;&amp;#10;&amp;#10;END;"/>
      <Trigger Name="WHEN-NEW-ITEM-INSTANCE" TriggerText="/* This trigger activates the hint message for the associated item */&amp;#10;begin&amp;#10;  --display_text_hint;&amp;#10;  :global.last_item:=:system.trigger_item;&amp;#10;end;"/>
      <Trigger Name="WHEN-NEW-FORM-INSTANCE" TriggerText="--&amp;#10;-- fires when form is entered, PRE-FORM fires before this trigger&amp;#10;--&amp;#10;-- Date&#x9;&#x9;by &#x9;&#x9;change&amp;#10;-- 10/1994&#x9;David Massie&#x9;Creation&amp;#10;-- 1995&#x9;&#x9;Nagy Tharwat&#x9;Upgrade to v9 - moved code into library procedure&amp;#10;-- 2/5/1996&#x9;Steve Pusey&#x9;Upgrade to V10 &amp;#10;--&#x9;&#x9;&#x9;&#x9;- versions into oasis_new_form_instance&amp;#10;--&#x9;&#x9;&#x9;&#x9;- Tidied code and added comments&amp;#10;--&amp;#10;&amp;#10;DECLARE&amp;#10;&amp;#10;  v_error_no             number(4); -- returned from oasis_new_form_instance&amp;#10;&amp;#10;BEGIN&amp;#10;&amp;#10;  -- version 2 form (gets bpt and window titles fromm files)&amp;#10;  oasis_new_form_instance_v2(v_error_no, 2); &amp;#10;&amp;#10;  if v_error_no > 0 then&amp;#10;    display_alert ('ERROR_ALERT', v_error_no);&amp;#10;    exit_form (NO_VALIDATE);&amp;#10;  end if;&amp;#10;&amp;#10;-- *** Insert additional code into init_form package ***&amp;#10;&amp;#10;  init_form.init_form;&amp;#10;  hci_upgrade.pr_initialise_images;&amp;#10;&amp;#10;END;"/>
      <Trigger Name="ON-MESSAGE" TriggerText="--&amp;#10;-- steve pusey 19/4/96&amp;#10;--&amp;#10;BEGIN&amp;#10;&amp;#10;  oasis_standard_procs.on_message;&amp;#10;&amp;#10;END;"/>
      <Trigger Name="ON-ERROR" TriggerText="--&amp;#10;-- steve pusey 19/4/96&amp;#10;--&amp;#10;BEGIN&amp;#10;&amp;#10;  oasis_standard_procs.on_error;&amp;#10;&amp;#10;END;"/>
      <Trigger Name="WHEN-WINDOW-CLOSED" DirtyInfo="true"/>
      <Trigger Name="PRE_BLOCK" DirtyInfo="true" FireInQuery="true" TriggerText="/* This trigger resets the 40352_count global to allow the Last line of query message to be displayed */&amp;#10;begin&amp;#10;  :GLOBAL.40352_COUNT := 0;&amp;#10;end;" DisplayInKeyboardHelp="false"/>
      <Trigger Name="WHEN-TIMER-EXPIRED" TriggerText="Button_Hint;"/>
      <Trigger Name="PRE_QUERY" DirtyInfo="true" FireInQuery="true" TriggerText="/* This trigger resets the 40352_count global to allow the Last line of query message to be displayed */&amp;#10;begin&amp;#10;  :GLOBAL.40352_COUNT := 0;&amp;#10;end;" DisplayInKeyboardHelp="false"/>
      <Trigger Name="POST-FORM" DirtyInfo="true" TriggerText="/* This trigger clears the Global variables used within the form */&amp;#10;begin&amp;#10;  sqa_exit_handler;&amp;#10;  erase('GLOBAL.ROOT_WINDOW_NAME');&amp;#10;  erase('global.last_item');&amp;#10;end;&amp;#10;"/>
      <Trigger Name="EASY_BUTTON_TRIGGER" TriggerText="NULL;"/>
      <Trigger Name="DRILLDN_BUTTON_TRIGGER" TriggerText="NULL;"/>
      <Trigger Name="KEY-CLRFRM" ParentModule="PAS_CUI" ParentModuleType="25" ParentName="KEY-CLRFRM" ParentFilename="PAS_CUI.olb" DirtyInfo="true" ParentType="37"/>
      <Trigger Name="KEY-CLRREC" TriggerText="clear_record;"/>
      <Trigger Name="KEY-CLRBLK" TriggerText="clear_block;"/>
      <Trigger Name="KEY-COMMIT" TriggerText="commit_form;"/>
      <Trigger Name="KEY-CQUERY" TriggerText="count_query;"/>
      <Trigger Name="KEY-CREREC" TriggerText="create_record;"/>
      <Trigger Name="KEY-DELREC" TriggerText="null;"/>
      <Trigger Name="KEY-DOWN" TriggerText="down;"/>
      <Trigger Name="KEY-DUP-ITEM" KeyboardHelpText="Record Error" TriggerText="--&amp;#10;-- steve pusey 22/4/96&amp;#10;--&amp;#10;BEGIN&amp;#10;&amp;#10;  oasis_standard_procs.key_dupitem_trigger;&amp;#10;&amp;#10;END;" DisplayInKeyboardHelp="true"/>
      <Trigger Name="KEY-DUPREC" TriggerText="duplicate_record;"/>
      <Trigger Name="KEY-EDIT" TriggerText="EDIT_TEXTITEM;"/>
      <Trigger Name="KEY-ENTER" TriggerText="null;"/>
      <Trigger Name="KEY-ENTQRY" TriggerText="enter_query;"/>
      <Trigger Name="KEY-EXEQRY" TriggerText="execute_query;"/>
      <Trigger Name="KEY-EXIT" TriggerText="--&amp;#10;-- fires when form is exited&amp;#10;--&amp;#10;-- Date&#x9;&#x9;by &#x9;&#x9;change&amp;#10;-- 10/1994&#x9;David Massie&#x9;Creation&amp;#10;-- 1995&#x9;&#x9;Nagy Tharwat&#x9;Upgrade to v9 - moved code into library procedure&amp;#10;-- 2/5/1996&#x9;Steve Pusey&#x9;Upgrade to V10 &amp;#10;--&#x9;&#x9;&#x9;&#x9;- removed code to check for system.mode = 'ENTER-QUERY', I can't&amp;#10;--&#x9;&#x9;&#x9;&#x9;- see why this code is not in the library !&amp;#10;--&amp;#10;BEGIN&amp;#10;   &amp;#10;  oasis_exit_form;&amp;#10;&amp;#10;END;"/>
      <Trigger Name="KEY-HELP" TriggerText="GET_HELP;"/>
      <Trigger Name="KEY-LISTVAL" TriggerText="list_values;"/>
      <Trigger Name="KEY-NEXT-ITEM" TriggerText="replace_t_with_current_date;&amp;#10;next_item;"/>
      <Trigger Name="KEY-NXTREC" TriggerText="next_record;"/>
      <Trigger Name="KEY-NXTSET" TriggerText="next_set;"/>
      <Trigger Name="KEY-OTHERS" TriggerText="NULL;"/>
      <Trigger Name="KEY-PREV-ITEM" TriggerText="replace_t_with_current_date;&amp;#10;PREVIOUS_ITEM;"/>
      <Trigger Name="KEY-PRINT" TriggerText="print;"/>
      <Trigger Name="KEY-PRVREC" TriggerText="PREVIOUS_RECORD;"/>
      <Trigger Name="KEY-SCRDOWN" TriggerText="SCROLL_DOWN;"/>
      <Trigger Name="KEY-SCRUP" TriggerText="SCROLL_UP;"/>
      <Trigger Name="KEY-UP" TriggerText="UP;"/>
      <Trigger Name="WHEN-MOUSE-ENTER" DirtyInfo="true" TriggerText="sqa_mouse_handler;"/>
      <Trigger Name="WHEN-WINDOW-RESIZED" DirtyInfo="true" TriggerText="sqa_evt_handler;"/>
      <Trigger Name="WHEN-CUSTOM-ITEM-EVENT" DirtyInfo="true" TriggerText="If :system.custom_item_event = 'TIMEOUT' then&amp;#10;  Process_timeout; --call the procedure in stdlib&amp;#10;End if;&amp;#10;"/>
      <VisualAttribute Name="TEXT_ITEM_VA_LOV" ParentModule="PAS_OLD" ParentModuleType="25" ParentName="TEXT_ITEM_VA_LOV" ParentFilename="PAS_OLD.olb" DirtyInfo="true" ParentType="39"/>
      <VisualAttribute Name="CURR_ITEM_RED" ParentModule="PAS_OLD" ParentModuleType="25" ParentName="CURR_ITEM_RED" ParentFilename="PAS_OLD.olb" DirtyInfo="true" ParentType="39"/>
      <VisualAttribute Name="BACKGROUND_CANVAS_BLUE" ParentModule="PAS_OLD" ParentModuleType="25" ParentName="BACKGROUND_CANVAS_BLUE" ParentFilename="PAS_OLD.olb" DirtyInfo="true" ParentType="39"/>
      <VisualAttribute Name="BACKGROUND_CANVAS" ParentModule="PAS_OLD" ParentModuleType="25" ParentName="BACKGROUND_CANVAS" ParentFilename="PAS_OLD.olb" DirtyInfo="true" ParentType="39"/>
      <VisualAttribute Name="TEXT_ITEM_BPT" ParentModule="PAS_OLD" ParentModuleType="25" ParentName="TEXT_ITEM_BPT" ParentFilename="PAS_OLD.olb" DirtyInfo="true" ParentType="39"/>
      <VisualAttribute Name="TEXT_ITEM_BPT_GREY" ParentModule="PAS_OLD" ParentModuleType="25" ParentName="TEXT_ITEM_BPT_GREY" ParentFilename="PAS_OLD.olb" DirtyInfo="true" ParentType="39"/>
      <VisualAttribute Name="TEXT_ITEM_VA" ParentModule="PAS_OLD" ParentModuleType="25" ParentName="TEXT_ITEM_VA" ParentFilename="PAS_OLD.olb" DirtyInfo="true" ParentType="39"/>
      <VisualAttribute Name="CURR_ITEM_VA" ParentModule="PAS_OLD" ParentModuleType="25" ParentName="CURR_ITEM_VA" ParentFilename="PAS_OLD.olb" DirtyInfo="true" ParentType="39"/>
      <VisualAttribute Name="DISP_RED" ParentModule="PAS_OLD" ParentModuleType="25" ParentName="DISP_RED" ParentFilename="PAS_OLD.olb" DirtyInfo="true" ParentType="39"/>
      <VisualAttribute Name="DISP_RED2" ParentModule="PAS_OLD" ParentModuleType="25" ParentName="DISP_RED2" ParentFilename="PAS_OLD.olb" DirtyInfo="true" ParentType="39"/>
      <VisualAttribute Name="CUI_TOOLTIP_VA" ParentModule="PAS_CUI" ParentModuleType="25" ParentName="CUI_TOOLTIP_VA" ParentFilename="PAS_CUI.olb" DirtyInfo="true" ParentType="39"/>
      <VisualAttribute Name="FORM_TITLE_VA" ParentModule="PAS_CUI" ParentModuleType="25" ParentName="FORM_TITLE_VA" ParentFilename="PAS_CUI.olb" DirtyInfo="true" ParentType="39"/>
      <VisualAttribute Name="SECTION_TITLE_VA" ParentModule="PAS_CUI" ParentModuleType="25" ParentName="SECTION_TITLE_VA" ParentFilename="PAS_CUI.olb" DirtyInfo="true" ParentType="39"/>
      <VisualAttribute Name="BACKGROUND_LINK_BOX_VA" ParentModule="PAS_CUI" ParentModuleType="25" ParentName="BACKGROUND_LINK_BOX_VA" ParentFilename="PAS_CUI.olb" DirtyInfo="true" ParentType="39"/>
      <VisualAttribute Name="MENU_TEXT_ITEMS_VA" ParentModule="PAS_CUI" ParentModuleType="25" ParentName="MENU_TEXT_ITEMS_VA" ParentFilename="PAS_CUI.olb" DirtyInfo="true" ParentType="39"/>
      <VisualAttribute Name="DISP_GREEN" ParentModule="PAS_OLD" ParentModuleType="25" ParentName="DISP_GREEN" ParentFilename="PAS_OLD.olb" DirtyInfo="true" ParentType="39"/>
      <VisualAttribute Name="DISP_GREEN2" ParentModule="PAS_OLD" ParentModuleType="25" ParentName="DISP_GREEN2" ParentFilename="PAS_OLD.olb" DirtyInfo="true" ParentType="39"/>
      <VisualAttribute Name="WEB_BTN" BackColor="white" FontName="Arial" FontSize="900" FontStyle="Plain" FontWeight="Medium" FontSpacing="Normal"/>
      <VisualAttribute Name="WEB_TEXT_BUTTON" ParentModule="PAS_CUI" ParentModuleType="25" ParentName="WEB_TEXT_BUTTON" ParentFilename="PAS_CUI.olb" DirtyInfo="true" ParentType="39"/>
      <VisualAttribute Name="WEB_TEXT_BUTTON_CLICK" ParentModule="PAS_CUI" ParentModuleType="25" ParentName="WEB_TEXT_BUTTON_CLICK" ParentFilename="PAS_CUI.olb" DirtyInfo="true" ParentType="39"/>
      <VisualAttribute Name="WEB_BPT_WINGDINGS" BackColor="white" FontName="Wingdings" FontSize="1400" FontStyle="Plain" FontWeight="Medium" FontSpacing="Normal" ForegroundColor="Top Blue"/>
      <VisualAttribute Name="V7_VA_TOOLTIP" BackColor="r100g100b88" FontName="Arial" FontSize="900" FontStyle="Plain" DirtyInfo="true" FontWeight="Medium" FontSpacing="Normal" ForegroundColor="Black"/>
      <VisualAttribute Name="MENU_TEXT_ITEMS" BackColor="Side Green" FontName="Arial" VisualAttributeType="Common" FontSize="900" DirtyInfo="true" FontWeight="Bold" ForegroundColor="darkcyan"/>
      <VisualAttribute Name="MENU_TEXT_ITEMS_INV" BackColor="darkcyan" FontName="Arial" VisualAttributeType="Common" FontSize="900" DirtyInfo="true" FontWeight="Bold" ForegroundColor="Side Green"/>
      <VisualAttribute Name="MENU_PROMPT" VisualAttributeType="Prompt" PromptForegroundColor="darkgray" DirtyInfo="true" PromptFontName="Arial" PromptFontSize="900" PromptFontStyle="Plain" PromptFontWeight="Bold" PromptFontSpacing="Normal"/>
      <Window Name="MAIN_FORM_WINDOW" ShowHorizontalScrollbar="false" HorizontalToolbarCanvasName="TOOLBAR_CANVAS" ClearAllowed="true" MinimizeAllowed="true" Title="Template Form - Root Window Title" Width="755" InheritMenu="true" WindowStyle="Document" ResizeAllowed="true" PrimaryCanvas="CNV_CONTENT" HideOnExit="false" XPosition="0" YPosition="0" Bevel="Raised" MaximizeAllowed="true" DirtyInfo="true" VisualAttributeName="DEFAULT" Modal="false" MoveAllowed="true" ShowVerticalScrollbar="false" Height="480"/>
      <Window Name="W_REPORT" HorizontalToolbarCanvasName="" Width="745" WindowStyle="Dialog" ParentModule="OPDRWGRP" XPosition="150" ParentModuleType="12" YPosition="100" ParentName="WINDOW_CLASS" Bevel="None" MaximizeAllowed="true" DirtyInfo="true" ParentType="29" Height="475"/>
      <Window Name="WND_HIDE" Width="540" Height="324"/>
      <ObjectGroup Name="ACTIONS_OG" ParentModule="PAS_CUI" ParentModuleType="25" ParentName="ACTIONS_OG" ParentFilename="PAS_CUI.olb" DirtyInfo="true" ParentType="23">
         <ObjectGroupChild Name="C_ACTIONS" SubclassSubObject="true"/>
         <ObjectGroupChild Name="C_BASE" SubclassSubObject="true"/>
         <ObjectGroupChild Name="C_FUNCTIONS" SubclassSubObject="true"/>
         <ObjectGroupChild Name="MENU_CANVAS_CLASS" SubclassSubObject="true"/>
         <ObjectGroupChild Name="MENU_CANVAS_VA" SubclassSubObject="true"/>
         <ObjectGroupChild Name="MENU_ITEM_CLASS" SubclassSubObject="true"/>
         <ObjectGroupChild Name="TOP_MENU" SubclassSubObject="true"/>
         <ObjectGroupChild Name="LT_TOOLBAR_MAIN" SubclassSubObject="true"/>
         <ObjectGroupChild Name="HCI_UPGRADE" SubclassSubObject="true"/>
         <ObjectGroupChild Name="HCI_UPGRADE" SubclassSubObject="true"/>
         <ObjectGroupChild Name="LHM_RESET_CANVAS_STACK" SubclassSubObject="true"/>
         <ObjectGroupChild Name="LOCAL_RESET_CANVAS_STACK" SubclassSubObject="true"/>
      </ObjectGroup>
      <ObjectGroup Name="KEY_TRIGGERS" DirtyInfo="true" ObjectGroupType="22">
         <ObjectGroupChild Name="KEY-CLRFRM" Type="Trigger"/>
         <ObjectGroupChild Name="KEY-CLRBLK" Type="Trigger"/>
         <ObjectGroupChild Name="KEY-CLRREC" Type="Trigger"/>
         <ObjectGroupChild Name="KEY-COMMIT" Type="Trigger"/>
         <ObjectGroupChild Name="KEY-CQUERY" Type="Trigger"/>
         <ObjectGroupChild Name="KEY-CREREC" Type="Trigger"/>
         <ObjectGroupChild Name="KEY-DELREC" Type="Trigger"/>
         <ObjectGroupChild Name="KEY-DOWN" Type="Trigger"/>
         <ObjectGroupChild Name="KEY-DUP-ITEM" Type="Trigger"/>
         <ObjectGroupChild Name="KEY-DUPREC" Type="Trigger"/>
         <ObjectGroupChild Name="KEY-EDIT" Type="Trigger"/>
         <ObjectGroupChild Name="KEY-ENTER" Type="Trigger"/>
         <ObjectGroupChild Name="KEY-ENTQRY" Type="Trigger"/>
         <ObjectGroupChild Name="KEY-EXEQRY" Type="Trigger"/>
         <ObjectGroupChild Name="KEY-LISTVAL" Type="Trigger"/>
         <ObjectGroupChild Name="KEY-NEXT-ITEM" Type="Trigger"/>
         <ObjectGroupChild Name="KEY-NXTREC" Type="Trigger"/>
         <ObjectGroupChild Name="KEY-NXTSET" Type="Trigger"/>
         <ObjectGroupChild Name="KEY-OTHERS" Type="Trigger"/>
         <ObjectGroupChild Name="KEY-PREV-ITEM" Type="Trigger"/>
         <ObjectGroupChild Name="KEY-PRINT" Type="Trigger"/>
         <ObjectGroupChild Name="KEY-PRVREC" Type="Trigger"/>
         <ObjectGroupChild Name="KEY-SCRDOWN" Type="Trigger"/>
         <ObjectGroupChild Name="KEY-SCRUP" Type="Trigger"/>
         <ObjectGroupChild Name="KEY-UP" Type="Trigger"/>
      </ObjectGroup>
      <ObjectGroup Name="ABOUT_FORM_PARAMETERS" DirtyInfo="true" ObjectGroupType="22">
         <ObjectGroupChild Name="P_TEMPLATE" Type="ModuleParameter"/>
         <ObjectGroupChild Name="P_VERSION" Type="ModuleParameter"/>
         <ObjectGroupChild Name="P_DATE" Type="ModuleParameter"/>
      </ObjectGroup>
      <ObjectGroup Name="ON_TRIGGERS" DirtyInfo="true" ObjectGroupType="22">
         <ObjectGroupChild Name="ON-MESSAGE" Type="Trigger"/>
         <ObjectGroupChild Name="ON-ERROR" Type="Trigger"/>
      </ObjectGroup>
   </FormModule>
</Module>
