<?xml version = '1.0' encoding = 'UTF-8'?>
<Module version="122010300" xmlns="http://xmlns.oracle.com/Forms">
   <FormModule Name="PATARCH" ValidationUnit="Default" FirstNavigationBlockName="ARCHIVE" HorizontalToolbarCanvas=" " ConsoleWindow="MAIN_FORM_WINDOW" MenuModule="OASIS" CursorMode="Open" InitializeMenu="DEFAULTMENUAPP" Use3dControls="true" RuntimeComp="5.0" DirtyInfo="true" MouseNavigationLimit="Form" SavepointMode="true">
      <Coordinate CharacterCellWidth="7" RealUnit="Point" DefaultFontScaling="false" CharacterCellHeight="16" CoordinateSystem="Real"/>
      <Alert Name="STANDARD_ALERT" Button1Label="OK" VisualAttributeName="DEFAULT" Button2Label="" DefaultAlertButton="Button 1" AlertStyle="Note"/>
      <Alert Name="WARNING_ALERT" Button1Label="OK" VisualAttributeName="DEFAULT" Button2Label="" DefaultAlertButton="Button 1" AlertStyle="Caution"/>
      <Alert Name="ERROR_ALERT" Button1Label="OK" VisualAttributeName="DEFAULT" Button2Label="" DefaultAlertButton="Button 1" AlertStyle="Stop"/>
      <Alert Name="QUESTION_ALERT" Button1Label="Yes" VisualAttributeName="DEFAULT" Button2Label="No" DefaultAlertButton="Button 1" AlertStyle="Stop"/>
      <Alert Name="THREE_BTN_ALERT" DirtyInfo="true" Button1Label="Yes" VisualAttributeName="DEFAULT" Button2Label="No" Button3Label="Cancel" DefaultAlertButton="Button 1" AlertStyle="Note"/>
      <Block Name="ARCHIVE" DMLDataName="" QueryDataSourceName="" RecordsDisplayCount="1" DirtyInfo="true" VisualAttributeName="DEFAULT" DatabaseBlock="false" QueryDataSourceType="None" DMLDataType="None" RecordOrientation="Vertical" ShowScrollbar="false">
         <Item Name="EVENT_TYPE" TabPageName="" Width="144" MaximumLength="1" ItemType="List Item" InitializeValue="E" OtherValues="E" XPosition="207" Required="true" YPosition="69" DirtyInfo="true" VisualAttributeName="TEXT_ITEM_VA" CanvasName="CNV_CONTENT" ListElementCount="1" Height="15">
            <ListItemElement Index="1" Name="&lt;could not populate list>" Value="E"/>
         </Item>
         <Item Name="MONTH" ShowHorizontalScrollbar="false" TabPageName="" Width="73" MaximumLength="8" DataType="Date" CompressionQuality="None" XPosition="207" YPosition="86" Bevel="Plain" DirtyInfo="true" VisualAttributeName="TEXT_ITEM_VA" FormatMask="MM/YYYY" CanvasName="CNV_CONTENT" ShowVerticalScrollbar="false" TooltipVisualAttributeGroup="V7_VA_TOOLTIP" Height="14">
            <Trigger Name="KEY-NEXT-ITEM" DirtyInfo="true" TriggerText="CREATE_ARCHIVE;"/>
         </Item>
         <Trigger Name="WHEN-NEW-RECORD-INSTANCE" DirtyInfo="true" TriggerText="HIDE_VIEW('C_EVENTS');&amp;#10;HIDE_VIEW('C_VIEWS');"/>
      </Block>
      <Block Name="TEXT" RecordsBufferedCount="0" RecordsDisplayCount="1" RecordsFetchedCount="0" WhereClause="" EnforcedColumnSecurity="false" InsertAllowed="true" EnforcedPrimaryKey="false" RecordOrientation="Vertical" UpdateAllowed="true" DMLDataName="" DeleteAllowed="true" QueryDataSourceName="" DirtyInfo="true" VisualAttributeName="DEFAULT" KeyMode="Unique" DatabaseBlock="false" QueryDataSourceType="None" QueryAllowed="true" LockMode="Immediate" DMLDataType="None" NavigationStyle="Same Record" ShowScrollbar="false">
         <Item Name="FUNCTION_ID" ValidateFromList="false" LovXPosition="0" Justification="Left" LovYPosition="0" ListStyle="Poplist" Width="36" MaximumLength="6" WrapStyle="Word" AutoSkip="false" CompressionQuality="None" XPosition="108" YPosition="35" DatabaseItem="true" Bevel="Plain" AutoHint="false" MouseNavigate="true" MultiLine="false" CaseInsensitiveQuery="false" KeyboardNavigable="true" CaseRestriction="Mixed" CheckBoxOtherValues="Not Allowed" PrimaryKey="false" DefaultButton="false" QueryAllowed="true" Visible="true" QueryLength="6" DisplayQuality="High" EditXPosition="0" EditYPosition="0" Enabled="true" DistanceBetweenRecords="4364" FixedLength="false" Required="true" Height="14" ConcealData="false" Hint="Enter value for : FUNCTION_ID" SizingStyle="Crop" ShowHorizontalScrollbar="false" Iconic="false" InsertAllowed="true" ItemType="Display Item" DataType="Number" UpdateAllowed="true" UpdateIfNull="false" KeepCursorPosition="false" VisualAttributeName="DEFAULT" Label="Function Id" LockRecord="false" ShowVerticalScrollbar="false" TooltipVisualAttributeGroup="V7_VA_TOOLTIP"/>
         <Item Name="LANGUAGE_ID" ValidateFromList="false" LovXPosition="0" Justification="Left" LovYPosition="0" ListStyle="Poplist" Width="24" MaximumLength="4" WrapStyle="Word" AutoSkip="false" CompressionQuality="None" XPosition="576" YPosition="35" DatabaseItem="true" Bevel="Plain" AutoHint="false" MouseNavigate="true" MultiLine="false" CaseInsensitiveQuery="false" KeyboardNavigable="true" CaseRestriction="Mixed" CheckBoxOtherValues="Not Allowed" PrimaryKey="false" DefaultButton="false" QueryAllowed="true" Visible="true" QueryLength="4" DisplayQuality="High" EditXPosition="0" EditYPosition="0" Enabled="true" DistanceBetweenRecords="4364" FixedLength="false" Required="true" Height="14" ConcealData="false" Hint="Enter value for : LANGUAGE_ID" SizingStyle="Crop" ShowHorizontalScrollbar="false" Iconic="false" InsertAllowed="true" ItemType="Display Item" DataType="Number" UpdateAllowed="true" UpdateIfNull="false" KeepCursorPosition="false" VisualAttributeName="DEFAULT" Label="Language Id" LockRecord="false" ShowVerticalScrollbar="false" TooltipVisualAttributeGroup="V7_VA_TOOLTIP"/>
         <Item Name="BPT_1" ValidateFromList="false" EditXPosition="0" LovXPosition="0" EditYPosition="0" LovYPosition="0" Enabled="true" ListStyle="Poplist" Width="60" FixedLength="false" WrapStyle="Word" AutoSkip="false" CompressionQuality="None" XPosition="0" Required="false" YPosition="0" AutoHint="false" MouseNavigate="true" MultiLine="false" CaseInsensitiveQuery="false" KeyboardNavigable="true" CaseRestriction="Mixed" ParentType="29" CheckBoxOtherValues="Not Allowed" ConcealData="false" SizingStyle="Crop" ShowHorizontalScrollbar="false" Iconic="false" InsertAllowed="true" UpdateAllowed="true" ParentModule="PATARCH" UpdateIfNull="false" ParentModuleType="12" ParentName="BPT_BLUE_CLASS" KeepCursorPosition="false" DefaultButton="false" QueryAllowed="true" QueryLength="80" LockRecord="false" DisplayQuality="High" ShowVerticalScrollbar="false" TooltipVisualAttributeGroup="V7_VA_TOOLTIP"/>
         <Item Name="DSP_BREADCRUMB" Justification="Start" TabPageName="" Width="278" MaximumLength="4000" ItemType="Display Item" BackColor="white" XPosition="95" FontName="Arial" YPosition="4" DatabaseItem="false" Bevel="None" FontSize="1000" FontStyle="Italic" DirtyInfo="true" FontWeight="Bold" FontSpacing="Normal" ForegroundColor="darkcyan" CanvasName="CNV_HIDE" Visible="false" Height="15"/>
         <Item Name="BPT_2" Justification="Start" TabPageName="" DistanceBetweenRecords="0" Width="371" FillPattern="transparent" MaximumLength="80" DataType="Char" ParentModule="PAS_CUI" XPosition="21" ParentModuleType="25" YPosition="3" DatabaseItem="false" PrimaryKey="false" ParentName="SECTION_TITLE_CLASS" ParentFilename="PAS_CUI.olb" DirtyInfo="true" CanvasName="C_EVENTS" Visible="true" ParentType="29" TooltipVisualAttributeGroup="V7_VA_TOOLTIP"/>
         <Item Name="BPT_3" Justification="Start" DistanceBetweenRecords="0" Width="88" FillPattern="transparent" MaximumLength="80" BackColor="r55g85b100" XPosition="21" FontName="Arial" YPosition="37" DatabaseItem="false" Bevel="None" FontSize="900" FontStyle="Plain" FontWeight="Medium" FontSpacing="Normal" ForegroundColor="Top Blue" CanvasName="C_EVENTS" Height="13" TabPageName="" ItemType="Display Item" DataType="Char" PrimaryKey="false" DirtyInfo="true" VisualAttributeName="TEXT_ITEM_BPT_GREY" Visible="true" TooltipVisualAttributeGroup="V7_VA_TOOLTIP"/>
         <Item Name="BPT_4" Justification="Start" DistanceBetweenRecords="0" Width="147" FillPattern="transparent" MaximumLength="80" BackColor="r55g85b100" XPosition="105" FontName="Arial" YPosition="37" DatabaseItem="false" Bevel="None" FontSize="900" FontStyle="Plain" FontWeight="Medium" FontSpacing="Normal" ForegroundColor="Top Blue" CanvasName="C_EVENTS" Height="13" TabPageName="" ItemType="Display Item" DataType="Char" PrimaryKey="false" DirtyInfo="true" VisualAttributeName="TEXT_ITEM_BPT_GREY" Visible="true" TooltipVisualAttributeGroup="V7_VA_TOOLTIP"/>
         <Item Name="BPT_5" Justification="Start" DistanceBetweenRecords="0" Width="86" FillPattern="transparent" MaximumLength="80" BackColor="r55g85b100" XPosition="288" FontName="Arial" YPosition="127" DatabaseItem="false" Bevel="None" FontSize="900" FontStyle="Plain" FontWeight="Medium" FontSpacing="Normal" ForegroundColor="Top Blue" CanvasName="C_EVENTS" Height="13" TabPageName="" ItemType="Display Item" DataType="Char" PrimaryKey="false" DirtyInfo="true" VisualAttributeName="TEXT_ITEM_BPT_GREY" Visible="true" TooltipVisualAttributeGroup="V7_VA_TOOLTIP"/>
         <Item Name="BPT_6" Justification="Start" DistanceBetweenRecords="0" Width="86" FillPattern="transparent" MaximumLength="80" BackColor="r55g85b100" XPosition="288" FontName="Arial" YPosition="82" DatabaseItem="false" Bevel="None" FontSize="900" FontStyle="Plain" FontWeight="Medium" FontSpacing="Normal" ForegroundColor="Top Blue" CanvasName="C_EVENTS" Height="13" TabPageName="" ItemType="Display Item" DataType="Char" PrimaryKey="false" DirtyInfo="true" VisualAttributeName="TEXT_ITEM_BPT_GREY" Visible="true" TooltipVisualAttributeGroup="V7_VA_TOOLTIP"/>
         <Item Name="BPT_7" Justification="Start" DistanceBetweenRecords="0" Width="86" FillPattern="transparent" MaximumLength="80" BackColor="r55g85b100" XPosition="288" FontName="Arial" YPosition="97" DatabaseItem="false" Bevel="None" FontSize="900" FontStyle="Plain" FontWeight="Medium" FontSpacing="Normal" ForegroundColor="Top Blue" CanvasName="C_EVENTS" Height="13" TabPageName="" ItemType="Display Item" DataType="Char" PrimaryKey="false" DirtyInfo="true" VisualAttributeName="TEXT_ITEM_BPT_GREY" Visible="true" TooltipVisualAttributeGroup="V7_VA_TOOLTIP"/>
         <Item Name="BPT_8" Justification="Start" DistanceBetweenRecords="0" Width="86" FillPattern="transparent" MaximumLength="80" BackColor="r55g85b100" XPosition="288" FontName="Arial" YPosition="112" DatabaseItem="false" Bevel="None" FontSize="900" FontStyle="Plain" FontWeight="Medium" FontSpacing="Normal" ForegroundColor="Top Blue" CanvasName="C_EVENTS" Height="13" TabPageName="" ItemType="Display Item" DataType="Char" PrimaryKey="false" DirtyInfo="true" VisualAttributeName="TEXT_ITEM_BPT_GREY" Visible="true" TooltipVisualAttributeGroup="V7_VA_TOOLTIP"/>
         <Item Name="BPT_9" Justification="Start" DistanceBetweenRecords="0" Width="86" FillPattern="transparent" MaximumLength="80" BackColor="r55g85b100" XPosition="288" FontName="Arial" YPosition="40" DatabaseItem="false" Bevel="None" FontSize="900" FontStyle="Plain" FontWeight="Medium" FontSpacing="Normal" ForegroundColor="Top Blue" CanvasName="C_EVENTS" Height="13" TabPageName="" ItemType="Display Item" DataType="Char" PrimaryKey="false" DirtyInfo="true" VisualAttributeName="TEXT_ITEM_BPT_GREY" Visible="true" TooltipVisualAttributeGroup="V7_VA_TOOLTIP"/>
         <Item Name="BPT_10" Justification="Start" DistanceBetweenRecords="0" Width="86" FillPattern="transparent" MaximumLength="80" BackColor="r55g85b100" XPosition="288" FontName="Arial" YPosition="54" DatabaseItem="false" Bevel="None" FontSize="900" FontStyle="Plain" FontWeight="Medium" FontSpacing="Normal" ForegroundColor="Top Blue" CanvasName="C_EVENTS" Height="13" TabPageName="" ItemType="Display Item" DataType="Char" PrimaryKey="false" DirtyInfo="true" VisualAttributeName="TEXT_ITEM_BPT_GREY" Visible="true" TooltipVisualAttributeGroup="V7_VA_TOOLTIP"/>
         <Item Name="BPT_11" Justification="Start" DistanceBetweenRecords="0" Width="86" FillPattern="transparent" MaximumLength="80" BackColor="r55g85b100" XPosition="288" FontName="Arial" YPosition="68" DatabaseItem="false" Bevel="None" FontSize="900" FontStyle="Plain" FontWeight="Medium" FontSpacing="Normal" ForegroundColor="Top Blue" CanvasName="C_EVENTS" Height="13" TabPageName="" ItemType="Display Item" DataType="Char" PrimaryKey="false" DirtyInfo="true" VisualAttributeName="TEXT_ITEM_BPT_GREY" Visible="true" TooltipVisualAttributeGroup="V7_VA_TOOLTIP"/>
         <Item Name="BPT_12" Justification="Start" DistanceBetweenRecords="0" Width="108" FillPattern="transparent" MaximumLength="80" BackColor="r55g85b100" XPosition="17" FontName="Arial" YPosition="47" DatabaseItem="false" Bevel="None" FontSize="900" FontStyle="Plain" FontWeight="Medium" FontSpacing="Normal" ForegroundColor="Top Blue" CanvasName="C_VIEWS" Height="13" TabPageName="" ItemType="Display Item" DataType="Char" PrimaryKey="false" DirtyInfo="true" VisualAttributeName="TEXT_ITEM_BPT_GREY" Visible="true" TooltipVisualAttributeGroup="V7_VA_TOOLTIP"/>
         <Item Name="BPT_13" Justification="Start" DistanceBetweenRecords="0" Width="67" FillPattern="transparent" MaximumLength="80" BackColor="r55g85b100" XPosition="126" FontName="Arial" YPosition="47" DatabaseItem="false" Bevel="None" FontSize="900" FontStyle="Plain" FontWeight="Medium" FontSpacing="Normal" ForegroundColor="Top Blue" CanvasName="C_VIEWS" Height="13" TabPageName="" ItemType="Display Item" DataType="Char" PrimaryKey="false" DirtyInfo="true" VisualAttributeName="TEXT_ITEM_BPT_GREY" Visible="true" TooltipVisualAttributeGroup="V7_VA_TOOLTIP"/>
         <Item Name="BPT_14" Justification="Start" DistanceBetweenRecords="0" Width="67" FillPattern="transparent" MaximumLength="80" BackColor="r55g85b100" XPosition="225" FontName="Arial" YPosition="47" DatabaseItem="false" Bevel="None" FontSize="900" FontStyle="Plain" FontWeight="Medium" FontSpacing="Normal" ForegroundColor="Top Blue" CanvasName="C_VIEWS" Height="13" TabPageName="" ItemType="Display Item" DataType="Char" PrimaryKey="false" DirtyInfo="true" VisualAttributeName="TEXT_ITEM_BPT_GREY" Visible="true" TooltipVisualAttributeGroup="V7_VA_TOOLTIP"/>
         <Item Name="BPT_15" Justification="Start" TabPageName="" DistanceBetweenRecords="0" Width="368" FillPattern="transparent" MaximumLength="80" DataType="Char" ParentModule="PAS_CUI" XPosition="22" ParentModuleType="25" YPosition="1" DatabaseItem="false" PrimaryKey="false" ParentName="SECTION_TITLE_CLASS" ParentFilename="PAS_CUI.olb" DirtyInfo="true" CanvasName="C_VIEWS" Visible="true" ParentType="29" TooltipVisualAttributeGroup="V7_VA_TOOLTIP"/>
         <Item Name="BPT_16" Justification="Left" DistanceBetweenRecords="0" Width="75" FillPattern="transparent" MaximumLength="80" BackColor="r55g85b100" XPosition="129" FontName="Arial" YPosition="71" DatabaseItem="false" Bevel="None" FontSize="900" FontStyle="Plain" FontWeight="Medium" FontSpacing="Normal" ForegroundColor="Top Blue" CanvasName="CNV_CONTENT" Height="13" TabPageName="" ItemType="Display Item" DataType="Char" PrimaryKey="false" DirtyInfo="true" VisualAttributeName="TEXT_ITEM_BPT_GREY" Visible="true" TooltipVisualAttributeGroup="V7_VA_TOOLTIP"/>
         <Item Name="BPT_17" Justification="Left" DistanceBetweenRecords="0" Width="75" FillPattern="transparent" MaximumLength="80" BackColor="r55g85b100" XPosition="129" FontName="Arial" YPosition="87" DatabaseItem="false" Bevel="None" FontSize="900" FontStyle="Plain" FontWeight="Medium" FontSpacing="Normal" ForegroundColor="Top Blue" CanvasName="CNV_CONTENT" Height="13" TabPageName="" ItemType="Display Item" DataType="Char" PrimaryKey="false" DirtyInfo="true" VisualAttributeName="TEXT_ITEM_BPT_GREY" Visible="true" TooltipVisualAttributeGroup="V7_VA_TOOLTIP"/>
         <Item Name="BPT_18" Justification="Start" TabPageName="" DistanceBetweenRecords="0" Width="261" FillPattern="transparent" MaximumLength="80" DataType="Char" ParentModule="PAS_CUI" XPosition="125" ParentModuleType="25" YPosition="50" DatabaseItem="false" PrimaryKey="false" ParentName="SECTION_TITLE_CLASS" ParentFilename="PAS_CUI.olb" DirtyInfo="true" CanvasName="CNV_CONTENT" Visible="true" ParentType="29" TooltipVisualAttributeGroup="V7_VA_TOOLTIP"/>
         <Item Name="BPT_19" Justification="Start" DistanceBetweenRecords="0" Width="368" FillPattern="transparent" MaximumLength="80" DataType="Char" ParentModule="PAS_CUI" XPosition="22" ParentModuleType="25" YPosition="18" DatabaseItem="false" PrimaryKey="false" ParentName="SECTION_TITLE_CLASS" ParentFilename="PAS_CUI.olb" DirtyInfo="true" CanvasName="C_VIEWS" Visible="true" ParentType="29" TooltipVisualAttributeGroup="V7_VA_TOOLTIP"/>
         <Item Name="BPT_20" Justification="Start" DistanceBetweenRecords="0" Width="371" FillPattern="transparent" MaximumLength="80" DataType="Char" ParentModule="PAS_CUI" XPosition="21" ParentModuleType="25" YPosition="16" DatabaseItem="false" PrimaryKey="false" ParentName="SECTION_TITLE_CLASS" ParentFilename="PAS_CUI.olb" DirtyInfo="true" CanvasName="C_EVENTS" Visible="true" ParentType="29" TooltipVisualAttributeGroup="V7_VA_TOOLTIP"/>
         <Trigger Name="WHEN-MOUSE-DOUBLECLICK" TriggerText="--&amp;#10;-- steve pusey 19/4/96&amp;#10;--&amp;#10;-- change value in current boilerplate text item&amp;#10;--&amp;#10;BEGIN&amp;#10;&amp;#10;  boilerplate.change_boilerplate;&amp;#10;&amp;#10;END;"/>
      </Block>
      <Block Name="PATIENT_EVENTS_ARCHIVE" RecordsDisplayCount="14" RecordsFetchedCount="500" WhereClause="" InsertAllowed="false" UpdateAllowed="false" DeleteAllowed="false" QueryDataSourceName="PATIENT_EVENTS_ARCHIVE" DirtyInfo="true" KeyMode="Non-Updateable" ScrollbarCanvasName="C_EVENTS" ScrollbarTabPageName="" ScrollbarWidth="10" ScrollbarXPosition="8" ScrollbarYPosition="51" ShowScrollbar="true" ScrollbarLength="196">
         <Item Name="ROWID" PrimaryKey="true" DirtyInfo="true" Width="83" Height="16"/>
         <Item Name="TEXT" TabPageName="" PromptAttachmentOffset="14" PromptAlignOffset="-32" Width="319" MaximumLength="12000" ItemType="Text Item" XPosition="287" YPosition="138" DatabaseItem="false" Bevel="Plain" DirtyInfo="true" VisualAttributeName="TEXT_ITEM_VA" CanvasName="" MultiLine="true" ColumnName="" ItemsDisplay="1" TooltipVisualAttributeGroup="V7_VA_TOOLTIP" Height="88">
            <Trigger Name="WHEN-MOUSE-DOUBLECLICK" DirtyInfo="true" TriggerText="--&amp;#10;-- Show the text in an editor&amp;#10;-- &amp;#10;-- Date&#x9;&#x9;&#x9;&#x9;By&#x9;&#x9;&#x9;&#x9;Change&amp;#10;-- 8/8/2001&#x9;&#x9;Simon&#x9;&#x9;&#x9;Creation&amp;#10;--&amp;#10;BEGIN&amp;#10;&#x9;&#x9;edit_textitem (100, 90, 400, 300);&amp;#10;END;"/>
         </Item>
         <Item Name="PATIENT_ID" Prompt="Patient Id" TabPageName="" PromptAttachmentOffset="52" PromptAlignOffset="7" Width="50" MaximumLength="40" ItemType="Display Item" DataType="Number" XPosition="297" YPosition="1" Bevel="Plain" DirtyInfo="true" CanvasName="" ColumnName="PATIENT_ID" TooltipVisualAttributeGroup="V7_VA_TOOLTIP" Height="14"/>
         <Item Name="START_DATE" TabPageName="" PromptAttachmentOffset="108" DistanceBetweenRecords="0" PromptAlignOffset="-62" ItemType="Text Item" Comment="Format mask is set from set_format_mask procedure in init_form package" RecordVisualAttributeGroupName="CURR_ITEM_VA" ParentModule="PAS_CUI" XPosition="19" ParentModuleType="25" YPosition="51" ParentName="CUI_DATETIME_INPUT" ParentFilename="PAS_CUI.olb" DirtyInfo="true" CanvasName="C_EVENTS" ColumnName="START_DATE" CaseRestriction="Upper" ItemsDisplay="0" ParentType="29"/>
         <Item Name="ACTION_DESC" TabPageName="" PromptAttachmentOffset="60" PromptAlignOffset="58" Width="165" MaximumLength="80" ItemType="Text Item" DataType="Char" RecordVisualAttributeGroupName="CURR_ITEM_VA" XPosition="105" YPosition="51" DatabaseItem="false" Bevel="Plain" DirtyInfo="true" VisualAttributeName="TEXT_ITEM_VA" CanvasName="C_EVENTS" ColumnName="" ItemsDisplay="0" TooltipVisualAttributeGroup="V7_VA_TOOLTIP" Height="14"/>
         <Item Name="EVENT_TEXT" TabPageName="" PromptAttachmentOffset="14" PromptAlignOffset="-32" Width="319" MaximumLength="4000" ItemType="Text Item" XPosition="288" YPosition="145" Bevel="Plain" DirtyInfo="true" VisualAttributeName="TEXT_ITEM_VA" CanvasName="C_EVENTS" MultiLine="true" ColumnName="EVENT_TEXT" ItemsDisplay="1" TooltipVisualAttributeGroup="V7_VA_TOOLTIP" Height="102">
            <Trigger Name="WHEN-MOUSE-DOUBLECLICK" DirtyInfo="true" TriggerText="--&amp;#10;-- Show the text in an editor&amp;#10;-- &amp;#10;-- Date&#x9;&#x9;&#x9;&#x9;By&#x9;&#x9;&#x9;&#x9;Change&amp;#10;-- 8/8/2001&#x9;&#x9;Simon&#x9;&#x9;&#x9;Creation&amp;#10;--&amp;#10;BEGIN&amp;#10;&#x9;&#x9;edit_textitem (100, 90, 400, 300);&amp;#10;END;"/>
         </Item>
         <Item Name="EVENT_TEXT2" TabPageName="" PromptAttachmentOffset="14" PromptAlignOffset="-32" Width="319" MaximumLength="4000" ItemType="Text Item" XPosition="287" YPosition="138" Bevel="Plain" DirtyInfo="true" VisualAttributeName="TEXT_ITEM_VA" CanvasName="" MultiLine="true" Visible="false" ColumnName="EVENT_TEXT2" ItemsDisplay="1" TooltipVisualAttributeGroup="V7_VA_TOOLTIP" Height="88">
            <Trigger Name="WHEN-MOUSE-DOUBLECLICK" DirtyInfo="true" TriggerText="--&amp;#10;-- Show the text in an editor&amp;#10;-- &amp;#10;-- Date&#x9;&#x9;&#x9;&#x9;By&#x9;&#x9;&#x9;&#x9;Change&amp;#10;-- 8/8/2001&#x9;&#x9;Simon&#x9;&#x9;&#x9;Creation&amp;#10;--&amp;#10;BEGIN&amp;#10;&#x9;&#x9;edit_textitem (100, 90, 400, 300);&amp;#10;END;"/>
         </Item>
         <Item Name="EVENT_TEXT3" TabPageName="" PromptAttachmentOffset="14" PromptAlignOffset="-32" Width="319" MaximumLength="4000" ItemType="Text Item" XPosition="287" YPosition="138" Bevel="Plain" DirtyInfo="true" VisualAttributeName="TEXT_ITEM_VA" CanvasName="" MultiLine="true" ColumnName="EVENT_TEXT3" ItemsDisplay="1" TooltipVisualAttributeGroup="V7_VA_TOOLTIP" Height="88">
            <Trigger Name="WHEN-MOUSE-DOUBLECLICK" DirtyInfo="true" TriggerText="--&amp;#10;-- Show the text in an editor&amp;#10;-- &amp;#10;-- Date&#x9;&#x9;&#x9;&#x9;By&#x9;&#x9;&#x9;&#x9;Change&amp;#10;-- 8/8/2001&#x9;&#x9;Simon&#x9;&#x9;&#x9;Creation&amp;#10;--&amp;#10;BEGIN&amp;#10;&#x9;&#x9;edit_textitem (100, 90, 400, 300);&amp;#10;END;"/>
         </Item>
         <Item Name="EVENT_ACTION" Prompt="Event Action" TabPageName="" PromptAttachmentOffset="97" PromptAlignOffset="3" Width="50" MaximumLength="40" ItemType="Display Item" DataType="Number" XPosition="297" YPosition="1" Bevel="Plain" DirtyInfo="true" CanvasName="" ColumnName="EVENT_ACTION" TooltipVisualAttributeGroup="V7_VA_TOOLTIP" Height="14"/>
         <Item Name="CREATED_BY_USER" TabPageName="" Width="173" MaximumLength="10" ItemType="Display Item" XPosition="362" YPosition="17" Bevel="Plain" DirtyInfo="true" VisualAttributeName="TEXT_ITEM_VA" CanvasName="" Visible="false" ColumnName="CREATED_BY_USER" ItemsDisplay="1" TooltipVisualAttributeGroup="V7_VA_TOOLTIP" Height="14"/>
         <Item Name="CREATED_BY_MODULE" TabPageName="" Width="232" MaximumLength="30" ItemType="Display Item" DataType="Char" XPosition="375" YPosition="67" Bevel="Plain" DirtyInfo="true" VisualAttributeName="TEXT_ITEM_VA" CanvasName="C_EVENTS" ColumnName="CREATED_BY_MODULE" ItemsDisplay="1" TooltipVisualAttributeGroup="V7_VA_TOOLTIP" Height="14"/>
         <Item Name="CREATED_DATE" Justification="Start" TabPageName="" ItemType="Display Item" ParentModule="PAS_CUI" XPosition="375" ParentModuleType="25" YPosition="53" DatabaseItem="true" ParentName="CUI_DATETIME_DISP" ParentFilename="PAS_CUI.olb" DirtyInfo="true" CanvasName="C_EVENTS" ColumnName="created_date" KeyboardNavigable="false" ItemsDisplay="1" ParentType="29"/>
         <Item Name="AMEND_BY_MODULE" TabPageName="" Width="232" MaximumLength="10" ItemType="Display Item" XPosition="375" YPosition="111" Bevel="Plain" DirtyInfo="true" VisualAttributeName="TEXT_ITEM_VA" CanvasName="C_EVENTS" ColumnName="AMEND_BY_MODULE" ItemsDisplay="1" TooltipVisualAttributeGroup="V7_VA_TOOLTIP" Height="14"/>
         <Item Name="AMEND_BY_USER" TabPageName="" Width="117" MaximumLength="40" ItemType="Display Item" DataType="Number" XPosition="347" YPosition="56" Bevel="Plain" DirtyInfo="true" VisualAttributeName="TEXT_ITEM_VA" CanvasName="" Visible="false" ColumnName="AMEND_BY_USER" ItemsDisplay="1" TooltipVisualAttributeGroup="V7_VA_TOOLTIP" Height="14"/>
         <Item Name="AMEND_LAST_DATE" TabPageName="" ItemType="Display Item" ParentModule="PAS_CUI" XPosition="375" ParentModuleType="25" YPosition="96" ParentName="CUI_DATETIME_DISP" ParentFilename="PAS_CUI.olb" DirtyInfo="true" CanvasName="C_EVENTS" ColumnName="AMEND_LAST_DATE" ItemsDisplay="1" ParentType="29"/>
         <Item Name="USER_NAME" Justification="Start" TabPageName="" Width="232" InsertAllowed="false" MaximumLength="64" ItemType="Display Item" UpdateAllowed="false" XPosition="375" YPosition="81" DatabaseItem="false" Bevel="Plain" DirtyInfo="true" VisualAttributeName="TEXT_ITEM_VA" CanvasName="C_EVENTS" KeyboardNavigable="false" ItemsDisplay="1" TooltipVisualAttributeGroup="V7_VA_TOOLTIP" Height="14"/>
         <Item Name="CREATED_USER_NAME" TabPageName="" Width="232" MaximumLength="64" ItemType="Display Item" XPosition="375" YPosition="39" DatabaseItem="false" Bevel="Plain" DirtyInfo="true" VisualAttributeName="TEXT_ITEM_VA" CanvasName="C_EVENTS" ItemsDisplay="1" TooltipVisualAttributeGroup="V7_VA_TOOLTIP" Height="14"/>
         <Trigger Name="POST-QUERY" DirtyInfo="true" TriggerText="-- Dave L - 17/04/2008 - NSPEC548 - Archiving of Patient Events/Views.&amp;#10;--&amp;#10;:PATIENT_EVENTS_ARCHIVE.ACTION_DESC &#x9;&#x9;&#x9;:= oasis_package.get_code(:PATIENT_EVENTS_ARCHIVE.EVENT_ACTION);&amp;#10;:PATIENT_EVENTS_ARCHIVE.TEXT              := :PATIENT_EVENTS_ARCHIVE.EVENT_TEXT ||:PATIENT_EVENTS_ARCHIVE.EVENT_TEXT2 ||:PATIENT_EVENTS_ARCHIVE.EVENT_TEXT3 ;&amp;#10;:PATIENT_EVENTS_ARCHIVE.USER_NAME         := oasstaff_package.get_user_name(:PATIENT_EVENTS_ARCHIVE.AMEND_BY_USER);&amp;#10;:PATIENT_EVENTS_ARCHIVE.CREATED_USER_NAME := oasstaff_package.get_user_name(:PATIENT_EVENTS_ARCHIVE.CREATED_BY_USER);&#x9;"/>
      </Block>
      <Block Name="PATIENT_VIEWS_ARCHIVE" RecordsDisplayCount="14" InsertAllowed="false" UpdateAllowed="false" DeleteAllowed="false" QueryDataSourceName="PATIENT_VIEWS_ARCHIVE" DirtyInfo="true" KeyMode="Non-Updateable" ScrollbarCanvasName="C_VIEWS" ScrollbarTabPageName="" ScrollbarWidth="12" ScrollbarXPosition="5" ScrollbarYPosition="60" ShowScrollbar="true" ScrollbarLength="196">
         <Item Name="ROWID" Required="true" PrimaryKey="false" DirtyInfo="true" Width="83" Height="16"/>
         <Item Name="NAV" XPosition="10" YPosition="15" DatabaseItem="false" DirtyInfo="true" TabPageName="" Width="0" CanvasName="C_VIEWS" MaximumLength="1" Visible="true" Height="0"/>
         <Item Name="MODULE" XPosition="226" YPosition="60" Bevel="Plain" DirtyInfo="true" TabPageName="" VisualAttributeName="TEXT_ITEM_VA" Width="68" CanvasName="C_VIEWS" MaximumLength="10" ItemType="Display Item" Height="14"/>
         <Item Name="USER_ID" TabPageName="" DistanceBetweenRecords="0" Width="107" ItemType="Display Item" DataType="Number" XPosition="19" YPosition="60" PrimaryKey="true" Bevel="Plain" DirtyInfo="true" VisualAttributeName="TEXT_ITEM_VA" CanvasName="" Visible="false" Height="14"/>
         <Item Name="USER_NAME" TabPageName="" DistanceBetweenRecords="0" Width="107" MaximumLength="240" ItemType="Display Item" DataType="Char" XPosition="19" YPosition="60" DatabaseItem="false" Bevel="Plain" DirtyInfo="true" VisualAttributeName="TEXT_ITEM_VA" CanvasName="C_VIEWS" Height="14"/>
         <Item Name="DATETIME_VIEWED" TabPageName="" DistanceBetweenRecords="0" Width="98" MaximumLength="11" ItemType="Display Item" DataType="Datetime" XPosition="127" YPosition="60" Bevel="Plain" DirtyInfo="true" VisualAttributeName="TEXT_ITEM_VA" CanvasName="C_VIEWS" Height="14"/>
         <Trigger Name="POST-QUERY" DirtyInfo="true" TriggerText="--lc 28/08/08 Retrieve User name &amp;#10;:patient_views_archive.user_name := oasstaff_package.get_user_name(:patient_views_archive.user_id);"/>
      </Block>
      <Block Name="BUTTONS" DirtyInfo="true" DatabaseBlock="false" ScrollbarWidth="14" ScrollbarLength="135">
         <Item Name="BTN_ARCHIVE_SUBMIT" Justification="Center" TabPageName="" Width="49" MaximumLength="80" XPosition="301" YPosition="86" DatabaseItem="false" Bevel="None" DirtyInfo="true" VisualAttributeName="WEB_TEXT_BUTTON" CanvasName="CNV_CONTENT" Height="14">
            <Trigger Name="WHEN-MOUSE-CLICK" DirtyInfo="true" TriggerText="CREATE_ARCHIVE;"/>
         </Item>
         <Item Name="BTN_CLEARDOWN_EVENTS" Justification="Center" TabPageName="" Width="116" MaximumLength="80" XPosition="19" YPosition="253" DatabaseItem="false" Bevel="None" DirtyInfo="true" VisualAttributeName="WEB_TEXT_BUTTON" CanvasName="C_EVENTS" Height="14">
            <Trigger Name="WHEN-MOUSE-CLICK" DirtyInfo="true" TriggerText="CLEARDOWN_PATIENT_EVENTS;"/>
         </Item>
         <Item Name="BTN_CLEARDOWN_VIEWS" Justification="Center" TabPageName="" Width="107" MaximumLength="80" XPosition="309" YPosition="60" DatabaseItem="false" Bevel="None" DirtyInfo="true" VisualAttributeName="WEB_TEXT_BUTTON" CanvasName="C_VIEWS" Height="14">
            <Trigger Name="WHEN-MOUSE-CLICK" DirtyInfo="true" TriggerText="CLEARDOWN_PATIENT_VIEWS;"/>
         </Item>
         <Trigger Name="WHEN-MOUSE-DOWN" DirtyInfo="true" TriggerText="SET_ITEM_PROPERTY(:SYSTEM.TRIGGER_ITEM,VISUAL_ATTRIBUTE,'WEB_TEXT_BUTTON_CLICK');"/>
         <Trigger Name="WHEN-MOUSE-UP" DirtyInfo="true" TriggerText="SET_ITEM_PROPERTY(:SYSTEM.TRIGGER_ITEM, VISUAL_ATTRIBUTE, 'WEB_TEXT_BUTTON');&amp;#10;DEFAULT_VALUE(NULL,'GLOBAL.LAST_ITEM');&amp;#10;IF :global.last_item IS NOT NULL THEN&amp;#10;&#x9;GO_ITEM(:global.last_item);&amp;#10;END IF;"/>
         <Trigger Name="KEY-CLRBLK" DirtyInfo="true" TriggerText="NULL;"/>
         <Trigger Name="KEY-CLRREC" DirtyInfo="true" TriggerText="NULL;"/>
         <Trigger Name="KEY-CLRFRM" DirtyInfo="true" TriggerText="NULL;"/>
         <Trigger Name="KEY-DELREC" DirtyInfo="true" TriggerText="NULL;"/>
         <Trigger Name="KEY-ENTQRY" DirtyInfo="true" TriggerText="NULL;"/>
         <Trigger Name="KEY-EXEQRY" DirtyInfo="true" TriggerText="NULL;"/>
         <Trigger Name="KEY-CREREC" DirtyInfo="true" TriggerText="NULL;"/>
         <Trigger Name="KEY-NXTREC" DirtyInfo="true" TriggerText="NULL;"/>
         <Trigger Name="KEY-PRVREC" DirtyInfo="true" TriggerText="NULL;"/>
         <Trigger Name="KEY-SCRDOWN" DirtyInfo="true" TriggerText="NULL;"/>
         <Trigger Name="KEY-SCRUP" DirtyInfo="true" TriggerText="NULL;"/>
         <Trigger Name="KEY-DOWN" DirtyInfo="true" TriggerText="NULL;"/>
         <Trigger Name="KEY-UP" DirtyInfo="true" TriggerText="NULL;"/>
         <Trigger Name="WHEN-NEW-ITEM-INSTANCE" DirtyInfo="true" TriggerText="NULL; -- To ensure the form level trigger does not fire for the buttons"/>
      </Block>
      <Block Name="TITLES" DirtyInfo="true" ScrollbarWidth="14" ScrollbarLength="135">
         <Item Name="DSP_TITLE" Justification="Start" TabPageName="" Width="279" MaximumLength="30" ParentModule="PATARCH" XPosition="104" ParentModuleType="12" YPosition="4" DatabaseItem="false" ParentName="FORM_TITLE_CLASS" DirtyInfo="true" CanvasName="CNV_CONTENT" ParentType="29"/>
      </Block>
      <Block Name="LT_FUNCTIONS" DirtyInfo="true" DatabaseBlock="false" ScrollbarWidth="14" ScrollbarLength="135">
         <Item Name="IMG_FUNCTIONS" Prompt="Functions" TabPageName="" PromptAttachmentOffset="36" PromptAlignOffset="0" PromptFontSize="900" Width="16" ItemType="Image" ImageFormat="BMP" XPosition="79" YPosition="0" DatabaseItem="false" Bevel="None" PromptForegroundColor="Allscripts Link Blue" DirtyInfo="true" VisualAttributeName="MENU_TEXT_ITEMS_VA" PromptFontName="Arial" PromptFontStyle="Plain" PromptFontWeight="Bold" PromptFontSpacing="Normal" Height="14">
            <Trigger Name="WHEN-MOUSE-CLICK" DirtyInfo="true" TriggerText="HCI_UPGRADE.functions_when_mouse_click;"/>
         </Item>
         <Item Name="NAVIGATE_BUTTON" Justification="Start" TabPageName="" DistanceBetweenRecords="0" Width="80" ItemType="Display Item" PopupMenuName="BOILER_PLATE" ParentModule="PATARCH" XPosition="5" ParentModuleType="12" YPosition="18" DatabaseItem="false" ParentName="MENU_ITEM_CLASS" Bevel="None" FontStyle="Plain" DirtyInfo="true" FontSpacing="Normal" KeyboardNavigable="true" ParentType="29">
            <Trigger Name="WHEN-MOUSE-CLICK" DirtyInfo="true" TriggerText="--&amp;#10;-- Steve Pusey 15/4/96&amp;#10;--&amp;#10;-- toggle between navigation and default menus&amp;#10;--&amp;#10;BEGIN&amp;#10;&amp;#10;  oasis_menu.toggle_menu;&amp;#10;&amp;#10;END;"/>
         </Item>
         <Trigger Name="WHEN-NEW-BLOCK-INSTANCE" DirtyInfo="true" TriggerText="READ_IMAGE_FILE(hci_upgrade.g_image_directory || 'pas_expand_menu.gif', 'gif', 'LT_FUNCTIONS.IMG_FUNCTIONS');"/>
         <Trigger Name="WHEN-MOUSE-DOWN" DirtyInfo="true" TriggerText="SET_ITEM_PROPERTY(:SYSTEM.TRIGGER_ITEM,VISUAL_ATTRIBUTE,'WEB_TEXT_BUTTON_CLICK');"/>
         <Trigger Name="WHEN-MOUSE-UP" DirtyInfo="true" TriggerText="SET_ITEM_PROPERTY(:SYSTEM.TRIGGER_ITEM,VISUAL_ATTRIBUTE,'WEB_TEXT_BUTTON');"/>
         <Trigger Name="WHEN-NEW-ITEM-INSTANCE" DirtyInfo="true" TriggerText="NULL;"/>
      </Block>
      <Canvas Name="TOOLBAR_CANVAS" BackColor="patient_live_blue" ParentModule="PAS_CUI" ParentModuleType="25" ParentName="TOOLBAR_CANVAS_CLASS" ParentFilename="PAS_CUI.olb" DirtyInfo="true" Width="768" ParentType="29">
         <Graphics Name="BANNER_LINE" InternalLineWidth="227" Width="755" EdgeForegroundColor="gray16" EdgePattern="solid" JoinStyle="Bevel" XPosition="0" YPosition="63" GraphicsType="Line" HorizontalMargin="8" ScrollbarWidth="15" VerticalMargin="16" HorizontalObjectOffset="15" Height="0" StartPromptOffset="8"/>
      </Canvas>
      <Canvas Name="C_EVENTS" ViewportXPositionOnCanvas="0" ViewportYPositionOnCanvas="0" CanvasType="Stacked" Width="646" WindowName="MAIN_FORM_WINDOW" BackColor="White" Bevel="None" DirtyInfo="true" Visible="false" Height="269" ViewportHeight="269" ViewportXPosition="100" ViewportWidth="646" ViewportYPosition="140" RaiseOnEnter="true">
         <Graphics Name="GRAPHIC431" InternalLineWidth="113" Width="600" EdgeForegroundColor="gray16" EdgePattern="solid" JoinStyle="Bevel" BackColor="Line Green" XPosition="21" YPosition="31" Bevel="None" DirtyInfo="true" ForegroundColor="white" GraphicsType="Line" HorizontalMargin="7" ScrollbarWidth="14" VerticalMargin="14" HorizontalObjectOffset="14" Height="0" StartPromptOffset="7"/>
         <Graphics Name="GRAPHIC1142" Width="15" Dither="false" ClipWidth="15" ImageFilename="PATARCH_C_EVENTS_GRAPHIC1142.tif" ClipHeight="15" XPosition="4" YPosition="15" DirtyInfo="true" GraphicsType="Image" HorizontalMargin="8" ScrollbarWidth="15" VerticalMargin="16" HorizontalObjectOffset="15" Height="15" StartPromptOffset="8"/>
         <Graphics Name="GRAPHIC976" Width="14" FillPattern="none" EdgePattern="none" JoinStyle="Bevel" BackColor="Side Green" XPosition="14" WrapText="false" YPosition="17" BoundingBoxScalable="false" Bevel="None" HorizontalOrigin="Right" HorizontalJustification="Center" ForegroundColor="darkcyan" GraphicsFontWeight="Medium" GraphicsFontSpacing="Normal" GraphicsType="Text" ScrollbarWidth="14" Height="12" GraphicsFontName="Arial" GraphicsFontSize="900" GraphicsFontStyle="0" GraphicsText="2" DirtyInfo="true" GraphicsFontColor="Black" GraphicsFontColorCode="0" HorizontalMargin="7" VerticalMargin="14" HorizontalObjectOffset="14" StartPromptOffset="7">
            <CompoundText Name="CMPTXT207">
               <TextSegment Name="TEXTSTR208" FontName="Arial" FontSize="900" FontStyle="Plain" DirtyInfo="true" FontWeight="Medium" FontSpacing="Normal" ForegroundColor="Black" Text="2"/>
            </CompoundText>
         </Graphics>
      </Canvas>
      <Canvas Name="C_VIEWS" ViewportYPositionOnCanvas="0" CanvasType="Stacked" Width="646" WindowName="MAIN_FORM_WINDOW" BackColor="White" Bevel="None" DirtyInfo="true" Visible="false" Height="269" ViewportHeight="269" ViewportXPosition="100" ViewportWidth="646" ViewportYPosition="140">
         <Graphics Name="SECTION_LINE1" InternalLineWidth="113" Width="394" EdgeForegroundColor="gray16" EdgePattern="solid" JoinStyle="Bevel" BackColor="Line Green" XPosition="22" YPosition="34" Bevel="None" DirtyInfo="true" ForegroundColor="white" GraphicsType="Line" HorizontalMargin="7" ScrollbarWidth="14" VerticalMargin="14" HorizontalObjectOffset="14" Height="0" StartPromptOffset="7"/>
         <Graphics Name="GRAPHIC1142" Width="15" Dither="false" ClipWidth="15" ImageFilename="PATARCH_C_VIEWS_GRAPHIC1142.tif" ClipHeight="15" XPosition="4" YPosition="19" DirtyInfo="true" GraphicsType="Image" HorizontalMargin="8" ScrollbarWidth="15" VerticalMargin="16" HorizontalObjectOffset="15" Height="15" StartPromptOffset="8"/>
         <Graphics Name="GRAPHIC976" Width="14" FillPattern="none" EdgePattern="none" JoinStyle="Bevel" BackColor="Side Green" XPosition="14" WrapText="false" YPosition="21" BoundingBoxScalable="false" Bevel="None" HorizontalOrigin="Right" HorizontalJustification="Center" ForegroundColor="darkcyan" GraphicsFontWeight="Medium" GraphicsFontSpacing="Normal" GraphicsType="Text" ScrollbarWidth="14" Height="12" GraphicsFontName="Arial" GraphicsFontSize="900" GraphicsFontStyle="0" GraphicsText="2" DirtyInfo="true" GraphicsFontColor="Black" GraphicsFontColorCode="0" HorizontalMargin="7" VerticalMargin="14" HorizontalObjectOffset="14" StartPromptOffset="7">
            <CompoundText Name="CMPTXT207">
               <TextSegment Name="TEXTSTR208" FontName="Arial" FontSize="900" FontStyle="Plain" DirtyInfo="true" FontWeight="Medium" FontSpacing="Normal" ForegroundColor="Black" Text="2"/>
            </CompoundText>
         </Graphics>
      </Canvas>
      <Canvas Name="CNV_CONTENT" BackColor="white" Bevel="None" DirtyInfo="true" ForegroundColor="black" Width="755" WindowName="MAIN_FORM_WINDOW" Height="415" ViewportHeight="324" ViewportWidth="540">
         <Graphics Name="SECTION_LINE1" InternalLineWidth="113" Width="610" EdgeForegroundColor="gray16" EdgePattern="solid" JoinStyle="Bevel" BackColor="Line Green" XPosition="125" YPosition="64" Bevel="None" DirtyInfo="true" ForegroundColor="white" GraphicsType="Line" HorizontalMargin="7" ScrollbarWidth="14" VerticalMargin="14" HorizontalObjectOffset="14" Height="0" StartPromptOffset="7"/>
         <Graphics Name="IMAGE1128" Width="15" Dither="false" ClipWidth="15" ImageFilename="PATARCH_CNV_CONTENT_IMAGE1128.tif" ClipHeight="15" XPosition="108" YPosition="49" DirtyInfo="true" GraphicsType="Image" HorizontalMargin="8" ScrollbarWidth="15" VerticalMargin="16" HorizontalObjectOffset="15" Height="15" StartPromptOffset="8"/>
         <Graphics Name="SECTION_NUMBER2" Width="14" FillPattern="none" EdgePattern="none" JoinStyle="Bevel" BackColor="Side Green" XPosition="118" WrapText="false" YPosition="50" BoundingBoxScalable="false" Bevel="None" HorizontalOrigin="Right" HorizontalJustification="Center" ForegroundColor="darkcyan" GraphicsFontWeight="Medium" GraphicsFontSpacing="Normal" GraphicsType="Text" ScrollbarWidth="14" Height="12" GraphicsFontName="Arial" GraphicsFontSize="900" GraphicsFontStyle="0" GraphicsText="1" DirtyInfo="true" GraphicsFontColor="Black" GraphicsFontColorCode="0" HorizontalMargin="7" VerticalMargin="14" HorizontalObjectOffset="14" StartPromptOffset="7">
            <CompoundText Name="CMPTXT207">
               <TextSegment Name="TEXTSTR208" FontName="Arial" FontSize="900" FontStyle="Plain" DirtyInfo="true" FontWeight="Medium" FontSpacing="Normal" ForegroundColor="Black" Text="1"/>
            </CompoundText>
         </Graphics>
      </Canvas>
      <Canvas Name="CNV_HIDE" Bevel="None" DirtyInfo="true" Width="800" Visible="false" WindowName="MAIN_FORM_WINDOW" Height="410" ViewportHeight="324" ViewportWidth="540"/>
      <ModuleParameter Name="P_RELEASE" ParentModule="PAS_RELEASE" ParentModuleType="25" ParentName="P_RELEASE" ParentFilename="pas_release.olb" DirtyInfo="true" ParentFilepath="" ParentType="13"/>
      <ModuleParameter Name="P_VERSION" DirtyInfo="true" Comment="Used by ABOUT_FORM window, the form version, update after each update" ParameterInitializeValue="0"/>
      <ModuleParameter Name="P_DATE" DirtyInfo="true" Comment="Used by ABOUT_FORM window, the date the form was last updated, update after each update" ParameterInitializeValue="25-Jul-2017"/>
      <ModuleParameter Name="P_TEMPLATE" Comment="Used by ABOUT_FORM window, the template used to create this form" ParameterInitializeValue="TEMPLATE_V10"/>
      <ModuleParameter Name="API_VERSION" ParameterInitializeValue="V2.3"/>
      <ModuleParameter Name="P_BREADCRUMB"/>
      <Menu Name="BOILER_PLATE" DirtyInfo="true">
         <MenuItem Name="CHANGE_PROMPT" DirtyInfo="true" Label="Change Prompt" MenuItemCode="message('Change Boilerplate prompt');pause;"/>
      </Menu>
      <ProgramUnit Name="INIT_FORM" ProgramUnitText="PACKAGE BODY init_form IS&amp;#10;--&amp;#10;-- steve pusey 2/5/1996&amp;#10;--&amp;#10;-- program units to initialise form&amp;#10;--&amp;#10;-- add code to init_form and init_format_masks program units, add other init procs to the&amp;#10;-- init_form procedure, for example if you write a procedure called init_toolbar then add &amp;#10;-- this to the init_form procedure. The init_form procedure is called from the &amp;#10;-- WHEN-NEW-FORM-INSTANCE trigger&amp;#10;--&amp;#10;&amp;#10;---------------------------------------------------------------------------------------&amp;#10;-- INTERNAL PACKAGE VARIABLES &amp;#10;---------------------------------------------------------------------------------------&amp;#10;&amp;#10;---------------------------------------------------------------------------------------&amp;#10;-- INTERNAL PROGRAM UNITS (DECLARATION)&amp;#10;---------------------------------------------------------------------------------------&amp;#10;&amp;#10;  procedure init_list_items;&amp;#10;  procedure init_format_masks;&amp;#10;&amp;#10;---------------------------------------------------------------------------------------&amp;#10;-- PROGRAM UNITS (CODE)&amp;#10;---------------------------------------------------------------------------------------&amp;#10;&amp;#10;-- ##########################################################################################&amp;#10;&amp;#10;  procedure init_list_items is&amp;#10;  --&amp;#10;  -- initialise list items&amp;#10;  --&amp;#10;  -- date&#x9;by&#x9;&#x9;change&amp;#10;  -- 2/5/1996   Steve Pusey&#x9;Creation of template procedure&amp;#10;  --&amp;#10;  BEGIN&amp;#10;&amp;#10;    -- cut &amp; paste this code&amp;#10;    -- populate_poplist_from_codes ('BLOCK.ITEM', &lt;CODE_TYPE>);&amp;#10;&amp;#10;&#x9;&#x9;populate_poplist_from_codes ('ARCHIVE.EVENT_TYPE', 10848);&amp;#10;  &amp;#10;  END init_list_items;&amp;#10;&amp;#10;-- ##########################################################################################&amp;#10;&amp;#10;  procedure init_format_masks is&amp;#10;  --&amp;#10;  -- set the format masks for date, datetime, and numeric items&amp;#10;  --&amp;#10;  -- date&#x9;by&#x9;&#x9;change&amp;#10;  -- 2/5/1996   Steve Pusey&#x9;Creation of template procedure&amp;#10;  --&amp;#10;  BEGIN&amp;#10;&amp;#10;    -- copy &amp; paste this line&amp;#10;    -- set_format_mask ('BLOCK.ITEM');&amp;#10;&amp;#10;    null;&amp;#10;   &amp;#10;  END init_format_masks;&amp;#10;&amp;#10;-- ##########################################################################################&amp;#10;&amp;#10;  procedure init_form is&amp;#10;  --&amp;#10;  -- initialise form&amp;#10;  --&amp;#10;  -- date&#x9;by&#x9;&#x9;change&amp;#10;  -- 2/5/1996   Steve Pusey&#x9;Creation of template procedure&amp;#10;  --&amp;#10;  BEGIN&amp;#10;&amp;#10;    init_list_items;&amp;#10;    init_format_masks;&amp;#10;&amp;#10;  END init_form;&amp;#10;&amp;#10;-- ##########################################################################################&amp;#10;&amp;#10;END init_form;" ProgramUnitType="Package Body"/>
      <ProgramUnit Name="INIT_FORM" ProgramUnitText="PACKAGE init_form IS&amp;#10;--&amp;#10;-- steve pusey 2/5/1996&amp;#10;--&amp;#10;-- program units to initialise form&amp;#10;--&amp;#10;&amp;#10;---------------------------------------------------------------------------------------&amp;#10;-- EXTERNAL PACKAGE VARIABLES&amp;#10;---------------------------------------------------------------------------------------&amp;#10;&amp;#10;---------------------------------------------------------------------------------------&amp;#10;-- EXTERNAL PROGRAM UNITS (DECLARATION) &amp;#10;---------------------------------------------------------------------------------------&amp;#10;&amp;#10;  procedure init_form;&amp;#10;&amp;#10;END init_form;" ProgramUnitType="Package Spec"/>
      <ProgramUnit Name="CREATE_ARCHIVE" ProgramUnitText="-- Dave L - 17/04/2008 - NSPEC548 - Archiving Events/Views.&amp;#10;PROCEDURE CREATE_ARCHIVE IS&amp;#10;&#x9;&amp;#10;&#x9;-- Variables&amp;#10;&#x9;v_error &#x9;&#x9; VARCHAR2(300);&amp;#10;&#x9;v_count_msg&#x9; VARCHAR2(200);&amp;#10;&#x9;v_review_msg VARCHAR2(200);&amp;#10;&#x9;v_count_rec  NUMBER;&amp;#10;&#x9;v_count_file NUMBER;&amp;#10;&#x9;&amp;#10;&#x9;-- Constants&amp;#10; &#x9;c_language   NUMBER := NAME_IN('GLOBAL.LANGUAGE_ID');&amp;#10;&amp;#10;&#x9;-- Exceptions&amp;#10;&#x9;e_date  EXCEPTION;&amp;#10;&#x9;e_write EXCEPTION;&amp;#10;&#x9; &amp;#10;BEGIN&amp;#10;&amp;#10;&#x9;IF :archive.month IS NOT NULL&amp;#10;  THEN&amp;#10;&#x9;&#x9;IF :archive.event_type = 'E' THEN&#x9;&amp;#10;&#x9;&#x9;&#x9;oasaudit_package.archive_patient_events(NULL, &amp;#10;&#x9;&#x9;&#x9;&#x9;&#x9;&#x9;&#x9;&#x9;&#x9;&#x9;&#x9;&#x9;&#x9;&#x9;&#x9;&#x9;&#x9;&#x9;&#x9;&#x9;&#x9;&#x9;  :archive.month, &amp;#10;&#x9;&#x9;&#x9;&#x9;&#x9;&#x9;&#x9;&#x9;&#x9;&#x9;&#x9;&#x9;&#x9;&#x9;&#x9;&#x9;&#x9;&#x9;&#x9;&#x9;&#x9;&#x9;  add_months(:archive.month,1), -- Gives us first day of next month.&amp;#10;&#x9;&#x9;&#x9;&#x9;&#x9;&#x9;&#x9;&#x9;&#x9;&#x9;&#x9;&#x9;&#x9;&#x9;&#x9;&#x9;&#x9;&#x9;&#x9;&#x9;&#x9;&#x9;  v_count_rec,&amp;#10;&#x9;&#x9;&#x9;&#x9;&#x9;&#x9;&#x9;&#x9;&#x9;&#x9;&#x9;&#x9;&#x9;&#x9;&#x9;&#x9;&#x9;&#x9;&#x9;&#x9;&#x9;&#x9;  v_count_file, &amp;#10;&#x9;&#x9;&#x9;&#x9;&#x9;&#x9;&#x9;&#x9;&#x9;&#x9;&#x9;&#x9;&#x9;&#x9;&#x9;&#x9;&#x9;&#x9;&#x9;&#x9;&#x9;&#x9;  v_error);&amp;#10;&#x9;&#x9;ELSIF :archive.event_type = 'V' THEN&amp;#10;&#x9;&#x9;&#x9;oasaudit_package.archive_patient_views(NULL, &amp;#10;&#x9;&#x9;&#x9;&#x9;&#x9;&#x9;&#x9;&#x9;&#x9;&#x9;&#x9;&#x9;&#x9;&#x9;&#x9;&#x9;&#x9;&#x9;&#x9;&#x9;&#x9;&#x9; :archive.month, &amp;#10;&#x9;&#x9;&#x9;&#x9;&#x9;&#x9;&#x9;&#x9;&#x9;&#x9;&#x9;&#x9;&#x9;&#x9;&#x9;&#x9;&#x9;&#x9;&#x9;&#x9;&#x9;&#x9; add_months(:archive.month,1), -- Gives us first day of next month.&amp;#10;&#x9;&#x9;&#x9;&#x9;&#x9;&#x9;&#x9;&#x9;&#x9;&#x9;&#x9;&#x9;&#x9;&#x9;&#x9;&#x9;&#x9;&#x9;&#x9;&#x9;&#x9;&#x9; v_count_rec,&amp;#10;&#x9;&#x9;&#x9;&#x9;&#x9;&#x9;&#x9;&#x9;&#x9;&#x9;&#x9;&#x9;&#x9;&#x9;&#x9;&#x9;&#x9;&#x9;&#x9;&#x9;&#x9;&#x9; v_count_file, &#x9;&#x9;&#x9;&#x9;&#x9;&#x9;&#x9;&#x9;&#x9;&#x9;&#x9;&#x9;&#x9;&#x9;&#x9;&#x9;&#x9;&#x9;&#x9;&#x9;&#x9;&#x9;&#x9;&amp;#10;&#x9;&#x9;&#x9;&#x9;&#x9;&#x9;&#x9;&#x9;&#x9;&#x9;&#x9;&#x9;&#x9;&#x9;&#x9;&#x9;&#x9;&#x9;&#x9;&#x9;&#x9;&#x9; v_error);&amp;#10;&#x9;&#x9;END IF;&#x9;&#x9;&#x9;&#x9;&#x9;&#x9;&#x9;&#x9;&#x9;&#x9;&#x9;&#x9;&#x9;&#x9;&#x9;&#x9;&#x9;&#x9;&#x9;&#x9;&amp;#10;&#x9;ELSE&amp;#10;&#x9;&#x9;RAISE e_date;&amp;#10;&#x9;END IF;&amp;#10;&amp;#10;&#x9;IF v_error IS NULL THEN&amp;#10;&#x9;&#x9;v_count_msg := substr(oasis_package.geterrortext(9512,&amp;#10;&#x9;&#x9;&#x9;&#x9;&#x9;&#x9;&#x9;&#x9;&#x9;&#x9;&#x9;&#x9;&#x9;&#x9;&#x9;&#x9;&#x9;&#x9;&#x9;&#x9;&#x9;&#x9;&#x9;&#x9;&#x9;&#x9; c_language,&amp;#10;&#x9;&#x9;&#x9;&#x9;&#x9;&#x9;&#x9;&#x9;&#x9;&#x9;&#x9;&#x9;&#x9;&#x9;&#x9;&#x9;&#x9;&#x9;&#x9;&#x9;&#x9;&#x9;&#x9;&#x9;&#x9;&#x9; v_count_rec,&amp;#10;&#x9;&#x9;&#x9;&#x9;&#x9;&#x9;&#x9;&#x9;&#x9;&#x9;&#x9;&#x9;&#x9;&#x9;&#x9;&#x9;&#x9;&#x9;&#x9;&#x9;&#x9;&#x9;&#x9;&#x9;&#x9;&#x9; v_count_file),1,200); -- &lt;PAR1> records have been archived in &lt;PAR2> file(s).&amp;#10;&amp;#10;&#x9;&#x9;v_review_msg := replace(substr(oasis_package.geterrortext(9513,&amp;#10;&#x9;&#x9;&#x9;&#x9;&#x9;&#x9;&#x9;&#x9;&#x9;&#x9;&#x9;&#x9;&#x9;&#x9;&#x9;&#x9;&#x9;&#x9;&#x9;&#x9;&#x9;&#x9;&#x9;&#x9;&#x9;&#x9;  &#x9;&#x9;&#x9;  c_language),1,200),'9513:'); -- Please review the archive files before clear down.&amp;#10;&#x9;&amp;#10;&#x9;&#x9;display_standard_alert(v_count_msg||'  '||v_review_msg);&amp;#10;&#x9;ELSE&amp;#10;&#x9;&#x9;RAISE e_write;&amp;#10;&#x9;END IF;&amp;#10;&#x9;&amp;#10;&#x9;IF v_count_rec > 0 THEN&amp;#10;&#x9;&#x9;IF :archive.event_type = 'E' THEN&amp;#10;&#x9;&#x9;&#x9;fetch_events_archive;&amp;#10;&#x9;&#x9;END IF;&amp;#10;&#x9;&#x9;&amp;#10;&#x9;&#x9;IF :archive.event_type = 'V' THEN&amp;#10;&#x9;&#x9;&#x9;fetch_views_archive;&amp;#10;&#x9;&#x9;END IF;   &amp;#10;&#x9;END IF;&amp;#10;&amp;#10;EXCEPTION&amp;#10;&#x9;WHEN e_date THEN&amp;#10;&#x9;&#x9;display_alert('ERROR_ALERT', 1533); -- Field must be entered.&#x9;&#x9;&amp;#10;&#x9;WHEN e_write THEN&amp;#10;&#x9;&#x9;display_standard_alert(v_error);&#x9;&#x9;&#x9;&#x9;&#x9;&#x9;&#x9;&#x9;&#x9;&#x9;&#x9;&#x9;&#x9;&#x9;&#x9;&amp;#10;END;  &amp;#10;" ProgramUnitType="Procedure"/>
      <ProgramUnit Name="FETCH_EVENTS_ARCHIVE" ProgramUnitText="-- Dave L - 16/04/2008&amp;#10;PROCEDURE FETCH_EVENTS_ARCHIVE IS&amp;#10;&#x9;&amp;#10;&#x9;CURSOR c_owner IS&amp;#10;&#x9;SELECT owner&amp;#10;&#x9;  FROM all_tables&amp;#10;&#x9; WHERE table_name = 'PATIENT_EVENTS_ARCHIVE';&amp;#10;&#x9;&amp;#10;&#x9;v_owner&#x9;all_tables.owner%TYPE;&amp;#10;&#x9;&amp;#10;&#x9;dll_fail EXCEPTION; &amp;#10;&#x9;&amp;#10;BEGIN&amp;#10;&#x9;&amp;#10;&#x9;OPEN c_owner;&amp;#10;&#x9;FETCH c_owner INTO v_owner;&amp;#10;&#x9;CLOSE c_owner;&amp;#10;&#x9;&amp;#10;&#x9;-- We need to specify the table owner here.  This is because ALTER DDL will not work with a synonym.&amp;#10;&#x9;forms_ddl('ALTER TABLE '||v_owner||'.PATIENT_EVENTS_ARCHIVE LOCATION ('''||to_char(:archive.month,'MONYYYY')||'.csv'')');&amp;#10;&#x9;&amp;#10;&#x9;-- A problem with the above statement may not necessarily throw a visible form error.&amp;#10;&#x9;-- To aid any future debugging, throw any errors to the message bar.&amp;#10;&#x9;IF FORM_FAILURE THEN&amp;#10;&#x9;&#x9;RAISE dll_fail;&amp;#10;&#x9;END IF;&#x9;&amp;#10;&amp;#10;&#x9;show_view('C_EVENTS');&#x9;&amp;#10;&#x9;go_block('PATIENT_EVENTS_ARCHIVE');&amp;#10;  do_key('EXECUTE_QUERY');&amp;#10;&amp;#10;EXCEPTION WHEN dll_fail THEN&#x9;&#x9;&amp;#10;&#x9;message(DBMS_ERROR_TEXT,NO_ACKNOWLEDGE);&#x9;&amp;#10;END;&amp;#10;" ProgramUnitType="Procedure"/>
      <ProgramUnit Name="FETCH_VIEWS_ARCHIVE" ProgramUnitText="-- Dave L - 16/04/2008&amp;#10;PROCEDURE FETCH_VIEWS_ARCHIVE IS&amp;#10;&#x9;&amp;#10;&#x9;CURSOR c_owner IS&amp;#10;&#x9;SELECT owner&amp;#10;&#x9;  FROM all_tables&amp;#10;&#x9; WHERE table_name = 'PATIENT_VIEWS_ARCHIVE';&amp;#10;&#x9;&amp;#10;&#x9;v_owner&#x9;all_tables.owner%TYPE;&amp;#10;&#x9;&amp;#10;&#x9;dll_fail   EXCEPTION; &amp;#10;&#x9;&#x9;&amp;#10;BEGIN&amp;#10;&#x9;&amp;#10;&#x9;OPEN c_owner;&amp;#10;&#x9;FETCH c_owner INTO v_owner;&amp;#10;&#x9;CLOSE c_owner;&amp;#10;&#x9;&amp;#10;&#x9;-- We need to specify the table owner here.  This is because ALTER DDL will not work with a synonym.&amp;#10;&#x9;forms_ddl('ALTER TABLE '||v_owner||'.PATIENT_VIEWS_ARCHIVE LOCATION ('''||to_char(:archive.month,'MONYYYY')||'.csv'')');&amp;#10;&#x9;&amp;#10;&#x9;-- A problem with the above statement may not necessarily throw a visible form error.&amp;#10;&#x9;-- To aid any future debugging, throw any errors to the message bar.&amp;#10;&#x9;IF FORM_FAILURE THEN&amp;#10;&#x9;&#x9;RAISE dll_fail;&amp;#10;&#x9;END IF;&amp;#10;&#x9;&amp;#10;&#x9;show_view('C_VIEWS');&#x9;&#x9;&amp;#10;&#x9;go_block('PATIENT_VIEWS_ARCHIVE');&amp;#10;  do_key('EXECUTE_QUERY');&amp;#10;&amp;#10;&#x9;EXCEPTION WHEN dll_fail THEN&amp;#10;&#x9;&#x9;message(DBMS_ERROR_TEXT,NO_ACKNOWLEDGE);&#x9;&amp;#10;END;" ProgramUnitType="Procedure"/>
      <ProgramUnit Name="CLEARDOWN_PATIENT_EVENTS" ProgramUnitText="PROCEDURE cleardown_patient_events IS&amp;#10;&#x9;-- Dave L&amp;#10;&#x9;-- Clear down patient view records.&amp;#10;&#x9;--&amp;#10;&#x9;-- Name&#x9;&#x9;&#x9;Date&#x9;&#x9;&#x9;Change&#x9;&amp;#10;&#x9;-- ----     ----      ------&amp;#10;&#x9;-- Dave L&#x9;&#x9;09/09/08  1) Prevent cleardown of the current month.&amp;#10;&#x9;--&#x9;&#x9;&#x9;&#x9;&#x9;&#x9;&#x9;&#x9;&#x9;&#x9;2) Remove '- 1' from call to cleardown_patient_events, as last day of month&amp;#10;&#x9;--&#x9;&#x9;&#x9;&#x9;&#x9;&#x9;&#x9;&#x9;&#x9;&#x9;&#x9; was being excluded from cleardown.&amp;#10;&#x9;&amp;#10;&#x9;-- Constants&amp;#10; &#x9;c_language   NUMBER := NAME_IN('GLOBAL.LANGUAGE_ID');&amp;#10;&amp;#10;&#x9;-- Variables&amp;#10;&#x9;v_reply &#x9;&#x9; NUMBER;&amp;#10;&#x9;v_question&#x9; VARCHAR2(200);&amp;#10;&#x9;v_btn&#x9;&#x9;&#x9;&#x9; NUMBER;&amp;#10;&#x9;v_error&#x9;&#x9;&#x9; VARCHAR2(300);&amp;#10;&#x9;v_count&#x9;&#x9;&#x9; NUMBER;&amp;#10;&#x9;v_clrdwn_msg VARCHAR2(100);&amp;#10;&amp;#10;&#x9;-- Exceptions&amp;#10;&#x9;e_delete  EXCEPTION;&amp;#10;&#x9;e_current EXCEPTION;&amp;#10;&amp;#10;BEGIN&amp;#10;&#x9;&#x9;&amp;#10;&#x9;-- Make sure we are not trying to clear down the current month&amp;#10;&#x9;IF to_char(:archive.month,'MM/YYYY') >= to_char(SYSDATE,'MM/YYYY') THEN&amp;#10;&#x9;&#x9;RAISE e_current;&amp;#10;&#x9;END IF;&#x9;&#x9;&amp;#10;&#x9;&#x9;&amp;#10;&#x9;-- Do you want to clear down audit data for &lt;range>&amp;#10;&#x9;-- Yes, No, Cancel&#x9;&#x9;&amp;#10;&#x9;v_question := substr(oasis_package.geterrortext(9514,&amp;#10;&#x9;&#x9;&#x9;&#x9;&#x9;&#x9;&#x9;&#x9;&#x9;&#x9;&#x9;&#x9;&#x9;&#x9;&#x9;&#x9;&#x9;&#x9;&#x9;&#x9;&#x9;&#x9;&#x9;&#x9;&#x9;c_language,&amp;#10;&#x9;&#x9;&#x9;&#x9;&#x9;&#x9;&#x9;&#x9;&#x9;&#x9;&#x9;&#x9;&#x9;&#x9;&#x9;&#x9;&#x9;&#x9;&#x9;&#x9;&#x9;&#x9;&#x9;&#x9;&#x9;:archive.month,&amp;#10;&#x9;&#x9;&#x9;&#x9;&#x9;&#x9;&#x9;&#x9;&#x9;&#x9;&#x9;&#x9;&#x9;&#x9;&#x9;&#x9;&#x9;&#x9;&#x9;&#x9;&#x9;&#x9;&#x9;&#x9;&#x9;add_months(:archive.month,1) - 1),1,200);&#x9;&amp;#10;&#x9;&#x9;&#x9;&#x9;&#x9;&#x9;&#x9;&#x9;&#x9;&#x9;&#x9;&#x9;&#x9;&#x9;&#x9;&#x9;&#x9;&#x9;&#x9;&#x9;&#x9;&#x9;&#x9;&#x9;&#x9;&amp;#10;&#x9;v_btn := &#x9;display_alert_return_plus('THREE_BTN_ALERT', v_question);&amp;#10;&#x9;&amp;#10;&#x9;IF v_btn = ALERT_BUTTON1 THEN&amp;#10;&#x9;&#x9;-- Cleardown procedure&#x9;&#x9;&#x9;&#x9;&#x9;&#x9;&#x9;&#x9;&#x9;&#x9;&#x9;&#x9;&#x9;&#x9;&#x9;&#x9;&#x9;&#x9;&#x9;&#x9;&#x9;&#x9;&#x9;&#x9;&#x9;&#x9;&amp;#10;&#x9;&#x9;oasaudit_package.cleardown_patient_events(NULL,&amp;#10;&#x9;&#x9;&#x9;&#x9;&#x9;&#x9;&#x9;&#x9;&#x9;&#x9;&#x9;&#x9;&#x9;&#x9;&#x9;&#x9;&#x9;&#x9;&#x9;&#x9;&#x9;&#x9;  :archive.month,&amp;#10;&#x9;&#x9;&#x9;&#x9;&#x9;&#x9;&#x9;&#x9;&#x9;&#x9;&#x9;&#x9;&#x9;&#x9;&#x9;&#x9;&#x9;&#x9;&#x9;&#x9;&#x9;&#x9;  add_months(:archive.month,1),&amp;#10;&#x9;&#x9;&#x9;&#x9;&#x9;&#x9;&#x9;&#x9;&#x9;&#x9;&#x9;&#x9;&#x9;&#x9;&#x9;&#x9;&#x9;&#x9;&#x9;&#x9;&#x9;&#x9;  v_count,&amp;#10;&#x9;&#x9;&#x9;&#x9;&#x9;&#x9;&#x9;&#x9;&#x9;&#x9;&#x9;&#x9;&#x9;&#x9;&#x9;&#x9;&#x9;&#x9;&#x9;&#x9;&#x9;&#x9;  v_error);&amp;#10;&#x9;&#x9;&#x9;&#x9;&#x9;&#x9;&#x9;&#x9;&#x9;&#x9;&#x9;&#x9;&#x9;&#x9;&#x9;&#x9;&#x9;&#x9;&#x9;&#x9;&#x9;&#x9;  &amp;#10;&#x9;&#x9;:system.message_level := 10;&#x9;&#x9;&#x9;&#x9;&#x9;&#x9;&#x9;&#x9;&#x9;&#x9;&#x9;&#x9;&#x9;&#x9;&#x9;&#x9;&#x9;&#x9;&#x9;&#x9; &amp;#10;&#x9;&#x9;COMMIT;&amp;#10;&#x9;&#x9;:system.message_level := 0;&amp;#10;&amp;#10;&#x9;IF v_error IS NOT NULL THEN&amp;#10;&#x9;&#x9;RAISE e_delete;&amp;#10;&#x9;END IF;&amp;#10;&#x9;&#x9;&#x9;&#x9;&#x9;&#x9;&#x9;&#x9;&#x9;&#x9;&#x9;&#x9;&#x9;&#x9;&#x9;&amp;#10;&#x9;&#x9;v_clrdwn_msg := substr(oasis_package.geterrortext(9515,&amp;#10;&#x9;&#x9;&#x9;&#x9;&#x9;&#x9;&#x9;&#x9;&#x9;&#x9;&#x9;&#x9;&#x9;&#x9;&#x9;&#x9;&#x9;&#x9;&#x9;&#x9;&#x9;&#x9;&#x9;&#x9;&#x9;&#x9;&#x9;c_language,&amp;#10;&#x9;&#x9;&#x9;&#x9;&#x9;&#x9;&#x9;&#x9;&#x9;&#x9;&#x9;&#x9;&#x9;&#x9;&#x9;&#x9;&#x9;&#x9;&#x9;&#x9;&#x9;&#x9;&#x9;&#x9;&#x9;&#x9;&#x9;v_count),1,300);  -- [^PAR1] records cleared down.&#x9;&amp;#10;&#x9;&#x9;&#x9;&#x9;&#x9;&#x9;&#x9;&#x9;&#x9;&#x9;&#x9;&#x9;&#x9;&#x9;&#x9;&#x9;&#x9;&#x9;&#x9;&#x9;&#x9;&#x9;&#x9;&#x9;&#x9;&#x9;&#x9;&#x9;&#x9;&#x9;&#x9;&#x9;&#x9;&#x9;&#x9;&#x9;&#x9;&#x9;&#x9;&#x9;&#x9;&#x9;&#x9;&#x9; &amp;#10;&#x9;  display_standard_alert(v_clrdwn_msg);&amp;#10;&#x9;  &amp;#10;&#x9;ELSIF v_btn = ALERT_BUTTON2 THEN&amp;#10;&#x9;&#x9;go_item('archive.month');&amp;#10;&#x9;&#x9;:archive.month := NULL;&amp;#10;&#x9;ELSIF v_btn = ALERT_BUTTON3 THEN&amp;#10;&#x9;&#x9;NULL;&amp;#10;&#x9;END IF;&amp;#10;&#x9;&#x9;&#x9;&#x9;&#x9;&#x9;&#x9;&#x9;&#x9;&#x9;&#x9;&#x9;&#x9;&#x9;&#x9;&#x9;&#x9;&#x9;&#x9;&#x9;&#x9;&#x9;  &amp;#10;EXCEPTION&amp;#10;  WHEN e_delete THEN&amp;#10;    display_alert('ERROR_ALERT',&amp;#10;                  9516); -- Error clearing down audit data.  Please contact system manager.&amp;#10;  WHEN e_current THEN&amp;#10;    display_alert('ERROR_ALERT',&amp;#10;                  9553); -- You cannot cleardown the data for the current or a future month&amp;#10;  WHEN OTHERS THEN&amp;#10;    display_alert('ERROR_ALERT',&amp;#10;                  9516); -- Error clearing down audit data.  Please contact system manager.&amp;#10;END;" ProgramUnitType="Procedure"/>
      <ProgramUnit Name="CLEARDOWN_PATIENT_VIEWS" ProgramUnitText="PROCEDURE cleardown_patient_views IS&amp;#10;&#x9;-- Dave L&amp;#10;&#x9;-- Clear down patient view records.&amp;#10;&#x9;--&amp;#10;&#x9;-- Name&#x9;&#x9;&#x9;Date&#x9;&#x9;&#x9;Change&#x9;&amp;#10;&#x9;-- ----     ----      ------&amp;#10;&#x9;-- Dave L&#x9;&#x9;09/09/08  1) Prevent cleardown of the current month.&amp;#10;&#x9;--&#x9;&#x9;&#x9;&#x9;&#x9;&#x9;&#x9;&#x9;&#x9;&#x9;2) Remove '- 1' from call to cleardown_patient_events, as last day of month&amp;#10;&#x9;--&#x9;&#x9;&#x9;&#x9;&#x9;&#x9;&#x9;&#x9;&#x9;&#x9;&#x9; was being excluded from cleardown.&amp;#10;&#x9;-- Constants&amp;#10; &#x9;c_language   NUMBER := NAME_IN('GLOBAL.LANGUAGE_ID');&amp;#10;&amp;#10;&#x9;-- Variables&amp;#10;&#x9;v_reply &#x9;&#x9;NUMBER;&amp;#10;&#x9;v_question&#x9;VARCHAR2(200);&amp;#10;&#x9;v_btn&#x9;&#x9;&#x9;&#x9;NUMBER;&amp;#10;&#x9;v_error&#x9;&#x9;&#x9;VARCHAR2(300);&amp;#10;&#x9;v_count&#x9;&#x9;&#x9; NUMBER;&amp;#10;&#x9;v_clrdwn_msg VARCHAR2(100);&amp;#10;&amp;#10;&#x9;-- Exceptions&amp;#10;&#x9;e_delete  EXCEPTION;&amp;#10;&#x9;e_current EXCEPTION;&amp;#10;&amp;#10;BEGIN&amp;#10;&amp;#10;&#x9;-- Make sure we are not trying to clear down the current month&amp;#10;&#x9;IF to_char(:archive.month,'MM/YYYY') >= to_char(SYSDATE,'MM/YYYY') THEN&amp;#10;&#x9;&#x9;RAISE e_current;&amp;#10;&#x9;END IF;&#x9;&#x9;&amp;#10;&#x9;&#x9;&amp;#10;&#x9;-- Do you want to clear down audit data for &lt;range>&amp;#10;&#x9;-- Yes, No, Cancel&#x9;&#x9;&amp;#10;&#x9;v_question := substr(oasis_package.geterrortext(9514,&amp;#10;&#x9;&#x9;&#x9;&#x9;&#x9;&#x9;&#x9;&#x9;&#x9;&#x9;&#x9;&#x9;&#x9;&#x9;&#x9;&#x9;&#x9;&#x9;&#x9;&#x9;&#x9;&#x9;&#x9;&#x9;&#x9;c_language,&amp;#10;&#x9;&#x9;&#x9;&#x9;&#x9;&#x9;&#x9;&#x9;&#x9;&#x9;&#x9;&#x9;&#x9;&#x9;&#x9;&#x9;&#x9;&#x9;&#x9;&#x9;&#x9;&#x9;&#x9;&#x9;&#x9;:archive.month,&amp;#10;&#x9;&#x9;&#x9;&#x9;&#x9;&#x9;&#x9;&#x9;&#x9;&#x9;&#x9;&#x9;&#x9;&#x9;&#x9;&#x9;&#x9;&#x9;&#x9;&#x9;&#x9;&#x9;&#x9;&#x9;&#x9;add_months(:archive.month,1) - 1),1,200);&#x9;&amp;#10;&amp;#10;&#x9;v_btn := &#x9;display_alert_return_plus('THREE_BTN_ALERT', v_question);&amp;#10;&amp;#10;&#x9;IF v_btn = ALERT_BUTTON1 THEN&amp;#10;&#x9;&#x9;-- Cleardown procedure&#x9;&#x9;&#x9;&#x9;&#x9;&#x9;&#x9;&#x9;&#x9;&#x9;&#x9;&#x9;&#x9;&#x9;&#x9;&#x9;&#x9;&#x9;&#x9;&#x9;&#x9;&#x9;&#x9;&#x9;&#x9;&#x9;&amp;#10;&#x9;&#x9;oasaudit_package.cleardown_patient_views(NULL,&amp;#10;&#x9;&#x9;&#x9;&#x9;&#x9;&#x9;&#x9;&#x9;&#x9;&#x9;&#x9;&#x9;&#x9;&#x9;&#x9;&#x9;&#x9;&#x9;&#x9;&#x9;&#x9;&#x9; :archive.month,&amp;#10;&#x9;&#x9;&#x9;&#x9;&#x9;&#x9;&#x9;&#x9;&#x9;&#x9;&#x9;&#x9;&#x9;&#x9;&#x9;&#x9;&#x9;&#x9;&#x9;&#x9;&#x9;&#x9; add_months(:archive.month,1),&amp;#10;&#x9;&#x9;&#x9;&#x9;&#x9;&#x9;&#x9;&#x9;&#x9;&#x9;&#x9;&#x9;&#x9;&#x9;&#x9;&#x9;&#x9;&#x9;&#x9;&#x9;&#x9;&#x9; v_count,&amp;#10;&#x9;&#x9;&#x9;&#x9;&#x9;&#x9;&#x9;&#x9;&#x9;&#x9;&#x9;&#x9;&#x9;&#x9;&#x9;&#x9;&#x9;&#x9;&#x9;&#x9;&#x9;&#x9; v_error);&amp;#10;&#x9;&#x9;&amp;#10;&#x9;&#x9;:system.message_level := 10;&#x9;&#x9;&#x9;&#x9;&#x9;&#x9;&#x9;&#x9;&#x9;&#x9;&#x9;&#x9;&#x9;&#x9;&#x9;&#x9;&#x9;&#x9;&#x9;&#x9; &amp;#10;&#x9;&#x9;COMMIT;&amp;#10;&#x9;&#x9;:system.message_level := 0;&amp;#10;&amp;#10;&#x9;IF v_error IS NOT NULL THEN&amp;#10;&#x9;&#x9;RAISE e_delete;&amp;#10;&#x9;END IF;&amp;#10;&#x9;&#x9;&#x9;&#x9;&#x9;&#x9;&#x9;&#x9;&#x9;&#x9;&#x9;&#x9;&#x9;&#x9;&#x9;&amp;#10;&#x9;&#x9;v_clrdwn_msg := substr(oasis_package.geterrortext(9515,&amp;#10;&#x9;&#x9;&#x9;&#x9;&#x9;&#x9;&#x9;&#x9;&#x9;&#x9;&#x9;&#x9;&#x9;&#x9;&#x9;&#x9;&#x9;&#x9;&#x9;&#x9;&#x9;&#x9;&#x9;&#x9;&#x9;&#x9;&#x9;c_language,&amp;#10;&#x9;&#x9;&#x9;&#x9;&#x9;&#x9;&#x9;&#x9;&#x9;&#x9;&#x9;&#x9;&#x9;&#x9;&#x9;&#x9;&#x9;&#x9;&#x9;&#x9;&#x9;&#x9;&#x9;&#x9;&#x9;&#x9;&#x9;v_count),1,300);  -- [^PAR1] records cleared down.&#x9;&amp;#10;&#x9;&#x9;&#x9;&#x9;&#x9;&#x9;&#x9;&#x9;&#x9;&#x9;&#x9;&#x9;&#x9;&#x9;&#x9;&#x9;&#x9;&#x9;&#x9;&#x9;&#x9;&#x9;&#x9;&#x9;&#x9;&#x9;&#x9;&#x9;&#x9;&#x9;&#x9;&#x9;&#x9;&#x9;&#x9;&#x9;&#x9;&#x9;&#x9;&#x9;&#x9;&#x9;&#x9;&#x9; &amp;#10;&#x9;  display_standard_alert(v_clrdwn_msg); &amp;#10;&#x9;  &amp;#10;&#x9;ELSIF v_btn = ALERT_BUTTON2 THEN&amp;#10;&#x9;&#x9;go_item('archive.month');&amp;#10;&#x9;&#x9;:archive.month := NULL;&amp;#10;&#x9;ELSIF v_btn = ALERT_BUTTON3 THEN&amp;#10;&#x9;&#x9;NULL;&amp;#10;&#x9;END IF;&amp;#10;&#x9;&amp;#10;EXCEPTION&amp;#10;  WHEN e_delete THEN&amp;#10;    display_alert('ERROR_ALERT',&amp;#10;                  9516); -- Error clearing down audit data.  Please contact system manager.&amp;#10;  WHEN e_current THEN&amp;#10;    display_alert('ERROR_ALERT',&amp;#10;                  9553); -- You cannot cleardown the data for the current or a future month&amp;#10;  WHEN OTHERS THEN&amp;#10;    display_alert('ERROR_ALERT',&amp;#10;                  9516); -- Error clearing down audit data.  Please contact system manager.&amp;#10;END;" ProgramUnitType="Procedure"/>
      <PropertyClass Name="BUTTON_CLASS" ParentModule="PAS_OLD" ParentModuleType="25" ParentName="BUTTON_CLASS" ParentFilename="pas_old.olb" ParentFilepath="" ParentType="29"/>
      <PropertyClass Name="LOV_BUTTON_CLASS" ParentModule="PAS_OLD" ParentModuleType="25" ParentName="LOV_BUTTON_CLASS" ParentFilename="pas_old.olb" ParentFilepath="" ParentType="29"/>
      <PropertyClass Name="BPT_CLASS" ParentModule="PAS_OLD" ParentModuleType="25" ParentName="BPT_CLASS" ParentFilename="pas_old.olb" ParentFilepath="" ParentType="29"/>
      <PropertyClass Name="BPT_BLUE_CLASS" ParentModule="PAS_OLD" ParentModuleType="25" ParentName="BPT_BLUE_CLASS" ParentFilename="pas_old.olb" ParentFilepath="" ParentType="29"/>
      <PropertyClass Name="BPT_GREY_CLASS" ParentModule="PAS_OLD" ParentModuleType="25" ParentName="BPT_GREY_CLASS" ParentFilename="pas_old.olb" ParentFilepath="" ParentType="29"/>
      <PropertyClass Name="TEXT_ITEM_CLASS" ParentModule="PAS_OLD" ParentModuleType="25" ParentName="TEXT_ITEM_CLASS" ParentFilename="pas_old.olb" ParentFilepath="" ParentType="29"/>
      <PropertyClass Name="TEXT_ITEM_DATE_CLASS" ParentModule="PAS_OLD" ParentModuleType="25" ParentName="TEXT_ITEM_DATE_CLASS" ParentFilename="pas_old.olb" ParentFilepath="" ParentType="29"/>
      <PropertyClass Name="TEXT_ITEM_NUMBER_CLASS" ParentModule="PAS_OLD" ParentModuleType="25" ParentName="TEXT_ITEM_NUMBER_CLASS" ParentFilename="pas_old.olb" ParentFilepath="" ParentType="29"/>
      <PropertyClass Name="TEXT_ITEM_DATETIME_CLASS" ParentModule="PAS_OLD" ParentModuleType="25" ParentName="TEXT_ITEM_DATETIME_CLASS" ParentFilename="pas_old.olb" ParentFilepath="" ParentType="29"/>
      <PropertyClass Name="DISPLAY_ITEM_CLASS" ParentModule="PAS_OLD" ParentModuleType="25" ParentName="DISPLAY_ITEM_CLASS" ParentFilename="pas_old.olb" ParentFilepath="" ParentType="29"/>
      <PropertyClass Name="STACKED_CANVAS_CLASS" ParentModule="PAS_OLD" ParentModuleType="25" ParentName="STACKED_CANVAS_CLASS" ParentFilename="pas_old.olb" ParentFilepath="" ParentType="29"/>
      <PropertyClass Name="WINDOW_CLASS" ParentModule="PAS_OLD" ParentModuleType="25" ParentName="WINDOW_CLASS" ParentFilename="pas_old.olb" ParentFilepath="" ParentType="29"/>
      <PropertyClass Name="ID_CLASS" ParentModule="PAS_OLD" ParentModuleType="25" ParentName="ID_CLASS" ParentFilename="pas_old.olb" ParentFilepath="" ParentType="29"/>
      <PropertyClass Name="MENU_ITEM_CLASS" ParentModule="PAS_CUI" ParentModuleType="25" ParentName="MENU_ITEM_CLASS" ParentFilename="pas_cui.olb" DirtyInfo="true" ParentFilepath="" ParentType="29"/>
      <PropertyClass Name="FORM_TITLE_CLASS" ParentModule="PAS_CUI" ParentModuleType="25" ParentName="FORM_TITLE_CLASS" ParentFilename="pas_cui.olb" DirtyInfo="true" ParentFilepath="" ItemType="Display Item" ParentType="29"/>
      <PropertyClass Name="SECTION_TITLE_CLASS" ParentModule="PAS_CUI" ParentModuleType="25" ParentName="SECTION_TITLE_CLASS" ParentFilename="pas_cui.olb" DirtyInfo="true" ParentFilepath="" ItemType="Display Item" ParentType="29"/>
      <PropertyClass Name="BACKGROUND_LINK_BOX_CLASS" ParentModule="PAS_CUI" ParentModuleType="25" ParentName="BACKGROUND_LINK_BOX_CLASS" ParentFilename="pas_cui.olb" DirtyInfo="true" ParentFilepath="" ParentType="29"/>
      <PropertyClass Name="CUI_DATE_INPUT" ParentModule="PAS_CUI" ParentModuleType="25" ParentName="CUI_DATE_INPUT" ParentFilename="pas_cui.olb" DirtyInfo="true" ParentFilepath="" ParentType="29"/>
      <PropertyClass Name="CUI_DATE_DISP" ParentModule="PAS_CUI" ParentModuleType="25" ParentName="CUI_DATE_DISP" ParentFilename="pas_cui.olb" DirtyInfo="true" ParentFilepath="" ParentType="29"/>
      <PropertyClass Name="CUI_DATETIME_INPUT" ParentModule="PAS_CUI" ParentModuleType="25" ParentName="CUI_DATETIME_INPUT" ParentFilename="pas_cui.olb" DirtyInfo="true" ParentFilepath="" ParentType="29"/>
      <PropertyClass Name="CUI_DATETIME_DISP" ParentModule="PAS_CUI" ParentModuleType="25" ParentName="CUI_DATETIME_DISP" ParentFilename="pas_cui.olb" DirtyInfo="true" ParentFilepath="" ParentType="29"/>
      <Trigger Name="WHEN-NEW-ITEM-INSTANCE" TriggerText="/* This trigger activates the hint message for the associated item */&amp;#10;begin&amp;#10;  display_text_hint;&amp;#10;end;"/>
      <Trigger Name="WHEN-MOUSE-CLICK" TriggerText="--&amp;#10;-- call stdlib procedure to handle mouse click&amp;#10;-- N.B. standard left button click is not affected &amp;#10;--&amp;#10;-- date&#x9;&#x9;by&#x9;&#x9;change&amp;#10;-- 31-05-1996&#x9;Steve Pusey&#x9;Creation&amp;#10;--&amp;#10;BEGIN&amp;#10;&amp;#10;  oasis_when_mouse_click.when_mouse_click;&amp;#10;&amp;#10;END;"/>
      <Trigger Name="WHEN-NEW-FORM-INSTANCE" TriggerText="--&amp;#10;-- fires when form is entered, PRE-FORM fires before this trigger&amp;#10;--&amp;#10;-- Date&#x9;&#x9;by &#x9;&#x9;change&amp;#10;-- 10/1994&#x9;David Massie&#x9;Creation&amp;#10;-- 1995&#x9;&#x9;Nagy Tharwat&#x9;Upgrade to v9 - moved code into library procedure&amp;#10;-- 2/5/1996&#x9;Steve Pusey&#x9;Upgrade to V10 &amp;#10;--&#x9;&#x9;&#x9;&#x9;- versions into oasis_new_form_instance&amp;#10;--&#x9;&#x9;&#x9;&#x9;- Tidied code and added comments&amp;#10;--&amp;#10;&amp;#10;DECLARE&amp;#10;&amp;#10;  v_error_no             number(4); -- returned from oasis_new_form_instance&amp;#10;&amp;#10;BEGIN&amp;#10;&amp;#10;  -- version 2 form (gets bpt and window titles fromm files)&amp;#10;  oasis_new_form_instance_v2(v_error_no, 2); &amp;#10;&amp;#10;  if v_error_no > 0 then&amp;#10;    display_alert ('ERROR_ALERT', v_error_no);&amp;#10;    exit_form (NO_VALIDATE);&amp;#10;  end if;&amp;#10;&amp;#10;-- *** Insert additional code into init_form package ***&amp;#10;&amp;#10;  &amp;#10;  hci_upgrade.pr_initialise_images;&amp;#10;  init_form.init_form;&amp;#10;  &amp;#10;END;"/>
      <Trigger Name="WHEN-TIMER-EXPIRED" TriggerText="Button_Hint;"/>
      <Trigger Name="ON-MESSAGE" TriggerText="--&amp;#10;-- steve pusey 19/4/96&amp;#10;--&amp;#10;BEGIN&amp;#10;&amp;#10;  oasis_standard_procs.on_message;&amp;#10;&amp;#10;END;"/>
      <Trigger Name="ON-ERROR" TriggerText="--&amp;#10;-- steve pusey 19/4/96&amp;#10;--&amp;#10;BEGIN&amp;#10;&amp;#10;  oasis_standard_procs.on_error;&amp;#10;&amp;#10;END;"/>
      <Trigger Name="KEY-EXIT" TriggerText="--&amp;#10;-- fires when form is exited&amp;#10;--&amp;#10;-- Date&#x9;&#x9;by &#x9;&#x9;change&amp;#10;-- 10/1994&#x9;David Massie&#x9;Creation&amp;#10;-- 1995&#x9;&#x9;Nagy Tharwat&#x9;Upgrade to v9 - moved code into library procedure&amp;#10;-- 2/5/1996&#x9;Steve Pusey&#x9;Upgrade to V10 &amp;#10;--&#x9;&#x9;&#x9;&#x9;- removed code to check for system.mode = 'ENTER-QUERY', I can't&amp;#10;--&#x9;&#x9;&#x9;&#x9;- see why this code is not in the library !&amp;#10;--&amp;#10;BEGIN&amp;#10;   &amp;#10;  oasis_exit_form;&amp;#10;&amp;#10;END;"/>
      <Trigger Name="WHEN-WINDOW-CLOSED" DirtyInfo="true" TriggerText="/* This trigger ensures proper navigation when a window is closed using the windows close function */&amp;#10;begin&amp;#10;  :GLOBAL.WINDOW_NAME := get_view_property(get_item_property(:SYSTEM.CURSOR_ITEM,&amp;#10;     item_canvas), window_name);&amp;#10;  hide_window(:GLOBAL.WINDOW_NAME);&amp;#10;  erase('GLOBAL.WINDOW_NAME');&amp;#10;end;&amp;#10;"/>
      <Trigger Name="POST-FORM" DirtyInfo="true" TriggerText="/* This trigger clears the Global variables used within the form */&amp;#10;begin&amp;#10;  erase('GLOBAL.ROOT_WINDOW_NAME');&amp;#10;end;&amp;#10;"/>
      <Trigger Name="KEY-CLRFRM" ParentModule="PAS_CUI" ParentModuleType="25" ParentName="KEY-CLRFRM" ParentFilename="PAS_CUI.olb" DirtyInfo="true" ParentType="37"/>
      <Trigger Name="PRE_BLOCK" FireInQuery="true" TriggerText="/* This trigger resets the 40352_count global to allow the Last line of query message to be displayed */&amp;#10;begin&amp;#10;  :GLOBAL.40352_COUNT := 0;&amp;#10;end;" DisplayInKeyboardHelp="false"/>
      <Trigger Name="PRE_QUERY" FireInQuery="true" TriggerText="/* This trigger resets the 40352_count global to allow the Last line of query message to be displayed */&amp;#10;begin&amp;#10;  :GLOBAL.40352_COUNT := 0;&amp;#10;end;" DisplayInKeyboardHelp="false"/>
      <Trigger Name="EASY_BUTTON_TRIGGER" TriggerText="NULL;"/>
      <Trigger Name="DRILLDN_BUTTON_TRIGGER" TriggerText="NULL;"/>
      <Trigger Name="KEY-CLRREC" DirtyInfo="true" TriggerText="clear_record;&amp;#10;"/>
      <Trigger Name="KEY-CLRBLK" TriggerText="clear_block;"/>
      <Trigger Name="KEY-COMMIT" TriggerText="commit_form;"/>
      <Trigger Name="KEY-CQUERY" TriggerText="count_query;"/>
      <Trigger Name="KEY-CREREC" TriggerText="create_record;&amp;#10;"/>
      <Trigger Name="KEY-DELREC" TriggerText="null;"/>
      <Trigger Name="KEY-DOWN" TriggerText="down;"/>
      <Trigger Name="KEY-DUP-ITEM" KeyboardHelpText="Record Error" TriggerText="--&amp;#10;-- steve pusey 22/4/96&amp;#10;--&amp;#10;BEGIN&amp;#10;&amp;#10;  oasis_standard_procs.key_dupitem_trigger;&amp;#10;&amp;#10;END;" DisplayInKeyboardHelp="true"/>
      <Trigger Name="KEY-DUPREC" TriggerText="duplicate_record;"/>
      <Trigger Name="KEY-EDIT" TriggerText="EDIT_TEXTITEM;"/>
      <Trigger Name="KEY-ENTER" TriggerText="null;"/>
      <Trigger Name="KEY-ENTQRY" TriggerText="enter_query;"/>
      <Trigger Name="KEY-EXEQRY" TriggerText="execute_query;"/>
      <Trigger Name="KEY-HELP" TriggerText="GET_HELP;"/>
      <Trigger Name="KEY-LISTVAL" TriggerText="list_values;"/>
      <Trigger Name="KEY-NEXT-ITEM" TriggerText="next_item;"/>
      <Trigger Name="KEY-NXTREC" TriggerText="next_record;"/>
      <Trigger Name="KEY-NXTSET" TriggerText="next_set;"/>
      <Trigger Name="KEY-OTHERS" TriggerText="NULL;"/>
      <Trigger Name="KEY-PREV-ITEM" TriggerText="PREVIOUS_ITEM;"/>
      <Trigger Name="KEY-PRINT" TriggerText="print;"/>
      <Trigger Name="KEY-PRVREC" TriggerText="PREVIOUS_RECORD;"/>
      <Trigger Name="KEY-SCRDOWN" TriggerText="SCROLL_DOWN;"/>
      <Trigger Name="KEY-SCRUP" TriggerText="SCROLL_UP;"/>
      <Trigger Name="KEY-UP" TriggerText="UP;"/>
      <VisualAttribute Name="CURR_ITEM_RED" ParentModule="PAS_OLD" ParentModuleType="25" ParentName="CURR_ITEM_RED" ParentFilename="pas_old.olb" ParentFilepath="" ParentType="39"/>
      <VisualAttribute Name="BACKGROUND_CANVAS_BLUE" ParentModule="PAS_OLD" ParentModuleType="25" ParentName="BACKGROUND_CANVAS_BLUE" ParentFilename="pas_old.olb" ParentFilepath="" ParentType="39"/>
      <VisualAttribute Name="BACKGROUND_CANVAS" ParentModule="PAS_OLD" ParentModuleType="25" ParentName="BACKGROUND_CANVAS" ParentFilename="pas_old.olb" ParentFilepath="" ParentType="39"/>
      <VisualAttribute Name="TEXT_ITEM_BPT" ParentModule="PAS_OLD" ParentModuleType="25" ParentName="TEXT_ITEM_BPT" ParentFilename="pas_old.olb" ParentFilepath="" ParentType="39"/>
      <VisualAttribute Name="TEXT_ITEM_BPT_GREY" ParentModule="PAS_OLD" ParentModuleType="25" ParentName="TEXT_ITEM_BPT_GREY" ParentFilename="pas_old.olb" ParentFilepath="" ParentType="39"/>
      <VisualAttribute Name="TEXT_ITEM_VA" ParentModule="PAS_OLD" ParentModuleType="25" ParentName="TEXT_ITEM_VA" ParentFilename="pas_old.olb" ParentFilepath="" ParentType="39"/>
      <VisualAttribute Name="CURR_ITEM_VA" ParentModule="PAS_OLD" ParentModuleType="25" ParentName="CURR_ITEM_VA" ParentFilename="pas_old.olb" ParentFilepath="" ParentType="39"/>
      <VisualAttribute Name="DISP_RED" ParentModule="PAS_OLD" ParentModuleType="25" ParentName="DISP_RED" ParentFilename="pas_old.olb" ParentFilepath="" ParentType="39"/>
      <VisualAttribute Name="DISP_RED2" ParentModule="PAS_OLD" ParentModuleType="25" ParentName="DISP_RED2" ParentFilename="pas_old.olb" ParentFilepath="" ParentType="39"/>
      <VisualAttribute Name="DISP_GREEN" ParentModule="PAS_OLD" ParentModuleType="25" ParentName="DISP_GREEN" ParentFilename="pas_old.olb" ParentFilepath="" ParentType="39"/>
      <VisualAttribute Name="DISP_GREEN2" ParentModule="PAS_OLD" ParentModuleType="25" ParentName="DISP_GREEN2" ParentFilename="pas_old.olb" ParentFilepath="" ParentType="39"/>
      <VisualAttribute Name="WEB_BTN" BackColor="white" FontName="Arial" FontSize="900" FontStyle="Plain" FontWeight="Medium" FontSpacing="Normal"/>
      <VisualAttribute Name="WEB_TEXT_BUTTON" ParentModule="PAS_CUI" ParentModuleType="25" ParentName="WEB_TEXT_BUTTON" ParentFilename="pas_cui.olb" ParentFilepath="" ParentType="39"/>
      <VisualAttribute Name="WEB_TEXT_BUTTON_CLICK" ParentModule="PAS_CUI" ParentModuleType="25" ParentName="WEB_TEXT_BUTTON_CLICK" ParentFilename="pas_cui.olb" ParentFilepath="" ParentType="39"/>
      <VisualAttribute Name="WEB_BPT_WINGDINGS" BackColor="white" FontName="Wingdings" FontSize="1400" FontStyle="Plain" FontWeight="Medium" FontSpacing="Normal" ForegroundColor="Top Blue"/>
      <VisualAttribute Name="V7_VA_TOOLTIP" BackColor="r100g100b88" FontName="Arial" FontSize="900" FontStyle="Plain" FontWeight="Medium" FontSpacing="Normal" ForegroundColor="Black"/>
      <VisualAttribute Name="MENU_TEXT_ITEMS" BackColor="Side Green" FontName="Arial" VisualAttributeType="Common" FontSize="900" DirtyInfo="true" FontWeight="Bold" ForegroundColor="darkcyan"/>
      <VisualAttribute Name="MENU_TEXT_ITEMS_INV" BackColor="darkcyan" FontName="Arial" VisualAttributeType="Common" FontSize="900" DirtyInfo="true" FontWeight="Bold" ForegroundColor="Side Green"/>
      <VisualAttribute Name="MENU_PROMPT" VisualAttributeType="Prompt" PromptForegroundColor="darkgray" DirtyInfo="true" PromptFontName="Arial" PromptFontSize="900" PromptFontStyle="Plain" PromptFontWeight="Bold" PromptFontSpacing="Normal"/>
      <VisualAttribute Name="MENU_TEXT_ITEMS_VA" ParentModule="PAS_CUI" ParentModuleType="25" ParentName="MENU_TEXT_ITEMS_VA" ParentFilename="pas_cui.olb" DirtyInfo="true" ParentFilepath="" ParentType="39"/>
      <VisualAttribute Name="FORM_TITLE_VA" ParentModule="PAS_CUI" ParentModuleType="25" ParentName="FORM_TITLE_VA" ParentFilename="pas_cui.olb" DirtyInfo="true" ParentFilepath="" ParentType="39"/>
      <VisualAttribute Name="SECTION_TITLE_VA" ParentModule="PAS_CUI" ParentModuleType="25" ParentName="SECTION_TITLE_VA" ParentFilename="pas_cui.olb" DirtyInfo="true" ParentFilepath="" ParentType="39"/>
      <VisualAttribute Name="BACKGROUND_LINK_BOX_VA" ParentModule="PAS_CUI" ParentModuleType="25" ParentName="BACKGROUND_LINK_BOX_VA" ParentFilename="pas_cui.olb" DirtyInfo="true" ParentFilepath="" ParentType="39"/>
      <VisualAttribute Name="CUI_TOOLTIP_VA" ParentModule="PAS_CUI" ParentModuleType="25" ParentName="CUI_TOOLTIP_VA" ParentFilename="pas_cui.olb" DirtyInfo="true" ParentFilepath="" ParentType="39"/>
      <Window Name="MAIN_FORM_WINDOW" ShowHorizontalScrollbar="false" HorizontalToolbarCanvasName="TOOLBAR_CANVAS" ClearAllowed="true" MinimizeAllowed="true" Title="Template Form - Root Window Title" Width="755" InheritMenu="true" WindowStyle="Document" ResizeAllowed="true" HideOnExit="false" XPosition="0" YPosition="0" Bevel="None" MaximizeAllowed="true" DirtyInfo="true" VisualAttributeName="DEFAULT" Modal="false" MoveAllowed="true" ShowVerticalScrollbar="false" Height="480"/>
      <ObjectGroup Name="KEY_TRIGGERS" ObjectGroupType="22">
         <ObjectGroupChild Name="KEY-CLRFRM" Type="Trigger"/>
         <ObjectGroupChild Name="KEY-CLRBLK" Type="Trigger"/>
         <ObjectGroupChild Name="KEY-CLRREC" Type="Trigger"/>
         <ObjectGroupChild Name="KEY-COMMIT" Type="Trigger"/>
         <ObjectGroupChild Name="KEY-CQUERY" Type="Trigger"/>
         <ObjectGroupChild Name="KEY-CREREC" Type="Trigger"/>
         <ObjectGroupChild Name="KEY-DELREC" Type="Trigger"/>
         <ObjectGroupChild Name="KEY-DOWN" Type="Trigger"/>
         <ObjectGroupChild Name="KEY-DUP-ITEM" Type="Trigger"/>
         <ObjectGroupChild Name="KEY-DUPREC" Type="Trigger"/>
         <ObjectGroupChild Name="KEY-EDIT" Type="Trigger"/>
         <ObjectGroupChild Name="KEY-ENTER" Type="Trigger"/>
         <ObjectGroupChild Name="KEY-ENTQRY" Type="Trigger"/>
         <ObjectGroupChild Name="KEY-EXEQRY" Type="Trigger"/>
         <ObjectGroupChild Name="KEY-LISTVAL" Type="Trigger"/>
         <ObjectGroupChild Name="KEY-NEXT-ITEM" Type="Trigger"/>
         <ObjectGroupChild Name="KEY-NXTREC" Type="Trigger"/>
         <ObjectGroupChild Name="KEY-NXTSET" Type="Trigger"/>
         <ObjectGroupChild Name="KEY-OTHERS" Type="Trigger"/>
         <ObjectGroupChild Name="KEY-PREV-ITEM" Type="Trigger"/>
         <ObjectGroupChild Name="KEY-PRINT" Type="Trigger"/>
         <ObjectGroupChild Name="KEY-PRVREC" Type="Trigger"/>
         <ObjectGroupChild Name="KEY-SCRDOWN" Type="Trigger"/>
         <ObjectGroupChild Name="KEY-SCRUP" Type="Trigger"/>
         <ObjectGroupChild Name="KEY-UP" Type="Trigger"/>
      </ObjectGroup>
      <ObjectGroup Name="ABOUT_FORM_PARAMETERS" ObjectGroupType="22">
         <ObjectGroupChild Name="P_TEMPLATE" Type="ModuleParameter"/>
         <ObjectGroupChild Name="P_VERSION" Type="ModuleParameter"/>
         <ObjectGroupChild Name="P_DATE" Type="ModuleParameter"/>
      </ObjectGroup>
      <ObjectGroup Name="ON_TRIGGERS" ObjectGroupType="22">
         <ObjectGroupChild Name="ON-MESSAGE" Type="Trigger"/>
         <ObjectGroupChild Name="ON-ERROR" Type="Trigger"/>
      </ObjectGroup>
      <ObjectGroup Name="ACTIONS_OG" ParentModule="PAS_CUI" ParentModuleType="25" ParentName="ACTIONS_OG" ParentFilename="pas_cui.olb" ParentFilepath="" ParentType="23">
         <ObjectGroupChild Name="C_ACTIONS" SubclassSubObject="true"/>
         <ObjectGroupChild Name="C_BASE" SubclassSubObject="true"/>
         <ObjectGroupChild Name="C_FUNCTIONS" SubclassSubObject="true"/>
         <ObjectGroupChild Name="MENU_CANVAS_CLASS" SubclassSubObject="true"/>
         <ObjectGroupChild Name="MENU_CANVAS_VA" SubclassSubObject="true"/>
         <ObjectGroupChild Name="MENU_ITEM_CLASS" SubclassSubObject="true"/>
         <ObjectGroupChild Name="TOP_MENU" SubclassSubObject="true"/>
         <ObjectGroupChild Name="LT_TOOLBAR_MAIN" SubclassSubObject="true"/>
         <ObjectGroupChild Name="HCI_UPGRADE" SubclassSubObject="true"/>
         <ObjectGroupChild Name="HCI_UPGRADE" SubclassSubObject="true"/>
         <ObjectGroupChild Name="LHM_RESET_CANVAS_STACK" SubclassSubObject="true"/>
         <ObjectGroupChild Name="LOCAL_RESET_CANVAS_STACK" SubclassSubObject="true"/>
      </ObjectGroup>
   </FormModule>
</Module>
