<?xml version = '1.0' encoding = 'UTF-8'?>
<Module version="122010300" xmlns="http://xmlns.oracle.com/Forms">
   <FormModule Name="PATREFTR" CursorMode="Open" InitializeMenu="DEFAULTMENUAPP" Use3dControls="true" RuntimeComp="5.0" ValidationUnit="Default" DirtyInfo="true" MouseNavigationLimit="Form" SavepointMode="true" HorizontalToolbarCanvas=" " ConsoleWindow="MAIN_FORM_WINDOW" MenuModule="OASIS">
      <Coordinate CharacterCellWidth="7" RealUnit="Point" DefaultFontScaling="false" CharacterCellHeight="16" CoordinateSystem="Real"/>
      <Alert Name="STANDARD_ALERT" Button1Label="OK" VisualAttributeName="DEFAULT" Button2Label="" DefaultAlertButton="Button 1" AlertStyle="Note"/>
      <Alert Name="WARNING_ALERT" Button1Label="OK" VisualAttributeName="DEFAULT" Button2Label="" DefaultAlertButton="Button 1" AlertStyle="Caution"/>
      <Alert Name="ERROR_ALERT" Button1Label="OK" VisualAttributeName="DEFAULT" Button2Label="" DefaultAlertButton="Button 1" AlertStyle="Stop"/>
      <Alert Name="QUESTION_ALERT" Button1Label="Yes" VisualAttributeName="DEFAULT" Button2Label="No" DefaultAlertButton="Button 1" AlertStyle="Stop"/>
      <Block Name="PATHWAY" DirtyInfo="true" DatabaseBlock="false" ScrollbarWidth="14" ScrollbarLength="135">
         <Item Name="REFERRAL_TO_TREAT_PATHWAY_ID" DirtyInfo="true" Width="68" Height="14"/>
         <Item Name="USER_PATHWAY_ID" XPosition="189" YPosition="63" Bevel="Plain" DirtyInfo="true" TabPageName="" VisualAttributeName="TEXT_ITEM_VA" Width="91" CanvasName="CNV_CONTENT" MaximumLength="20" Height="14">
            <Trigger Name="WHEN-VALIDATE-ITEM" DirtyInfo="true" TriggerText="--&amp;#10;-- Validate field against LOV&amp;#10;--&amp;#10;-- date         by         change&amp;#10;-- 08/08/08     Dave L     Validate entry against LOV.&amp;#10;-- 09/01/2009   Joe Waters Product Development Benenden FD0008. Added new pathway item coded description&amp;#10;BEGIN&amp;#10;&amp;#10;  IF :system.cursor_item = 'PATHWAY.USER_PATHWAY_ID' THEN&amp;#10;    IF :system.MODE != 'NORMAL' THEN&amp;#10;      RETURN;&amp;#10;    END IF;&amp;#10;  &amp;#10;    IF :pathway.user_pathway_id IS NULL THEN&amp;#10;&amp;#10;&#x9;&#x9;&#x9;:pathway.referral_to_treat_pathway_id := NULL;&amp;#10;      :pathway.pathway_start_date &#x9;&#x9;&#x9;&#x9;&#x9;:= NULL;&amp;#10;      :pathway.description        &#x9;&#x9;&#x9;&#x9;&#x9;:= NULL;&amp;#10;--&amp;#10;-- 09/01/2009 Joe Waters Product Development Benenden FD0008. Added new pathway item coded description&amp;#10;      :pathway.coded_description            := NULL;&amp;#10;      &amp;#10;-- 06/02/2009 Vanitha M Added pathway specialty - Bug Fix ~ 506&amp;#10;      :pathway.pathway_specialty            := NULL;      &amp;#10;    &amp;#10;    ELSIF show_lov('PATHWAY_LOV') THEN&amp;#10;&amp;#10;&#x9;&#x9;&#x9;:pathway.referral_to_treat_pathway_id &#x9;&#x9;:= :parameter.p_lov_rtt_pathway_id;    &amp;#10;      :pathway.user_pathway_id         &#x9;&#x9;&#x9;&#x9;&#x9;:= :parameter.p_lov_pathway_id;&amp;#10;      :pathway.pathway_start_date &#x9;&#x9;&#x9;&#x9;&#x9;&#x9;&#x9;:= :parameter.p_lov_start_date;&amp;#10;      :pathway.description        &#x9;&#x9;&#x9;&#x9;&#x9;&#x9;&#x9;:= :parameter.p_lov_description;&amp;#10;--&amp;#10;-- 09/01/2009 Joe Waters Product Development Benenden FD0008. Added new pathway item coded description&amp;#10;      :pathway.coded_description                := :parameter.p_lov_coded_description;&amp;#10;      &amp;#10;-- 06/02/2009 Vanitha M Added pathway specialty - Bug Fix ~ 506&amp;#10;      :pathway.pathway_specialty            := :parameter.p_lov_specialty;&amp;#10;    &amp;#10;    ELSE&amp;#10;    &amp;#10;      display_alert('ERROR_ALERT',&amp;#10;                    684); -- invalid code&amp;#10;      RAISE form_trigger_failure;&amp;#10;    &amp;#10;    END IF;&amp;#10;  &amp;#10;    oasis_number_set_item_property('PATHWAY.USER_PATHWAY_ID',&amp;#10;                                   item_is_valid,&amp;#10;                                   property_true);&amp;#10;  &amp;#10;  END IF;&amp;#10;  &amp;#10;END;"/>
         </Item>
         <Item Name="PATHWAY_START_DATE" XPosition="279" YPosition="63" Bevel="Plain" DirtyInfo="true" TabPageName="" VisualAttributeName="TEXT_ITEM_VA" Width="56" CanvasName="CNV_CONTENT" ItemType="Display Item" DataType="Date" Height="14"/>
         <Item Name="DESCRIPTION" XPosition="334" YPosition="63" Bevel="Plain" DirtyInfo="true" TabPageName="" VisualAttributeName="TEXT_ITEM_VA" Width="230" CanvasName="CNV_CONTENT" MaximumLength="80" ItemType="Display Item" Height="14"/>
         <Item Name="CODED_DESCRIPTION" XPosition="563" YPosition="63" Bevel="Plain" DirtyInfo="true" TabPageName="" VisualAttributeName="TEXT_ITEM_VA" Width="148" CanvasName="CNV_CONTENT" MaximumLength="80" ItemType="Display Item" Height="14"/>
         <Item Name="PATHWAY_SPECIALTY" XPosition="540" YPosition="76" Bevel="Plain" DirtyInfo="true" VisualAttributeName="TEXT_ITEM_VA" Width="171" CanvasName="CNV_CONTENT" MaximumLength="80" ItemType="Display Item" Height="14"/>
         <Item Name="PATHWAY_STATUS" XPosition="189" YPosition="76" Bevel="Plain" DirtyInfo="true" VisualAttributeName="TEXT_ITEM_VA" Width="352" CanvasName="CNV_CONTENT" MaximumLength="80" ItemType="Display Item" Height="14"/>
         <Trigger Name="KEY-LISTVAL" DirtyInfo="true" TriggerText="-- 09/01/2009 Joe Waters Product Development Benenden FD0008. Added new pathway item coded description&amp;#10;-- 06/03/2009 Vanitha M  Added pathway status&amp;#10;BEGIN&amp;#10;&amp;#10;  IF show_lov('PATHWAY_LOV') THEN&amp;#10;  &amp;#10;&#x9;&#x9;:pathway.referral_to_treat_pathway_id &#x9;&#x9;:= :parameter.p_lov_rtt_pathway_id;&amp;#10;    :pathway.user_pathway_id       &#x9;&#x9;&#x9;&#x9;&#x9;&#x9;:= :parameter.p_lov_pathway_id;&amp;#10;    :pathway.pathway_start_date &#x9;&#x9;&#x9;&#x9;&#x9;&#x9;&#x9;:= :parameter.p_lov_start_date;&amp;#10;    :pathway.description &#x9;&#x9;&#x9;&#x9;&#x9;&#x9;&#x9;&#x9;&#x9;&#x9;&#x9;:= :parameter.p_lov_description;&amp;#10;--&amp;#10;-- 09/01/2009 Joe Waters Product Development Benenden FD0008. Added new pathway item coded description&amp;#10;    :pathway.coded_description &#x9;&#x9;&#x9;&#x9;&#x9;&#x9;&#x9;&#x9;:= :parameter.p_lov_coded_description;&amp;#10;    &amp;#10;-- 06/02/2009 Vanitha M Added pathway specialty - Bug Fix ~ 506&amp;#10;    :pathway.pathway_specialty            := :parameter.p_lov_specialty;&amp;#10;    &amp;#10;-- 06/03/2009 Vanitha M Added pathway status&amp;#10;    :pathway.pathway_status            := :parameter.p_lov_pathway_status;    &amp;#10;&amp;#10;    oasis_number_set_item_property('PATHWAY.USER_PATHWAY_ID',&amp;#10;                                   item_is_valid,&amp;#10;                                   property_true);&amp;#10;  &amp;#10;    go_block('APPOINTMENT_REFERRALS');&amp;#10;    execute_query;&amp;#10;  &amp;#10;  ELSE&amp;#10;  &amp;#10;  &#x9;:pathway.referral_to_treat_pathway_id &#x9;&#x9;:= NULL;&amp;#10;    :pathway.user_pathway_id       &#x9;&#x9;&#x9;&#x9;&#x9;&#x9;:= NULL;&amp;#10;    :pathway.pathway_start_date &#x9;&#x9;&#x9;&#x9;&#x9;&#x9;&#x9;:= NULL;&amp;#10;    :pathway.description &#x9;&#x9;&#x9;&#x9;&#x9;&#x9;&#x9;&#x9;&#x9;&#x9;&#x9;:= NULL;&amp;#10;--&amp;#10;-- 09/01/2009 Joe Waters Product Development Benenden FD0008. Added new pathway item coded description&amp;#10;    :pathway.coded_description &#x9;&#x9;&#x9;&#x9;&#x9;&#x9;&#x9;&#x9;:= NULL;&amp;#10;&amp;#10;-- 06/02/2009 Vanitha M Added pathway specialty - Bug Fix ~ 506&amp;#10;    :pathway.pathway_specialty            := NULL;&amp;#10;    &amp;#10;-- 06/03/2009 Vanitha M Added pathway status&amp;#10;    :pathway.pathway_status            := NULL;            &amp;#10;    &amp;#10;-- 06/02/2009 Vanitha M Added if nothing is selected.&amp;#10;    GO_BLOCK('APPOINTMENT_REFERRALS');&amp;#10;    CLEAR_BLOCK(NO_VALIDATE);&amp;#10;    &amp;#10;  &amp;#10;  END IF;&amp;#10;&amp;#10;END;&amp;#10;"/>
      </Block>
      <Block Name="APPOINTMENT_REFERRALS" RecordsDisplayCount="7" WhereClause="patient_id = :parameter.p_patient_id&amp;#10;and referral_to_treat_pathway_id = :pathway.referral_to_treat_pathway_id" InsertAllowed="false" UpdateAllowed="true" DMLDataName="APPOINTMENT_REFERRALS" DeleteAllowed="false" QueryDataSourceName="APPOINTMENT_REFERRALS" DirtyInfo="true" KeyMode="Automatic" ScrollbarCanvasName="C_APPT_REFS" ScrollbarTabPageName="" ScrollbarWidth="12" ScrollbarXPosition="617" ScrollbarYPosition="44" ShowScrollbar="true" ScrollbarLength="98">
         <Item Name="REFERRAL_ID" TabPageName="" Width="51" InsertAllowed="false" RecordVisualAttributeGroupName="CURR_ITEM_VA" UpdateAllowed="false" XPosition="16" YPosition="44" PrimaryKey="true" Bevel="Plain" DirtyInfo="true" VisualAttributeName="TEXT_ITEM_VA" CanvasName="C_APPT_REFS" QueryOnly="true" Height="14"/>
         <Item Name="REF_DATE" TabPageName="" Width="57" InsertAllowed="false" ItemType="Text Item" DataType="Date" RecordVisualAttributeGroupName="CURR_ITEM_VA" UpdateAllowed="false" XPosition="67" YPosition="44" Bevel="Plain" DirtyInfo="true" VisualAttributeName="TEXT_ITEM_VA" FormatMask="DD-Mon-YYYY" CanvasName="C_APPT_REFS" Height="14"/>
         <Item Name="SPECIALTY_CODE" TabPageName="" Width="68" InsertAllowed="false" ItemType="Text Item" RecordVisualAttributeGroupName="CURR_ITEM_VA" UpdateAllowed="false" XPosition="124" YPosition="44" Bevel="Plain" DirtyInfo="true" VisualAttributeName="TEXT_ITEM_VA" CanvasName="C_APPT_REFS" Visible="false" Height="14"/>
         <Item Name="SPECIALTY_NAME" TabPageName="" Width="185" InsertAllowed="false" MaximumLength="80" ItemType="Text Item" RecordVisualAttributeGroupName="CURR_ITEM_VA" UpdateAllowed="false" XPosition="124" YPosition="44" DatabaseItem="false" Bevel="Plain" DirtyInfo="true" VisualAttributeName="TEXT_ITEM_VA" CanvasName="C_APPT_REFS" Visible="true" Height="14"/>
         <Item Name="CONSULTANT_CODE" TabPageName="" Width="68" InsertAllowed="false" ItemType="Text Item" RecordVisualAttributeGroupName="CURR_ITEM_VA" UpdateAllowed="false" XPosition="310" YPosition="44" Bevel="Plain" DirtyInfo="true" VisualAttributeName="TEXT_ITEM_VA" CanvasName="C_APPT_REFS" Visible="false" Height="14"/>
         <Item Name="CONSULTANT_NAME" TabPageName="" Width="288" InsertAllowed="false" MaximumLength="80" ItemType="Text Item" RecordVisualAttributeGroupName="CURR_ITEM_VA" UpdateAllowed="false" XPosition="309" YPosition="44" DatabaseItem="false" Bevel="Plain" DirtyInfo="true" VisualAttributeName="TEXT_ITEM_VA" CanvasName="C_APPT_REFS" Height="14"/>
         <Item Name="ENCOUNTER_TYPE" TabPageName="" Width="20" InsertAllowed="false" ItemType="Text Item" RecordVisualAttributeGroupName="CURR_ITEM_VA" UpdateAllowed="false" XPosition="597" YPosition="44" Bevel="Plain" DirtyInfo="true" VisualAttributeName="TEXT_ITEM_VA" CanvasName="C_APPT_REFS" Height="14"/>
         <Item Name="REFERRAL_TO_TREAT_PATHWAY_ID" DirtyInfo="true" Width="68" MaximumLength="20" DataType="Number" Height="14"/>
         <Item Name="PATHWAY_ID" TabPageName="" Width="91" ItemType="Text Item" RecordVisualAttributeGroupName="CURR_ITEM_VA" XPosition="16" YPosition="181" DatabaseItem="false" Bevel="Plain" DirtyInfo="true" VisualAttributeName="TEXT_ITEM_VA" CanvasName="C_APPT_REFS" ItemsDisplay="0" Height="14">
            <Trigger Name="WHEN-VALIDATE-ITEM" DirtyInfo="true" TriggerText="--&amp;#10;-- Validate field against LOV&amp;#10;--&amp;#10;-- date         by      change&amp;#10;-- 08/08/08     Dave L  Validate entry against LOV.&amp;#10;-- 09/01/2009 Joe Waters Product Development Benenden FD0008. Added new pathway item coded description&amp;#10;BEGIN&amp;#10;&amp;#10;  IF :system.cursor_item = 'APPOINTMENT_REFERRALS.PATHWAY_ID' THEN&amp;#10;    IF :system.MODE != 'NORMAL' THEN&amp;#10;      RETURN;&amp;#10;    END IF;&amp;#10;  &amp;#10;    IF :appointment_referrals.pathway_id IS NULL THEN&amp;#10;&amp;#10;&#x9;&#x9;&#x9;:appointment_referrals.referral_to_treat_pathway_id := NULL;&amp;#10;      :appointment_referrals.pathway_start_date &#x9;&#x9;&#x9;&#x9;&#x9;:= NULL;&amp;#10;      :appointment_referrals.description        &#x9;&#x9;&#x9;&#x9;&#x9;:= NULL;&amp;#10;--&amp;#10;-- 09/01/2009 Joe Waters Product Development Benenden FD0008. Added new pathway item coded description&amp;#10;      :appointment_referrals.coded_description &#x9;&#x9;&#x9;&#x9;&#x9;&#x9;:= NULL;&amp;#10;    &amp;#10;    ELSIF show_lov('PATHWAY_LOV') THEN&amp;#10;&amp;#10;&#x9;&#x9;&#x9;:appointment_referrals.referral_to_treat_pathway_id &#x9;&#x9;:= :parameter.p_lov_rtt_pathway_id;    &amp;#10;      :appointment_referrals.pathway_id         &#x9;&#x9;&#x9;&#x9;&#x9;&#x9;&#x9;:= :parameter.p_lov_pathway_id;&amp;#10;      :appointment_referrals.pathway_start_date &#x9;&#x9;&#x9;&#x9;&#x9;&#x9;&#x9;:= :parameter.p_lov_start_date;&amp;#10;      :appointment_referrals.description        &#x9;&#x9;&#x9;&#x9;&#x9;&#x9;&#x9;:= :parameter.p_lov_description;&amp;#10;--&amp;#10;-- 09/01/2009 Joe Waters Product Development Benenden FD0008. Added new pathway item coded description&amp;#10;      :appointment_referrals.coded_description &#x9;&#x9;&#x9;&#x9;&#x9;     &#x9;:= :parameter.p_lov_coded_description;&amp;#10;    &amp;#10;    ELSE&amp;#10;    &amp;#10;      display_alert('ERROR_ALERT',&amp;#10;                    684); -- invalid code&amp;#10;      RAISE form_trigger_failure;&amp;#10;    &amp;#10;    END IF;&amp;#10;  &amp;#10;    oasis_number_set_item_property('APPOINTMENT_REFERRALS.PATHWAY_ID',&amp;#10;                                   item_is_valid,&amp;#10;                                   property_true);&amp;#10;  &amp;#10;  END IF;&amp;#10;  &amp;#10;END;"/>
            <Trigger Name="KEY-LISTVAL" DirtyInfo="true" TriggerText="-- 09/01/2009 Joe Waters Product Development Benenden FD0008. Added new pathway item coded description&amp;#10;BEGIN&amp;#10;&amp;#10;  IF show_lov('PATHWAY_LOV') THEN&amp;#10;  &amp;#10;&#x9;&#x9;:appointment_referrals.referral_to_treat_pathway_id := :parameter.p_lov_rtt_pathway_id;&amp;#10;    :appointment_referrals.pathway_id       &#x9;&#x9;&#x9;&#x9;&#x9;&#x9;:= :parameter.p_lov_pathway_id;&amp;#10;    :appointment_referrals.pathway_start_date &#x9;&#x9;&#x9;&#x9;&#x9;:= :parameter.p_lov_start_date;&amp;#10;    :appointment_referrals.description &#x9;&#x9;&#x9;&#x9;&#x9;&#x9;&#x9;&#x9;&#x9;:= :parameter.p_lov_description;&amp;#10;--&amp;#10;-- 09/01/2009 Joe Waters Product Development Benenden FD0008. Added new pathway item coded description&amp;#10;    :appointment_referrals.coded_description &#x9;&#x9;&#x9;&#x9;&#x9;&#x9;:= :parameter.p_lov_coded_description;&amp;#10;&amp;#10;&#x9;&#x9;IF NOT same_specialty(:appointment_referrals.specialty_code,&amp;#10;&#x9;&#x9;&#x9;&#x9;&#x9;&#x9;&#x9;&#x9;&#x9; &#x9;&#x9;&#x9;&#x9;:parameter.p_lov_rtt_pathway_id) THEN&amp;#10;&#x9;&#x9;&#x9;&#x9;&#x9;&amp;#10;&#x9;&#x9;&#x9;display_alert('WARNING_ALERT', 9539);&amp;#10;&#x9;&#x9;&#x9;&#x9;&#x9;&#x9;&#x9;&#x9;&#x9;&#x9; &#x9;&#x9;&#x9;&#x9;&amp;#10;&#x9;&#x9;END IF;&amp;#10;&amp;#10;    oasis_number_set_item_property('APPOINTMENT_REFERRALS.PATHWAY_ID',&amp;#10;                                   item_is_valid,&amp;#10;                                   property_true);&amp;#10;  &amp;#10;  ELSE&amp;#10;  &amp;#10;  &#x9;:appointment_referrals.referral_to_treat_pathway_id := NULL;&amp;#10;    :appointment_referrals.pathway_id       &#x9;&#x9;&#x9;&#x9;&#x9;&#x9;:= NULL;&amp;#10;    :appointment_referrals.pathway_start_date &#x9;&#x9;&#x9;&#x9;&#x9;:= NULL;&amp;#10;    :appointment_referrals.description &#x9;&#x9;&#x9;&#x9;&#x9;&#x9;&#x9;&#x9;&#x9;:= NULL;&amp;#10;--&amp;#10;-- 09/01/2009 Joe Waters Product Development Benenden FD0008. Added new pathway item coded description&amp;#10;    :appointment_referrals.coded_description            := NULL;&amp;#10;  &amp;#10;  END IF;&amp;#10;&amp;#10;END;&amp;#10;"/>
         </Item>
         <Item Name="PATHWAY_START_DATE" TabPageName="" Width="64" ItemType="Display Item" DataType="Date" RecordVisualAttributeGroupName="CURR_ITEM_VA" XPosition="107" YPosition="181" DatabaseItem="false" Bevel="Plain" DirtyInfo="true" VisualAttributeName="TEXT_ITEM_VA" FormatMask="DD-Mon-YYYY" CanvasName="C_APPT_REFS" ItemsDisplay="0" Height="14"/>
         <Item Name="DESCRIPTION" TabPageName="" Width="189" MaximumLength="80" ItemType="Display Item" RecordVisualAttributeGroupName="CURR_ITEM_VA" XPosition="171" YPosition="181" DatabaseItem="false" Bevel="Plain" DirtyInfo="true" VisualAttributeName="TEXT_ITEM_VA" CanvasName="C_APPT_REFS" ItemsDisplay="0" Height="14"/>
         <Item Name="CODED_DESCRIPTION" TabPageName="" Width="250" MaximumLength="80" ItemType="Display Item" RecordVisualAttributeGroupName="CURR_ITEM_VA" XPosition="360" YPosition="181" DatabaseItem="false" Bevel="Plain" DirtyInfo="true" VisualAttributeName="TEXT_ITEM_VA" CanvasName="C_APPT_REFS" ItemsDisplay="0" Height="14"/>
         <Item Name="NEW_PATHWAY_LOV_BTN" XPosition="610" YPosition="181" Iconic="true" DirtyInfo="true" IconFilename="b_lov_b3" TabPageName="" Width="19" CanvasName="C_APPT_REFS" ItemType="Push Button" ItemsDisplay="0" Height="14">
            <Trigger Name="WHEN-BUTTON-PRESSED" DirtyInfo="true" TriggerText="IF :appointment_referrals.referral_id IS NOT NULL THEN&amp;#10;&#x9;go_item('APPOINTMENT_REFERRALS.PATHWAY_ID');&amp;#10;&#x9;do_key('list_values');&amp;#10;END IF;"/>
         </Item>
         <Trigger Name="WHEN-MOUSE-DOUBLECLICK" DirtyInfo="true" TriggerText="DECLARE&amp;#10;&#x9;&amp;#10;&#x9;lov BOOLEAN;&amp;#10;&#x9;&amp;#10;BEGIN&amp;#10;&#x9;&amp;#10;&#x9;lov := show_lov('PATIENT_ATTENDANCE_LOV');&amp;#10;&#x9;&amp;#10;END;"/>
         <Trigger Name="POST-QUERY" DirtyInfo="true" TriggerText="BEGIN&amp;#10;&#x9;&amp;#10;&#x9;:appointment_referrals.specialty_name  := oasis_package.get_code(:appointment_referrals.specialty_code);&amp;#10;--Changed the package to get the ordered name of consultant for tfs-2934483 starts here&#x9;&amp;#10;&#x9;:appointment_referrals.consultant_name := oaspas_package.get_staff_name(:appointment_referrals.consultant_code);--oasstaff_package.get_staffknown_name(:appointment_referrals.consultant_code);&amp;#10;--Changed the package to get the ordered name of consultant for tfs-2934483 ends here&#x9;&amp;#10;END;"/>
      </Block>
      <Block Name="TEXT" RecordsBufferedCount="0" RecordsDisplayCount="1" RecordsFetchedCount="0" WhereClause="" EnforcedColumnSecurity="false" InsertAllowed="true" EnforcedPrimaryKey="false" RecordOrientation="Vertical" UpdateAllowed="true" DMLDataName="" DeleteAllowed="true" QueryDataSourceName="" DirtyInfo="true" VisualAttributeName="DEFAULT" KeyMode="Unique" DatabaseBlock="false" QueryDataSourceType="None" QueryAllowed="true" LockMode="Immediate" DMLDataType="None" NavigationStyle="Same Record" ShowScrollbar="false">
         <Item Name="FUNCTION_ID" ValidateFromList="false" LovXPosition="0" Justification="Left" LovYPosition="0" ListStyle="Poplist" Width="36" MaximumLength="6" WrapStyle="Word" AutoSkip="false" CompressionQuality="None" XPosition="108" YPosition="35" DatabaseItem="true" Bevel="Plain" AutoHint="false" MouseNavigate="true" MultiLine="false" CaseInsensitiveQuery="false" KeyboardNavigable="true" CaseRestriction="Mixed" CheckBoxOtherValues="Not Allowed" PrimaryKey="false" DefaultButton="false" QueryAllowed="true" Visible="true" QueryLength="6" DisplayQuality="High" EditXPosition="0" EditYPosition="0" Enabled="true" DistanceBetweenRecords="4364" FixedLength="false" Required="true" Height="14" ConcealData="false" Hint="Enter value for : FUNCTION_ID" SizingStyle="Crop" ShowHorizontalScrollbar="false" Iconic="false" InsertAllowed="true" ItemType="Display Item" DataType="Number" UpdateAllowed="true" UpdateIfNull="false" KeepCursorPosition="false" VisualAttributeName="DEFAULT" Label="Function Id" LockRecord="false" ShowVerticalScrollbar="false" TooltipVisualAttributeGroup="V7_VA_TOOLTIP"/>
         <Item Name="LANGUAGE_ID" ValidateFromList="false" LovXPosition="0" Justification="Left" LovYPosition="0" ListStyle="Poplist" Width="24" MaximumLength="4" WrapStyle="Word" AutoSkip="false" CompressionQuality="None" XPosition="576" YPosition="35" DatabaseItem="true" Bevel="Plain" AutoHint="false" MouseNavigate="true" MultiLine="false" CaseInsensitiveQuery="false" KeyboardNavigable="true" CaseRestriction="Mixed" CheckBoxOtherValues="Not Allowed" PrimaryKey="false" DefaultButton="false" QueryAllowed="true" Visible="true" QueryLength="4" DisplayQuality="High" EditXPosition="0" EditYPosition="0" Enabled="true" DistanceBetweenRecords="4364" FixedLength="false" Required="true" Height="14" ConcealData="false" Hint="Enter value for : LANGUAGE_ID" SizingStyle="Crop" ShowHorizontalScrollbar="false" Iconic="false" InsertAllowed="true" ItemType="Display Item" DataType="Number" UpdateAllowed="true" UpdateIfNull="false" KeepCursorPosition="false" VisualAttributeName="DEFAULT" Label="Language Id" LockRecord="false" ShowVerticalScrollbar="false" TooltipVisualAttributeGroup="V7_VA_TOOLTIP"/>
         <Item Name="DSP_BREADCRUMB" Justification="Start" TabPageName="" Width="278" MaximumLength="4000" ItemType="Display Item" BackColor="white" XPosition="95" FontName="Arial" YPosition="4" DatabaseItem="false" Bevel="None" FontSize="1000" FontStyle="Italic" DirtyInfo="true" FontWeight="Bold" FontSpacing="Normal" ForegroundColor="darkcyan" CanvasName="CNV_HIDE" Visible="false" Height="15"/>
         <Item Name="BPT_1" ValidateFromList="false" EditXPosition="0" LovXPosition="0" EditYPosition="0" LovYPosition="0" Enabled="true" ListStyle="Poplist" Width="71" FixedLength="false" WrapStyle="Word" AutoSkip="false" CompressionQuality="None" XPosition="115" Required="false" YPosition="64" AutoHint="false" MouseNavigate="true" CanvasName="CNV_CONTENT" MultiLine="false" CaseInsensitiveQuery="false" KeyboardNavigable="true" CaseRestriction="Mixed" ParentType="29" CheckBoxOtherValues="Not Allowed" ConcealData="false" SizingStyle="Crop" ShowHorizontalScrollbar="false" Iconic="false" TabPageName="" InsertAllowed="true" UpdateAllowed="true" ParentModule="PATREFTR" UpdateIfNull="false" ParentModuleType="12" ParentName="BPT_BLUE_CLASS" DirtyInfo="true" KeepCursorPosition="false" DefaultButton="false" QueryAllowed="true" QueryLength="80" LockRecord="false" DisplayQuality="High" ShowVerticalScrollbar="false" TooltipVisualAttributeGroup="V7_VA_TOOLTIP"/>
         <Item Name="BPT_2" ValidateFromList="false" LovXPosition="0" Justification="Start" LovYPosition="0" ListStyle="Poplist" Width="146" MaximumLength="80" WrapStyle="Word" AutoSkip="false" CompressionQuality="None" XPosition="118" YPosition="44" DatabaseItem="false" AutoHint="false" MouseNavigate="true" CanvasName="CNV_CONTENT" MultiLine="false" CaseInsensitiveQuery="false" KeyboardNavigable="true" CaseRestriction="Mixed" ParentType="29" CheckBoxOtherValues="Not Allowed" PrimaryKey="false" DirtyInfo="true" DefaultButton="false" QueryAllowed="true" Visible="true" QueryLength="80" DisplayQuality="High" EditXPosition="0" EditYPosition="0" Enabled="true" DistanceBetweenRecords="0" FillPattern="transparent" FixedLength="false" Required="false" ConcealData="false" SizingStyle="Crop" ShowHorizontalScrollbar="false" Iconic="false" InsertAllowed="true" DataType="Char" UpdateAllowed="true" ParentModule="PATREFTR" UpdateIfNull="false" ParentModuleType="12" ParentName="SECTION_TITLE_CLASS" KeepCursorPosition="false" LockRecord="false" ShowVerticalScrollbar="false" TooltipVisualAttributeGroup="V7_VA_TOOLTIP"/>
         <Item Name="BPT_3" ValidateFromList="false" LovXPosition="0" Justification="Start" LovYPosition="0" ListStyle="Poplist" Width="146" MaximumLength="80" WrapStyle="Word" AutoSkip="false" CompressionQuality="None" XPosition="20" YPosition="9" DatabaseItem="false" AutoHint="false" MouseNavigate="true" CanvasName="C_APPT_REFS" MultiLine="false" CaseInsensitiveQuery="false" KeyboardNavigable="true" CaseRestriction="Mixed" ParentType="29" CheckBoxOtherValues="Not Allowed" PrimaryKey="false" DirtyInfo="true" DefaultButton="false" QueryAllowed="true" Visible="true" QueryLength="80" DisplayQuality="High" EditXPosition="0" EditYPosition="0" Enabled="true" DistanceBetweenRecords="0" FillPattern="transparent" FixedLength="false" Required="false" ConcealData="false" SizingStyle="Crop" ShowHorizontalScrollbar="false" Iconic="false" TabPageName="" InsertAllowed="true" DataType="Char" UpdateAllowed="true" ParentModule="PATREFTR" UpdateIfNull="false" ParentModuleType="12" ParentName="SECTION_TITLE_CLASS" KeepCursorPosition="false" LockRecord="false" ShowVerticalScrollbar="false" TooltipVisualAttributeGroup="V7_VA_TOOLTIP"/>
         <Item Name="BPT_4" ValidateFromList="false" LovXPosition="0" Justification="Start" LovYPosition="0" ListStyle="Poplist" Width="44" MaximumLength="80" WrapStyle="Word" AutoSkip="false" BackColor="r55g85b100" CompressionQuality="None" XPosition="16" YPosition="30" DatabaseItem="false" Bevel="None" AutoHint="false" MouseNavigate="true" CanvasName="C_APPT_REFS" MultiLine="false" CaseInsensitiveQuery="false" KeyboardNavigable="true" CaseRestriction="Mixed" CheckBoxOtherValues="Not Allowed" PrimaryKey="false" DirtyInfo="true" DefaultButton="false" QueryAllowed="true" Visible="true" QueryLength="80" DisplayQuality="High" EditXPosition="0" EditYPosition="0" Enabled="true" DistanceBetweenRecords="0" FillPattern="transparent" FixedLength="false" Required="false" FontName="Arial" FontSize="900" FontStyle="Plain" FontWeight="Medium" FontSpacing="Normal" ForegroundColor="black" Height="14" ConcealData="false" SizingStyle="Crop" ShowHorizontalScrollbar="false" Iconic="false" TabPageName="" InsertAllowed="true" ItemType="Display Item" DataType="Char" UpdateAllowed="true" UpdateIfNull="false" KeepCursorPosition="false" VisualAttributeName="TEXT_ITEM_BPT" LockRecord="false" ShowVerticalScrollbar="false" TooltipVisualAttributeGroup="V7_VA_TOOLTIP"/>
         <Item Name="BPT_5" ValidateFromList="false" LovXPosition="0" Justification="Start" LovYPosition="0" ListStyle="Poplist" Width="52" MaximumLength="80" WrapStyle="Word" AutoSkip="false" BackColor="r55g85b100" CompressionQuality="None" XPosition="67" YPosition="30" DatabaseItem="false" Bevel="None" AutoHint="false" MouseNavigate="true" CanvasName="C_APPT_REFS" MultiLine="false" CaseInsensitiveQuery="false" KeyboardNavigable="true" CaseRestriction="Mixed" CheckBoxOtherValues="Not Allowed" PrimaryKey="false" DirtyInfo="true" DefaultButton="false" QueryAllowed="true" Visible="true" QueryLength="80" DisplayQuality="High" EditXPosition="0" EditYPosition="0" Enabled="true" DistanceBetweenRecords="0" FillPattern="transparent" FixedLength="false" Required="false" FontName="Arial" FontSize="900" FontStyle="Plain" FontWeight="Medium" FontSpacing="Normal" ForegroundColor="black" Height="12" ConcealData="false" SizingStyle="Crop" ShowHorizontalScrollbar="false" Iconic="false" TabPageName="" InsertAllowed="true" ItemType="Display Item" DataType="Char" UpdateAllowed="true" UpdateIfNull="false" KeepCursorPosition="false" VisualAttributeName="TEXT_ITEM_BPT" LockRecord="false" ShowVerticalScrollbar="false" TooltipVisualAttributeGroup="V7_VA_TOOLTIP"/>
         <Item Name="BPT_6" ValidateFromList="false" LovXPosition="0" Justification="Start" LovYPosition="0" ListStyle="Poplist" Width="58" MaximumLength="80" WrapStyle="Word" AutoSkip="false" BackColor="r55g85b100" CompressionQuality="None" XPosition="124" YPosition="30" DatabaseItem="false" Bevel="None" AutoHint="false" MouseNavigate="true" CanvasName="C_APPT_REFS" MultiLine="false" CaseInsensitiveQuery="false" KeyboardNavigable="true" CaseRestriction="Mixed" CheckBoxOtherValues="Not Allowed" PrimaryKey="false" DirtyInfo="true" DefaultButton="false" QueryAllowed="true" Visible="true" QueryLength="80" DisplayQuality="High" EditXPosition="0" EditYPosition="0" Enabled="true" DistanceBetweenRecords="0" FillPattern="transparent" FixedLength="false" Required="false" FontName="Arial" FontSize="900" FontStyle="Plain" FontWeight="Medium" FontSpacing="Normal" ForegroundColor="black" Height="13" ConcealData="false" SizingStyle="Crop" ShowHorizontalScrollbar="false" Iconic="false" TabPageName="" InsertAllowed="true" ItemType="Display Item" DataType="Char" UpdateAllowed="true" UpdateIfNull="false" KeepCursorPosition="false" VisualAttributeName="TEXT_ITEM_BPT" LockRecord="false" ShowVerticalScrollbar="false" TooltipVisualAttributeGroup="V7_VA_TOOLTIP"/>
         <Item Name="BPT_7" ValidateFromList="false" LovXPosition="0" Justification="Start" LovYPosition="0" ListStyle="Poplist" Width="66" MaximumLength="80" WrapStyle="Word" AutoSkip="false" BackColor="r55g85b100" CompressionQuality="None" XPosition="309" YPosition="30" DatabaseItem="false" Bevel="None" AutoHint="false" MouseNavigate="true" CanvasName="C_APPT_REFS" MultiLine="false" CaseInsensitiveQuery="false" KeyboardNavigable="true" CaseRestriction="Mixed" CheckBoxOtherValues="Not Allowed" PrimaryKey="false" DirtyInfo="true" DefaultButton="false" QueryAllowed="true" Visible="true" QueryLength="80" DisplayQuality="High" EditXPosition="0" EditYPosition="0" Enabled="true" DistanceBetweenRecords="0" FillPattern="transparent" FixedLength="false" Required="false" FontName="Arial" FontSize="900" FontStyle="Plain" FontWeight="Medium" FontSpacing="Normal" ForegroundColor="black" Height="13" ConcealData="false" SizingStyle="Crop" ShowHorizontalScrollbar="false" Iconic="false" TabPageName="" InsertAllowed="true" ItemType="Display Item" DataType="Char" UpdateAllowed="true" UpdateIfNull="false" KeepCursorPosition="false" VisualAttributeName="TEXT_ITEM_BPT" LockRecord="false" ShowVerticalScrollbar="false" TooltipVisualAttributeGroup="V7_VA_TOOLTIP"/>
         <Item Name="BPT_8" ValidateFromList="false" LovXPosition="0" Justification="Start" LovYPosition="0" ListStyle="Poplist" Width="62" MaximumLength="80" WrapStyle="Word" AutoSkip="false" BackColor="r55g85b100" CompressionQuality="None" XPosition="15" YPosition="167" DatabaseItem="false" Bevel="None" AutoHint="false" MouseNavigate="true" CanvasName="C_APPT_REFS" MultiLine="false" CaseInsensitiveQuery="false" KeyboardNavigable="true" CaseRestriction="Mixed" CheckBoxOtherValues="Not Allowed" PrimaryKey="false" DirtyInfo="true" DefaultButton="false" QueryAllowed="true" Visible="true" QueryLength="80" DisplayQuality="High" EditXPosition="0" EditYPosition="0" Enabled="true" DistanceBetweenRecords="0" FillPattern="transparent" FixedLength="false" Required="false" FontName="Arial" FontSize="900" FontStyle="Plain" FontWeight="Medium" FontSpacing="Normal" ForegroundColor="black" Height="13" ConcealData="false" SizingStyle="Crop" ShowHorizontalScrollbar="false" Iconic="false" TabPageName="" InsertAllowed="true" ItemType="Display Item" DataType="Char" UpdateAllowed="true" UpdateIfNull="false" KeepCursorPosition="false" VisualAttributeName="TEXT_ITEM_BPT" LockRecord="false" ShowVerticalScrollbar="false" TooltipVisualAttributeGroup="V7_VA_TOOLTIP"/>
         <Item Name="BPT_9" ValidateFromList="false" LovXPosition="0" Justification="Start" LovYPosition="0" ListStyle="Poplist" Width="64" MaximumLength="80" WrapStyle="Word" AutoSkip="false" BackColor="r55g85b100" CompressionQuality="None" XPosition="107" YPosition="167" DatabaseItem="false" Bevel="None" AutoHint="false" MouseNavigate="true" CanvasName="C_APPT_REFS" MultiLine="false" CaseInsensitiveQuery="false" KeyboardNavigable="true" CaseRestriction="Mixed" CheckBoxOtherValues="Not Allowed" PrimaryKey="false" DirtyInfo="true" DefaultButton="false" QueryAllowed="true" Visible="true" QueryLength="80" DisplayQuality="High" EditXPosition="0" EditYPosition="0" Enabled="true" DistanceBetweenRecords="0" FillPattern="transparent" FixedLength="false" Required="false" FontName="Arial" FontSize="900" FontStyle="Plain" FontWeight="Medium" FontSpacing="Normal" ForegroundColor="black" Height="13" ConcealData="false" SizingStyle="Crop" ShowHorizontalScrollbar="false" Iconic="false" TabPageName="" InsertAllowed="true" ItemType="Display Item" DataType="Char" UpdateAllowed="true" UpdateIfNull="false" KeepCursorPosition="false" VisualAttributeName="TEXT_ITEM_BPT" LockRecord="false" ShowVerticalScrollbar="false" TooltipVisualAttributeGroup="V7_VA_TOOLTIP"/>
         <Item Name="BPT_10" ValidateFromList="false" LovXPosition="0" Justification="Start" LovYPosition="0" ListStyle="Poplist" Width="98" MaximumLength="80" WrapStyle="Word" AutoSkip="false" BackColor="r55g85b100" CompressionQuality="None" XPosition="171" YPosition="167" DatabaseItem="false" Bevel="None" AutoHint="false" MouseNavigate="true" CanvasName="C_APPT_REFS" MultiLine="false" CaseInsensitiveQuery="false" KeyboardNavigable="true" CaseRestriction="Mixed" CheckBoxOtherValues="Not Allowed" PrimaryKey="false" DirtyInfo="true" DefaultButton="false" QueryAllowed="true" Visible="true" QueryLength="80" DisplayQuality="High" EditXPosition="0" EditYPosition="0" Enabled="true" DistanceBetweenRecords="0" FillPattern="transparent" FixedLength="false" Required="false" FontName="Arial" FontSize="900" FontStyle="Plain" FontWeight="Medium" FontSpacing="Normal" ForegroundColor="black" Height="13" ConcealData="false" SizingStyle="Crop" ShowHorizontalScrollbar="false" Iconic="false" TabPageName="" InsertAllowed="true" ItemType="Display Item" DataType="Char" UpdateAllowed="true" UpdateIfNull="false" KeepCursorPosition="false" VisualAttributeName="TEXT_ITEM_BPT" LockRecord="false" ShowVerticalScrollbar="false" TooltipVisualAttributeGroup="V7_VA_TOOLTIP"/>
         <Item Name="BPT_11" ValidateFromList="false" LovXPosition="0" Justification="Start" LovYPosition="0" ListStyle="Poplist" Width="146" MaximumLength="80" WrapStyle="Word" AutoSkip="false" CompressionQuality="None" XPosition="20" YPosition="147" DatabaseItem="false" AutoHint="false" MouseNavigate="true" CanvasName="C_APPT_REFS" MultiLine="false" CaseInsensitiveQuery="false" KeyboardNavigable="true" CaseRestriction="Mixed" ParentType="29" CheckBoxOtherValues="Not Allowed" PrimaryKey="false" DirtyInfo="true" DefaultButton="false" QueryAllowed="true" Visible="true" QueryLength="80" DisplayQuality="High" EditXPosition="0" EditYPosition="0" Enabled="true" DistanceBetweenRecords="0" FillPattern="transparent" FixedLength="false" Required="false" ConcealData="false" SizingStyle="Crop" ShowHorizontalScrollbar="false" Iconic="false" TabPageName="" InsertAllowed="true" DataType="Char" UpdateAllowed="true" ParentModule="PATREFTR" UpdateIfNull="false" ParentModuleType="12" ParentName="SECTION_TITLE_CLASS" KeepCursorPosition="false" LockRecord="false" ShowVerticalScrollbar="false" TooltipVisualAttributeGroup="V7_VA_TOOLTIP"/>
         <Item Name="BPT_12" ValidateFromList="false" LovXPosition="0" Justification="Start" LovYPosition="0" ListStyle="Poplist" Width="21" MaximumLength="80" WrapStyle="Word" AutoSkip="false" BackColor="r55g85b100" CompressionQuality="None" XPosition="597" YPosition="30" DatabaseItem="false" Bevel="None" AutoHint="false" MouseNavigate="true" CanvasName="C_APPT_REFS" MultiLine="false" CaseInsensitiveQuery="false" KeyboardNavigable="true" CaseRestriction="Mixed" CheckBoxOtherValues="Not Allowed" PrimaryKey="false" DirtyInfo="true" DefaultButton="false" QueryAllowed="true" Visible="true" QueryLength="80" DisplayQuality="High" EditXPosition="0" EditYPosition="0" Enabled="true" DistanceBetweenRecords="0" FillPattern="transparent" FixedLength="false" Required="false" FontName="Arial" FontSize="900" FontStyle="Plain" FontWeight="Medium" FontSpacing="Normal" ForegroundColor="black" Height="13" ConcealData="false" SizingStyle="Crop" ShowHorizontalScrollbar="false" Iconic="false" TabPageName="" InsertAllowed="true" ItemType="Display Item" DataType="Char" UpdateAllowed="true" UpdateIfNull="false" KeepCursorPosition="false" VisualAttributeName="TEXT_ITEM_BPT" LockRecord="false" ShowVerticalScrollbar="false" TooltipVisualAttributeGroup="V7_VA_TOOLTIP"/>
         <Item Name="BPT_13" ValidateFromList="false" LovXPosition="0" Justification="Start" LovYPosition="0" ListStyle="Poplist" Width="128" MaximumLength="80" WrapStyle="Word" AutoSkip="false" BackColor="r55g85b100" CompressionQuality="None" XPosition="361" YPosition="167" DatabaseItem="false" Bevel="None" AutoHint="false" MouseNavigate="true" CanvasName="C_APPT_REFS" MultiLine="false" CaseInsensitiveQuery="false" KeyboardNavigable="true" CaseRestriction="Mixed" CheckBoxOtherValues="Not Allowed" PrimaryKey="false" DirtyInfo="true" DefaultButton="false" QueryAllowed="true" Visible="true" QueryLength="80" DisplayQuality="High" EditXPosition="0" EditYPosition="0" Enabled="true" DistanceBetweenRecords="0" FillPattern="transparent" FixedLength="false" Required="false" FontName="Arial" FontSize="900" FontStyle="Plain" FontWeight="Medium" FontSpacing="Normal" ForegroundColor="black" Height="13" ConcealData="false" SizingStyle="Crop" ShowHorizontalScrollbar="false" Iconic="false" TabPageName="" InsertAllowed="true" ItemType="Display Item" DataType="Char" UpdateAllowed="true" UpdateIfNull="false" KeepCursorPosition="false" VisualAttributeName="TEXT_ITEM_BPT" LockRecord="false" ShowVerticalScrollbar="false" TooltipVisualAttributeGroup="V7_VA_TOOLTIP"/>
         <Trigger Name="WHEN-MOUSE-DOUBLECLICK" TriggerText="--&amp;#10;-- steve pusey 19/4/96&amp;#10;--&amp;#10;-- change value in current boilerplate text item&amp;#10;--&amp;#10;BEGIN&amp;#10;&amp;#10;  boilerplate.change_boilerplate;&amp;#10;&amp;#10;END;"/>
      </Block>
      <Block Name="BUTTONS" DirtyInfo="true" DatabaseBlock="false" ScrollbarWidth="14" ScrollbarLength="135">
         <Item Name="CUR_PATHWAY_LOV_BTN" XPosition="712" YPosition="62" Iconic="true" DirtyInfo="true" IconFilename="b_lov_b3" TabPageName="" Width="19" CanvasName="CNV_CONTENT" ItemType="Push Button" Height="14">
            <Trigger Name="WHEN-BUTTON-PRESSED" DirtyInfo="true" TriggerText="go_item('PATHWAY.USER_PATHWAY_ID');&amp;#10;do_key('list_values');"/>
         </Item>
         <Item Name="CLOSE_BTN" Justification="Center" Enabled="true" Width="50" FillPattern="transparent" BackColor="white" CompressionQuality="None" XPosition="528" FontName="Arial" YPosition="295" DatabaseItem="false" Bevel="None" FontSize="900" FontStyle="Plain" FontWeight="Medium" AutoHint="false" FontSpacing="Normal" ForegroundColor="black" MouseNavigate="true" CanvasName="C_APPT_REFS" KeyboardNavigable="false" Height="12" ShowHorizontalScrollbar="false" Iconic="true" IconFilename="cancel36" TabPageName="" ItemType="Text Item" CopyValueFromItem="" DirtyInfo="true" VisualAttributeName="WEB_TEXT_BUTTON" Label="PUSH_BUTTON591" DefaultButton="false" Visible="true" ShowVerticalScrollbar="false" TooltipVisualAttributeGroup="V7_VA_TOOLTIP">
            <Trigger Name="WHEN-MOUSE-CLICK" DirtyInfo="true" TriggerText="begin&amp;#10;  oasis_when_mouse_click.when_mouse_click;&amp;#10;  do_key('exit_form');&amp;#10;end;"/>
         </Item>
         <Item Name="SUBMIT_BTN" Justification="Center" Enabled="true" Width="50" FillPattern="transparent" BackColor="white" CompressionQuality="None" XPosition="579" FontName="Arial" YPosition="295" DatabaseItem="false" Bevel="None" FontSize="900" FontStyle="Plain" FontWeight="Medium" AutoHint="false" FontSpacing="Normal" ForegroundColor="black" MouseNavigate="true" CanvasName="C_APPT_REFS" KeyboardNavigable="false" Height="12" ShowHorizontalScrollbar="false" Iconic="true" IconFilename="cancel36" TabPageName="" ItemType="Text Item" CopyValueFromItem="" DirtyInfo="true" VisualAttributeName="WEB_TEXT_BUTTON" Label="PUSH_BUTTON591" DefaultButton="false" Visible="true" ShowVerticalScrollbar="false" TooltipVisualAttributeGroup="V7_VA_TOOLTIP">
            <Trigger Name="WHEN-MOUSE-CLICK" DirtyInfo="true" TriggerText="BEGIN&amp;#10;&amp;#10;&#x9;do_key('COMMIT_FORM');&amp;#10;&amp;#10;END;"/>
         </Item>
         <Trigger Name="WHEN-MOUSE-DOWN" DirtyInfo="true" TriggerText="SET_ITEM_PROPERTY(:SYSTEM.TRIGGER_ITEM,VISUAL_ATTRIBUTE,'WEB_TEXT_BUTTON_CLICK');&amp;#10;&amp;#10;"/>
         <Trigger Name="WHEN-MOUSE-UP" DirtyInfo="true" TriggerText="DECLARE       &amp;#10;  v_item_id   Item; -- Graham 29/05/2005 Added to catch non existent item errors. &amp;#10;BEGIN&amp;#10;  SET_ITEM_PROPERTY(:SYSTEM.TRIGGER_ITEM,VISUAL_ATTRIBUTE,'WEB_TEXT_BUTTON');&amp;#10;  DEFAULT_VALUE(NULL,'GLOBAL.LAST_ITEM');&amp;#10;  IF :global.last_item IS NOT NULL and get_item_property(:global.last_item, ENABLED) = 'TRUE' THEN&amp;#10;    v_item_id := FIND_ITEM(NAME_IN('GLOBAL.LAST_ITEM'));&amp;#10;    IF NOT ID_NULL(v_item_id) THEN&amp;#10;      GO_ITEM(v_item_id);&amp;#10;    END IF;&amp;#10;  END IF;&amp;#10;END;&amp;#10;"/>
         <Trigger Name="KEY-CLRBLK" DirtyInfo="true" TriggerText="NULL;"/>
         <Trigger Name="KEY-CLRREC" DirtyInfo="true" TriggerText="NULL;"/>
         <Trigger Name="KEY-CLRFRM" DirtyInfo="true" TriggerText="NULL;"/>
         <Trigger Name="KEY-DELREC" DirtyInfo="true" TriggerText="NULL;"/>
         <Trigger Name="KEY-ENTQRY" DirtyInfo="true" TriggerText="NULL;"/>
         <Trigger Name="KEY-EXEQRY" DirtyInfo="true" TriggerText="NULL;"/>
         <Trigger Name="KEY-CREREC" DirtyInfo="true" TriggerText="NULL;"/>
         <Trigger Name="KEY-NXTREC" DirtyInfo="true" TriggerText="NULL;"/>
         <Trigger Name="KEY-PRVREC" DirtyInfo="true" TriggerText="NULL;"/>
         <Trigger Name="KEY-SCRDOWN" DirtyInfo="true" TriggerText="NULL;"/>
         <Trigger Name="KEY-SCRUP" DirtyInfo="true" TriggerText="NULL;"/>
         <Trigger Name="KEY-DOWN" DirtyInfo="true" TriggerText="NULL;"/>
         <Trigger Name="KEY-UP" DirtyInfo="true" TriggerText="NULL;"/>
         <Trigger Name="WHEN-NEW-ITEM-INSTANCE" DirtyInfo="true" TriggerText="NULL; -- To ensure the form level trigger does not fire for the buttons"/>
      </Block>
      <Block Name="TITLES" DirtyInfo="true" ScrollbarWidth="14" ScrollbarLength="135">
         <Item Name="DSP_TITLE" Justification="Start" TabPageName="" Width="279" MaximumLength="30" ParentModule="PATREFTR" XPosition="97" ParentModuleType="12" YPosition="3" DatabaseItem="false" ParentName="FORM_TITLE_CLASS" DirtyInfo="true" CanvasName="CNV_CONTENT" ParentType="29"/>
         <Item Name="PATIENT_NAME_M" ValidateFromList="false" LovXPosition="0" Justification="Start" LovYPosition="0" ListStyle="Poplist" Width="200" MaximumLength="80" WrapStyle="Word" AutoSkip="false" BackColor="white" CompressionQuality="None" XPosition="435" YPosition="24" DatabaseItem="false" Bevel="None" AutoHint="false" MouseNavigate="true" CanvasName="" MultiLine="false" CaseInsensitiveQuery="false" KeyboardNavigable="true" CaseRestriction="Mixed" CheckBoxOtherValues="Not Allowed" CheckedValue="" SynchronizedItemName="" OtherValues="" PrimaryKey="false" DirtyInfo="true" DefaultButton="false" QueryAllowed="true" Visible="false" QueryLength="80" DisplayQuality="High" EditXPosition="0" EditYPosition="0" Enabled="true" DistanceBetweenRecords="4364" FixedLength="false" Required="false" FontName="Arial" FontSize="800" FontStyle="Plain" FontWeight="Demilight" FontSpacing="Normal" ForegroundColor="gray96" FormatMask="" Height="12" ConcealData="false" SizingStyle="Crop" ShowHorizontalScrollbar="false" Iconic="false" IconFilename="" TabPageName="" InsertAllowed="true" ItemType="Display Item" CopyValueFromItem="" DataType="Char" UncheckedValue="" UpdateAllowed="true" UpdateIfNull="false" KeepCursorPosition="false" VisualAttributeName="TEXT_ITEM_BPT_RED" LockRecord="false" ShowVerticalScrollbar="false"/>
      </Block>
      <Block Name="LT_FUNCTIONS" DirtyInfo="true" DatabaseBlock="false" ScrollbarWidth="14" ScrollbarLength="135">
         <Item Name="IMG_FUNCTIONS" Prompt="Functions" TabPageName="" PromptAttachmentOffset="36" PromptAlignOffset="0" PromptFontSize="900" Width="16" ItemType="Image" ImageFormat="BMP" XPosition="79" YPosition="0" DatabaseItem="false" Bevel="None" PromptForegroundColor="Allscripts Link Blue" DirtyInfo="true" VisualAttributeName="MENU_TEXT_ITEMS_VA" PromptFontName="Arial" PromptFontStyle="Plain" PromptFontWeight="Bold" PromptFontSpacing="Normal" Height="14">
            <Trigger Name="WHEN-MOUSE-CLICK" DirtyInfo="true" TriggerText="HCI_UPGRADE.functions_when_mouse_click;"/>
         </Item>
         <Item Name="NAVIGATE_BUTTON" Justification="Start" TabPageName="" DistanceBetweenRecords="0" Width="80" ItemType="Display Item" PopupMenuName="BOILER_PLATE" XPosition="5" YPosition="18" DatabaseItem="false" Bevel="None" DirtyInfo="true" KeyboardNavigable="true">
            <Trigger Name="WHEN-MOUSE-CLICK" DirtyInfo="true" TriggerText="--&amp;#10;-- Steve Pusey 15/4/96&amp;#10;--&amp;#10;-- toggle between navigation and default menus&amp;#10;--&amp;#10;BEGIN&amp;#10;&amp;#10;  oasis_menu.toggle_menu;&amp;#10;&amp;#10;END;"/>
         </Item>
         <Trigger Name="WHEN-NEW-BLOCK-INSTANCE" DirtyInfo="true" TriggerText="READ_IMAGE_FILE(hci_upgrade.g_image_directory || 'pas_expand_menu.gif', 'gif', 'LT_FUNCTIONS.IMG_FUNCTIONS');"/>
         <Trigger Name="WHEN-MOUSE-DOWN" DirtyInfo="true" TriggerText="SET_ITEM_PROPERTY(:SYSTEM.TRIGGER_ITEM,VISUAL_ATTRIBUTE,'WEB_TEXT_BUTTON_CLICK');&amp;#10;&amp;#10;"/>
         <Trigger Name="WHEN-MOUSE-UP" DirtyInfo="true" TriggerText="SET_ITEM_PROPERTY(:SYSTEM.TRIGGER_ITEM,VISUAL_ATTRIBUTE,'MENU_TEXT_ITEMS_VA');&amp;#10;"/>
         <Trigger Name="WHEN-NEW-ITEM-INSTANCE" DirtyInfo="true" TriggerText="NULL;"/>
      </Block>
      <Canvas Name="CNV_CONTENT" BackColor="white" Bevel="None" DirtyInfo="true" ForegroundColor="black" Width="745" WindowName="MAIN_FORM_WINDOW" Height="410" ViewportHeight="324" ViewportWidth="540">
         <Graphics Name="IMAGE447" Width="15" Dither="false" ClipWidth="15" ImageFilename="PATREFTR_CNV_CONTENT_IMAGE447.tif" ClipHeight="15" XPosition="100" YPosition="44" DirtyInfo="true" GraphicsType="Image" HorizontalMargin="8" ScrollbarWidth="15" VerticalMargin="16" HorizontalObjectOffset="15" Height="15" StartPromptOffset="8"/>
         <Graphics Name="SECTION_LINE1" InternalLineWidth="113" Width="615" EdgeForegroundColor="gray16" EdgePattern="solid" JoinStyle="Bevel" BackColor="r50g75b75" XPosition="118" YPosition="59" Bevel="None" DirtyInfo="true" ForegroundColor="white" GraphicsType="Line" HorizontalMargin="7" ScrollbarWidth="14" VerticalMargin="14" HorizontalObjectOffset="14" Height="0" StartPromptOffset="7"/>
         <Graphics Name="SECTION_NUMBER1" Width="13" FillPattern="none" EdgePattern="none" JoinStyle="Bevel" BackColor="Side Green" XPosition="110" WrapText="false" YPosition="45" BoundingBoxScalable="false" Bevel="None" HorizontalOrigin="Right" HorizontalJustification="Center" ForegroundColor="darkcyan" GraphicsFontWeight="Medium" GraphicsFontSpacing="Normal" GraphicsType="Text" ScrollbarWidth="14" Height="11" GraphicsFontName="Arial" GraphicsFontSize="900" GraphicsFontStyle="0" GraphicsText="1" DirtyInfo="true" GraphicsFontColor="Black" GraphicsFontColorCode="0" HorizontalMargin="7" VerticalMargin="14" HorizontalObjectOffset="14" StartPromptOffset="7">
            <CompoundText Name="CMPTXT207">
               <TextSegment Name="TEXTSTR208" FontName="Arial" FontSize="900" FontStyle="Plain" DirtyInfo="true" FontWeight="Medium" FontSpacing="Normal" ForegroundColor="Black" Text="1"/>
            </CompoundText>
         </Graphics>
      </Canvas>
      <Canvas Name="CANVAS0" ViewportXPositionOnCanvas="0" ViewportYPositionOnCanvas="0" ShowHorizontalScrollbar="false" CanvasType="Content" Width="590" WindowName="MAIN_FORM_WINDOW" Bevel="None" DirtyInfo="true" VisualAttributeName="BACKGROUND_CANVAS_BLUE" Visible="true" ShowVerticalScrollbar="false" Height="350" ViewportHeight="350" ViewportXPosition="0" ViewportWidth="590" ViewportYPosition="0" RaiseOnEnter="false">
         <Graphics Name="RECT1" InternalLineWidth="113" InternalRotationAngle="0" Width="0" EdgeForegroundColor="black" EdgeBackColor="black" FillPattern="none" EdgePattern="transparent" DashStyle="Solid" CapStyle="Butt" JoinStyle="Mitre" BackColor="white" XPosition="131" YPosition="153" Bevel="None" DirtyInfo="true" ForegroundColor="black" GraphicsType="Rectangle" HorizontalMargin="5" ScrollbarWidth="9" VerticalMargin="14" HorizontalObjectOffset="9" Height="0" StartPromptOffset="5"/>
      </Canvas>
      <Canvas Name="C_APPT_REFS" CanvasType="Stacked" Width="637" WindowName="MAIN_FORM_WINDOW" BackColor="white" Bevel="None" DirtyInfo="true" ForegroundColor="Black" DisplayViewport="true" Height="320" ViewportHeight="316" ViewportXPosition="100" ViewportWidth="637" ViewportYPosition="92">
         <Graphics Name="GRAPHIC451" Width="15" Dither="false" ClipWidth="15" ImageFilename="PATREFTR_C_APPT_REFS_GRAPHIC451.tif" ClipHeight="15" XPosition="2" YPosition="146" DirtyInfo="true" GraphicsType="Image" HorizontalMargin="8" ScrollbarWidth="15" VerticalMargin="16" HorizontalObjectOffset="15" Height="15" StartPromptOffset="8"/>
         <Graphics Name="IMAGE450" Width="15" Dither="false" ClipWidth="15" ImageFilename="PATREFTR_C_APPT_REFS_IMAGE450.tif" ClipHeight="15" XPosition="2" YPosition="8" DirtyInfo="true" GraphicsType="Image" HorizontalMargin="8" ScrollbarWidth="15" VerticalMargin="16" HorizontalObjectOffset="15" Height="15" StartPromptOffset="8"/>
         <Graphics Name="SECTION_LINE1" InternalLineWidth="113" Width="615" EdgeForegroundColor="gray16" EdgePattern="solid" JoinStyle="Bevel" BackColor="r50g75b75" XPosition="20" YPosition="23" Bevel="None" DirtyInfo="true" ForegroundColor="white" GraphicsType="Line" HorizontalMargin="7" ScrollbarWidth="14" VerticalMargin="14" HorizontalObjectOffset="14" Height="0" StartPromptOffset="7"/>
         <Graphics Name="SECTION_NUMBER1" Width="13" FillPattern="none" EdgePattern="none" JoinStyle="Bevel" BackColor="Side Green" XPosition="13" WrapText="false" YPosition="10" BoundingBoxScalable="false" Bevel="None" HorizontalOrigin="Right" HorizontalJustification="Center" ForegroundColor="darkcyan" GraphicsFontWeight="Medium" GraphicsFontSpacing="Normal" GraphicsType="Text" ScrollbarWidth="14" Height="11" GraphicsFontName="Arial" GraphicsFontSize="900" GraphicsFontStyle="0" GraphicsText="2" DirtyInfo="true" GraphicsFontColor="Black" GraphicsFontColorCode="0" HorizontalMargin="7" VerticalMargin="14" HorizontalObjectOffset="14" StartPromptOffset="7">
            <CompoundText Name="CMPTXT207">
               <TextSegment Name="TEXTSTR208" FontName="Arial" FontSize="900" FontStyle="Plain" DirtyInfo="true" FontWeight="Medium" FontSpacing="Normal" ForegroundColor="Black" Text="2"/>
            </CompoundText>
         </Graphics>
         <Graphics Name="GRAPHIC434" InternalLineWidth="113" Width="615" EdgeForegroundColor="gray16" EdgePattern="solid" JoinStyle="Bevel" BackColor="r50g75b75" XPosition="20" YPosition="161" Bevel="None" DirtyInfo="true" ForegroundColor="white" GraphicsType="Line" HorizontalMargin="7" ScrollbarWidth="14" VerticalMargin="14" HorizontalObjectOffset="14" Height="0" StartPromptOffset="7"/>
         <Graphics Name="TEXT437" Width="14" FillPattern="none" EdgePattern="none" JoinStyle="Bevel" BackColor="Black" XPosition="13" WrapText="false" YPosition="147" BoundingBoxScalable="false" Bevel="None" HorizontalOrigin="Right" HorizontalJustification="Center" ForegroundColor="darkcyan" GraphicsFontWeight="Medium" GraphicsFontSpacing="Normal" GraphicsType="Text" ScrollbarWidth="14" Height="12" GraphicsFontName="Arial" GraphicsFontSize="900" GraphicsFontStyle="0" GraphicsText="3" DirtyInfo="true" GraphicsFontColor="Black" GraphicsFontColorCode="0" HorizontalMargin="7" VerticalMargin="14" HorizontalObjectOffset="14" StartPromptOffset="7">
            <CompoundText Name="CMPTXT438">
               <TextSegment Name="TEXTSTR439" FontName="Arial" FontSize="900" FontStyle="Plain" DirtyInfo="true" FontWeight="Medium" FontSpacing="Normal" ForegroundColor="Black" Text="3"/>
            </CompoundText>
         </Graphics>
      </Canvas>
      <Canvas Name="CNV_HIDE" Bevel="None" DirtyInfo="true" Width="800" Visible="false" WindowName="WND_HIDE" Height="410" ViewportHeight="324" ViewportWidth="540"/>
      <ModuleParameter Name="P_RELEASE" ParentModule="PAS_RELEASE" ParentModuleType="25" ParentName="P_RELEASE" ParentFilename="PAS_RELEASE.olb" DirtyInfo="true" ParentType="13"/>
      <ModuleParameter Name="P_VERSION" DirtyInfo="true" Comment="Used by ABOUT_FORM window, the form version, update after each update" ParameterInitializeValue="8"/>
      <ModuleParameter Name="P_DATE" DirtyInfo="true" Comment="Used by ABOUT_FORM window, the date the form was last updated, update after each update" ParameterInitializeValue="23-Jul-2020"/>
      <ModuleParameter Name="P_TEMPLATE" Comment="Used by ABOUT_FORM window, the template used to create this form" ParameterInitializeValue="TEMPLATE_V10"/>
      <ModuleParameter Name="API_VERSION" ParameterInitializeValue="V2.3"/>
      <ModuleParameter Name="P_BREADCRUMB"/>
      <ModuleParameter Name="P_PATIENT_ID" DirtyInfo="true" ParameterDataType="Number" ParameterInitializeValue=""/>
      <ModuleParameter Name="P_REFERRAL_TO_TREAT_PATHWAY_ID" DirtyInfo="true" ParameterDataType="Number"/>
      <ModuleParameter Name="P_LOV_RTT_PATHWAY_ID" DirtyInfo="true" ParameterDataType="Number"/>
      <ModuleParameter Name="P_LOV_PATHWAY_ID" DirtyInfo="true"/>
      <ModuleParameter Name="P_LOV_START_DATE" DirtyInfo="true" ParameterDataType="Date"/>
      <ModuleParameter Name="P_LOV_DESCRIPTION" DirtyInfo="true"/>
      <ModuleParameter Name="P_LOV_CODED_DESCRIPTION" DirtyInfo="true"/>
      <ModuleParameter Name="P_LOV_SPECIALTY" DirtyInfo="true"/>
      <ModuleParameter Name="P_LOV_PATHWAY_STATUS" DirtyInfo="true"/>
      <LOV Name="PATHWAY_LOV" DirtyInfo="true" VisualAttributeName="TEXT_ITEM_VA_LOV" AutoPosition="true" Title="Pathway LOV" Width="500" RecordGroupName="PATHWAY_RG" Height="200">
         <LOVColumnMapping Name="PATHWAY_ID" ReturnItem="PARAMETER.P_LOV_PATHWAY_ID" DirtyInfo="true" Title="Pathway ID" DisplayWidth="142"/>
         <LOVColumnMapping Name="PATHWAY_START_DATE" ReturnItem="PARAMETER.P_LOV_START_DATE" DirtyInfo="true" Title="Start Date" DisplayWidth="81"/>
         <LOVColumnMapping Name="DESCRIPTION" ReturnItem="PARAMETER.P_LOV_DESCRIPTION" DirtyInfo="true" Title="Description" DisplayWidth="300"/>
         <LOVColumnMapping Name="CODED_DESCRIPTION" ReturnItem="PARAMETER.P_LOV_CODED_DESCRIPTION" DirtyInfo="true" Title="Coded Description" DisplayWidth="300"/>
         <LOVColumnMapping Name="PATHWAY_END_DATE" ReturnItem="" DirtyInfo="true" Title="End Date" DisplayWidth="81"/>
         <LOVColumnMapping Name="REFERRAL_TO_TREAT_PATHWAY_ID" ReturnItem="PARAMETER.P_LOV_RTT_PATHWAY_ID" DirtyInfo="true" Title="Internal RTT ID" DisplayWidth="41"/>
         <LOVColumnMapping Name="PATHWAY_SPECIALTY" ReturnItem="PARAMETER.P_LOV_SPECIALTY" DirtyInfo="true" Title="Specialty" DisplayWidth="300"/>
         <LOVColumnMapping Name="PATHWAY_STATUS" ReturnItem="PARAMETER.P_LOV_PATHWAY_STATUS" DirtyInfo="true" Title="Pathway Status" DisplayWidth="100"/>
      </LOV>
      <LOV Name="PATIENT_ATTENDANCE_LOV" DirtyInfo="true" VisualAttributeName="TEXT_ITEM_VA_LOV" AutoPosition="true" Title="Patient Attendances" Width="680" RecordGroupName="PATIENT_ATTENDANCE_LOV" Height="350">
         <LOVColumnMapping Name="START_DATE_FORMATTED" ReturnItem="" DirtyInfo="true" Title="Start Date" DisplayWidth="80"/>
         <LOVColumnMapping Name="END_DATE_FORMATTED" ReturnItem="" DirtyInfo="true" Title="End Date" DisplayWidth="60"/>
         <LOVColumnMapping Name="ENC_TYPE" ReturnItem="" DirtyInfo="true" Title="Type" DisplayWidth="20"/>
         <LOVColumnMapping Name="CONSULTANT_NAME" ReturnItem="" DirtyInfo="true" Title="Clinician" DisplayWidth="100"/>
         <LOVColumnMapping Name="SPECIALTY" ReturnItem="" DirtyInfo="true" Title="Specialty" DisplayWidth="100"/>
         <LOVColumnMapping Name="OUTCOME" ReturnItem="" DirtyInfo="true" Title="Outcome" DisplayWidth="100"/>
         <LOVColumnMapping Name="CONTRACT" ReturnItem="" DirtyInfo="true" Title="Contract" DisplayWidth="100"/>
         <LOVColumnMapping Name="AUTHORISATION_NO" ReturnItem="" DirtyInfo="true" Title="Authorisation" DisplayWidth="100"/>
         <LOVColumnMapping Name="CODING_STATUS" ReturnItem="" DirtyInfo="true" Title="Coded" DisplayWidth="30"/>
         <LOVColumnMapping Name="DATE_CODING_LAST_CHANGED" ReturnItem="" DirtyInfo="true" Title="Last Coded" DisplayWidth="50"/>
         <LOVColumnMapping Name="EPISODE_COUNT" ReturnItem="" DirtyInfo="true" Title="Episodes" DisplayWidth="35"/>
         <LOVColumnMapping Name="ENCOUNTER_ID" ReturnItem="" DirtyInfo="true" Title="Encounter Id" DisplayWidth="50"/>
         <LOVColumnMapping Name="HOSPITAL" ReturnItem="" DirtyInfo="true" Title="Hospital" DisplayWidth="100"/>
         <LOVColumnMapping Name="HOSPITAL_ID" ReturnItem="" DirtyInfo="true" Title="" DisplayWidth="0"/>
         <LOVColumnMapping Name="EPISODE_NO" ReturnItem="" DirtyInfo="true" Title="Episode No" DisplayWidth="50"/>
         <LOVColumnMapping Name="ENCOUNTER_TYPE" ReturnItem="" DirtyInfo="true" Title="" DisplayWidth="0"/>
         <LOVColumnMapping Name="SITE" ReturnItem="" DirtyInfo="true" Title="Site" DisplayWidth="547"/>
      </LOV>
      <Menu Name="BOILER_PLATE" DirtyInfo="true">
         <MenuItem Name="CHANGE_PROMPT" DirtyInfo="true" Label="Change Prompt" MenuItemCode="message('Change Boilerplate prompt');pause;"/>
      </Menu>
      <ProgramUnit Name="INIT_FORM" ProgramUnitText="PACKAGE BODY init_form IS&amp;#10;--&amp;#10;-- steve pusey 2/5/1996&amp;#10;--&amp;#10;-- program units to initialise form&amp;#10;--&amp;#10;-- add code to init_form and init_format_masks program units, add other init procs to the&amp;#10;-- init_form procedure, for example if you write a procedure called init_toolbar then add &amp;#10;-- this to the init_form procedure. The init_form procedure is called from the &amp;#10;-- WHEN-NEW-FORM-INSTANCE trigger&amp;#10;--&amp;#10;&amp;#10;---------------------------------------------------------------------------------------&amp;#10;-- INTERNAL PACKAGE VARIABLES &amp;#10;---------------------------------------------------------------------------------------&amp;#10;&amp;#10;---------------------------------------------------------------------------------------&amp;#10;-- INTERNAL PROGRAM UNITS (DECLARATION)&amp;#10;---------------------------------------------------------------------------------------&amp;#10;&amp;#10;  procedure init_list_items;&amp;#10;  procedure init_format_masks;&amp;#10;&amp;#10;---------------------------------------------------------------------------------------&amp;#10;-- PROGRAM UNITS (CODE)&amp;#10;---------------------------------------------------------------------------------------&amp;#10;&amp;#10;-- ##########################################################################################&amp;#10;&amp;#10;  procedure init_list_items is&amp;#10;  --&amp;#10;  -- initialise list items&amp;#10;  --&amp;#10;  -- date&#x9;by&#x9;&#x9;change&amp;#10;  -- 2/5/1996   Steve Pusey&#x9;Creation of template procedure&amp;#10;  --&amp;#10;  BEGIN&amp;#10;&amp;#10;    -- cut &amp; paste this code&amp;#10;    -- populate_poplist_from_codes ('BLOCK.ITEM', &lt;CODE_TYPE>);&amp;#10;&amp;#10;    null;&amp;#10;  &amp;#10;  END init_list_items;&amp;#10;&amp;#10;-- ##########################################################################################&amp;#10;&amp;#10;  procedure init_format_masks is&amp;#10;  --&amp;#10;  -- set the format masks for date, datetime, and numeric items&amp;#10;  --&amp;#10;  -- date&#x9;by&#x9;&#x9;change&amp;#10;  -- 2/5/1996   Steve Pusey&#x9;Creation of template procedure&amp;#10;  --&amp;#10;  BEGIN&amp;#10;&amp;#10;    -- copy &amp; paste this line&amp;#10;    -- set_format_mask ('BLOCK.ITEM');&amp;#10;    set_format_mask('appointment_referrals.ref_date');&amp;#10;    set_format_mask('appointment_referrals.pathway_start_date');&amp;#10;    set_format_mask('pathway.pathway_start_date');&amp;#10;   &amp;#10;  END init_format_masks;&amp;#10;&amp;#10;-- ##########################################################################################&amp;#10;&amp;#10;  procedure init_form is&amp;#10;  --&amp;#10;  -- initialise form&amp;#10;  --&amp;#10;  -- date&#x9;by&#x9;&#x9;change&amp;#10;  -- 2/5/1996   Steve Pusey&#x9;Creation of template procedure&amp;#10;  --&amp;#10;  BEGIN&amp;#10;&amp;#10;    init_list_items;&amp;#10;    init_format_masks;&amp;#10;&amp;#10;  END init_form;&amp;#10;&amp;#10;-- ##########################################################################################&amp;#10;&amp;#10;END init_form;" ProgramUnitType="Package Body"/>
      <ProgramUnit Name="INIT_FORM" ProgramUnitText="PACKAGE init_form IS&amp;#10;--&amp;#10;-- steve pusey 2/5/1996&amp;#10;--&amp;#10;-- program units to initialise form&amp;#10;--&amp;#10;&amp;#10;---------------------------------------------------------------------------------------&amp;#10;-- EXTERNAL PACKAGE VARIABLES&amp;#10;---------------------------------------------------------------------------------------&amp;#10;&amp;#10;---------------------------------------------------------------------------------------&amp;#10;-- EXTERNAL PROGRAM UNITS (DECLARATION) &amp;#10;---------------------------------------------------------------------------------------&amp;#10;&amp;#10;  procedure init_form;&amp;#10;&amp;#10;END init_form;" ProgramUnitType="Package Spec"/>
      <ProgramUnit Name="SAME_SPECIALTY" ProgramUnitText="FUNCTION same_specialty(p_specialty_code NUMBER,&amp;#10;&#x9;&#x9;&#x9;&#x9;&#x9;&#x9;&#x9;&#x9;&#x9;&#x9;&#x9;  p_rtt_pathway_id NUMBER) RETURN BOOLEAN IS&amp;#10;&amp;#10;&#x9;&amp;#10;&#x9;&#x9;CURSOR c_compare_specialty IS&amp;#10;&#x9;&#x9;SELECT specialty_code&amp;#10;&#x9;&#x9;  FROM appointment_referrals&amp;#10;&#x9;&#x9; WHERE referral_to_treat_pathway_id = p_rtt_pathway_id&amp;#10;&#x9;ORDER BY ref_date DESC;&amp;#10;&amp;#10;&#x9;v_specialty_code NUMBER;&#x9;&#x9;&amp;#10;&amp;#10;BEGIN&amp;#10;  &amp;#10;  OPEN c_compare_specialty;&amp;#10;  FETCH c_compare_specialty INTO v_specialty_code;&amp;#10;  CLOSE c_compare_specialty;&amp;#10;  &amp;#10;  IF v_specialty_code = p_specialty_code THEN&amp;#10;  &#x9;return TRUE;&amp;#10;  ELSE&amp;#10;  &#x9;return FALSE;&amp;#10;  END IF;&amp;#10;  &amp;#10;END;" ProgramUnitType="Function"/>
      <ProgramUnit Name="POPULATE_PATHWAY_DETAILS" ProgramUnitText="---------------------------------------------------------------------------------------------&amp;#10;-- Created By&#x9;&#x9;&#x9;Date&#x9;&#x9;&#x9;&#x9;&#x9;Comments&amp;#10;-- Dave L&#x9;&#x9;&#x9;&#x9;&#x9;16/09/2010&#x9;&#x9;Populate pathay details when a pathway parameter is received.&amp;#10;---------------------------------------------------------------------------------------------&amp;#10;PROCEDURE populate_pathway_details IS&amp;#10;&amp;#10;&#x9;CURSOR c_pathway IS&amp;#10;&#x9; SELECT pathway_id,&amp;#10;&#x9; &#x9;&#x9;&#x9;&#x9;pathway_start_date,&amp;#10;&#x9; &#x9;&#x9;&#x9;&#x9;description,&amp;#10;&#x9; &#x9;&#x9;&#x9;&#x9;oasis_package.get_code(pathway_coded_desc_code) pathway_coded_desc,&amp;#10;&#x9; &#x9;&#x9;&#x9;&#x9;oasis_package.get_code(pathway_specialty) pathway_specialty_desc,&amp;#10;&#x9; &#x9;&#x9;&#x9;&#x9;oasis_package.get_code(pathway_status) pathway_status_desc&amp;#10;&#x9;   FROM referral_to_treat_pathways&amp;#10;&#x9;  WHERE referral_to_treat_pathway_id = :parameter.p_referral_to_treat_pathway_id;&amp;#10;&#x9;  &amp;#10;&#x9;r_pathway c_pathway%ROWTYPE;&amp;#10;&#x9;  &amp;#10;BEGIN&amp;#10;&amp;#10;&#x9;OPEN c_pathway;&amp;#10;&#x9;FETCH c_pathway INTO r_pathway;&amp;#10;&#x9;CLOSE c_pathway;&amp;#10;&#x9;&amp;#10;&#x9;:pathway.referral_to_treat_pathway_id := :parameter.p_referral_to_treat_pathway_id;&amp;#10;&#x9;:pathway.user_pathway_id &#x9;&#x9;&#x9;&#x9;&#x9;&#x9;  := r_pathway.pathway_id;&amp;#10;&#x9;:pathway.pathway_start_date &#x9;&#x9;&#x9;&#x9;  := r_pathway.pathway_start_date;&amp;#10;&#x9;:pathway.description &#x9;&#x9;&#x9;&#x9;&#x9;&#x9;&#x9;&#x9;  := r_pathway.description;&amp;#10;&#x9;:pathway.coded_description&#x9;&#x9;&#x9;&#x9;&#x9;  := r_pathway.pathway_coded_desc;&amp;#10;&#x9;:pathway.pathway_specialty  &#x9;&#x9;&#x9;&#x9;  := r_pathway.pathway_specialty_desc;&amp;#10;&#x9;:pathway.pathway_status  &#x9;&#x9;&#x9;&#x9;&#x9;&#x9;  := r_pathway.pathway_status_desc;&amp;#10; &amp;#10;&#x9;set_item_property('PATHWAY.USER_PATHWAY_ID',ITEM_IS_VALID,PROPERTY_TRUE);&amp;#10;  &amp;#10;  go_block('APPOINTMENT_REFERRALS');&amp;#10;  execute_query;&amp;#10;&amp;#10;END;" ProgramUnitType="Procedure"/>
      <PropertyClass Name="BACKGROUND_LINK_BOX_CLASS" ParentModule="PAS_CUI" ParentModuleType="25" ParentName="BACKGROUND_LINK_BOX_CLASS" ParentFilename="PAS_CUI.olb" DirtyInfo="true" ParentType="29"/>
      <PropertyClass Name="FORM_TITLE_CLASS" ParentModule="PAS_CUI" ParentModuleType="25" ParentName="FORM_TITLE_CLASS" ParentFilename="PAS_CUI.olb" DirtyInfo="true" ParentType="29"/>
      <PropertyClass Name="SECTION_TITLE_CLASS" ParentModule="PAS_CUI" ParentModuleType="25" ParentName="SECTION_TITLE_CLASS" ParentFilename="PAS_CUI.olb" DirtyInfo="true" ParentType="29"/>
      <PropertyClass Name="BUTTON_CLASS" ParentModule="PAS_OLD" ParentModuleType="25" ParentName="BUTTON_CLASS" ParentFilename="PAS_OLD.olb" DirtyInfo="true" ParentType="29"/>
      <PropertyClass Name="OK_BUTTON_CLASS" ParentModule="PAS_OLD" ParentModuleType="25" ParentName="OK_BUTTON_CLASS" ParentFilename="PAS_OLD.olb" DirtyInfo="true" ParentType="29"/>
      <PropertyClass Name="CANCEL_BUTTON_CLASS" ParentModule="PAS_OLD" ParentModuleType="25" ParentName="CANCEL_BUTTON_CLASS" ParentFilename="PAS_OLD.olb" DirtyInfo="true" ParentType="29"/>
      <PropertyClass Name="TOOLBAR_BUTTON_CLASS" ParentModule="PAS_OLD" ParentModuleType="25" ParentName="TOOLBAR_BUTTON_CLASS" ParentFilename="PAS_OLD.olb" DirtyInfo="true" ParentType="29"/>
      <PropertyClass Name="GOTO_BUTTON_CLASS" ParentModule="PAS_OLD" ParentModuleType="25" ParentName="GOTO_BUTTON_CLASS" ParentFilename="PAS_OLD.olb" DirtyInfo="true" ParentType="29"/>
      <PropertyClass Name="GOBACK_BUTTON_CLASS" ParentModule="PAS_OLD" ParentModuleType="25" ParentName="GOBACK_BUTTON_CLASS" ParentFilename="PAS_OLD.olb" DirtyInfo="true" ParentType="29"/>
      <PropertyClass Name="LOV_BUTTON_CLASS" ParentModule="PAS_OLD" ParentModuleType="25" ParentName="LOV_BUTTON_CLASS" ParentFilename="PAS_OLD.olb" DirtyInfo="true" ParentType="29"/>
      <PropertyClass Name="BPT_CLASS" ParentModule="PAS_OLD" ParentModuleType="25" ParentName="BPT_CLASS" ParentFilename="PAS_OLD.olb" DirtyInfo="true" ParentType="29"/>
      <PropertyClass Name="BPT_BLUE_CLASS" ParentModule="PAS_OLD" ParentModuleType="25" ParentName="BPT_BLUE_CLASS" ParentFilename="PAS_OLD.olb" DirtyInfo="true" ParentType="29"/>
      <PropertyClass Name="BPT_GREY_CLASS" ParentModule="PAS_OLD" ParentModuleType="25" ParentName="BPT_GREY_CLASS" ParentFilename="PAS_OLD.olb" DirtyInfo="true" ParentType="29"/>
      <PropertyClass Name="TEXT_ITEM_CLASS" ParentModule="PAS_OLD" ParentModuleType="25" ParentName="TEXT_ITEM_CLASS" ParentFilename="PAS_OLD.olb" DirtyInfo="true" ParentType="29"/>
      <PropertyClass Name="TEXT_ITEM_DATE_CLASS" ParentModule="PAS_OLD" ParentModuleType="25" ParentName="TEXT_ITEM_DATE_CLASS" ParentFilename="PAS_OLD.olb" DirtyInfo="true" ParentType="29"/>
      <PropertyClass Name="TEXT_ITEM_NUMBER_CLASS" ParentModule="PAS_OLD" ParentModuleType="25" ParentName="TEXT_ITEM_NUMBER_CLASS" ParentFilename="PAS_OLD.olb" DirtyInfo="true" ParentType="29"/>
      <PropertyClass Name="TEXT_ITEM_DATETIME_CLASS" ParentModule="PAS_OLD" ParentModuleType="25" ParentName="TEXT_ITEM_DATETIME_CLASS" ParentFilename="PAS_OLD.olb" DirtyInfo="true" ParentType="29"/>
      <PropertyClass Name="DISPLAY_ITEM_CLASS" ParentModule="PAS_OLD" ParentModuleType="25" ParentName="DISPLAY_ITEM_CLASS" ParentFilename="PAS_OLD.olb" DirtyInfo="true" ParentType="29"/>
      <PropertyClass Name="STACKED_CANVAS_CLASS" ParentModule="PAS_OLD" ParentModuleType="25" ParentName="STACKED_CANVAS_CLASS" ParentFilename="PAS_OLD.olb" DirtyInfo="true" ParentType="29"/>
      <PropertyClass Name="WINDOW_CLASS" ParentModule="PAS_OLD" ParentModuleType="25" ParentName="WINDOW_CLASS" ParentFilename="PAS_OLD.olb" DirtyInfo="true" ParentType="29"/>
      <PropertyClass Name="ID_CLASS" ParentModule="PAS_OLD" ParentModuleType="25" ParentName="ID_CLASS" ParentFilename="PAS_OLD.olb" DirtyInfo="true" ParentType="29"/>
      <RecordGroup Name="PATHWAY_RG" DirtyInfo="true" RecordGroupFetchSize="0" RecordGroupQuery="SELECT r.referral_to_treat_pathway_id, r.pathway_id, &amp;#10;to_char(r.pathway_start_date,'DD-Mon-YYYY') pathway_start_date, &amp;#10;to_char(r.pathway_end_date,'DD-Mon-YYYY') pathway_end_date, &amp;#10;r.description, c.description coded_description,&amp;#10;oasis_package.get_code(r.pathway_specialty) pathway_specialty,&amp;#10;oasis_package.get_code(r.pathway_status) pathway_status&amp;#10;FROM referral_to_treat_pathways r, codes c&amp;#10;WHERE r.patient_id = :parameter.p_patient_id AND r.pathway_coded_desc_code = c.code(+)&amp;#10;AND c.code_type(+) = 10869" RecordGroupType="Query">
         <RecordGroupColumn Name="REFERRAL_TO_TREAT_PATHWAY_ID" DirtyInfo="true" ColumnDataType="Number" MaximumLength="23" DataLengthSemantics="Null"/>
         <RecordGroupColumn Name="PATHWAY_ID" DirtyInfo="true" ColumnDataType="Character" MaximumLength="20" DataLengthSemantics="BYTE"/>
         <RecordGroupColumn Name="PATHWAY_START_DATE" DirtyInfo="true" ColumnDataType="Character" MaximumLength="11" DataLengthSemantics="BYTE"/>
         <RecordGroupColumn Name="PATHWAY_END_DATE" DirtyInfo="true" ColumnDataType="Character" MaximumLength="11" DataLengthSemantics="BYTE"/>
         <RecordGroupColumn Name="DESCRIPTION" DirtyInfo="true" ColumnDataType="Character" MaximumLength="80" DataLengthSemantics="BYTE"/>
         <RecordGroupColumn Name="CODED_DESCRIPTION" DirtyInfo="true" ColumnDataType="Character" MaximumLength="80" DataLengthSemantics="BYTE"/>
         <RecordGroupColumn Name="PATHWAY_SPECIALTY" DirtyInfo="true" ColumnDataType="Character" MaximumLength="2000" DataLengthSemantics="BYTE"/>
         <RecordGroupColumn Name="PATHWAY_STATUS" DirtyInfo="true" ColumnDataType="Character" MaximumLength="2000" DataLengthSemantics="BYTE"/>
      </RecordGroup>
      <RecordGroup Name="PATIENT_ATTENDANCE_LOV" DirtyInfo="true" RecordGroupFetchSize="0" RecordGroupQuery="SELECT   TO_CHAR (att.start_date, :GLOBAL.datetime_mask) start_date_formatted,&amp;#10;         att.enc_type, att.consultant_name, att.specialty, att.outcome,&amp;#10;         att.contract, att.authorisation_no, att.coding_status,&amp;#10;         att.date_coding_last_changed, att.episode_count,&amp;#10;         TO_CHAR (att.end_date, :GLOBAL.date_mask)&amp;#10;               end_date_formatted,&amp;#10;         att.encounter_id, att.physical_discharge_date, att.hospital,&amp;#10;         att.hospital_id, att.episode_no, att.encounter_type, att.site&amp;#10;FROM     pat_attendance_lov_view_syn att,&amp;#10;         (SELECT opd.wait_list_id encounter_id&amp;#10;          FROM   opd_wait_list opd&amp;#10;          WHERE opd.referral_id = :appointment_referrals.referral_id&amp;#10;          AND   opd.patient_id = :parameter.p_patient_id&amp;#10;          UNION&amp;#10;          SELECT twl.treatment_wait_list_id encounter_id&amp;#10;          FROM   treatment_wait_list twl&amp;#10;          WHERE twl.referral_id = :appointment_referrals.referral_id&amp;#10;          AND   twl.patient_id = :parameter.p_patient_id&amp;#10;          UNION&amp;#10;          SELECT app.appointment_id encounter_id&amp;#10;          FROM   appointments app&amp;#10;          WHERE app.referral_id = :appointment_referrals.referral_id&amp;#10;          AND   app.patient_id = :parameter.p_patient_id) inn&amp;#10;WHERE    att.patient_id = :parameter.p_patient_id&amp;#10;AND      att.encounter_id = inn.encounter_id&amp;#10;ORDER BY DECODE(att.hospital,' ',to_date('01/01/1930','dd/mm/yyyy'),DECODE(att.end_date,null,sysdate,NVL(att.physical_discharge_date,to_date('01/01/1930','dd/mm/yyyy')))) DESC" RecordGroupType="Query">
         <RecordGroupColumn Name="START_DATE_FORMATTED" DirtyInfo="true" ColumnDataType="Character" MaximumLength="75"/>
         <RecordGroupColumn Name="ENC_TYPE" DirtyInfo="true" ColumnDataType="Character" MaximumLength="3"/>
         <RecordGroupColumn Name="CONSULTANT_NAME" DirtyInfo="true" ColumnDataType="Character" MaximumLength="80"/>
         <RecordGroupColumn Name="SPECIALTY" DirtyInfo="true" ColumnDataType="Character" MaximumLength="80"/>
         <RecordGroupColumn Name="OUTCOME" DirtyInfo="true" ColumnDataType="Character" MaximumLength="80"/>
         <RecordGroupColumn Name="CONTRACT" DirtyInfo="true" ColumnDataType="Character" MaximumLength="80"/>
         <RecordGroupColumn Name="AUTHORISATION_NO" DirtyInfo="true" ColumnDataType="Character" MaximumLength="80"/>
         <RecordGroupColumn Name="CODING_STATUS" DirtyInfo="true" ColumnDataType="Character" MaximumLength="80"/>
         <RecordGroupColumn Name="DATE_CODING_LAST_CHANGED" DirtyInfo="true" ColumnDataType="Date" MaximumLength="7"/>
         <RecordGroupColumn Name="EPISODE_COUNT" DirtyInfo="true" ColumnDataType="Number" MaximumLength="23"/>
         <RecordGroupColumn Name="END_DATE_FORMATTED" DirtyInfo="true" ColumnDataType="Character" MaximumLength="75"/>
         <RecordGroupColumn Name="ENCOUNTER_ID" DirtyInfo="true" ColumnDataType="Number" MaximumLength="23"/>
         <RecordGroupColumn Name="PHYSICAL_DISCHARGE_DATE" DirtyInfo="true" ColumnDataType="Date" MaximumLength="7"/>
         <RecordGroupColumn Name="HOSPITAL" DirtyInfo="true" ColumnDataType="Character" MaximumLength="80"/>
         <RecordGroupColumn Name="HOSPITAL_ID" DirtyInfo="true" ColumnDataType="Number" MaximumLength="23"/>
         <RecordGroupColumn Name="EPISODE_NO" DirtyInfo="true" ColumnDataType="Number" MaximumLength="23"/>
         <RecordGroupColumn Name="ENCOUNTER_TYPE" DirtyInfo="true" ColumnDataType="Character" MaximumLength="3"/>
         <RecordGroupColumn Name="SITE" DirtyInfo="true" ColumnDataType="Character" MaximumLength="80"/>
      </RecordGroup>
      <Trigger Name="WHEN-MOUSE-CLICK" TriggerText="--&amp;#10;-- call stdlib procedure to handle mouse click&amp;#10;-- N.B. standard left button click is not affected &amp;#10;--&amp;#10;-- date&#x9;&#x9;by&#x9;&#x9;change&amp;#10;-- 31-05-1996&#x9;Steve Pusey&#x9;Creation&amp;#10;--&amp;#10;BEGIN&amp;#10;&amp;#10;  oasis_when_mouse_click.when_mouse_click;&amp;#10;&amp;#10;END;"/>
      <Trigger Name="WHEN-NEW-ITEM-INSTANCE" TriggerText="/* This trigger activates the hint message for the associated item */&amp;#10;begin&amp;#10;  display_text_hint;&amp;#10;end;"/>
      <Trigger Name="WHEN-NEW-FORM-INSTANCE" TriggerText="--&amp;#10;-- fires when form is entered, PRE-FORM fires before this trigger&amp;#10;--&amp;#10;-- Date&#x9;&#x9;&#x9;&#x9;&#x9;by &#x9;&#x9;&#x9;&#x9;&#x9;&#x9;&#x9;change&amp;#10;-- 10/1994&#x9;&#x9;&#x9;David Massie   &#x9;Creation&amp;#10;-- 1995&#x9;&#x9;&#x9;&#x9;&#x9;Nagy Tharwat&#x9;&#x9;Upgrade to v9 - moved code into library procedure&amp;#10;-- 2/5/1996&#x9;&#x9;&#x9;Steve Pusey&#x9;&#x9;&#x9;Upgrade to V10 &amp;#10;--&#x9;&#x9;&#x9;&#x9;&#x9;&#x9;&#x9;&#x9;&#x9;&#x9;&#x9;&#x9;&#x9;&#x9;&#x9;- versions into oasis_new_form_instance&amp;#10;--&#x9;&#x9;&#x9;&#x9;&#x9;&#x9;&#x9;&#x9;&#x9;&#x9;&#x9;&#x9;&#x9;&#x9;&#x9;- Tidied code and added comments&amp;#10;-- 05/11/2015   Haritha         TFS ID 2247465: Patient Banner CUI Changes&amp;#10;-- 10/Dec/2019  Haritha         TFS-5797428: Modified to amend patient view audit&amp;#10;-- 23/Jul/2020  Karen           TFS6432902: Added code to update the global.last_item as &amp;#10;--                              this was still holding the value from the previous form&amp;#10;-- &amp;#10;&amp;#10;DECLARE&amp;#10;&amp;#10;  v_error_no             number(4); -- returned from oasis_new_form_instance&amp;#10;&amp;#10;BEGIN&amp;#10;&#x9;:global.last_item := 'pathway.user_pathway_id'; --KM TFS6432902&amp;#10;  -- version 2 form (gets bpt and window titles fromm files)&amp;#10;  oasis_new_form_instance_v2(v_error_no, 2); &amp;#10;&amp;#10;  if v_error_no > 0 then&amp;#10;    display_alert ('ERROR_ALERT', v_error_no);&amp;#10;    exit_form (NO_VALIDATE);&amp;#10;  end if;&amp;#10;&amp;#10;  -- *** Insert additional code into init_form package ***&amp;#10;&amp;#10;  hci_upgrade.pr_initialise_images;&amp;#10;  init_form.init_form;&#x9;&amp;#10;&#x9;&amp;#10;&#x9;:parameter.p_patient_id := :global.patient_id;&amp;#10;&#x9;&amp;#10;  -- 10/Dec/2019 TFS-5797428    &#x9; &amp;#10;  IF :global.patient_id IS NOT NULL THEN   &amp;#10;&#x9;&#x9;patient_banner.populate;                                -- 05/11/2015 TFS ID 2247465&amp;#10;&#x9;&#x9;audit_patient_view(p_patient_id => :global.patient_id); &amp;#10;&#x9;ELSE&amp;#10; &#x9;&#x9;patient_banner.hide_banner; &amp;#10;&#x9;END IF;  &amp;#10;&#x9;&#x9;&amp;#10;&#x9;IF :parameter.p_referral_to_treat_pathway_id IS NOT NULL THEN&amp;#10;&#x9;&#x9;populate_pathway_details;&amp;#10;&#x9;END IF;&amp;#10;&amp;#10;END;"/>
      <Trigger Name="ON-MESSAGE" TriggerText="--&amp;#10;-- steve pusey 19/4/96&amp;#10;--&amp;#10;BEGIN&amp;#10;&amp;#10;  oasis_standard_procs.on_message;&amp;#10;&amp;#10;END;"/>
      <Trigger Name="ON-ERROR" TriggerText="--&amp;#10;-- steve pusey 19/4/96&amp;#10;--&amp;#10;BEGIN&amp;#10;&amp;#10;  oasis_standard_procs.on_error;&amp;#10;&amp;#10;END;"/>
      <Trigger Name="WHEN-WINDOW-CLOSED" DirtyInfo="true"/>
      <Trigger Name="PRE_BLOCK" DirtyInfo="true" FireInQuery="true" TriggerText="/* This trigger resets the 40352_count global to allow the Last line of query message to be displayed */&amp;#10;begin&amp;#10;  :GLOBAL.40352_COUNT := 0;&amp;#10;end;" DisplayInKeyboardHelp="false"/>
      <Trigger Name="WHEN-TIMER-EXPIRED" TriggerText="Button_Hint;"/>
      <Trigger Name="PRE_QUERY" DirtyInfo="true" FireInQuery="true" TriggerText="/* This trigger resets the 40352_count global to allow the Last line of query message to be displayed */&amp;#10;begin&amp;#10;  :GLOBAL.40352_COUNT := 0;&amp;#10;end;" DisplayInKeyboardHelp="false"/>
      <Trigger Name="POST-FORM" DirtyInfo="true"/>
      <Trigger Name="EASY_BUTTON_TRIGGER" TriggerText="NULL;"/>
      <Trigger Name="DRILLDN_BUTTON_TRIGGER" TriggerText="NULL;"/>
      <Trigger Name="KEY-CLRFRM" ParentModule="PAS_CUI" ParentModuleType="25" ParentName="KEY-CLRFRM" ParentFilename="PAS_CUI.olb" DirtyInfo="true" ParentType="37"/>
      <Trigger Name="KEY-CLRREC" TriggerText="clear_record;"/>
      <Trigger Name="KEY-CLRBLK" TriggerText="clear_block;"/>
      <Trigger Name="KEY-COMMIT" TriggerText="commit_form;&amp;#10;go_block('APPOINTMENT_REFERRALS');&amp;#10;execute_query;"/>
      <Trigger Name="KEY-CQUERY" TriggerText="count_query;"/>
      <Trigger Name="KEY-CREREC" TriggerText="create_record;"/>
      <Trigger Name="KEY-DELREC" TriggerText="null;"/>
      <Trigger Name="KEY-DOWN" TriggerText="down;"/>
      <Trigger Name="KEY-DUP-ITEM" KeyboardHelpText="Record Error" TriggerText="--&amp;#10;-- steve pusey 22/4/96&amp;#10;--&amp;#10;BEGIN&amp;#10;&amp;#10;  oasis_standard_procs.key_dupitem_trigger;&amp;#10;&amp;#10;END;" DisplayInKeyboardHelp="true"/>
      <Trigger Name="KEY-DUPREC" TriggerText="duplicate_record;"/>
      <Trigger Name="KEY-EDIT" TriggerText="EDIT_TEXTITEM;"/>
      <Trigger Name="KEY-ENTER" TriggerText="null;"/>
      <Trigger Name="KEY-ENTQRY" TriggerText="enter_query;"/>
      <Trigger Name="KEY-EXEQRY" TriggerText="execute_query;"/>
      <Trigger Name="KEY-EXIT" TriggerText="--&amp;#10;-- fires when form is exited&amp;#10;--&amp;#10;-- Date&#x9;&#x9;by &#x9;&#x9;change&amp;#10;-- 10/1994&#x9;David Massie&#x9;Creation&amp;#10;-- 1995&#x9;&#x9;Nagy Tharwat&#x9;Upgrade to v9 - moved code into library procedure&amp;#10;-- 2/5/1996&#x9;Steve Pusey&#x9;Upgrade to V10 &amp;#10;--&#x9;&#x9;&#x9;&#x9;- removed code to check for system.mode = 'ENTER-QUERY', I can't&amp;#10;--&#x9;&#x9;&#x9;&#x9;- see why this code is not in the library !&amp;#10;--&amp;#10;BEGIN&amp;#10;&amp;#10;  oasis_exit_form; &amp;#10;&amp;#10;END;"/>
      <Trigger Name="KEY-HELP" TriggerText="GET_HELP;"/>
      <Trigger Name="KEY-LISTVAL" TriggerText="list_values;"/>
      <Trigger Name="KEY-NEXT-ITEM" TriggerText="next_item;"/>
      <Trigger Name="KEY-NXTREC" TriggerText="next_record;"/>
      <Trigger Name="KEY-NXTSET" TriggerText="next_set;"/>
      <Trigger Name="KEY-OTHERS" TriggerText="NULL;"/>
      <Trigger Name="KEY-PREV-ITEM" TriggerText="PREVIOUS_ITEM;"/>
      <Trigger Name="KEY-PRINT" TriggerText="print;"/>
      <Trigger Name="KEY-PRVREC" TriggerText="PREVIOUS_RECORD;"/>
      <Trigger Name="KEY-SCRDOWN" TriggerText="SCROLL_DOWN;"/>
      <Trigger Name="KEY-SCRUP" TriggerText="SCROLL_UP;"/>
      <Trigger Name="KEY-UP" TriggerText="UP;"/>
      <VisualAttribute Name="MENU_TEXT_ITEMS_VA" ParentModule="PAS_CUI" ParentModuleType="25" ParentName="MENU_TEXT_ITEMS_VA" ParentFilename="PAS_CUI.olb" DirtyInfo="true" ParentType="39"/>
      <VisualAttribute Name="BACKGROUND_LINK_BOX_VA" ParentModule="PAS_CUI" ParentModuleType="25" ParentName="BACKGROUND_LINK_BOX_VA" ParentFilename="PAS_CUI.olb" DirtyInfo="true" ParentType="39"/>
      <VisualAttribute Name="FORM_TITLE_VA" ParentModule="PAS_CUI" ParentModuleType="25" ParentName="FORM_TITLE_VA" ParentFilename="PAS_CUI.olb" DirtyInfo="true" ParentType="39"/>
      <VisualAttribute Name="SECTION_TITLE_VA" ParentModule="PAS_CUI" ParentModuleType="25" ParentName="SECTION_TITLE_VA" ParentFilename="PAS_CUI.olb" DirtyInfo="true" ParentType="39"/>
      <VisualAttribute Name="CURR_ITEM_RED" ParentModule="PAS_OLD" ParentModuleType="25" ParentName="CURR_ITEM_RED" ParentFilename="PAS_OLD.olb" DirtyInfo="true" ParentType="39"/>
      <VisualAttribute Name="BACKGROUND_CANVAS_BLUE" ParentModule="PAS_OLD" ParentModuleType="25" ParentName="BACKGROUND_CANVAS_BLUE" ParentFilename="PAS_OLD.olb" DirtyInfo="true" ParentType="39"/>
      <VisualAttribute Name="BACKGROUND_CANVAS" ParentModule="PAS_OLD" ParentModuleType="25" ParentName="BACKGROUND_CANVAS" ParentFilename="PAS_OLD.olb" DirtyInfo="true" ParentType="39"/>
      <VisualAttribute Name="TEXT_ITEM_BPT" ParentModule="PAS_OLD" ParentModuleType="25" ParentName="TEXT_ITEM_BPT" ParentFilename="PAS_OLD.olb" DirtyInfo="true" ParentType="39"/>
      <VisualAttribute Name="TEXT_ITEM_BPT_GREY" ParentModule="PAS_OLD" ParentModuleType="25" ParentName="TEXT_ITEM_BPT_GREY" ParentFilename="PAS_OLD.olb" DirtyInfo="true" ParentType="39"/>
      <VisualAttribute Name="TEXT_ITEM_VA" ParentModule="PAS_OLD" ParentModuleType="25" ParentName="TEXT_ITEM_VA" ParentFilename="PAS_OLD.olb" DirtyInfo="true" ParentType="39"/>
      <VisualAttribute Name="CURR_ITEM_VA" ParentModule="PAS_OLD" ParentModuleType="25" ParentName="CURR_ITEM_VA" ParentFilename="PAS_OLD.olb" DirtyInfo="true" ParentType="39"/>
      <VisualAttribute Name="DISP_RED" ParentModule="PAS_OLD" ParentModuleType="25" ParentName="DISP_RED" ParentFilename="PAS_OLD.olb" DirtyInfo="true" ParentType="39"/>
      <VisualAttribute Name="DISP_RED2" ParentModule="PAS_OLD" ParentModuleType="25" ParentName="DISP_RED2" ParentFilename="PAS_OLD.olb" DirtyInfo="true" ParentType="39"/>
      <VisualAttribute Name="DISP_GREEN" ParentModule="PAS_OLD" ParentModuleType="25" ParentName="DISP_GREEN" ParentFilename="PAS_OLD.olb" DirtyInfo="true" ParentType="39"/>
      <VisualAttribute Name="DISP_GREEN2" ParentModule="PAS_OLD" ParentModuleType="25" ParentName="DISP_GREEN2" ParentFilename="PAS_OLD.olb" DirtyInfo="true" ParentType="39"/>
      <VisualAttribute Name="TEXT_ITEM_VA_LOV" BackColor="white" FontName="Arial" FontSize="900" FontStyle="Plain" DirtyInfo="true" FontWeight="Medium" FontSpacing="Normal" ForegroundColor="black" FillPattern="transparent"/>
      <VisualAttribute Name="WEB_BTN" BackColor="white" FontName="Arial" FontSize="900" FontStyle="Plain" FontWeight="Medium" FontSpacing="Normal"/>
      <VisualAttribute Name="WEB_TEXT_BUTTON" ParentModule="PAS_CUI" ParentModuleType="25" ParentName="WEB_TEXT_BUTTON" ParentFilename="PAS_CUI.olb" DirtyInfo="true" ParentType="39"/>
      <VisualAttribute Name="WEB_TEXT_BUTTON_CLICK" ParentModule="PAS_CUI" ParentModuleType="25" ParentName="WEB_TEXT_BUTTON_CLICK" ParentFilename="PAS_CUI.olb" DirtyInfo="true" ParentType="39"/>
      <VisualAttribute Name="WEB_BPT_WINGDINGS" BackColor="white" FontName="Wingdings" FontSize="1400" FontStyle="Plain" FontWeight="Medium" FontSpacing="Normal" ForegroundColor="Top Blue"/>
      <VisualAttribute Name="V7_VA_TOOLTIP" BackColor="r100g100b88" FontName="Arial" FontSize="900" FontStyle="Plain" FontWeight="Medium" FontSpacing="Normal" ForegroundColor="Black"/>
      <VisualAttribute Name="MENU_TEXT_ITEMS" BackColor="Side Green" FontName="Arial" VisualAttributeType="Common" FontSize="900" DirtyInfo="true" FontWeight="Bold" ForegroundColor="darkcyan"/>
      <VisualAttribute Name="MENU_TEXT_ITEMS_INV" BackColor="darkcyan" FontName="Arial" VisualAttributeType="Common" FontSize="900" DirtyInfo="true" FontWeight="Bold" ForegroundColor="Side Green"/>
      <VisualAttribute Name="MENU_PROMPT" VisualAttributeType="Prompt" PromptForegroundColor="darkgray" DirtyInfo="true" PromptFontName="Arial" PromptFontSize="900" PromptFontStyle="Plain" PromptFontWeight="Bold" PromptFontSpacing="Normal"/>
      <Window Name="MAIN_FORM_WINDOW" ShowHorizontalScrollbar="false" ClearAllowed="true" MinimizeAllowed="true" Title="Template Form - Root Window Title" Width="755" InheritMenu="true" WindowStyle="Document" ResizeAllowed="true" PrimaryCanvas="CNV_CONTENT" HideOnExit="false" XPosition="0" YPosition="0" Bevel="None" MaximizeAllowed="true" DirtyInfo="true" VisualAttributeName="DEFAULT" Modal="true" MoveAllowed="true" ShowVerticalScrollbar="false" Height="480"/>
      <Window Name="WND_HIDE" Width="540" Height="324"/>
      <ObjectGroup Name="PATIENT_BANNER_OG" ParentModule="PAS_CUI" ParentModuleType="25" ParentName="PATIENT_BANNER_OG" ParentFilename="PAS_CUI.olb" DirtyInfo="true" ParentType="23">
         <ObjectGroupChild Name="P_PATIENT_BANNER_VERSION" SubclassSubObject="true"/>
         <ObjectGroupChild Name="B_PATIENT_BANNER" SubclassSubObject="true"/>
         <ObjectGroupChild Name="TOOLBAR_CANVAS" SubclassSubObject="true"/>
         <ObjectGroupChild Name="TOOLBAR_CANVAS_CLASS" SubclassSubObject="true"/>
         <ObjectGroupChild Name="PB_ZONE_2_CANVAS" SubclassSubObject="true"/>
         <ObjectGroupChild Name="IMAGE_BUTTON_CLASS" SubclassSubObject="true"/>
         <ObjectGroupChild Name="PATIENT_BANNER_ITEM_CLASS" SubclassSubObject="true"/>
         <ObjectGroupChild Name="CUI_TOOLTIP_VA" SubclassSubObject="true"/>
         <ObjectGroupChild Name="PATIENT_BANNER_ALIVE" SubclassSubObject="true"/>
         <ObjectGroupChild Name="PATIENT_BANNER_ALIVE_SMALL" SubclassSubObject="true"/>
         <ObjectGroupChild Name="PATIENT_BANNER_ALIVE_BIG" SubclassSubObject="true"/>
         <ObjectGroupChild Name="PATIENT_BANNER_ALIVE_LABEL" SubclassSubObject="true"/>
         <ObjectGroupChild Name="PATIENT_BANNER_ALIVE_LINK" SubclassSubObject="true"/>
         <ObjectGroupChild Name="PATIENT_BANNER_DEAD" SubclassSubObject="true"/>
         <ObjectGroupChild Name="PATIENT_BANNER_DEAD_SMALL" SubclassSubObject="true"/>
         <ObjectGroupChild Name="PATIENT_BANNER_DEAD_BIG" SubclassSubObject="true"/>
         <ObjectGroupChild Name="PATIENT_BANNER_DEAD_LABEL" SubclassSubObject="true"/>
         <ObjectGroupChild Name="PATIENT_BANNER_DEAD_LINK" SubclassSubObject="true"/>
         <ObjectGroupChild Name="PATIENT_BANNER" SubclassSubObject="true"/>
         <ObjectGroupChild Name="PATIENT_BANNER" SubclassSubObject="true"/>
      </ObjectGroup>
      <ObjectGroup Name="ACTIONS_OG" ParentModule="PAS_CUI" ParentModuleType="25" ParentName="ACTIONS_OG" ParentFilename="PAS_CUI.olb" DirtyInfo="true" ParentType="23">
         <ObjectGroupChild Name="C_ACTIONS" SubclassSubObject="true"/>
         <ObjectGroupChild Name="C_BASE" SubclassSubObject="true"/>
         <ObjectGroupChild Name="C_FUNCTIONS" SubclassSubObject="true"/>
         <ObjectGroupChild Name="MENU_CANVAS_CLASS" SubclassSubObject="true"/>
         <ObjectGroupChild Name="MENU_CANVAS_VA" SubclassSubObject="true"/>
         <ObjectGroupChild Name="MENU_ITEM_CLASS" SubclassSubObject="true"/>
         <ObjectGroupChild Name="TOP_MENU" SubclassSubObject="true"/>
         <ObjectGroupChild Name="LT_TOOLBAR_MAIN" SubclassSubObject="true"/>
         <ObjectGroupChild Name="HCI_UPGRADE" SubclassSubObject="true"/>
         <ObjectGroupChild Name="HCI_UPGRADE" SubclassSubObject="true"/>
         <ObjectGroupChild Name="LHM_RESET_CANVAS_STACK" SubclassSubObject="true"/>
         <ObjectGroupChild Name="LOCAL_RESET_CANVAS_STACK" SubclassSubObject="true"/>
      </ObjectGroup>
      <ObjectGroup Name="KEY_TRIGGERS" DirtyInfo="true" ObjectGroupType="22">
         <ObjectGroupChild Name="KEY-CLRFRM" Type="Trigger"/>
         <ObjectGroupChild Name="KEY-CLRBLK" Type="Trigger"/>
         <ObjectGroupChild Name="KEY-CLRREC" Type="Trigger"/>
         <ObjectGroupChild Name="KEY-COMMIT" Type="Trigger"/>
         <ObjectGroupChild Name="KEY-CQUERY" Type="Trigger"/>
         <ObjectGroupChild Name="KEY-CREREC" Type="Trigger"/>
         <ObjectGroupChild Name="KEY-DELREC" Type="Trigger"/>
         <ObjectGroupChild Name="KEY-DOWN" Type="Trigger"/>
         <ObjectGroupChild Name="KEY-DUP-ITEM" Type="Trigger"/>
         <ObjectGroupChild Name="KEY-DUPREC" Type="Trigger"/>
         <ObjectGroupChild Name="KEY-EDIT" Type="Trigger"/>
         <ObjectGroupChild Name="KEY-ENTER" Type="Trigger"/>
         <ObjectGroupChild Name="KEY-ENTQRY" Type="Trigger"/>
         <ObjectGroupChild Name="KEY-EXEQRY" Type="Trigger"/>
         <ObjectGroupChild Name="KEY-LISTVAL" Type="Trigger"/>
         <ObjectGroupChild Name="KEY-NEXT-ITEM" Type="Trigger"/>
         <ObjectGroupChild Name="KEY-NXTREC" Type="Trigger"/>
         <ObjectGroupChild Name="KEY-NXTSET" Type="Trigger"/>
         <ObjectGroupChild Name="KEY-OTHERS" Type="Trigger"/>
         <ObjectGroupChild Name="KEY-PREV-ITEM" Type="Trigger"/>
         <ObjectGroupChild Name="KEY-PRINT" Type="Trigger"/>
         <ObjectGroupChild Name="KEY-PRVREC" Type="Trigger"/>
         <ObjectGroupChild Name="KEY-SCRDOWN" Type="Trigger"/>
         <ObjectGroupChild Name="KEY-SCRUP" Type="Trigger"/>
         <ObjectGroupChild Name="KEY-UP" Type="Trigger"/>
      </ObjectGroup>
      <ObjectGroup Name="ABOUT_FORM_PARAMETERS" DirtyInfo="true" ObjectGroupType="22">
         <ObjectGroupChild Name="P_TEMPLATE" Type="ModuleParameter"/>
         <ObjectGroupChild Name="P_VERSION" Type="ModuleParameter"/>
         <ObjectGroupChild Name="P_DATE" Type="ModuleParameter"/>
      </ObjectGroup>
      <ObjectGroup Name="ON_TRIGGERS" DirtyInfo="true" ObjectGroupType="22">
         <ObjectGroupChild Name="ON-MESSAGE" Type="Trigger"/>
         <ObjectGroupChild Name="ON-ERROR" Type="Trigger"/>
      </ObjectGroup>
   </FormModule>
</Module>
